id,name,artistString,songType,publishDate,lengthSeconds,favoritedTimes,ratingScore,status
326729,愛していると言わないで,えろろ feat. 初音ミク,Cover,2007-10-06T00:00:00Z,50,0,0,Finished
326728,夢想歌,えむしてさんさん feat. 初音ミク,Cover,2007-10-06T00:00:00Z,243,0,0,Finished
326725,すてっぷ,flatP feat. 初音ミク,Remaster,2007-10-06T00:00:00Z,212,0,0,Finished
326724,カルドセプトのオルゴール,うぃＳ feat. 初音ミク,Cover,2007-10-06T00:00:00Z,118,0,0,Finished
326722,ついカッとなって,テラ小室P feat. 初音ミク,Original,2007-10-06T00:00:00Z,99,1,7,Finished
326720,花かんむり,あしたのP feat. 初音ミク,Cover,2007-10-06T00:00:00Z,361,0,2,Finished
312791,SNAKE HEAD,NAV feat. 初音ミク,Original,2007-10-06T00:00:00Z,71,0,4,Finished
302279,秘宝を求めて,SaMa feat. 初音ミク,Cover,2007-10-06T00:00:00Z,165,0,0,Finished
283503,ナウシカ・レクイエム,城崎 feat. 初音ミク,Cover,2007-10-06T00:00:00Z,164,0,0,Finished
279507,津軽海峡冬景色,隅っこＰ feat. 初音ミク,Cover,2007-10-06T00:00:00Z,105,0,0,Finished
576270,ナルキッソス,#清香 feat. 初音ミク,Cover,2007-11-19T00:00:00Z,159,0,0,Finished
576056,雪詩twice.,イギーP feat. 初音ミク,Original,2007-11-19T00:00:00Z,274,2,8,Finished
576052,アヴェ・マリア,ariga103 feat. 初音ミク,Cover,2007-11-19T00:00:00Z,162,0,0,Finished
576048,初音ミクボタン2,ふみ feat. 初音ミク,Remix,2007-11-19T00:00:00Z,473,0,2,Finished
576040,美しければそれでいい,IGASIO feat. MEIKO,Cover,2007-11-19T00:00:00Z,235,0,0,Finished
576036,Primula juliae,harunacute feat. 初音ミク,Cover,2007-11-19T00:00:00Z,102,0,0,Finished
576035,ガンダム00,ichigo feat. 初音ミク,Cover,2007-11-19T00:00:00Z,95,0,0,Finished
576028,鳥の歌,にじもと feat. 初音ミク,Cover,2007-11-19T00:00:00Z,324,0,0,Finished
576021,ミクちゃんみちみち(Remix),ミチヲP feat. 初音ミク,Remix,2007-11-19T00:00:00Z,158,3,15,Finished
576018,SnowScape,wainohito feat. 初音ミク,Cover,2007-11-19T00:00:00Z,114,0,0,Finished
409369,水中ステージ,ぽにじろう feat. 初音ミク,Cover,2007-10-19T00:00:00Z,72,0,0,Finished
409358,セビリア？サビレア？,Ptras feat. 初音ミク,Original,2007-10-19T00:00:00Z,47,0,2,Finished
409357,かたことの恋,mattos feat. 初音ミク,Cover,2007-10-19T00:00:00Z,155,0,0,Finished
409356,初音ミクにFF3を鼻歌らせてみた,sys_no18 feat. 初音ミク,Cover,2007-10-19T00:00:00Z,212,0,0,Finished
409355,芽生えドライブ,アッ子Ｐ feat. 初音ミク,Cover,2007-10-19T00:00:00Z,90,0,0,Finished
409354,DAMEPO,Ptras feat. 初音ミク,Original,2007-10-19T00:00:00Z,43,0,2,Finished
409353,GO MY WAY!!,"きんぐ feat. 初音ミク, Humanoid Voice",Cover,2007-10-19T00:00:00Z,264,0,0,Finished
409254,ミクの発売元にインタビューしてみた(ナレーション入り）未完成版,rago feat. 初音ミク,Other,2007-10-19T00:00:00Z,255,0,0,Finished
409253,Seek and Destroy,victoryanchor feat. 初音ミク,Remix,2007-10-19T00:00:00Z,452,0,2,Finished
409251,Full Metal Panic Opening,shegohome feat. 初音ミク,Cover,2007-10-19T00:00:00Z,90,0,0,Finished
598674,夏祭り,jintamania feat. 初音ミク,Cover,2007-10-24T00:00:00Z,231,0,0,Finished
573614,Birthday Song Requiem,鼻声P feat. 初音ミク,Cover,2007-10-24T00:00:00Z,294,0,0,Finished
558454,空の欠片,ノマック ・ セティ feat. 初音ミク,Cover,2007-10-24T00:00:00Z,120,0,0,Finished
552309,いとしのエリー,ahoahomanz feat. 初音ミク,Cover,2007-10-24T00:00:00Z,244,0,0,Finished
551135,恋人よ,しゃど feat. 初音ミク,Cover,2007-10-24T00:00:00Z,249,0,0,Finished
538286,LAST SONG,pniok feat. 初音ミク,Cover,2007-10-24T00:00:00Z,346,0,0,Finished
526566,ミクに見（看）送られました。,chomesan feat. 初音ミク,DramaPV,2007-10-24T00:00:00Z,84,0,0,Finished
526298,ねむねむドキュメンタリイ,ろひも feat. 初音ミク,Cover,2007-10-24T00:00:00Z,124,0,0,Finished
424507,Baracarole,ふゅ feat. 初音ミク,Cover,2007-10-24T00:00:00Z,117,0,0,Finished
424505,この胸のせつなさを（miku Ver 1.01）,刹那P feat. 初音ミク,Remaster,2007-10-24T00:00:00Z,300,0,0,Finished
675644,ア・ゲ・ハ,白銀 feat. 初音ミク,Cover,2007-12-16T00:00:00Z,341,0,0,Finished
675643,KAITOといっしょ３　「雪の降る町を」,ニコ子P feat. KAITO,DramaPV,2007-12-16T00:00:00Z,526,0,2,Finished
675642,カイトが増殖したようです,睦涼,DramaPV,2007-12-16T00:00:00Z,378,0,0,Finished
675634,ダンデライオン～遅咲きのたんぽぽ～,だんちゃんP feat. 初音ミク,Cover,2007-12-16T00:00:00Z,249,0,0,Finished
675631,イン・ザ・ネイム・オブ・ラブ,フチコマP feat. 初音ミク,Cover,2007-12-16T00:00:00Z,327,0,0,Finished
675625,ちくわの歌,ぴろしき星人 feat. 初音ミク,Original,2007-12-16T00:00:00Z,95,0,0,Finished
675606,五つの橋,タカオカミズキ feat. 初音ミク,Cover,2007-12-16T00:00:00Z,295,0,0,Finished
675605,なのはなのうた,Gitam feat. 初音ミク,Original,2007-12-16T00:00:00Z,144,0,0,Finished
675603,鳥の歌,uroe feat. 初音ミク,MusicPV,2007-12-16T00:00:00Z,84,0,0,Finished
675602,サンタが町にやってくる,つるつるP feat. 初音ミク,Remix,2007-12-16T00:00:00Z,105,0,0,Finished
556302,ぬこぬこにしてあげる♪,ねこねこ feat. 初音ミク,Remix,2007-11-07T00:00:00Z,117,0,0,Finished
556294,恋するカレン,Satti feat. 初音ミク,Cover,2007-11-07T00:00:00Z,142,0,0,Finished
556274,夜祭,夜祭 feat. 初音ミク,Remaster,2007-11-07T00:00:00Z,170,0,0,Finished
556269,初音ミクは大変なものを盗んでいきました,tomoi feat. 初音ミク,Cover,2007-11-07T00:00:00Z,150,1,3,Finished
556266,RAINBOW GIRL,moxyomoto feat. 初音ミク,Remix,2007-11-07T00:00:00Z,85,0,0,Finished
556259,Arrivano I Marines,kupopokupo feat. 初音ミク,Cover,2007-11-07T00:00:00Z,130,0,0,Finished
556082,夢轍-ユメワダチ-,あぜち feat. 初音ミク,Cover,2007-11-07T00:00:00Z,249,0,0,Finished
556073,Butter-Fly,ten8686 feat. KAITO,Cover,2007-11-07T00:00:00Z,94,0,0,Finished
556059,組曲　『ダイの大冒険』,竜人 feat. 初音ミク,Cover,2007-11-07T00:00:00Z,648,0,0,Finished
556055,小白竜,ちょいワルP feat. 初音ミク,Cover,2007-11-07T00:00:00Z,68,0,0,Finished
412819,ゲゲゲの鬼太郎,またおまP feat. 初音ミク,Cover,2007-10-21T00:00:00Z,56,0,2,Finished
412818,心細いな,casiopea feat. 初音ミク,Cover,2007-10-21T00:00:00Z,87,0,0,Finished
412817,after crying,テラ小室P feat. 初音ミク,Remaster,2007-10-21T00:00:00Z,132,0,0,Finished
412816,Eternal Destiny,やんぼーあ feat. 初音ミク,Cover,2007-10-21T00:00:00Z,162,0,0,Finished
412815,エースをねらえ！,G_YAMATO feat. 初音ミク,Cover,2007-10-21T00:00:00Z,200,0,0,Finished
412814,クロスカントリー,dress feat. 初音ミク,Cover,2007-10-21T00:00:00Z,104,0,0,Finished
412813,神様お願い -pray-,ニワリス feat. 初音ミク,Cover,2007-10-21T00:00:00Z,118,0,2,Finished
412812,Can't take my eyes off of you,神楽 feat. 初音ミク,Cover,2007-10-21T00:00:00Z,148,1,3,Finished
412811,ハナマル☆センセイション,涙目ウェーバー feat. 初音ミク,Cover,2007-10-21T00:00:00Z,97,0,0,Finished
412810,初音の初仕事,prius77 feat. 初音ミク,Cover,2007-10-21T00:00:00Z,133,0,0,Finished
589134,星降る街のクリスマス,fist feat. 初音ミク,Original,2007-11-22T00:00:00Z,254,0,0,Finished
589130,Silent Night ver.0.2,Locus Solus feat. 初音ミク,Cover,2007-11-22T00:00:00Z,114,0,0,Finished
589128,Silent Night ver.0.1,Locus Solus feat. 初音ミク,Cover,2007-11-22T00:00:00Z,114,0,0,Finished
589125,もし浅倉大介ぽい楽曲でデビューしたら,myon feat. 初音ミク,Original,2007-11-22T00:00:00Z,164,0,0,Finished
588113,月光,yynk feat. 初音ミク,Cover,2007-11-22T00:00:00Z,302,0,0,Finished
588112,とんぼ,昭和歌謡Ｐ feat. 初音ミク,Cover,2007-11-22T00:00:00Z,177,0,0,Finished
588110,小さな勇気～頑張れ女の子！～,春日 feat. 初音ミク,Cover,2007-11-22T00:00:00Z,106,0,0,Finished
588109,てんしのえがお,ニワリス feat. 初音ミク,Cover,2007-11-22T00:00:00Z,85,0,0,Finished
588108,すばらしい日々,hogehoge feat. 初音ミク,Cover,2007-11-22T00:00:00Z,223,0,0,Finished
588107,LOVE FOR YOU,yoshiP feat. 初音ミク,Original,2007-11-22T00:00:00Z,294,0,0,Finished
414208,輪舞-revolution,seer feat. 初音ミク,Cover,2007-09-23T00:00:00Z,90,0,0,Finished
410627,THIS ILLUSION,KILOKILO feat. 初音ミク,Cover,2007-09-23T00:00:00Z,196,0,0,Finished
409924,愛人,Fenris feat. 初音ミク,Cover,2007-09-23T00:00:00Z,224,0,0,Finished
409116,プリズム,虎P feat. 初音ミク,Cover,2007-09-23T00:00:00Z,81,0,0,Finished
394804,B・BLUE,そば feat. 初音ミク,Cover,2007-09-23T00:00:00Z,238,0,0,Finished
394408,リブルラブル,sage feat. 初音ミク,Cover,2007-09-23T00:00:00Z,30,0,0,Finished
394407,モーニングミュージック,sage feat. 初音ミク,Cover,2007-09-23T00:00:00Z,73,0,0,Finished
392085,空色デイズ,JAM feat. 初音ミク,Cover,2007-09-23T00:00:00Z,90,0,0,Finished
392084,蒼い鳥,JAM feat. 初音ミク,Cover,2007-09-23T00:00:00Z,123,0,0,Finished
391891,タップマンステージBGM,木工ボンド部部長 feat. 初音ミク,Cover,2007-09-23T00:00:00Z,102,0,0,Finished
576293,THIS ILLUSION(inst ver),どぉぅひ feat. 初音ミク,Remaster,2007-11-19T00:00:00Z,294,0,0,Finished
576278,ふるさと,まさき feat. 初音ミク,Cover,2007-11-19T00:00:00Z,123,0,0,Finished
576276,夢光年,ワンカップP feat. MEIKO,Cover,2007-11-19T00:00:00Z,239,0,0,Finished
492732,Full Metal Pain,あわけんP feat. MEIKO,Remaster,2007-12-25T00:00:00Z,311,1,3,Finished
402798,居飛車穴熊が倒せない,ζ(ｾﾞｰﾀ) feat. 初音ミク,Remix,2007-12-25T00:00:00Z,227,0,0,Finished
340803,うちのKAITOは勢いでとんでもないことをやry,"DTMP feat. KAITO, MEIKO",Cover,2007-12-25T00:00:00Z,518,0,0,Finished
322858,WITHOUT END（Short ver.）,VIVO feat. KAITO,Cover,2007-12-25T00:00:00Z,142,0,0,Finished
314930,Happiness X'mas,"ボカロ互助会, loco feat. 初音ミク",Original,2007-12-25T00:00:00Z,90,0,0,Finished
268944,都会,Kagem feat. 初音ミク,Remix,2007-12-25T00:00:00Z,144,2,8,Finished
237231,クリスマスケーキ,U-ske feat. 初音ミク,Original,2007-12-25T00:00:00Z,210,3,9,Finished
231908,ごほん指,リーマンP feat. 初音ミク,Remix,2007-12-25T00:00:00Z,305,0,0,Finished
195065,ひとひら,ichiP feat. 初音ミク,Remaster,2007-12-25T00:00:00Z,292,0,2,Finished
160754,あ,sansuiP feat. 初音ミク,Original,2007-12-25T00:00:00Z,177,7,37,Finished
576954,MEIKOが風呂で歌った,いずる feat. MEIKO,Original,2007-11-19T00:00:00Z,34,0,2,Finished
576945,ダイブマン,エアロ feat. 初音ミク,Cover,2007-11-19T00:00:00Z,119,0,0,Finished
576939,blue flow,運び屋 feat. 初音ミク,Cover,2007-11-19T00:00:00Z,84,0,0,Finished
576929,組曲「麻生太郎」,( ﾟ⊿ﾟ) feat. 初音ミク,Cover,2007-11-19T00:00:00Z,633,0,0,Finished
576927,Sonate für Klavier Nr.15 C-Dur,polyphon feat. 初音ミク,Cover,2007-11-19T00:00:00Z,100,0,0,Finished
576926,北の国から,電車P feat. Delay Lama,Cover,2007-11-19T00:00:00Z,99,0,0,Finished
576925,still alive,monputi feat. 初音ミク,Cover,2007-11-19T00:00:00Z,183,0,0,Finished
576920,いつかのメリークリスマス,Ritz feat. 初音ミク,Cover,2007-11-19T00:00:00Z,318,0,0,Finished
576896,SBS 130 33KI,りんぢゅん feat. 初音ミク,Cover,2007-11-19T00:00:00Z,341,0,0,Finished
576894,蜜月,GiddyRebirth feat. 初音ミク,Original,2007-11-19T00:00:00Z,99,0,0,Finished
600644,地理教育鉄道唱歌 東海道 第三十四番～第四十四番(全六十六番),白石晶2nd feat. 初音ミク,Cover,2007-11-16T00:00:00Z,182,0,0,Finished
599867,朝日のあたる道,fishfish feat. 初音ミク,Cover,2007-11-16T00:00:00Z,298,0,0,Finished
599865,Hey You,fishfish feat. 初音ミク,Cover,2007-11-16T00:00:00Z,194,0,0,Finished
599391,STILL LOVE HER,ひできち feat. 初音ミク,Cover,2007-11-16T00:00:00Z,328,0,0,Finished
599390,そして僕にできるコト  Ver１.2,くば feat. 初音ミク,Cover,2007-11-16T00:00:00Z,258,0,0,Finished
593841,Time goes by,ken feat. 初音ミク,Cover,2007-11-16T00:00:00Z,311,0,0,Finished
578703,エアーマンが倒せない,いとっち中の人 feat. 初音ミク,Cover,2007-11-16T00:00:00Z,251,0,0,Finished
572420,サイコソルジャーの歌,feegkamura feat. 初音ミク,Cover,2007-11-16T00:00:00Z,226,0,0,Finished
572410,イース２エンディング,feegkamura feat. 初音ミク,Cover,2007-11-16T00:00:00Z,191,0,0,Finished
572409,God knows...,dx feat. 初音ミク,Cover,2007-11-16T00:00:00Z,291,0,0,Finished
551273,初音ミクはラップが歌えない,あいう feat. 初音ミク,Original,2007-11-03T00:00:00Z,692,0,0,Finished
551264,Have you never been mellow,Take2 feat. 初音ミク,Cover,2007-11-03T00:00:00Z,214,0,0,Finished
551261,ミクオリジナル曲未完５粒セット,Dog tails feat. 初音ミク,Original,2007-11-03T00:00:00Z,533,0,0,Finished
551240,極め付けお万の方,演説P feat. 初音ミク,Cover,2007-11-03T00:00:00Z,321,0,0,Finished
551237,木琴,AQUAMARINE feat. 初音ミク,Cover,2007-11-03T00:00:00Z,359,0,0,Finished
551236,どうにもとまらない,YOu feat. 初音ミク,Cover,2007-11-03T00:00:00Z,165,0,0,Finished
551235,自動歌詞でミクに歌わせてみた,パチP feat. 初音ミク,Original,2007-11-03T00:00:00Z,190,0,0,Finished
551234,撲殺歌姫ミクミク,はる feat. 初音ミク,Cover,2007-11-03T00:00:00Z,90,0,0,Finished
551231,けけライダー,surume feat. 初音ミク,Cover,2007-11-03T00:00:00Z,131,0,2,Finished
551230,TO YOU,たつ feat. 初音ミク,Remaster,2007-11-03T00:00:00Z,130,0,0,Finished
531075,心のプラネット＜NUKU NUKU Version＞,葉月 feat. 初音ミク,Cover,2007-10-26T00:00:00Z,188,0,0,Finished
531074,いつか、きっと・・,にゃんにゃん feat. 初音ミク,Original,2007-10-26T00:00:00Z,107,0,2,Finished
531052,Kyrie,ありぽんP feat. 初音ミク,Cover,2007-10-26T00:00:00Z,29,0,0,Finished
530939,Lapis Lazuli,杜月 feat. 初音ミク,Cover,2007-10-26T00:00:00Z,98,0,0,Finished
530661,禁断のパンセ,ぱぴよん。 feat. 初音ミク,Cover,2007-10-26T00:00:00Z,92,0,0,Finished
530658,I Got Rhythm,yk feat. 初音ミク,Cover,2007-10-26T00:00:00Z,95,0,0,Finished
530272,月まで届け不死の煙,何でもいい feat. 初音ミク,Cover,2007-10-26T00:00:00Z,168,0,0,Finished
530271,Ask Me Why,"imakitakaeru feat. 初音ミク, Sweet Ann",Cover,2007-10-26T00:00:00Z,156,0,0,Finished
530264,ダイナマイトヘブン,三時のオメマユ feat. 初音ミク,Cover,2007-10-26T00:00:00Z,78,0,0,Finished
530263,Brand New Heart,あきお feat. 初音ミク,Cover,2007-10-26T00:00:00Z,154,0,0,Finished
719688,初音ミクにひつじを数えてもらっても眠れそうになかった,rasya feat. 初音ミク,DramaPV,2007-12-19T00:00:00Z,32,0,0,Finished
719685,Believe,環境P feat. 初音ミク,Cover,2007-12-19T00:00:00Z,89,0,0,Finished
719682,白い翼,takotakoagare feat. 初音ミク,Remaster,2007-12-19T00:00:00Z,289,0,0,Finished
719673,また逢う日まで,ぴーひゃらP feat. KAITO,Cover,2007-12-19T00:00:00Z,173,0,0,Finished
719672,たこやきマントマン主題歌,ヘン太ファミリー feat. 初音ミク,Cover,2007-12-19T00:00:00Z,101,0,0,Finished
708264,眠れない夜を抱いて,.. feat. 初音ミク,Cover,2007-12-19T00:00:00Z,259,0,0,Finished
708262,ネバー・エンディング・ストーリー -80's strike back! mix-,m@rk feat. 初音ミク,Remix,2007-12-19T00:00:00Z,197,0,0,Finished
708261,2億4千万の瞳,ahoahomanz feat. 初音ミク,Cover,2007-12-19T00:00:00Z,122,0,0,Finished
708259,ペプシマン,びっけ★ feat. 初音ミク,Cover,2007-12-19T00:00:00Z,72,0,0,Finished
627910,おりょうのおはぎうた,AOKI-LOW feat. 初音ミク,Cover,2007-12-19T00:00:00Z,143,0,0,Draft
531952,because,dudelh2 feat. 初音ミク,Cover,2007-10-27T00:00:00Z,140,0,0,Finished
531950,夢をあきらめないで（Full.Ver),デザート feat. 初音ミク,Cover,2007-10-27T00:00:00Z,215,0,0,Finished
531949,ave maria,dudelh2 feat. 初音ミク,Cover,2007-10-27T00:00:00Z,174,0,0,Finished
531947,この木なんの木,げん feat. 初音ミク,Cover,2007-10-27T00:00:00Z,46,0,0,Finished
531945,あおもり米,Taku feat. 初音ミク,Cover,2007-10-27T00:00:00Z,15,0,0,Finished
531944,宮さん宮さん,衣装Ｐ feat. 初音ミク,Cover,2007-10-27T00:00:00Z,51,0,0,Finished
531734,蛍の光,arucu feat. 初音ミク,Cover,2007-10-27T00:00:00Z,52,0,0,Finished
531732,恋の季節,"しゃど feat. 初音ミク, MEIKO",Cover,2007-10-27T00:00:00Z,220,0,0,Finished
531731,マーク３版北斗の拳ボス曲,ほたて feat. 初音ミク,Cover,2007-10-27T00:00:00Z,49,0,0,Finished
531729,みくみくにしてあげる♪,BM feat. 初音ミク,MusicPV,2007-10-27T00:00:00Z,38,0,0,Finished
556881,体操,cmmz feat. 初音ミク,Cover,2007-11-08T00:00:00Z,263,0,0,Finished
556880,Anger,うに feat. 初音ミク,Original,2007-11-08T00:00:00Z,81,0,0,Finished
556879,My Dear …,fantakd1 feat. 初音ミク,Cover,2007-11-08T00:00:00Z,301,0,0,Finished
556878,タイムリミット,noamiru feat. 初音ミク,MusicPV,2007-11-08T00:00:00Z,46,0,0,Finished
556877,time goes by,.. feat. 初音ミク,Cover,2007-11-08T00:00:00Z,297,0,0,Finished
556876,月のランプ,arop feat. 初音ミク,Cover,2007-11-08T00:00:00Z,274,0,0,Finished
556874,ゆりかごの歌,散歩人コルク feat. 初音ミク,Cover,2007-11-08T00:00:00Z,102,0,0,Finished
556550,ラムのラブソング,またおまP feat. 初音ミク,Cover,2007-11-08T00:00:00Z,109,0,0,Finished
556546,Gloria in excelsis Deo,アッ子Ｐ feat. 初音ミク,Cover,2007-11-08T00:00:00Z,135,0,0,Finished
556541,撲殺歌姫ミクミク,はる feat. 初音ミク,Cover,2007-11-08T00:00:00Z,90,0,0,Finished
591596,みっくりすます （初期ver）,doriko feat. 初音ミク,Original,2007-11-25T00:00:00Z,194,1,15,Finished
591595,「初音ミク」タグ1万件突破記念動画,"不在通知P feat. 初音ミク, KAITO",Other,2007-11-25T00:00:00Z,50,0,0,Finished
591594,らららコッペパン,雑草Ｐ feat. MEIKO,Cover,2007-11-25T00:00:00Z,69,0,0,Finished
591593,勝手にシンドバッド,昭和歌謡Ｐ feat. 初音ミク,Cover,2007-11-25T00:00:00Z,238,0,0,Finished
591592,みずいろの雨,ふかふかP feat. 初音ミク,Cover,2007-11-25T00:00:00Z,44,0,0,Finished
591584,カメレオン・アーミー,"bestgt feat. 初音ミク, MEIKO",Cover,2007-11-25T00:00:00Z,135,0,0,Finished
591583,ちょっと未完の最終兵器になってもらった,みー feat. 初音ミク,DramaPV,2007-11-25T00:00:00Z,37,0,0,Finished
591582,春よ、こい,具無し＠グナイシンガー feat. 初音ミク,Cover,2007-11-25T00:00:00Z,98,0,0,Finished
591580,海へ,EXETUNE feat. 初音ミク,Cover,2007-11-25T00:00:00Z,272,0,0,Finished
591578,デザート・ロード,tomoya feat. 初音ミク,Original,2007-11-25T00:00:00Z,73,0,0,Finished
596650,根性食堂冬コミ出ますのうた（リン＆ミクVer.）,"みかみ佳志 feat. 初音ミク, 鏡音リン",Cover,2007-12-28T00:00:00Z,42,0,0,Finished
595356,RingRingRing～星降る夜の夢～,wakanamisa feat. 鏡音リン,Cover,2007-12-28T00:00:00Z,318,0,0,Finished
581604,ハト,"あらかわ feat. 初音ミク, KAITO, MEIKO",Mashup,2007-12-28T00:00:00Z,231,0,2,Finished
581445,バグってる♪,コーチP feat. 初音ミク,Original,2007-12-28T00:00:00Z,221,0,0,Finished
563249,恋スルラジオ第四回,OSTER project feat. 初音ミク,DramaPV,2007-12-28T00:00:00Z,413,0,2,Draft
555568,ADIEMUS,"蜜柑丼 feat. 鏡音リン, 鏡音レン",Cover,2007-12-28T00:00:00Z,147,0,0,Finished
538915,鏡音リン　レンのうた,"だいすけP feat. 鏡音リン, 鏡音レン",Cover,2007-12-28T00:00:00Z,264,0,2,Finished
537141,叶わぬ夢,麦茶 feat. 初音ミク,Original,2007-12-28T00:00:00Z,319,0,0,Finished
525474,SOURIRE,DUNKEL feat. 初音ミク,Original,2007-12-28T00:00:00Z,138,3,9,Finished
514666,Ave Maria,"マリアP feat. 初音ミク, 鏡音リン",Cover,2007-12-28T00:00:00Z,133,0,0,Draft
572434,ファイナルファンタジーバトルメドレー,feegkamura feat. 初音ミク,Cover,2007-11-14T00:00:00Z,738,0,0,Finished
572394,ワルキューレの冒険,feegkamura feat. 初音ミク,Cover,2007-11-14T00:00:00Z,200,0,0,Finished
572393,ロマンシングサガバトルメドレー,feegkamura feat. 初音ミク,Cover,2007-11-14T00:00:00Z,351,0,0,Finished
572385,ミクーラの翼,feegkamura feat. 初音ミク,Cover,2007-11-14T00:00:00Z,228,0,0,Finished
572384,ロマンシングサガ2,feegkamura feat. 初音ミク,Cover,2007-11-14T00:00:00Z,277,0,0,Finished
572382,ファイナルファンタジークリスタルのテーマ,feegkamura feat. 初音ミク,Cover,2007-11-14T00:00:00Z,224,0,0,Finished
572380,ロマンシングサガ１,feegkamura feat. 初音ミク,Cover,2007-11-14T00:00:00Z,185,0,0,Finished
572373,ふぁいなるふぁんたじー4,feegkamura feat. 初音ミク,Cover,2007-11-14T00:00:00Z,137,0,0,Finished
570169,淋しい熱帯魚,nonta feat. 初音ミク,Cover,2007-11-14T00:00:00Z,226,0,0,Finished
570167,君をのせて,"ma- feat. 初音ミク, KAITO",Cover,2007-11-14T00:00:00Z,204,0,0,Finished
275072,オー・チンチン,きなこ feat. 初音ミク,Cover,2007-09-26T00:00:00Z,206,0,0,Finished
275071,Happy Lucky Baby!,爆音P feat. 初音ミク,Original,2007-09-26T00:00:00Z,209,0,0,Finished
274375,初めての初音ミク,rokushingattai feat. 初音ミク,Remaster,2007-09-26T00:00:00Z,309,0,2,Finished
274373,ボギー大佐,まよP feat. 初音ミク,Cover,2007-09-26T00:00:00Z,36,0,0,Finished
274371,暴れん坊将軍のテーマ,straycat feat. 初音ミク,Cover,2007-09-26T00:00:00Z,61,0,0,Finished
274370,nowhere,hisak feat. 初音ミク,Cover,2007-09-26T00:00:00Z,221,0,0,Finished
274369,夢想歌,おにいちゃん feat. 初音ミク,Cover,2007-09-26T00:00:00Z,247,0,0,Finished
274368,上海紅茶館,まらい feat. 初音ミク,Cover,2007-09-26T00:00:00Z,163,0,0,Finished
274367,LET ME BE WITH YOU,あべ feat. 初音ミク,Cover,2007-09-26T00:00:00Z,89,0,0,Finished
274366,Winter Story,a=kar feat. 初音ミク,Original,2007-09-26T00:00:00Z,152,1,5,Finished
412744,ドラクエ３エンディング,.. feat. 初音ミク,Cover,2007-10-21T00:00:00Z,151,0,0,Finished
412743,デフォルトの笑顔,つんじ→ feat. 初音ミク,Cover,2007-10-21T00:00:00Z,251,0,0,Finished
412741,GO! GO! 掛布,衣装Ｐ feat. 初音ミク,Cover,2007-10-21T00:00:00Z,78,0,2,Finished
412739,没個性がなおらない,てんめい feat. 初音ミク,Cover,2007-10-21T00:00:00Z,227,0,0,Finished
412737,優しくて哀しくて,licht5 feat. 初音ミク,Cover,2007-10-21T00:00:00Z,122,0,0,Finished
412736,トライアル,"すんｚりヴぇｒP feat. 初音ミク, Delay Lama",Original,2007-10-21T00:00:00Z,124,1,3,Finished
412735,駄作,modeverv feat. 初音ミク,Original,2007-10-21T00:00:00Z,86,0,2,Finished
412734,エルの肖像 (Ver 1.1),そで feat. 初音ミク,Cover,2007-10-21T00:00:00Z,252,0,0,Finished
412733,ふぁじぃ☆ねいぶる,餅P feat. 初音ミク,Remaster,2007-10-21T00:00:00Z,239,0,0,Finished
412732,ever,a_hisa feat. 初音ミク,Original,2007-10-21T00:00:00Z,112,0,2,Finished
571002,君をのせてSP1,Ti@ feat. 初音ミク,Cover,2007-09-19T00:00:00Z,238,0,0,Finished
527069,初音ミクに懐かしのアニメソングを歌わせてみた,ranmaru_72 feat. 初音ミク,Cover,2007-09-19T00:00:00Z,185,0,0,Draft
424423,Коробушка,ゐずみくす feat. 初音ミク,Cover,2007-09-19T00:00:00Z,132,0,0,Finished
412166,奈落の花,DM feat. 初音ミク,Cover,2007-09-19T00:00:00Z,204,0,0,Finished
412164,アカペラで初音ミクにいろいろ歌わせてみた,DM feat. 初音ミク,Cover,2007-09-19T00:00:00Z,204,0,0,Finished
394394,リブルラブル,sage feat. 初音ミク,Cover,2007-09-19T00:00:00Z,19,0,0,Finished
388948,初音に挨拶させてみたよ,SB feat. 初音ミク,DramaPV,2007-09-19T00:00:00Z,59,0,0,Finished
322633,雨音はショパンの調べ,にゃふ feat. 初音ミク,Cover,2007-09-19T00:00:00Z,265,0,0,Finished
250950,ヨロミク仮面のテーマ,mik feat. 初音ミク,Cover,2007-09-19T00:00:00Z,103,0,0,Finished
250846,かんてぃー・ろー,あべ feat. 初音ミク,Cover,2007-09-19T00:00:00Z,265,0,0,Finished
631247,父よあなたは強かった,白雲P feat. 初音ミク,Cover,2007-12-03T00:00:00Z,193,0,0,Finished
631237,迷宮組曲,匿名希望 feat. 初音ミク,Cover,2007-12-03T00:00:00Z,89,0,0,Finished
631230,木蘭の涙,YOu feat. 初音ミク,Cover,2007-12-03T00:00:00Z,292,0,0,Finished
631229,ミクミクファンタジー,kazuki feat. 初音ミク,Cover,2007-12-03T00:00:00Z,155,0,0,Finished
631227,Wedding Wars ～愛は炎～,IGASIO feat. MEIKO,Cover,2007-12-03T00:00:00Z,99,1,5,Finished
631224,Timing,Lift_off feat. 初音ミク,Cover,2007-12-03T00:00:00Z,248,0,0,Finished
631218,かくれんぼ,"htsuji feat. MEIKO, KAITO",Cover,2007-12-03T00:00:00Z,84,0,2,Finished
631214,星に願いを…,トゥルララＰ feat. 初音ミク,Original,2007-12-03T00:00:00Z,236,0,0,Finished
617569,ねこはいない ver1.1～Ｇ線上のアリア～,aki feat. 初音ミク,Remix,2007-12-03T00:00:00Z,265,2,6,Finished
616231,クリスマスソング。,"るーにぃ, wainohito feat. 初音ミク",Original,2007-12-03T00:00:00Z,149,0,2,Finished
599088,冥土の鈴か、地獄花,kuma feat. MEIKO,Cover,2007-11-09T00:00:00Z,132,0,0,Finished
573726,スカーレット,鼻声P feat. 初音ミク,Cover,2007-11-09T00:00:00Z,254,0,0,Finished
560535,うたごえ,りつ feat. 初音ミク,Original,2007-11-09T00:00:00Z,305,1,3,Finished
559791,右から来たものを左へ受け流すの歌,necota feat. 初音ミク,Cover,2007-11-09T00:00:00Z,101,0,0,Finished
559783,YATTA!,あるかり feat. 初音ミク,Cover,2007-11-09T00:00:00Z,239,0,0,Finished
559770,SEiSHUNカラー,爆音P feat. 初音ミク,Original,2007-11-09T00:00:00Z,224,0,0,Finished
558931,11月6日に見る動画（きょうすけさんのお誕生日）,shomusic feat. 初音ミク,Cover,2007-11-09T00:00:00Z,22,0,0,Finished
558928,レナウン娘,DDG174 feat. 初音ミク,Cover,2007-11-09T00:00:00Z,26,0,0,Finished
558926,サボテンの花,fafa feat. 初音ミク,Cover,2007-11-09T00:00:00Z,232,0,0,Finished
558925,愛しき、ギジンたちへ,光電 feat. 初音ミク,Cover,2007-11-09T00:00:00Z,143,0,0,Finished
330765,Ave Maria,まうぽん feat. 初音ミク,Cover,2007-10-09T00:00:00Z,159,0,2,Finished
330762,SORCERIANオープニング,hando feat. 初音ミク,Cover,2007-10-09T00:00:00Z,79,0,0,Finished
330657,故郷の空,polyphon feat. 初音ミク,Cover,2007-10-09T00:00:00Z,100,0,0,Finished
330656,亡國覚醒カタルシス,HounD feat. 初音ミク,Cover,2007-10-09T00:00:00Z,273,0,0,Finished
330655,nostalgia,nekoyu feat. 初音ミク,Cover,2007-10-09T00:00:00Z,350,0,2,Finished
330654,120円の冬,アイスP feat. 初音ミク,Cover,2007-10-09T00:00:00Z,152,0,6,Finished
330653,Pollyanna,cs7008 feat. 初音ミク,Cover,2007-10-09T00:00:00Z,158,0,4,Finished
330652,水のマージナル,uzuma feat. 初音ミク,Cover,2007-10-09T00:00:00Z,121,0,0,Finished
330651,あいつこそがテニスの王子様,tokyolovestory feat. 初音ミク,Cover,2007-10-09T00:00:00Z,95,0,2,Finished
330650,真夏の出来事,昭和歌謡Ｐ feat. 初音ミク,Cover,2007-10-09T00:00:00Z,236,0,0,Finished
393177,かちぬきかくとう,dress feat. 初音ミク,Cover,2007-10-14T00:00:00Z,78,0,0,Finished
393176,初音ミク無自重大合唱の画面を動画に撮ってみた,狩谷 feat. 初音ミク,Cover,2007-10-14T00:00:00Z,546,0,0,Finished
393175,聖剣伝説LOMのBGM,おひょいさん feat. 初音ミク,Cover,2007-10-14T00:00:00Z,155,0,0,Finished
393174,TBSに捧ぐ(改),shota feat. 初音ミク,Cover,2007-10-14T00:00:00Z,109,0,0,Finished
393173,ちはやロボ！,RVusa feat. 初音ミク,Cover,2007-10-14T00:00:00Z,76,0,0,Finished
393172,Eternal,"dress feat. 初音ミク, 田中理恵",Mashup,2007-10-14T00:00:00Z,307,0,0,Finished
393171,未確認神闘シンドローム,dress feat. 初音ミク,Cover,2007-10-14T00:00:00Z,196,0,0,Finished
393170,Eternal,dress feat. 初音ミク,Cover,2007-10-14T00:00:00Z,305,0,0,Finished
393051,よくわかるギリシャ文字,たかた feat. 初音ミク,Cover,2007-10-14T00:00:00Z,35,0,0,Finished
393048,明和電機社歌,ZEX feat. 初音ミク,Cover,2007-10-14T00:00:00Z,188,0,0,Finished
540814,光神話パルテナの鏡,hige feat. 初音ミク,Cover,2007-11-01T00:00:00Z,98,0,0,Finished
540813,手探りで初音ミク風呂「ミク　風呂入っていい匂い」の巻,明神 feat. 初音ミク,DramaPV,2007-11-01T00:00:00Z,343,0,0,Finished
540811,ねこの森には帰れない,かむばら feat. 初音ミク,Cover,2007-11-01T00:00:00Z,221,0,0,Finished
540810,初音ミクのテレビ鑑賞,ヨナＰ feat. 初音ミク,Cover,2007-11-01T00:00:00Z,160,0,0,Finished
540541,プーチンとマーチン,saint feat. 初音ミク,Cover,2007-11-01T00:00:00Z,81,0,0,Finished
540540,スノーマン,DragonScreen2301 feat. 初音ミク,Cover,2007-11-01T00:00:00Z,122,0,0,Finished
540538,アリア ver.2.0,Wild Rose feat. 初音ミク,Cover,2007-11-01T00:00:00Z,279,0,0,Finished
540533,風の色マーチ,JIBRIL feat. 初音ミク,Cover,2007-11-01T00:00:00Z,193,0,0,Finished
540318,オリジナル曲を作っていたら挫折した,あぱしぇ feat. 初音ミク,Original,2007-11-01T00:00:00Z,150,0,2,Finished
540317,太陽にほえろ！,ヘンコ3號 feat. 初音ミク,Cover,2007-11-01T00:00:00Z,107,0,0,Finished
553285,風神青年,"matrox_revo feat. 初音ミク, Delay Lama",Cover,2007-11-04T00:00:00Z,90,0,0,Finished
553284,「渚」／「だんご大家族」変奏曲,Ionized feat. 初音ミク,Remix,2007-11-04T00:00:00Z,221,0,0,Finished
553283,悪女,ahoahomanz feat. 初音ミク,Cover,2007-11-04T00:00:00Z,238,0,0,Finished
553281,僻地の産科チーフ,taneyk feat. 初音ミク,Cover,2007-11-04T00:00:00Z,242,0,0,Finished
553280,辞めたい・・・・,taneyk feat. 初音ミク,Cover,2007-11-04T00:00:00Z,279,0,0,Draft
553267,巡恋歌,ahoahomanz feat. 初音ミク,Cover,2007-11-04T00:00:00Z,248,0,0,Finished
553266,Greensleeves,matrox_revo feat. LOLA,Cover,2007-11-04T00:00:00Z,393,0,0,Finished
551952,青 - Full Ver -,ブラックモニターP feat. 初音ミク,Remix,2007-11-04T00:00:00Z,254,0,0,Finished
551950,眠れそうにないので 初音ミクにひつじを数えてもらった その２,rasya feat. 初音ミク,Other,2007-11-04T00:00:00Z,232,0,0,Finished
551948,星のささやき,ちょいワルP feat. 初音ミク,Cover,2007-11-04T00:00:00Z,104,0,0,Finished
498194,CREATED,halP feat. KAITO,Original,2007-12-23T00:00:00Z,241,0,0,Finished
483091,続・既成事実,デッドボールP feat. 初音ミク,Original,2007-12-23T00:00:00Z,244,4,30,Finished
418192,クリスマスがやってくる！？,araibear feat. 初音ミク,Original,2007-12-23T00:00:00Z,225,0,0,Finished
333356,ジングルベル・ヨドバシ風味,さむそんP feat. 初音ミク,Remix,2007-12-23T00:00:00Z,67,0,0,Finished
333244,みくみくにしてあげる♪　呪いver,pupupipu feat. 初音ミク,Remix,2007-12-23T00:00:00Z,100,1,7,Finished
326044,おはようからおやすみまで暮らしを見つめるのは,はみ feat. KAITO,MusicPV,2007-12-23T00:00:00Z,169,0,0,Finished
324275,数学ガール,Denkitribe feat. 初音ミク,Original,2007-12-23T00:00:00Z,144,1,3,Finished
289152,iamlolicom,"mikuflo feat. 初音ミク, 炉利音コム",Original,2007-12-23T00:00:00Z,329,1,3,Finished
264768,カレイドスコープ,"hatiku, kuro, ボカロ互助会 feat. 初音ミク",Original,2007-12-23T00:00:00Z,309,1,5,Finished
219926,サンメモ,comoneko feat. 初音ミク,Original,2007-12-23T00:00:00Z,343,0,0,Finished
593373,ふぁみめろ劇場 ４,まぴ feat. 初音ミク,Cover,2007-11-26T00:00:00Z,420,0,0,Finished
593009,ルララ,harunacute feat. 初音ミク,Remix,2007-11-26T00:00:00Z,147,0,0,Finished
593008,恋文,あるかり feat. 初音ミク,Cover,2007-11-26T00:00:00Z,302,1,3,Finished
593007,東方萃夢想,akikiki feat. 初音ミク,Cover,2007-11-26T00:00:00Z,88,1,3,Finished
593006,see you again,feegkamura feat. 初音ミク,Cover,2007-11-26T00:00:00Z,194,1,3,Finished
593005,CRESCENDO,汀 feat. KAITO,MusicPV,2007-11-26T00:00:00Z,125,1,3,Finished
593004,楽天イーグルスの応援歌,具無し＠グナイシンガー feat. 初音ミク,Cover,2007-11-26T00:00:00Z,231,0,0,Finished
592952,Wish,あいざわP feat. 初音ミク,Original,2007-11-26T00:00:00Z,261,0,0,Finished
592948,みくみくにしてあげる♪,まるいりゅう feat. 初音ミク,MusicPV,2007-11-26T00:00:00Z,54,0,0,Finished
592947,戦場の狼,.. feat. 初音ミク,Cover,2007-11-26T00:00:00Z,104,0,0,Finished
109293,一輪の花,ふみP feat. 初音ミク,Original,2008-02-13T00:00:00Z,254,12,46,Finished
83751,My Brand New Love,ああんP feat. 初音ミク,Original,2008-02-13T00:00:00Z,265,4,20,Finished
17826,ハッピースマイル,ぶりるP feat. 鏡音リン,Original,2008-02-13T00:00:00Z,230,1,9,Finished
11017,白雪～shirayuki～,黒うさP feat. 初音ミク,Original,2008-02-13T00:00:00Z,283,1,11,Finished
952567,北ウイング,だんちゃんP feat. 鏡音リン,Cover,2008-02-12T00:00:00Z,269,0,0,Finished
907466,ｸﾞﾘｰﾝｽﾘｰﾌﾞｽ,"あんこ feat. 初音ミク, 鏡音レン",Cover,2008-02-12T00:00:00Z,110,0,0,Draft
895036,お茶でもいかが？,子牛 feat. 初音ミク,Original,2008-02-12T00:00:00Z,54,0,0,Finished
864306,神様がくれたもの -Waitin' for clear sky,なすちる feat. 鏡音リン,Original,2008-02-12T00:00:00Z,133,0,0,Draft
787008,VOCALOID2,ACTPOP feat. 初音ミク,Original,2008-02-12T00:00:00Z,83,0,0,Finished
740456,素直になりたい,"Toshikazu, TURN A STUDIO feat. 初音ミク",Original,2008-02-12T00:00:00Z,190,1,3,Finished
1013291,Lost Rose,九嬢ねぎ feat. 神威がくぽ,Original,2008-08-05T00:00:00Z,0,0,0,Draft
920136,砂漠の蛇,シュウ feat. KAITO,Original,2008-08-05T00:00:00Z,175,0,0,Finished
889441,UNDO,tassie FACTORY feat. KAITO,Cover,2008-08-05T00:00:00Z,0,0,0,Draft
843786,星間飛行,Xai feat. 初音ミク,Cover,2008-08-05T00:00:00Z,231,1,7,Finished
771057,デビルマンのうた,衣装Ｐ feat. 初音ミク,Cover,2008-08-05T00:00:00Z,92,0,2,Finished
705440,鏡音さんに喋ってもらったよ！,Fe feat. 鏡音リン,DramaPV,2008-08-05T00:00:00Z,192,0,0,Finished
664186,ブルブルくん 北欧篇,MazoP feat. 神威がくぽ,Cover,2008-08-05T00:00:00Z,30,0,0,Draft
658067,Yeah! めっちゃホリディ,"真琉樹 feat. 神威がくぽ, 鏡音レン",Cover,2008-08-05T00:00:00Z,222,1,3,Finished
632576,ミク・DE・TOP,あげP feat. 初音ミク,Original,2008-08-05T00:00:00Z,160,0,0,Finished
629113,風をあつめて,TOMANDY feat. KAITO,Cover,2008-08-05T00:00:00Z,266,0,0,Finished
219519,みつけて,u160 feat. 初音ミク,Original,2008-07-21T00:00:00Z,182,0,0,Finished
193578,type ACT.2！,初心P feat. 鏡音レン,Original,2008-07-21T00:00:00Z,117,0,0,Finished
182075,紫陽花,ふかふかP feat. 初音ミク,Original,2008-07-21T00:00:00Z,393,0,0,Finished
181083,はじめてのでぇと,女装娘P feat. 鏡音レン,Original,2008-07-21T00:00:00Z,178,0,0,Finished
181027,幸せを手に…,oguitar feat. 初音ミク,Original,2008-07-21T00:00:00Z,155,0,0,Finished
180248,夜光,スバル feat. 初音ミク,Original,2008-07-21T00:00:00Z,301,1,3,Finished
159250,誰がために,ppm feat. MEIKO,Original,2008-07-21T00:00:00Z,248,0,0,Finished
155881,海,まうぽん feat. 初音ミク,Original,2008-07-21T00:00:00Z,338,0,0,Finished
154333,"SUMMER BOY,SUMMER GIRL","ヒーリン feat. 鏡音レン, 鏡音リン",Original,2008-07-21T00:00:00Z,234,0,0,Finished
151287,忘れないで,"ワールドワイドP feat. 鏡音リン, 鏡音レン",Original,2008-07-21T00:00:00Z,83,1,5,Finished
5700,にどね,PLAGAREC,Instrumental,2008-05-12T00:00:00Z,165,0,0,Finished
1042,Good-bye,otetsu feat. 初音ミク,Original,2008-05-12T00:00:00Z,218,4,16,Finished
995911,少年時代,せいこ feat. KAITO,Cover,2008-05-11T00:00:00Z,199,0,0,Draft
903914,Rising star,曼荼羅P feat. 鏡音リン,Original,2008-05-11T00:00:00Z,0,0,0,Finished
901278,幸せな結末,せいこ feat. KAITO,Cover,2008-05-11T00:00:00Z,275,0,0,Finished
899737,君のいす,solidkettle feat. 初音ミク,Original,2008-05-11T00:00:00Z,153,0,0,Finished
895369,夢みることり,Nanashi-soft feat. 重音テト 旧,Cover,2008-05-11T00:00:00Z,219,0,0,Finished
882424,くちびるから媚薬,美路盆@LunchBox feat. 鏡音リン,Cover,2008-05-11T00:00:00Z,234,0,0,Finished
865345,「絶対」のパラドックス,Nice 積雪.P feat. 初音ミク,Original,2008-05-11T00:00:00Z,195,0,0,Finished
849983,Last Angel -with snowy fairy- 絆,"Digital Itako, Margall feat. 初音ミク",Remix,2008-05-11T00:00:00Z,523,0,0,Finished
604357,ドール讃歌,たっする feat. 初音ミク,Original,2008-10-19T00:00:00Z,312,0,0,Finished
579879,桜月夜,"7つ feat. 鏡音リン, 鏡音レン",Original,2008-10-19T00:00:00Z,186,0,0,Finished
548982,恵みの雨,Emular feat. 初音ミク,Cover,2008-10-19T00:00:00Z,179,0,0,Finished
525259,はじめてのチュウ,ももももP feat. 唄音ウタ,Cover,2008-10-19T00:00:00Z,267,0,0,Finished
525258,はじめてのチュウ,ももももP feat. 桃音モモ,Cover,2008-10-19T00:00:00Z,267,0,2,Finished
506621,true my heart,COUCH feat. 神威がくぽ,Cover,2008-10-19T00:00:00Z,303,1,5,Finished
449595,PARTY☆NIGHTをアレンジ（Perfume風）,あすはP feat. 初音ミク,Remix,2008-10-19T00:00:00Z,164,0,0,Draft
422008,虚空ノ旋律 Ｔ＆Ｍ,"とこ feat. 和音マコ, 重音テト 旧",Mashup,2008-10-19T00:00:00Z,163,0,0,Finished
417269,リボン・ザ・ループ,レッドカードP feat. 鏡音リン,Original,2008-10-19T00:00:00Z,267,0,0,Finished
369268,駅へ向かう,オキシジン feat. 初音ミク,Original,2008-10-19T00:00:00Z,256,2,6,Finished
485876,I love youの弾丸,読めないP feat. 鏡音リン,Cover,2008-08-20T00:00:00Z,205,0,0,Finished
405816,巡り来る季節の中で　(予告編),hmtk feat. 初音ミク,Remix,2008-08-20T00:00:00Z,52,0,0,Finished
405810,Unexpected Take2 (仮題 歌詞無しVer.),hmtk feat. 初音ミク,Remaster,2008-08-20T00:00:00Z,242,0,0,Finished
384567,Short Song －ワカタンカ－,チューハイP feat. 初音ミク,Remix,2008-08-20T00:00:00Z,192,0,0,Finished
357735,竜の子,はふーP feat. 初音ミク,Original,2008-08-20T00:00:00Z,190,0,0,Finished
355809,喉歌Ⅰ,スタッフロールP feat. KAITO,Original,2008-08-20T00:00:00Z,205,0,0,Finished
312592,BLUE,ken feat. 和音マコ,Cover,2008-08-20T00:00:00Z,106,1,3,Finished
264648,夏の友だち,堤逢叶 feat. 初音ミク,Original,2008-08-20T00:00:00Z,283,0,0,Finished
242332,盆踊り,"かぴ feat. 鏡音リン, 鏡音レン",Original,2008-08-20T00:00:00Z,240,0,0,Finished
237646,ひみつのばしょ,vanzz feat. 初音ミク,Original,2008-08-20T00:00:00Z,262,0,0,Finished
531155,nilo,ピンクロボP feat. 鏡音レン,Original,2008-08-26T00:00:00Z,167,9,31,Finished
501130,くまさんに出会った,赤い酔声の酔いどれ feat. MEIKO,Original,2008-08-26T00:00:00Z,132,0,0,Finished
490451,心の花,カズサ feat. KAITO,Original,2008-08-26T00:00:00Z,174,0,0,Finished
440604,さめざめ,あむあご feat. KAITO,Original,2008-08-26T00:00:00Z,210,0,0,Finished
407099,酢豚にパイナップル！,"熊谷幻斎 feat. 初音ミク, 鏡音リン",Original,2008-08-26T00:00:00Z,185,0,0,Finished
401163,カンタレラ,ノギスボールP feat. 鏡音レン,Cover,2008-08-26T00:00:00Z,176,0,6,Finished
365479,ワールドイズマイン,キプシン feat. 和音マコ,Cover,2008-08-26T00:00:00Z,255,0,0,Finished
341500,Puppet Master,hatohato feat. 鏡音リン,Cover,2008-08-26T00:00:00Z,354,0,2,Finished
282962,ダンシング☆ヤンデレ,甘辛P feat. KAITO,Cover,2008-08-26T00:00:00Z,196,2,10,Finished
253069,白昼夢,"刹那P feat. KAITO, 初音ミク",Original,2008-08-26T00:00:00Z,317,0,2,Finished
599744,わたぴのねぎぼーろ,Atatan feat. 初音ミク,Original,2008-07-25T00:00:00Z,249,0,0,Finished
598485,墨汁,宇宙電波受信P feat. 鏡音リン,Original,2008-07-25T00:00:00Z,75,0,0,Finished
550625,春の惑乱,denga feat. 初音ミク,Original,2008-07-25T00:00:00Z,179,1,3,Finished
533418,Butter-fly,トマ豆腐 feat. 鏡音レン,Cover,2008-07-25T00:00:00Z,261,0,0,Finished
533259,Winner!,トマ豆腐 feat. 鏡音リン,Original,2008-07-25T00:00:00Z,267,0,0,Finished
533230,桃源郷の小さな庵,トマ豆腐 feat. 鏡音レン,Remaster,2008-07-25T00:00:00Z,286,0,0,Finished
533224,Liberating,トマ豆腐,Original,2008-07-25T00:00:00Z,30,0,0,Draft
533219,BOUND SHADOW,トマ豆腐 feat. 鏡音レン,Original,2008-07-25T00:00:00Z,182,0,0,Finished
533218,Styles,トマ豆腐 feat. 鏡音リン,Original,2008-07-25T00:00:00Z,269,0,0,Finished
533217,FOURTEENS,トマ豆腐 feat. 鏡音レン,Remaster,2008-07-25T00:00:00Z,232,0,0,Finished
684646,Everlasting Melodies,muhmue feat. 鏡音リン,Original,2008-01-05T00:00:00Z,272,0,2,Finished
664190,ウィニング・ラン -風になりたい-,MazoP feat. 初音ミク,Cover,2008-01-05T00:00:00Z,231,0,0,Draft
639761,このごろの歌,ゆぬきうた feat. 初音ミク,Original,2008-01-05T00:00:00Z,34,0,0,Finished
622183,ラフメイカー,ありすがわ feat. 鏡音レン,Cover,2008-01-05T00:00:00Z,223,0,0,Finished
606745,ハナマル☆センセイション,飴屋P feat. 炉利音コム,Cover,2008-01-05T00:00:00Z,94,1,3,Finished
562579,R-Side,ytk feat. 鏡音リン,MusicPV,2008-01-05T00:00:00Z,64,1,9,Finished
553504,ブリザードマンステージ,KoB feat. 初音ミク,Cover,2008-01-05T00:00:00Z,270,0,0,Draft
514585,Ave Maria,"マリアP feat. 初音ミク, 鏡音リン, 鏡音レン",Cover,2008-01-05T00:00:00Z,134,0,0,Draft
508222,だんご大家族,スレイフ feat. various,Cover,2008-01-05T00:00:00Z,276,0,0,Finished
498027,jelly,ゴゼンP feat. MEIKO,Cover,2008-01-05T00:00:00Z,311,0,2,Finished
289630,Lemon Tea,HYBRID SENSE feat. 初音ミク,Original,2008-11-16T00:00:00Z,235,0,0,Finished
281248,夢みることり,"レオP feat. KAITO, MEIKO",Cover,2008-11-16T00:00:00Z,215,0,0,Finished
255315,Sex Games,superbass1 feat. Sweet Ann,Original,2008-11-16T00:00:00Z,158,13,53,Finished
254166,ハリキリLet's go！,ふじっこ feat. 鏡音リン,Original,2008-11-16T00:00:00Z,223,0,0,Finished
237507,みっくーみく,元日P feat. 初音ミク,Original,2008-11-16T00:00:00Z,72,0,0,Finished
235422,Be a クマムシ!!,"unui, tatmos feat. 鏡音レン",Original,2008-11-16T00:00:00Z,161,0,0,Finished
234578,安全圏で恋してる,mamma feat. 初音ミク,Original,2008-11-16T00:00:00Z,366,0,0,Finished
210921,Cube in my heart,ReON feat. 初音ミク,Original,2008-11-16T00:00:00Z,299,0,0,Finished
193656,うるとらかうんとだうん！,初心P feat. 初音ミク,Original,2008-11-16T00:00:00Z,289,0,2,Finished
184967,天使の階段,縹渺 feat. 初音ミク,Original,2008-11-16T00:00:00Z,324,0,0,Finished
703551,October,トゥルララＰ feat. 初音ミク,Original,2008-10-23T00:00:00Z,201,1,3,Finished
633772,energy flow（ららら～Ver.）,deskslow feat. 初音ミク,Cover,2008-10-23T00:00:00Z,300,0,0,Finished
633764,energy flow,deskslow feat. 初音ミク,Remix,2008-10-23T00:00:00Z,300,0,0,Finished
633627,Girlfriend,TsubasaJM feat. 神威がくぽ,Cover,2008-10-23T00:00:00Z,191,0,2,Finished
606807,にとり,"飴屋P feat. 和音マコ, 天音ルナ",Cover,2008-10-23T00:00:00Z,335,0,0,Finished
598552,煙は無くても虚栄心,"宇宙電波受信P, 生㌔P feat. 初音ミク",Original,2008-10-23T00:00:00Z,123,0,0,Finished
572278,蒼のエーテル,ほいほいP feat. 鏡音リン,Cover,2008-10-23T00:00:00Z,100,0,0,Finished
473759,I'm here,"Isa, もうりみつこ feat. KAITO",Remix,2008-10-23T00:00:00Z,180,0,0,Finished
444900,New Days！,yuru feat. 初音ミク,Original,2008-10-23T00:00:00Z,144,0,2,Finished
437818,Song 02,本山 淳弘 feat. MEIKO,Original,2008-10-23T00:00:00Z,129,12,52,Finished
533216,Pretends,トマ豆腐 feat. 鏡音リン,Remaster,2008-07-25T00:00:00Z,275,0,0,Finished
533215,Worry and despair,トマ豆腐,Original,2008-07-25T00:00:00Z,302,0,0,Draft
113296,いわしのかんづめ （お兄ちゃん版）,岡崎恵 feat. 鏡音レン,Original,2008-12-21T00:00:00Z,97,0,0,Approved
113297,いわしのかんづめ （お姉ちゃん版）,岡崎恵 feat. 鏡音リン,Cover,2008-12-21T00:00:00Z,97,0,0,Approved
109496,スランプのうた,ピロリロP feat. 初音ミク,Original,2008-12-21T00:00:00Z,60,0,0,Finished
99089,Merry X'mas for You☆,あきぐり feat. 初音ミク,Original,2008-12-21T00:00:00Z,310,0,2,Finished
85228,GO GO マリオ!!,オワタP feat. 初音ミク,Remix,2008-12-21T00:00:00Z,243,9,51,Finished
47794,Seiryuu~BLUE MOON~,龍徹 feat. 初音ミク,Original,2008-12-21T00:00:00Z,127,0,0,Finished
31677,X'mas to you,テラ小室P feat. 初音ミク,Remaster,2008-12-21T00:00:00Z,389,0,0,Finished
10692,クリスマスはバイトだ！,ちえ feat. 初音ミク,Original,2008-12-21T00:00:00Z,335,5,23,Finished
9226,ようじょらんどせるのうた,鈴木ろりー太 feat. 初音ミク,Original,2008-12-21T00:00:00Z,336,0,0,Finished
7486,僕は灰猫,におP,Cover,2008-12-21T00:00:00Z,201,0,2,Finished
752240,with you,YYMIKUYY feat. 初音ミク,Original,2008-06-03T00:00:00Z,113,0,0,Draft
706140,ﾜﾀｼｦﾄﾒﾅｲﾃﾞ,ふみP feat. 初音ミク,Original,2008-06-03T00:00:00Z,304,25,87,Finished
629732,広東の花売娘,こがうたP feat. 鏡音リン,Cover,2008-06-03T00:00:00Z,176,0,0,Draft
629223,どうぶつえんのうた,ワンカップP feat. various,Cover,2008-06-03T00:00:00Z,142,0,0,Draft
600091,テレパシー,トゥルララＰ feat. 初音ミク,Original,2008-06-03T00:00:00Z,231,1,3,Finished
600090,ＨＥＡＲＴ,名乗るP feat. 初音ミク,Original,2008-06-03T00:00:00Z,275,0,0,Finished
598439,滝,宇宙電波受信P feat. 初音ミク,Original,2008-06-03T00:00:00Z,84,0,0,Finished
587972,早春,tetti feat. 初音ミク,Cover,2008-06-03T00:00:00Z,214,0,0,Finished
491316,DEPARTURES,ちっこま feat. 初音ミク,Cover,2008-06-03T00:00:00Z,320,0,0,Finished
477541,"ココロ(HardBeat, HeartBeat)",t+pazolite feat. 鏡音リン,Remix,2008-06-03T00:00:00Z,299,4,24,Finished
123445,君、空、紙飛行機。,立秋 feat. 初音ミク,Original,2008-12-31T00:00:00Z,308,0,2,Finished
109367,Little Memory,堤逢叶 feat. 初音ミク,Original,2008-12-31T00:00:00Z,302,0,2,Finished
66561,東ノ暁　西ノ黄昏,"hinayukki feat. MEIKO, KAITO",Original,2008-12-31T00:00:00Z,240,4,30,Finished
61376,Brand New World,akayaka feat. 初音ミク,Original,2008-12-31T00:00:00Z,265,1,3,Finished
49619,つきこもり,●テラピコス feat. 初音ミク,Original,2008-12-31T00:00:00Z,319,0,2,Finished
48049,ひととせ,龍徹 feat. 初音ミク,Original,2008-12-31T00:00:00Z,318,0,0,Finished
46469,One,"涼風P feat. MEIKO, 鏡音リン",Original,2008-12-31T00:00:00Z,214,0,0,Finished
42538,時の足音,"コブクロ, 哀愁P feat. KAITO",Cover,2008-12-31T00:00:00Z,323,1,13,Finished
38324,feat,ラマーズP feat. 初音ミク,Original,2008-12-31T00:00:00Z,316,2,10,Finished
38323,NEW,ラマーズP feat. 初音ミク,Original,2008-12-31T00:00:00Z,91,1,7,Finished
943429,旅愁,あぜち feat. 初音ミク,Cover,2008-01-24T00:00:00Z,175,0,0,Finished
796368,Love and Hatred,本気マフラーP feat. 初音ミク,Original,2008-01-24T00:00:00Z,0,0,0,Finished
746594,二輪蓮花蝶 ～Rin and Len,"ヤヌー feat. 鏡音リン, 鏡音レン",Cover,2008-01-24T00:00:00Z,143,0,0,Draft
701491,今日はどんな日？,Nice 積雪.P feat. 鏡音リン,Original,2008-01-24T00:00:00Z,126,1,3,Finished
686905,面倒くさいんだもん！,ぴろしき星人 feat. 初音ミク,Original,2008-01-24T00:00:00Z,130,0,0,Finished
681977,人工星群,うに feat. 初音ミク,Original,2008-01-24T00:00:00Z,94,0,0,Finished
639442,Green Hill Zone,TheGreatKaitsu feat. 初音ミク,Cover,2008-01-24T00:00:00Z,131,0,0,Finished
632071,蜃気楼(short ver.),"NTTT, Uriaroma feat. 鏡音リン, 鏡音レン",Original,2008-01-24T00:00:00Z,86,0,0,Finished
617638,千年香妃花,デーモン初音閣下 feat. 初音ミク,Cover,2008-01-24T00:00:00Z,70,0,0,Finished
600336,忘れないで・・・フルVer,めもりあ feat. 初音ミク,Original,2008-01-24T00:00:00Z,253,0,0,Finished
10275,よっこらせっくす,アゴアニキ,Instrumental,2008-11-30T00:00:00Z,151,1,5,Finished
10276,河原町行き,アゴアニキ,Instrumental,2008-11-30T00:00:00Z,155,0,4,Finished
10277,まぶしい人,アゴアニキ,Instrumental,2008-11-30T00:00:00Z,207,0,2,Finished
10091,さよならのかわりに、花束を-strings.ver-,花束P feat. 初音ミク,Remix,2008-11-30T00:00:00Z,227,3,9,Finished
7447,あなたのことが,オワタP feat. 初音ミク,Original,2008-11-30T00:00:00Z,239,1,5,Finished
7451,Jingle1,オワタP,Unspecified,2008-11-30T00:00:00Z,275,0,0,Draft
7452,Dilettante,オワタP,Unspecified,2008-11-30T00:00:00Z,0,0,0,Draft
7453,In the Blue Sky,オワタP,Unspecified,2008-11-30T00:00:00Z,0,0,0,Draft
7454,Jingle2,オワタP,Unspecified,2008-11-30T00:00:00Z,0,0,0,Draft
7455,Little Ground,オワタP,Unspecified,2008-11-30T00:00:00Z,0,0,0,Draft
18034,Another,Hash feat. 鏡音レン,Original,2008-09-15T00:00:00Z,244,1,11,Finished
8529,天使のゆびきり,IGASIO feat. MEIKO,Cover,2008-09-15T00:00:00Z,268,0,2,Finished
3610,Echoes,No.D feat. MEIKO,Original,2008-09-15T00:00:00Z,309,1,3,Finished
976198,フライングスタート,"居駒恋子（☠） feat. 霞歌ルブ, 霞歌リーズ",Cover,2008-09-14T00:00:00Z,248,0,0,Finished
921842,夜明けの月,ぱいろP feat. KAITO,Original,2008-09-14T00:00:00Z,103,0,0,Finished
855392,プレイ・うぃず・ユー,つーち feat. 初音ミク,Original,2008-09-14T00:00:00Z,151,0,2,Draft
846792,Regression,令月 大和 feat. 初音ミク,Original,2008-09-14T00:00:00Z,247,0,0,Finished
738595,悪魔の囁き,"つやつやP feat. 神威がくぽ, 初音ミク",Original,2008-09-14T00:00:00Z,392,0,0,Finished
730538,POWER OF SMILE ～キミと永遠に笑顔～,△P feat. 初音ミク,Original,2008-09-14T00:00:00Z,161,0,0,Finished
725793,はっぴぃす！～短版～,フルみっくP feat. 初音ミク,Original,2008-09-14T00:00:00Z,59,0,0,Finished
599807,白い犬,NoVi feat. 初音ミク,Original,2008-02-12T00:00:00Z,57,0,0,Finished
598363,夕顔,宇宙電波受信P feat. 鏡音レン,Original,2008-02-12T00:00:00Z,82,0,0,Finished
517193,自転車ちり〜ん,宇宙風呂P feat. 初音ミク,Original,2008-02-12T00:00:00Z,186,0,0,Finished
511023,たこ焼きのうた,まっさん feat. 初音ミク,Original,2008-02-12T00:00:00Z,71,0,0,Finished
504062,空へ,バッテリー feat. 初音ミク,Original,2008-02-12T00:00:00Z,288,0,2,Finished
504026,アイスがメルト,Y子 feat. KAITO,MusicPV,2008-02-12T00:00:00Z,255,0,0,Finished
502164,Dreamin'@RinØLen,"ｄｊｋｂ feat. 鏡音リン, 鏡音レン",Cover,2008-02-12T00:00:00Z,203,0,0,Draft
498116,和田岬～もう会えない貴女へ,碧海吟遊 feat. KAITO,Original,2008-02-12T00:00:00Z,330,0,0,Finished
490272,虹の約束 Ver.3.0,二次P feat. 初音ミク,Remaster,2008-02-12T00:00:00Z,342,0,0,Finished
456835,なぞのやさい星人あらわる,YqY feat. 初音ミク,Cover,2008-02-12T00:00:00Z,71,0,0,Finished
243388,毎日ねぎ料理,とほほP feat. 初音ミク,MusicPV,2008-03-01T00:00:00Z,81,0,0,Finished
241375,プリマプリマにしてあげる♪,ちょいワルP feat. Prima,Cover,2008-03-01T00:00:00Z,150,0,8,Finished
235612,ねぎ・・・,tatmos feat. 初音ミク,MusicPV,2008-03-01T00:00:00Z,145,0,2,Finished
223837,トレロカモミロ,"Gibbon feat. 鏡音リン, 鏡音レン",Cover,2008-03-01T00:00:00Z,138,0,0,Draft
217371,底辺グランジィボトム,Juan feat. 初音ミク,Original,2008-03-01T00:00:00Z,60,5,33,Finished
181983,HOPEFUL!,zyun feat. 初音ミク,Original,2008-03-01T00:00:00Z,222,0,0,Finished
173467,正義の誓い,書道P feat. 初音ミク,Original,2008-03-01T00:00:00Z,322,0,0,Finished
162777,エターナル　スターライト,トルバＰ feat. 初音ミク,Original,2008-03-01T00:00:00Z,390,2,6,Finished
156245,作戦開始！,お茶漬Ｐ feat. KAITO,Original,2008-03-01T00:00:00Z,179,0,0,Finished
137005,ピンクのコップ,ヒーリン feat. 鏡音リン,Original,2008-03-01T00:00:00Z,291,0,0,Finished
910259,はっちゅねはちゅねミク ♪ みっくみくにつづけ～,mirumiru feat. 初音ミク,Original,2008-03-07T00:00:00Z,142,0,0,Finished
907463,虹の向こうへ。,"あんこ feat. 鏡音リン, 鏡音レン",Original,2008-03-07T00:00:00Z,103,0,0,Finished
907462,くもりめがね,ツネ feat. 鏡音リン,Original,2008-03-07T00:00:00Z,200,0,0,Finished
886120,だんご大家族,7S＊WTR feat. 初音ミク,Cover,2008-03-07T00:00:00Z,275,0,2,Finished
854690,約束の場所,青雲P feat. KAITO,Cover,2008-03-07T00:00:00Z,309,0,0,Draft
817464,パンダのうた,haruna808 feat. 鏡音リン,MusicPV,2008-03-07T00:00:00Z,185,0,0,Finished
810473,旅立ちの日に,"隊長 feat. 鏡音リン, 鏡音レン",Original,2008-03-07T00:00:00Z,290,0,0,Finished
635090,病んでるお兄さんは好きですか？,低血糖Ｐ feat. KAITO,Original,2008-03-07T00:00:00Z,53,0,2,Finished
629745,影を慕いて,こがうたP feat. 初音ミク,Cover,2008-03-07T00:00:00Z,209,0,0,Draft
627880,君と僕へ Full.Ver,abc feat. KAITO,Remix,2008-03-07T00:00:00Z,273,0,0,Finished
239919,雪の華,SynNightP feat. 初音ミク,Cover,2008-10-19T00:00:00Z,325,0,0,Draft
237649,Room-“Butterfly”,vanzz feat. 初音ミク,Original,2008-10-19T00:00:00Z,260,0,0,Finished
234758,電子の心 10倍界王拳版,孫悟功_元ボカロＰ feat. 初音ミク,Original,2008-10-19T00:00:00Z,331,0,0,Finished
225338,荒野の果てに,kyrik feat. KAITO,Cover,2008-10-19T00:00:00Z,51,0,0,Finished
225337,青い童話（full ver.）,kyrik feat. KAITO,Cover,2008-10-19T00:00:00Z,114,0,0,Draft
219365,～End of the world～,狂奏楽団 feat. 初音ミク,Original,2008-10-19T00:00:00Z,155,1,3,Finished
218089,赤いワンピース,RushP feat. 鏡音リン,Original,2008-10-19T00:00:00Z,218,0,0,Finished
200368,東京→Green,アヒル軍曹P feat. 初音ミク,Original,2008-10-19T00:00:00Z,210,0,0,Finished
193742,夏の閃光,hiroou feat. 初音ミク,Original,2008-10-19T00:00:00Z,350,0,0,Finished
193655,冥王 -Θανατος-,"初心P feat. 初音ミク, 鏡音レン, 鏡音リン",Cover,2008-10-19T00:00:00Z,217,0,0,Draft
520422,あんこ食べたい(？),とろP feat. 初音ミク,Cover,2008-04-23T00:00:00Z,132,13,51,Finished
498109,さよならの手を振って,よしのん feat. 鏡音リン,Remix,2008-04-23T00:00:00Z,269,0,0,Finished
442929,Ferry,まっちゃ feat. 初音ミク,Original,2008-04-23T00:00:00Z,215,0,0,Finished
388430,peace of　the  world,"LOVE&P feat. 初音ミク, 鏡音リン",Remaster,2008-04-23T00:00:00Z,316,1,5,Finished
354024,ハル　ハナ　ヒラリ,９９９Ｐ feat. 鏡音リン,Original,2008-04-23T00:00:00Z,201,0,0,Finished
337230,78円納豆,☆てむぴー feat. 初音ミク,Original,2008-04-23T00:00:00Z,72,3,9,Finished
333731,カンタレラ,壱加 feat. KAITO,MusicPV,2008-04-23T00:00:00Z,175,1,5,Finished
294503,secret base～君がくれたもの～,麻太郎P feat. 初音ミク,Remix,2008-04-23T00:00:00Z,300,0,0,Finished
270701,Chaser,Daisuke Ohnuma feat. 初音ミク,Original,2008-04-23T00:00:00Z,255,0,2,Finished
254512,たたき屋さん,今日犬 feat. 初音ミク,Original,2008-04-23T00:00:00Z,176,0,0,Finished
23378,music,PolyphonicBranch feat. 初音ミク,Original,2008-11-06T00:00:00Z,185,2,16,Finished
4385,It's like a music,miksolodyne-ts feat. 初音ミク,Original,2008-11-06T00:00:00Z,273,0,4,Finished
1245,unused impulse,164 feat. 初音ミク,Original,2008-11-06T00:00:00Z,245,2,14,Finished
962533,青い珊瑚礁,881 feat. 鏡音リン,Cover,2008-11-05T00:00:00Z,223,0,0,Finished
930720,きみだけの花,るりは feat. KAITO,Original,2008-11-05T00:00:00Z,184,0,0,Finished
771005,ラブラブなカップル フリフリでチュー,秋月錬 feat. 初音ミク,Cover,2008-11-05T00:00:00Z,269,0,0,Finished
748634,Voice of Grace,hinayukki feat. MEIKO,Cover,2008-11-05T00:00:00Z,376,0,0,Finished
727510,ライオン,"電車内制作Ｐ feat. MEIKO, 初音ミク",Cover,2008-11-05T00:00:00Z,307,0,0,Finished
698824,CONNECTION,ｙｍｒ feat. 神威がくぽ,Original,2008-11-05T00:00:00Z,336,0,0,Finished
671673,パウンドライク,ナモナキP feat. MEIKO,Original,2008-11-05T00:00:00Z,333,0,0,Finished
312829,君と僕のチガイ～speed up mix,NAV feat. 鏡音レン,Remix,2008-07-13T00:00:00Z,161,0,0,Finished
312675,月亮代表我的心,red21735 feat. 初音ミク,Cover,2008-07-13T00:00:00Z,209,0,0,Finished
310046,春夏秋冬～夏・冬,はふーP feat. 初音ミク,Original,2008-07-13T00:00:00Z,318,0,0,Finished
295908,アオイエモノ,"カーニバルP feat. KAITO, 初音ミク, 鏡音リン",Remix,2008-07-13T00:00:00Z,229,1,5,Finished
270164,星のカケラFull版,コーチP feat. 初音ミク,Remix,2008-07-13T00:00:00Z,261,0,0,Finished
259402,はつかり,稲本海 feat. 初音ミク,Original,2008-07-13T00:00:00Z,249,0,0,Finished
242358,ハイパーアクティブ！,卯月めい feat. 初音ミク,Original,2008-07-13T00:00:00Z,130,0,0,Finished
241940,As Snowman,涼介P feat. MEIKO,Original,2008-07-13T00:00:00Z,261,0,0,Finished
234673,17,涼風P feat. 初音ミク,Original,2008-07-13T00:00:00Z,221,0,0,Finished
218273,to the Heaven,OSATOH feat. 初音ミク,Remaster,2008-07-13T00:00:00Z,273,1,5,Finished
3884,ハローグッバイ,すこっぷ feat. 初音ミク,Original,2008-12-04T00:00:00Z,291,2,14,Finished
1234,sleeping beauty,164 feat. 初音ミク,Original,2008-12-04T00:00:00Z,240,31,171,Finished
1020444,神さまのBirthday,ハロP feat. 重音テト,Cover,2008-12-03T00:00:00Z,123,0,0,Finished
1012467,EGG,Daisuke Ohnuma,Original,2008-12-03T00:00:00Z,497,0,0,Draft
987536,我が家にきたテトさんにKAITOが一言言いたいようです。,"多プレスP feat. KAITO, 重音テト",DramaPV,2008-12-03T00:00:00Z,91,0,0,Finished
826552,気まぐれロマンティック,"水野良樹, 江口亮 feat. いきものがかり",Original,2008-12-03T00:00:00Z,270,0,0,Finished
807696,トライアングラー,non feat. 初音ミク,Cover,2008-12-03T00:00:00Z,277,0,2,Finished
796108,motto☆派手にね!,しお兄P feat. 初音ミク,Cover,2008-12-03T00:00:00Z,280,0,2,Finished
785465,満天の星空,蟹缶 feat. 初音ミク,Original,2008-12-03T00:00:00Z,276,0,0,Finished
703555,おほしさま,トゥルララＰ feat. 初音ミク,Original,2008-12-03T00:00:00Z,227,1,3,Finished
180814,蒼の街,mackoy feat. 初音ミク,Original,2008-05-18T00:00:00Z,289,0,0,Finished
107804,緋雨（ヒサメ）,チャレンジャー feat. 初音ミク,Remaster,2008-05-18T00:00:00Z,254,0,0,Finished
107680,にせものの神さま～愛のうた,朱月笛丸 feat. 初音ミク,Original,2008-05-18T00:00:00Z,0,0,0,Finished
107681,夕映えスキップ～風のうた,朱月笛丸 feat. 初音ミク,Original,2008-05-18T00:00:00Z,0,0,0,Finished
87494,恋愛中毒,ジンジャーP feat. 初音ミク,Original,2008-05-18T00:00:00Z,226,1,9,Finished
87402,HAKOBAKO PLAYER,"アゴアニキ feat. 初音ミク, 鏡音リン, 鏡音レン",Cover,2008-05-18T00:00:00Z,191,0,10,Finished
61125,rejected -拒絶-,"ポン酢P feat. 初音ミク, 鏡音レン",Original,2008-05-18T00:00:00Z,316,1,3,Finished
57350,僕に愛をください,乙女P feat. 初音ミク,Original,2008-05-18T00:00:00Z,223,3,9,Finished
45001,ケモノガミトボク,長月秋霖 feat. 初音ミク,Original,2008-05-18T00:00:00Z,351,0,2,Finished
16680,ついてきえて,はふーP feat. 初音ミク,Original,2008-05-18T00:00:00Z,149,0,0,Finished
847733,みみっく,かにみそP feat. 初音ミク,Remaster,2008-01-26T00:00:00Z,270,0,0,Finished
733857,－影二つ－ (Version 1.1),siNc feat. 初音ミク,Cover,2008-01-26T00:00:00Z,153,1,5,Finished
681461,桜艶,ちゅんた feat. 初音ミク,Original,2008-01-26T00:00:00Z,209,0,0,Finished
681460,夢追,ちゅんた feat. 初音ミク,Original,2008-01-26T00:00:00Z,211,0,0,Finished
639025,サケダンス,"Kyohei Sanbayashi feat. MEIKO, 鏡音リン",Original,2008-01-26T00:00:00Z,56,0,0,Finished
617704,タッチ,"naot feat. 初音ミク, 鏡音リン",Cover,2008-01-26T00:00:00Z,191,0,0,Draft
553507,ブリザードマンステージ リアレンジ版,KoB feat. 初音ミク,Cover,2008-01-26T00:00:00Z,150,0,2,Draft
530681,Pretends,トマ豆腐 feat. 鏡音リン,Original,2008-01-26T00:00:00Z,271,0,0,Finished
528927,安里屋ユンタ （八重山バージョン）,Bumpyうるし feat. 鏡音リン,Cover,2008-01-26T00:00:00Z,157,0,0,Finished
506593,えれくとりっく・えんじぇぅ,k2k feat. 鏡音レン,Cover,2008-01-26T00:00:00Z,196,0,2,Finished
629146,Sayonara,TOMANDY feat. KAITO,Cover,2008-06-22T00:00:00Z,333,0,0,Finished
607759,ヨテイハミテイ～LongVersion～,えらのん feat. 鏡音リン,Other,2008-06-22T00:00:00Z,158,0,0,Finished
600702,嘆きの壁,アヒル軍曹P feat. 初音ミク,Original,2008-06-22T00:00:00Z,289,0,0,Finished
600701,Lovesong,movieup feat. 初音ミク,Remix,2008-06-22T00:00:00Z,271,0,0,Finished
600173,Flying fuzz ～ψ,叙情P feat. 初音ミク,Original,2008-06-22T00:00:00Z,164,0,0,Finished
600172,夕,叙情P feat. 初音ミク,Original,2008-06-22T00:00:00Z,83,0,0,Finished
600168,ぐるぐる遊園地,叙情P feat. 初音ミク,Original,2008-06-22T00:00:00Z,62,0,0,Finished
581597,GO MY WAY!!,あず feat. 初音ミク,MusicPV,2008-06-22T00:00:00Z,119,0,0,Finished
575533,デスマーチのうた。,"くぼんヌ。 feat. 初音ミク, 鏡音リン, 鏡音レン",Original,2008-06-22T00:00:00Z,244,0,0,Finished
549038,サクラ・フワリ,Emular feat. 初音ミク,Cover,2008-06-22T00:00:00Z,242,0,0,Finished
147148,切望,Juka feat. 鏡音レン,Cover,2008-08-15T00:00:00Z,348,0,4,Finished
135122,タイトル,competor feat. 初音ミク,Original,2008-08-15T00:00:00Z,84,0,2,Finished
98165,鏡の世界,"ミラーP feat. 鏡音リン, 鏡音レン",Original,2008-08-15T00:00:00Z,315,1,3,Finished
96349,闇の向こう側,"ことのP, しーちゃん feat. 初音ミク",Original,2008-08-15T00:00:00Z,0,0,0,Finished
96350,カイ・クル・アハウ,"ことのP, T-Yossy feat. 神威がくぽ",Original,2008-08-15T00:00:00Z,0,0,0,Finished
96351,おねがいナ・イ・ショにしてね ～ Sweet summer love Mix ～,T-Yossy feat. 初音ミク,Remix,2008-08-15T00:00:00Z,0,0,0,Finished
96352,萌えてヒロイン大作戦♪,ことのP feat. 鏡音リン,Original,2008-08-15T00:00:00Z,0,0,0,Finished
96353,恋はめかくし！,"ことのP, Kenichi , T-Yossy feat. 初音ミク",Original,2008-08-15T00:00:00Z,0,0,0,Finished
81729,鎚,島白 feat. 初音ミク,Remix,2008-08-15T00:00:00Z,378,22,76,Finished
60839,Like a prayer,マイんド feat. 初音ミク,Original,2008-08-15T00:00:00Z,259,0,0,Finished
920300,優しい人へ、嗄れない声で,七詞 feat. KAITO,Original,2008-09-03T00:00:00Z,216,0,0,Finished
904166,RUNNER & DREAMER,densetsu feat. 神威がくぽ,Original,2008-09-03T00:00:00Z,151,0,0,Finished
840686,再会,SILENTWALKER feat. 初音ミク,Original,2008-09-03T00:00:00Z,0,0,0,Finished
761151,ナスビ王国に栄光あれ,med_ley feat. 神威がくぽ,Original,2008-09-03T00:00:00Z,173,4,12,Finished
754634,ライアーマン,SOUNDROP feat. 鏡音リン,Original,2008-09-03T00:00:00Z,263,0,0,Finished
716704,Helios,Mano feat. 初音ミク,Original,2008-09-03T00:00:00Z,129,0,0,Finished
716056,A Cute Acute Miracle Girl,kihirohito feat. 初音ミク,Original,2008-09-03T00:00:00Z,188,0,0,Finished
715394,東一局０本場,検証P feat. various,Original,2008-09-03T00:00:00Z,349,0,0,Finished
713330,おまじない,めたはあP feat. 鏡音リン,Original,2008-09-03T00:00:00Z,189,0,0,Finished
629720,月のキャンプ,こがうたP feat. 初音ミク,Cover,2008-09-03T00:00:00Z,198,0,0,Draft
273031,下剋上,"000 feat. 鏡音リン, 鏡音レン",MusicPV,2008-08-14T00:00:00Z,207,2,10,Finished
246562,モバイリ：センセーション,sasakure.UK feat. 鏡音リン,Remix,2008-08-14T00:00:00Z,341,11,55,Finished
242606,forebode,masato feat. 初音ミク,Original,2008-08-14T00:00:00Z,446,1,3,Finished
237645,refrain,vanzz feat. 初音ミク,Original,2008-08-14T00:00:00Z,321,0,0,Finished
194795,メビウス・ローテーション,"なごみＰ feat. 初音ミク, 鏡音リン",Original,2008-08-14T00:00:00Z,200,0,0,Finished
165085,しゅらばのきのまよい～原稿やれ～,かえうたP feat. 鏡音リン,Original,2008-08-14T00:00:00Z,59,0,0,Finished
147276,キミゾラ,K音ガオーッP feat. 初音ミク,Original,2008-08-14T00:00:00Z,283,0,0,Finished
129363,みんなでコミケ,pico-p feat. 初音ミク,Original,2008-08-14T00:00:00Z,93,1,3,Finished
122224,夏の魔法,カリバネム feat. 初音ミク,Original,2008-08-14T00:00:00Z,265,0,0,Finished
104782,黒い塔の王子,マチゲリータ feat. 神威がくぽ,Original,2008-08-14T00:00:00Z,270,5,29,Finished
649977,Little wish,さくらでんぶ,Unspecified,2009-09-27T00:00:00Z,0,0,0,Draft
649976,かえる,さくらでんぶ,Unspecified,2009-09-27T00:00:00Z,0,0,0,Draft
649975,人形夜会,さくらでんぶ,Unspecified,2009-09-27T00:00:00Z,0,0,0,Draft
649974,＜声をきくもの＞,さくらでんぶ,Unspecified,2009-09-27T00:00:00Z,0,0,0,Draft
649973,flowers,さくらでんぶ,Unspecified,2009-09-27T00:00:00Z,0,0,0,Draft
636933,BEAT！,"ちにー feat. 初音ミク, 巡音ルカ, 寒音ジミ",MusicPV,2009-09-27T00:00:00Z,225,0,0,Finished
621148,アイユイ,ゆ。 feat. 初音ミク,Original,2009-09-27T00:00:00Z,229,3,9,Finished
620607,抱きしめてあげるから。,ねぎとろ feat. GUMI,Original,2009-09-27T00:00:00Z,230,0,0,Finished
615121,光に向って撃て！,makki feat. 巡音ルカ,Original,2009-09-27T00:00:00Z,363,0,0,Finished
602588,星耳,Aポエット feat. 重音テト,Original,2009-09-27T00:00:00Z,294,0,0,Finished
213546,ららとあそぼ -Lonely Shy Girl-,わたしのココ feat. LaLaVoice (Unknown),Original,2009-01-01T00:00:00Z,169,7,43,Finished
213547,ぎぶみー☆LOVE,わたしのココ feat. LaLaVoice (Unknown),Original,2009-01-01T00:00:00Z,284,7,29,Finished
213545,怪物,わたしのココ feat. LaLaVoice (Unknown),Original,2009-01-01T00:00:00Z,102,3,21,Finished
213544,五月雨ブルドッグ,わたしのココ feat. LaLaVoice (Unknown),Original,2009-01-01T00:00:00Z,127,8,54,Finished
210861,四季の歌,MARSH feat. 初音ミク,Original,2009-01-01T00:00:00Z,174,0,0,Finished
173718,のぼり棒,名誉会長P feat. 鏡音レン,Remix,2009-01-01T00:00:00Z,376,0,0,Finished
165881,薔薇の花束,Kossy feat. 初音ミク,Original,2009-01-01T00:00:00Z,284,0,0,Finished
155694,あけましておめでとう!,猫虫P feat. 初音ミク,Original,2009-01-01T00:00:00Z,177,1,3,Finished
134325,リリーパッド,睡蓮P feat. 重音テト,Original,2009-01-01T00:00:00Z,310,2,8,Finished
120622,No Boring Boy !,むーとP feat. 鏡音レン,Remix,2009-01-01T00:00:00Z,212,0,0,Finished
715626,ねちがえ,Irakka-G feat. MEIKO,Original,2009-02-22T00:00:00Z,97,0,0,Finished
709526,グッバイ≒グッナイ(1番),きの粉もち feat. 初音ミク,Original,2009-02-22T00:00:00Z,94,0,0,Draft
672696,Hello Michelle,n_kasuya feat. 初音ミク,Original,2009-02-22T00:00:00Z,183,9,27,Finished
665093,愚痴を代わりにしゃべらせてみた。,名無しの加茂茄子 feat. 神威がくぽ,Original,2009-02-22T00:00:00Z,18,0,0,Finished
664252,七色パレット,MazoP feat. 初音ミク,Remix,2009-02-22T00:00:00Z,214,0,0,Finished
643959,サヨナラ・ヘヴン long ver,"mau feat. 鏡音リン, 鏡音レン",Original,2009-02-22T00:00:00Z,0,0,0,Draft
643958,Ubertreffen,mau feat. 神威がくぽ,Original,2009-02-22T00:00:00Z,0,0,0,Draft
643956,fffff,mau feat. 鏡音リン,Original,2009-02-22T00:00:00Z,106,0,0,Finished
643955,cry out,mau feat. 神威がくぽ,Original,2009-02-22T00:00:00Z,0,0,0,Draft
642687,風送りの詩,tycho,Instrumental,2009-02-22T00:00:00Z,0,0,0,Finished
675864,恋スルVOC@LOID,CircusP feat. 鏡音リン,Cover,2009-12-26T00:00:00Z,108,0,2,Finished
619758,頑張っていこう！,しゅんま feat. 初音ミク,Original,2009-12-26T00:00:00Z,124,0,0,Finished
607386,マルセイユの歌,巡る世界P feat. 巡音ルカ,Cover,2009-12-26T00:00:00Z,145,0,0,Finished
606550,雪,politru feat. 雪歌ユフ,Original,2009-12-26T00:00:00Z,142,0,0,Finished
576025,ムテクィーンの歌,物置 feat. 巡音ルカ,Cover,2009-12-26T00:00:00Z,103,0,0,Finished
574824,蔵王賛歌,"kie's feat. 鏡音リン, 巡音ルカ, 氷山キヨテル",Cover,2009-12-26T00:00:00Z,106,0,0,Draft
503465,RINLENMANIA 2 ～うたうこと～,"アンメルツP feat. 鏡音リン, 鏡音レン",Mashup,2009-12-26T00:00:00Z,6000,0,0,Finished
498295,デスデス★ナイトフィーバー,CircusP feat. SF-A2 開発コード miki,Cover,2009-12-26T00:00:00Z,240,1,3,Finished
498053,嘘つき,どすこいＰ feat. 巡音ルカ,Remaster,2009-12-26T00:00:00Z,132,2,6,Finished
489831,magnet,"レオP feat. 初音ミク, SF-A2 開発コード miki, 初音ミク Append (Unknown)",Cover,2009-12-26T00:00:00Z,239,0,0,Finished
490279,Chronograph,二次P feat. 初音ミク,Remaster,2009-11-05T00:00:00Z,330,0,0,Finished
468503,フブイテルナー,大根おろしP feat. 初音ミク,Original,2009-11-05T00:00:00Z,166,0,0,Finished
448918,Lost the Wing,MineK feat. MEIKO,Remix,2009-11-05T00:00:00Z,303,1,3,Finished
405312,世界でいちばん頑張ってる君に,"asra, PokePika, 柳里 feat. MEIKO, KAITO",Cover,2009-11-05T00:00:00Z,308,0,0,Finished
405281,タイムツアー,ゴゼンP feat. MEIKO,Original,2009-11-05T00:00:00Z,268,0,4,Finished
403743,さようなら,いたちめ feat. 初音ミク,Original,2009-11-05T00:00:00Z,127,0,0,Finished
355647,秋、あいつに誘われて…,"しずかけい feat. 初音ミク, 巡音ルカ",Original,2009-11-05T00:00:00Z,187,0,0,Finished
344642,相思華,陽之介 feat. MEIKO,Original,2009-11-05T00:00:00Z,194,0,2,Finished
342160,いつも何度でも,"青雲P feat. MEIKO, KAITO",Cover,2009-11-05T00:00:00Z,238,0,0,Finished
302128,ハト,"枝 feat. MEIKO, KAITO",Cover,2009-11-05T00:00:00Z,240,1,9,Finished
31708,おそろしあ☆,Numtack05 feat. 巡音ルカ,Original,2009-09-06T00:00:00Z,217,2,12,Finished
31660,amplitude,,Unspecified,2009-09-06T00:00:00Z,0,0,0,Draft
31663,ニジイロノソラ,ポン酢P feat. 鏡音リン,Unspecified,2009-09-06T00:00:00Z,0,0,0,Draft
31665,musicbox 01,,Unspecified,2009-09-06T00:00:00Z,0,0,0,Draft
31669,musicbox 02,,Unspecified,2009-09-06T00:00:00Z,0,0,0,Draft
30569,Stella,Kuroneko Lounge feat. 初音ミク,Original,2009-09-06T00:00:00Z,347,3,15,Finished
29924,過呼吸,ヒッキーP feat. 鏡音リン,Original,2009-09-06T00:00:00Z,94,12,52,Finished
29925,自爆(we stained them),ヒッキーP feat. 鏡音リン,Remix,2009-09-06T00:00:00Z,35,2,12,Finished
29888,blind below the district,ヒッキーP feat. 鏡音リン,Original,2009-09-06T00:00:00Z,97,7,31,Finished
29887,スケッチノート,ヒッキーP feat. 鏡音リン,Original,2009-09-06T00:00:00Z,155,7,31,Finished
298331,Resistance Line,BlueValkyrie feat. Celestine Aoi,Cover,2009-11-05T00:00:00Z,98,1,3,Finished
276278,想い,P.N.朝倉＠トーン feat. MEIKO,Original,2009-11-05T00:00:00Z,269,0,0,Finished
264649,思い出は美しいもの,堤逢叶 feat. 初音ミク,Original,2009-02-03T00:00:00Z,303,0,0,Finished
242714,明日へ駆ける雨傘,放任主義 feat. 巡音ルカ,Original,2009-02-03T00:00:00Z,424,1,3,Finished
240503,無能力者,poporun feat. AquesTone (Unknown),Original,2009-02-03T00:00:00Z,252,1,3,Finished
217513,HAL 39000　【English ver.】,テラ鼻血ラテP feat. 巡音ルカ,Remix,2009-02-03T00:00:00Z,263,0,0,Finished
170184,△の想い,cicci feat. 初音ミク,Original,2009-02-03T00:00:00Z,209,0,0,Finished
167660,Needle Nectar,ハイネケンP feat. ＊spiLa＊,Cover,2009-02-03T00:00:00Z,257,0,0,Finished
166258,パラポート,ナニカシイラ feat. 初音ミク,Original,2009-02-03T00:00:00Z,174,0,0,Finished
161606,ありがとう,Calo feat. 初音ミク,Original,2009-02-03T00:00:00Z,262,0,0,Finished
159021,空繰忍形,"奈都魅 feat. MEIKO, 巡音ルカ",Cover,2009-02-03T00:00:00Z,298,0,0,Finished
151710,鏡☆ミラクル☆無限大,ふねP feat. 鏡音リン,Original,2009-02-03T00:00:00Z,212,0,0,Finished
521077,夜空ノムコウ,四半世紀P feat. 初音ミク,Cover,2009-10-12T00:00:00Z,275,0,0,Finished
511042,できないパラダイス,pikonyoro feat. 初音ミク,Original,2009-10-12T00:00:00Z,140,0,0,Finished
508473,サイハテ -piano bossa arrange-,Hora feat. 重音テト新Lite/09/09/実験版,Cover,2009-10-12T00:00:00Z,145,0,0,Finished
497958,LOST WORLD,kochoP feat. 初音ミク,Original,2009-10-12T00:00:00Z,207,0,0,Finished
489956,ポンコツ天使,恥P feat. 初音ミク,MusicPV,2009-10-12T00:00:00Z,105,0,0,Finished
481390,月 -lunatic values-,柊P feat. 巡音ルカ,Original,2009-10-12T00:00:00Z,318,0,0,Finished
480699,She'll,くりこ feat. 初音ミク,Original,2009-10-12T00:00:00Z,209,0,0,Finished
479982,蒼い空-AOISORA-,ゆんゆん feat. 巡音ルカ,Original,2009-10-12T00:00:00Z,169,0,2,Finished
404115,緑ノ夢,MAX VEGETABLE feat. 初音ミク,Original,2009-10-12T00:00:00Z,360,2,6,Finished
387044,XXX,"どどどP, せむ feat. 初音ミク",Original,2009-10-12T00:00:00Z,240,0,0,Finished
859,春風恋慕,れれれP feat. 巡音ルカ,Original,2009-03-08T00:00:00Z,255,0,2,Finished
789,envY,隣人 feat. 鏡音リン,Remix,2009-03-08T00:00:00Z,0,0,2,Finished
776,Closed border,隣人 feat. 初音ミク,Remix,2009-03-08T00:00:00Z,0,0,2,Finished
777,losT paradise,隣人 feat. 初音ミク,Remix,2009-03-08T00:00:00Z,0,0,2,Finished
778,third interpretatiOn,隣人 feat. 初音ミク,Remix,2009-03-08T00:00:00Z,0,0,2,Finished
779,lullaby for KIndness,隣人 feat. 初音ミク,Remix,2009-03-08T00:00:00Z,0,0,2,Finished
780,Nuclear fusion,隣人 feat. 初音ミク,Remix,2009-03-08T00:00:00Z,0,1,5,Finished
781,"seE new the world, she knew the world",隣人 feat. 初音ミク,Remix,2009-03-08T00:00:00Z,0,2,6,Finished
782,Closed border,隣人,Instrumental,2009-03-08T00:00:00Z,0,0,0,Finished
783,envY,隣人,Instrumental,2009-03-08T00:00:00Z,0,0,0,Finished
529215,アップルパイ - QuONtize+ mix -,生P feat. 初音ミク,Remix,2009-12-30T00:00:00Z,0,0,0,Draft
512825,眼鏡っ娘はいる,"ktr feat. 初音ミク, 巡音ルカ, GUMI",Original,2009-12-30T00:00:00Z,0,0,0,Finished
512823,聖夜虚飾幻想,ktr feat. 巡音ルカ,Original,2009-12-30T00:00:00Z,0,0,0,Finished
503774,恋愛サーキュレーション,CG891 feat. 女声1 (AquesTalk),Cover,2009-12-30T00:00:00Z,103,0,0,Finished
498260,Transcend Stars!,Kamiyanagi feat. 初音ミク,Original,2009-12-30T00:00:00Z,240,0,2,Finished
497521,If U Seek Amy,CircusP feat. 歌愛ユキ,Cover,2009-12-30T00:00:00Z,214,3,11,Finished
494960,三日月夜,とり feat. 初音ミク,Original,2009-12-30T00:00:00Z,156,0,0,Finished
493808,愛国歌,巡る世界P feat. 巡音ルカ,Cover,2009-12-30T00:00:00Z,172,0,0,Finished
486679,からす,フレッシュ feat. 初音ミク,Original,2009-12-30T00:00:00Z,194,0,0,Finished
455162,LAST HOPE,萌尽狼 feat. Mac音ココ[白],Original,2009-12-30T00:00:00Z,0,0,0,Finished
799079,恋は戦争,koma'n,Remix,2009-05-01T00:00:00Z,313,0,0,Finished
716743,私に奇跡は起こせない,テンコウＰ feat. 初音ミク,Original,2009-05-01T00:00:00Z,242,0,0,Finished
693180,天空のレリディア,へんげP feat. 初音ミク,Original,2009-05-01T00:00:00Z,280,1,5,Finished
691939,春びより,シンクロ feat. 鏡音リン,Original,2009-05-01T00:00:00Z,245,0,0,Finished
691938,ゆれるCカップ,higeoex feat. 双音リア,Original,2009-05-01T00:00:00Z,87,0,0,Finished
680373,僕だけのシンデレラ,tomo_rrow feat. 初音ミク,Original,2009-05-01T00:00:00Z,265,0,0,Finished
677074,Duel World,taat feat. 巡音ルカ,Remaster,2009-05-01T00:00:00Z,242,0,0,Finished
672469,メグメル ～cuckool mix 2007～,カタチP feat. 巡音ルカ,Cover,2009-05-01T00:00:00Z,0,0,0,Finished
655369,底辺だもの,Nice 積雪.P feat. 初音ミク,Cover,2009-05-01T00:00:00Z,191,1,3,Finished
622156,ジブンvsカベ-PunchingArange-,内定P feat. 初音ミク,Remix,2009-05-01T00:00:00Z,155,0,0,Finished
2816,Don’t say “lazy”,Scott feat. 初音ミク,Cover,2009-08-08T00:00:00Z,0,0,0,Draft
2817,Tristest,AKI feat. 鏡音リン,Original,2009-08-08T00:00:00Z,0,0,0,Finished
2819,禁断,"konomi, 一条香肠 feat. 初音ミク",Original,2009-08-08T00:00:00Z,256,0,0,Draft
2210,Crimson Camellia,Sweet Revenge feat. 巡音ルカ,Original,2009-08-08T00:00:00Z,218,4,22,Finished
1015972,Crossline (Retake),近藤雄太 feat. 初音ミク,Remaster,2009-08-07T00:00:00Z,0,0,0,Finished
991833,TiK ToK,"Łukasz Gottwald, Benjamin Levin feat. Kesha",Original,2009-08-07T00:00:00Z,199,1,3,Finished
987770,why,yuice feat. 初音ミク,Original,2009-08-07T00:00:00Z,249,0,0,Finished
959863,H@ppy Together!!!,JJJの奇太郎 feat. 重音テト,Cover,2009-08-07T00:00:00Z,89,0,0,Finished
959862,川の流れのように,消臭P,Original,2009-08-07T00:00:00Z,132,0,0,Draft
959861,レインボーダー,ななひら feat. 春歌ナナ,Cover,2009-08-07T00:00:00Z,103,0,0,Finished
137616,nitrogen,あわあわP,Original,2009-05-16T00:00:00Z,0,0,0,Finished
137617,ethanol,あわあわP,Original,2009-05-16T00:00:00Z,0,0,0,Finished
137618,benzene,あわあわP,Instrumental,2009-05-16T00:00:00Z,0,0,0,Finished
137619,hydrogen,あわあわP,Original,2009-05-16T00:00:00Z,0,0,0,Finished
133643,屋上,"芸竜作 feat. 巡音ルカ, 重音テト",Original,2009-05-16T00:00:00Z,244,1,3,Finished
120934,Painful winter,ノーベル feat. 初音ミク,Original,2009-05-16T00:00:00Z,304,0,0,Finished
75227,-regina-,ウィルスP feat. 巡音ルカ,Original,2009-05-16T00:00:00Z,270,0,4,Finished
28310,ヨルノソコ,gomezP feat. 初音ミク,Original,2009-05-16T00:00:00Z,290,4,18,Finished
25397,いつかのそら,、いくＰ feat. 初音ミク,Original,2009-05-16T00:00:00Z,354,0,0,Finished
9781,S.K-y,"M@SATOSHI feat. 巡音ルカ, 初音ミク",Original,2009-05-16T00:00:00Z,332,4,18,Finished
181038,溜息流星群,lemo feat. 初音ミク,Original,2009-10-16T00:00:00Z,297,4,14,Finished
176173,君と僕といと,うおだいや feat. 神威がくぽ,Original,2009-10-16T00:00:00Z,277,0,0,Finished
162649,Paradigm,アルク feat. 初音ミク,Original,2009-10-16T00:00:00Z,272,0,0,Finished
120398,風に乗って Ver.Ⅲ“夏服”,プリ feat. 初音ミク,Remix,2009-10-16T00:00:00Z,234,0,0,Finished
120397,apricot,プリ feat. 初音ミク,Original,2009-10-16T00:00:00Z,259,0,0,Finished
113600,いつかみたそら,LOSTMAN feat. 初音ミク,Original,2009-10-16T00:00:00Z,447,0,2,Finished
111750,SC-8850改,occhii feat. 初音ミク,Original,2009-10-16T00:00:00Z,192,0,0,Finished
102134,Can't Buy Me An Angel,"benzo(眼球ポンチョ企画） feat. 初音ミク, 鏡音リン, 鏡音レン",Original,2009-10-16T00:00:00Z,294,1,7,Finished
90647,ミッドナイトインフォメーション,新井健史 feat. 初音ミク,Original,2009-10-16T00:00:00Z,240,0,2,Finished
71186,夏色☆恋曜日,"Enicy, PULSE feat. 初音ミク",Remix,2009-10-16T00:00:00Z,283,1,3,Finished
16649,acutecare,ちゃぁ feat. 巡音ルカ,Original,2009-04-20T00:00:00Z,312,24,140,Finished
14910,埋れてくミクのうた,Radio tidaltail feat. 初音ミク,Original,2009-04-20T00:00:00Z,370,1,3,Finished
4509,桜の雨が降る頃に,ぼーかりおどP feat. 初音ミク,Original,2009-04-20T00:00:00Z,302,1,5,Finished
3403,雨音、既視感,X-Plorez feat. 初音ミク,Original,2009-04-20T00:00:00Z,213,3,27,Finished
1281,人狼狂詩曲,"すずきP feat. 神威がくぽ, 巡音ルカ",Original,2009-04-20T00:00:00Z,244,6,36,Finished
987486,時計屋ウサギと吸血鬼少女,"凛９ feat. 鏡音リン, 鏡音レン",Original,2009-04-19T00:00:00Z,227,0,0,Finished
939046,さよなら人類,hiroing feat. 重音テト,Cover,2009-04-19T00:00:00Z,267,0,0,Finished
842585,べっととぶ,konsyoku feat. 初音ミク,Original,2009-04-19T00:00:00Z,118,1,5,Finished
835086,ふきのとうの花が咲く,KITAKIKENTA feat. 初音ミク,Original,2009-04-19T00:00:00Z,302,0,0,Finished
747162,ルーシィ,山本ニュー feat. 初音ミク,Original,2009-04-19T00:00:00Z,232,0,0,Finished
702,Still Love Her (Kyonomori Remix),梟乃森啓人 feat. 鏡音リン,Remix,2009-06-03T00:00:00Z,255,0,0,Finished
703,Get Wild (Saitone Remix),SAITONE feat. AsianDynasty,Remix,2009-06-03T00:00:00Z,243,0,0,Finished
1003687,ALWAYS ONLY YOU,隊長 feat. 鏡音リン,Original,2009-06-02T00:00:00Z,259,0,0,Finished
939251,CITY SOUND LIKE SEA,しーぴー feat. 巡音ルカ,Original,2009-06-02T00:00:00Z,243,0,0,Finished
750689,スティルインラブ,ひっこ feat. 初音ミク,MusicPV,2009-06-02T00:00:00Z,170,0,2,Finished
697330,初めての恋が終わる時,ミリ子 feat. 巡音ルカ,Cover,2009-06-02T00:00:00Z,325,0,0,Draft
662962,Go Ahead!,"Dual's, Sat4 feat. 鏡音リン",Original,2009-06-02T00:00:00Z,285,0,0,Finished
628595,壊れかけの鳥,ku6 feat. 初音ミク,Original,2009-06-02T00:00:00Z,177,0,0,Finished
626451,森のくまさん,"あら☆じる feat. 初音ミク, 巡音ルカ",Cover,2009-06-02T00:00:00Z,101,0,0,Finished
610674,晴れ,そうゆ feat. 初音ミク,Original,2009-06-02T00:00:00Z,245,0,0,Finished
612179,コールユーブンゲン 11(a)番,pakkanen feat. 巡音ルカ,Cover,2009-09-08T00:00:00Z,25,0,0,Finished
610770,キセキ,"sinnmaico feat. 巡音ルカ, 鏡音レン",Cover,2009-09-08T00:00:00Z,270,0,0,Finished
601486,blue blue dream,YSK feat. 初音ミク,Original,2009-09-08T00:00:00Z,102,1,3,Finished
573607,woh woh,Kamiyanagi feat. 巡音ルカ,Cover,2009-09-08T00:00:00Z,243,0,0,Finished
572762,ロング・バージョン,あすらんざら feat. 巡音ルカ,Cover,2009-09-08T00:00:00Z,260,0,0,Finished
561147,The Walk,KM_BONELAB feat. 巡音ルカ,Cover,2009-09-08T00:00:00Z,196,0,0,Finished
531330,クール・ザ・フーリッシュガール,ponsagi feat. 初音ミク,Original,2009-09-08T00:00:00Z,259,0,0,Finished
526648,初音ミクの消失,CircusP feat. 鏡音レン,Cover,2009-09-08T00:00:00Z,0,0,0,Finished
477995,ケロ⑨destiny,"kaigunzuki feat. 初音ミク, 鏡音リン, 鏡音レン",Cover,2009-09-08T00:00:00Z,210,0,0,Finished
388240,ブルーロータス,甲斐 feat. KAITO,MusicPV,2009-09-08T00:00:00Z,308,0,0,Finished
206056,俯角,M.S feat. 鏡音リン,Original,2009-05-02T00:00:00Z,266,0,8,Finished
201939,友だちっていいな♪,あかりP feat. 初音ミク,Original,2009-05-02T00:00:00Z,86,1,3,Finished
179111,ひまわり,てつや feat. 鏡音レン,Original,2009-05-02T00:00:00Z,297,0,0,Finished
175953,KiLaKiLa☆ShineGets!,kum feat. 初音ミク,MusicPV,2009-05-02T00:00:00Z,376,0,0,Finished
173470,ダイスキよ,書道P feat. 初音ミク,Original,2009-05-02T00:00:00Z,273,0,0,Finished
172650,ミクゲイザー,ビーカーP feat. 初音ミク,Original,2009-05-02T00:00:00Z,154,0,0,Finished
166018,不屈の民,内藤　魅亜 feat. various,Cover,2009-05-02T00:00:00Z,192,1,3,Finished
155156,あきらめきれないあなた,ほぼ日P feat. 初音ミク,Original,2009-05-02T00:00:00Z,248,0,0,Finished
148228,空想マインド,6410 feat. 雪歌ユフ,Original,2009-05-02T00:00:00Z,237,4,18,Finished
125756,洗濯機の精霊,﨑﨑﨑 feat. 鏡音リン,Original,2009-05-02T00:00:00Z,123,17,85,Finished
189670,thank you.,tsk feat. 鏡音リン,Original,2009-11-02T00:00:00Z,288,0,0,Finished
184375,乾いていく味,"ネガポジP, まちざわ feat. 鏡音リン",Original,2009-11-02T00:00:00Z,192,0,0,Finished
171125,鎖愛,Guity feat. 巡音ルカ,Original,2009-11-02T00:00:00Z,535,8,46,Finished
166441,蝴蝶の夢,skittle feat. 巡音ルカ,Original,2009-11-02T00:00:00Z,205,0,0,Finished
163634,かぼちゃの呪い,T-No.P feat. 初音ミク,Original,2009-11-02T00:00:00Z,170,0,0,Finished
162367,真冬のサンバと暖かな涙,市蔵 feat. 巡音ルカ,Original,2009-11-02T00:00:00Z,356,3,11,Finished
155232,宇宙麻雀　- Space Mahjong -,ほぼ日P feat. 初音ミク,Original,2009-11-02T00:00:00Z,200,0,0,Finished
146070,Especially for you,"たかふみ, sazaki feat. 初音ミク, KAITO",Cover,2009-11-02T00:00:00Z,257,1,5,Finished
133464,セックス＆グリーン・ペッパー,Makimura feat. 重音テト VCV 実験版,Original,2009-11-02T00:00:00Z,218,3,9,Finished
123463,はんぶんこ。,立秋 feat. 初音ミク,Original,2009-11-02T00:00:00Z,284,27,155,Finished
381298,桜空,LUC+ feat. 鏡音レン,Original,2009-04-24T00:00:00Z,258,0,0,Finished
367575,難しいよ,ネリ・マクミン feat. 鏡音レン,Cover,2009-04-24T00:00:00Z,333,0,0,Finished
356641,ゆめのかけら,"ねく feat. 鏡音リン, 鏡音レン",Original,2009-04-24T00:00:00Z,206,0,0,Finished
355817,ぼくらは名前がない,スタッフロールP feat. KAITO,Cover,2009-04-24T00:00:00Z,194,0,2,Finished
354947,夏祭り,YHK feat. 初音ミク,Original,2009-04-24T00:00:00Z,224,0,0,Finished
264468,言葉にしない約束（リテイクversion）,薪原あすみ feat. MEIKO,Remaster,2009-04-24T00:00:00Z,230,0,0,Finished
237523,大切な人,元日P feat. 初音ミク,Original,2009-04-24T00:00:00Z,306,0,0,Finished
210532,花束の気持ち,混沌ツクラーP feat. 巡音ルカ,Original,2009-04-24T00:00:00Z,235,0,0,Finished
176588,海に生まれた者のアリア,■P feat. 重音テト,Original,2009-04-24T00:00:00Z,173,2,6,Finished
141805,Industrial (Miku) Walk,Tookato feat. 初音ミク,Original,2009-04-24T00:00:00Z,333,0,0,Finished
709527,グッバイ≒グッナイ(フル),きの粉もち feat. 初音ミク,Remaster,2009-04-18T00:00:00Z,212,0,0,Draft
700030,Sunny Day Sunday,珠月 feat. 初音ミク,Cover,2009-04-18T00:00:00Z,142,0,0,Finished
637497,ハーマンカウント,yuu feat. 穂歌サラ,Cover,2009-04-18T00:00:00Z,336,0,0,Finished
636768,ソナタ ハ短調 K.11,まくします feat. 鏡音リン,Cover,2009-04-18T00:00:00Z,86,0,0,Draft
604466,小さな愛,じゃす feat. 初音ミク,Original,2009-04-18T00:00:00Z,316,0,0,Finished
599653,自動ドアが開きますん,食器棚の人 feat. 鏡音リン,Original,2009-04-18T00:00:00Z,30,0,0,Finished
586579,HIGHWAY STAR,Szk feat. 巡音ルカ,Cover,2009-04-18T00:00:00Z,371,0,0,Finished
586571,水月鏡花,金欠P feat. 巡音ルカ,Cover,2009-04-18T00:00:00Z,255,0,0,Finished
586253,淋しい熱帯魚,"めっとP feat. MEIKO, 巡音ルカ",Cover,2009-04-18T00:00:00Z,270,0,0,Finished
581019,ほろびの唄,yukino feat. 初音ミク,Original,2009-04-18T00:00:00Z,156,0,0,Finished
17540,ライカ,彩音P,Instrumental,2009-03-29T00:00:00Z,267,0,0,Finished
16451,最強テットテト計画,デスおはぎ feat. 重音テト,Original,2009-03-29T00:00:00Z,241,13,71,Finished
16408,僕、新生活が不安です。いや全然大丈夫っしょ！余裕っしょ！ディスコ,ラヴリーP feat. 初音ミク,Original,2009-03-29T00:00:00Z,294,15,60,Finished
15746,天気予報,"Yu-ki, Toshimasa feat. 初音ミク",Original,2009-03-29T00:00:00Z,0,0,0,Finished
6847,MM+MIKU_16clicks!,ykt feat. 初音ミク,Original,2009-03-29T00:00:00Z,101,0,0,Finished
6848,DIET CORE RHYTHM,AVS feat. 初音ミク,Original,2009-03-29T00:00:00Z,216,0,0,Finished
6850,まだ逢えない,TK-2 feat. 初音ミク,Original,2009-03-29T00:00:00Z,97,0,0,Finished
6851,POPCORN (無職mix),AVS feat. 初音ミク,Remix,2009-03-29T00:00:00Z,391,0,6,Finished
6854,コロポックリ,tencho feat. 初音ミク,Original,2009-03-29T00:00:00Z,86,0,2,Finished
6857,鉄道唱歌@ホーム,tencho feat. 初音ミク,Original,2009-03-29T00:00:00Z,20,0,0,Finished
853450,水彩の森,未羅知名 feat. 初音ミク,MusicPV,2009-05-30T00:00:00Z,189,1,3,Finished
797723,天の川,AVTechNO! feat. 初音ミク,Remaster,2009-05-30T00:00:00Z,295,0,0,Finished
742288,惑ワシノ花,ふぁい＆ふぁい feat. 初音ミク,Original,2009-05-30T00:00:00Z,329,0,0,Finished
738298,初音之魅狂姫,しゅしゅP feat. 初音ミク,Original,2009-05-30T00:00:00Z,121,0,0,Finished
689361,絵図,aban feat. 初音ミク,Original,2009-05-30T00:00:00Z,229,0,0,Finished
685706,Melt,TokiTokiIchigo feat. 愉快音イチゴ,Cover,2009-05-30T00:00:00Z,260,2,6,Finished
630352,パワハラ物語,yanpa feat. 初音ミク,Original,2009-05-30T00:00:00Z,121,0,0,Finished
628957,るマクロスＦ神曲メドレー！,ねちょぐしゃP feat. 巡音ルカ,Cover,2009-05-30T00:00:00Z,544,0,0,Finished
628768,Light In Darkness,TOMANDY feat. 初音ミク,Cover,2009-05-30T00:00:00Z,230,0,0,Finished
618392,このゆびとまれ,"サックスP feat. KAITO, 鏡音リン",Cover,2009-05-30T00:00:00Z,118,0,0,Finished
750713,ニコの華,たまや feat. KAITO,Original,2009-07-19T00:00:00Z,142,0,0,Finished
729500,３Ｄ＠アクション！！(ver.2),m_yus feat. 初音ミク,Remix,2009-07-19T00:00:00Z,300,0,0,Finished
717804,空の記憶,mizole feat. 初音ミク,Original,2009-07-19T00:00:00Z,201,0,0,Finished
684977,Letter from space,音痴Ｐ feat. 鉛音ピネ,Original,2009-07-19T00:00:00Z,159,0,2,Finished
665101,TRIBUTEを待ちわびて,名無しの加茂茄子 feat. 神威がくぽ,Original,2009-07-19T00:00:00Z,37,0,0,Finished
612153,コールユーブンゲン 6(c)番,pakkanen feat. 巡音ルカ,Cover,2009-07-19T00:00:00Z,25,0,0,Finished
606223,感覚,クワガタP feat. 初音ミク,Original,2009-07-19T00:00:00Z,225,3,11,Finished
604606,1リーフ,.. feat. 初音ミク,Original,2009-07-19T00:00:00Z,191,0,0,Finished
599640,ささめきたいこと (short.ver),Mikoto*aki feat. 初音ミク,Original,2009-07-19T00:00:00Z,105,0,0,Finished
565915,TATTOO,てんてんP feat. 巡音ルカ,Cover,2009-07-19T00:00:00Z,247,0,0,Finished
971917,知恵と勇気だ！メダロット,楼 feat. 楓歌コト,Cover,2009-01-25T00:00:00Z,103,0,0,Finished
967939,白の季節,ほけP feat. 雪歌ユフ,Cover,2009-01-25T00:00:00Z,234,0,0,Finished
941659,ワールドアウトサイド Ver0.1,su feat. 初音ミク,MusicPV,2009-01-25T00:00:00Z,30,0,0,Finished
939269,極月,棒人間P feat. KAITO,Original,2009-01-25T00:00:00Z,0,0,0,Draft
905091,MISTER MOON,ケトラP feat. 重音テト,Cover,2009-01-25T00:00:00Z,0,1,3,Finished
813553,僕とミクたんと,"らぁら feat. 鏡音リン, 鏡音レン",Original,2009-01-25T00:00:00Z,226,0,0,Finished
770327,バーバラ・セクサロイド,うどんゲルゲ feat. 初音ミク,Cover,2009-01-25T00:00:00Z,232,0,0,Finished
752622,ぺヤングだばぁ～エリック家の日常～,210P feat. 初音ミク,Remix,2009-01-25T00:00:00Z,115,0,0,Finished
743614,preparation,u_sk_nu feat. 重音テト,MusicPV,2009-01-25T00:00:00Z,291,1,3,Finished
730988,THE VOCALOIDM@STER～光のDIVAたち～オープニングPV,Kuroyan feat. 初音ミク,Original,2009-01-25T00:00:00Z,100,0,0,Finished
339785,戦場のレクイエム,"コーチP feat. 初音ミク, 神威がくぽ, 巡音ルカ",Original,2009-05-18T00:00:00Z,153,0,0,Finished
257009,Palette,豆腐屋P feat. KAITO,Original,2009-05-18T00:00:00Z,194,0,0,Finished
239557,トロイメライ,"Tac feat. 初音ミク, 巡音ルカ",Original,2009-05-18T00:00:00Z,334,0,0,Finished
238262,Calling,やしきん feat. 初音ミク,Original,2009-05-18T00:00:00Z,285,0,0,Finished
208326,losing my mind,ベーコンP feat. 巡音ルカ,Original,2009-05-18T00:00:00Z,226,0,0,Finished
204399,にとり,"COUCH, Tokine feat. 神威がくぽ",Cover,2009-05-18T00:00:00Z,336,1,3,Finished
174253,You too...,○んたまP feat. 初音ミク,Original,2009-05-18T00:00:00Z,131,0,0,Finished
165752,ねこのばす -ちょっと切ないアレンジ-,"楽しいのかP feat. 初音ミク, 鏡音リン",Original,2009-05-18T00:00:00Z,178,2,6,Finished
165753,ねこのバス,今日犬 feat. 初音ミク,Original,2009-05-18T00:00:00Z,211,1,3,Finished
165754,ねこのばす-休憩アレンジ-,はるひP feat. Unknown vocalist(s),Remix,2009-05-18T00:00:00Z,0,0,2,Finished
602591,旅窓,Aポエット feat. 重音テト,Original,2009-10-04T00:00:00Z,268,0,0,Finished
586265,夏の翼,u1186007 feat. 巡音ルカ,Cover,2009-10-04T00:00:00Z,224,0,0,Finished
578807,そして僕は途方に暮れる,Nポン feat. 巡音ルカ,Cover,2009-10-04T00:00:00Z,265,0,0,Finished
572970,待つわ'07,"スペースP feat. 巡音ルカ, 鏡音リン",Cover,2009-10-04T00:00:00Z,267,0,0,Finished
572772,夜の桜,"MARU feat. GUMI, 巡音ルカ",Cover,2009-10-04T00:00:00Z,295,0,0,Draft
570516,IMITATION BLACK,"鳥コンP feat. 和音マコ, 香味せん♂, 歌造ツバメ",Cover,2009-10-04T00:00:00Z,224,0,0,Finished
562352,Amazing Grace,Take2 feat. 巡音ルカ,Cover,2009-10-04T00:00:00Z,103,0,0,Finished
524048,If U Seek Amy,CircusP feat. SONiKA,Cover,2009-10-04T00:00:00Z,214,1,5,Finished
514632,Ave Maria,マリアP feat. 初音ミク,Cover,2009-10-04T00:00:00Z,186,0,0,Draft
513140,宙船,青空海 feat. 欲音ルコ♀,Cover,2009-10-04T00:00:00Z,240,0,2,Finished
771021,大江戸コラボレーション,makisya feat. 初音ミク,Remix,2009-11-11T00:00:00Z,154,0,0,Finished
612639,コールユーブンゲン 18(f)番,pakkanen feat. 巡音ルカ,Cover,2009-11-11T00:00:00Z,62,0,0,Finished
606653,"Sakura～sakura,cherry blossoms～","養子縁組P, ルリハリヒスイ feat. 鏡音リン, 鏡音レン",Original,2009-11-11T00:00:00Z,145,0,0,Finished
605661,ミラー・ホライズン,kanaP feat. 鏡音リン,Original,2009-11-11T00:00:00Z,253,0,0,Finished
605660,ハピネス,"kanaP feat. 鏡音リン, 鏡音レン",Original,2009-11-11T00:00:00Z,181,0,0,Finished
574814,フェリー埠頭,kie's feat. 巡音ルカ,Cover,2009-11-11T00:00:00Z,354,0,0,Finished
570985,君に・・・。,こさか feat. 巡音ルカ,Original,2009-11-11T00:00:00Z,176,0,0,Finished
564231,カバー曲盛り合わせ,はとみね feat. 巡音ルカ,Cover,2009-11-11T00:00:00Z,1008,0,0,Finished
563743,You can't hurry love,mijinko3 feat. 巡音ルカ,Cover,2009-11-11T00:00:00Z,176,0,0,Finished
478568,あいへいとさっちあるこーる,niseikkyu feat. MEIKO,Original,2009-11-11T00:00:00Z,277,0,0,Finished
4350,"Sonata in D major, K.33 (L.424/P.130) Allegro",まくします feat. 鏡音リン,Remix,2009-06-28T00:00:00Z,128,0,0,Finished
573,Liberty Heart,OzaShin feat. GUMI,Original,2009-06-28T00:00:00Z,239,3,15,Finished
951989,飾りじゃないのよ涙は,ぴああP feat. GUMI,Cover,2009-06-27T00:00:00Z,259,0,0,Finished
930921,ふわふわ時間,真ん中@Panda_Rabbit feat. 重音テト新Lite08/12/22版,Cover,2009-06-27T00:00:00Z,80,0,0,Finished
914825,さんぽ,ドライ feat. 初音ミク,Original,2009-06-27T00:00:00Z,125,0,0,Finished
742302,未来の歌,tk8 feat. 初音ミク,MusicPV,2009-06-27T00:00:00Z,201,0,0,Finished
738762,Lost Soul,百合んごＰ feat. 初音ミク,Original,2009-06-27T00:00:00Z,514,0,0,Finished
732124,電車でGO!GO!～大江戸CITYはＣｏｎｆｕｓｉｏｎ,endy feat. GUMI,Original,2009-06-27T00:00:00Z,205,0,0,Finished
732058,星空の彼方,nYa feat. 初音ミク,Original,2009-06-27T00:00:00Z,282,0,0,Finished
728072,花束を君に,竹箱 feat. 初音ミク,Original,2009-06-27T00:00:00Z,264,0,0,Finished
689100,告白,ashura feat. 初音ミク,MusicPV,2009-07-23T00:00:00Z,135,0,0,Draft
688844,日照雨,カバネ feat. KAITO,MusicPV,2009-07-23T00:00:00Z,266,0,0,Finished
687593,螺旋的紅蓮思想,コメヤン feat. 巡音ルカ,Remix,2009-07-23T00:00:00Z,284,0,4,Finished
682249,fridge2009,ごはんP feat. 初音ミク,Original,2009-07-23T00:00:00Z,139,2,6,Finished
620398,ぽっぴっぽー,大人買いP feat. SONiKA,Cover,2009-07-23T00:00:00Z,177,1,7,Finished
604554,夏は刹那,ピクしぃ feat. GUMI,Original,2009-07-23T00:00:00Z,244,0,0,Finished
601563,パスト･ラヴァーズに捧げる詩,"柚葉, 32=Rainbow feat. 初音ミク",Original,2009-07-23T00:00:00Z,214,0,0,Finished
594069,Masked Melancholy,ブーメランパンツP feat. 神威がくぽ,Original,2009-07-23T00:00:00Z,290,2,10,Finished
572966,キャプテンハーロック,スペースP feat. 巡音ルカ,Cover,2009-07-23T00:00:00Z,210,0,0,Finished
567727,夏だからって,"凍結中 feat. 巡音ルカ, Mac音ナナ (GarageBand)",Original,2009-07-23T00:00:00Z,150,0,0,Finished
129784,BitterSweet,6410 feat. 春歌ナナ,Original,2009-02-14T00:00:00Z,169,1,9,Finished
119835,ありがとうのシャワー,"鉄分P, もんもP feat. KAITO",Original,2009-02-14T00:00:00Z,243,0,2,Finished
114089,HANDS!,ppm feat. 巡音ルカ,Original,2009-02-14T00:00:00Z,196,2,6,Finished
108049,二月の淡雪,鈴掛ヨモギ feat. 初音ミク,Original,2009-02-14T00:00:00Z,282,0,0,Finished
86797,ストキトデトス,"八白, 人工モノクローム feat. 初音ミク",Original,2009-02-14T00:00:00Z,307,1,5,Finished
85764,ショタコン･ジェノサイド,レンコンP feat. 鏡音レン,Original,2009-02-14T00:00:00Z,224,3,25,Finished
33130,Closed Time Leaper,ハヤカワP feat. 初音ミク,Original,2009-02-14T00:00:00Z,313,1,5,Finished
31193,transient future -No Money Remix-,超金欠P feat. 巡音ルカ,Remix,2009-02-14T00:00:00Z,256,1,11,Finished
17999,ホーリーバレンタイン,"キッドP, クリスタルP feat. 鏡音リン",Cover,2009-02-14T00:00:00Z,179,1,9,Finished
11464,或る詩謡い人形の記録,即興電P feat. KAITO,Other,2009-02-14T00:00:00Z,533,2,8,Finished
86984,炉心融解,三日月 feat. 広衣ウミ,Cover,2010-07-21T00:00:00Z,329,1,3,Finished
86834,Fantagia ～Sword＆Magic～,"弱音P feat. 鏡音レン, 鏡音リン",Remix,2010-07-21T00:00:00Z,344,1,3,Finished
84964,ゴーストシンガー,toya feat. 鏡音レン,Original,2010-07-21T00:00:00Z,234,1,3,Finished
81676,イントロダクション,島白 feat. 初音ミク,Original,2010-07-21T00:00:00Z,112,0,4,Finished
78339,Fall,wintermute feat. 初音ミク Append (Dark),Original,2010-07-21T00:00:00Z,209,16,82,Finished
33808,マキアルト,studio balabushka feat. 初音ミク,Original,2010-07-21T00:00:00Z,289,0,2,Finished
33779,サイケな夢,FuzzP feat. 初音ミク Append (Solid),Original,2010-07-21T00:00:00Z,408,4,20,Finished
33740,"Hello, WORLD!",島白 feat. 初音ミク,Original,2010-07-21T00:00:00Z,285,5,21,Finished
33735,ゼログラビティ紀行,島白 feat. 初音ミク,Original,2010-07-21T00:00:00Z,245,2,10,Finished
33736,Raining star (Album Edition),島白 feat. 初音ミク,Remix,2010-07-21T00:00:00Z,302,3,11,Finished
234908,月が泣いてる,yaki-tan feat. Lily,Cover,2010-08-17T00:00:00Z,162,0,0,Draft
230335,NEL LxMxR-remix,"cantar.o feat. 鏡音リン, 初音ミク, 巡音ルカ",Remaster,2010-08-17T00:00:00Z,345,1,3,Finished
219574,love song,u160 feat. 初音ミク,Original,2010-08-17T00:00:00Z,177,0,0,Finished
214762,輪廻と連鎖,shinten feat. 氷山キヨテル,Original,2010-08-17T00:00:00Z,298,0,0,Finished
212817,Over The Sky,はやくP feat. Lily,Original,2010-08-17T00:00:00Z,239,0,4,Finished
209852,静寂に咲く花,Vader feat. 巡音ルカ,Original,2010-08-17T00:00:00Z,191,0,2,Finished
204770,twilight,"シロシロP, 白ひげP, 但馬脩 feat. Mac音ナナ (GarageBand)",Original,2010-08-17T00:00:00Z,251,2,6,Finished
192013,Brand-New Scenery,ラーメン丸 feat. 初音ミク,Original,2010-08-17T00:00:00Z,296,0,0,Finished
181796,言えないけど、好き,いっこう feat. 巡音ルカ,Original,2010-08-17T00:00:00Z,343,0,0,Finished
166022,死んだ男の残したものは,内藤　魅亜 feat. various,Cover,2010-08-17T00:00:00Z,336,1,3,Draft
155358,大丈夫だ　問題ない,"ほぼ日P feat. VY1, 初音ミク",Original,2010-10-13T00:00:00Z,213,0,0,Finished
151326,ホノカ(Instruments),アリエP,Instrumental,2010-10-13T00:00:00Z,208,0,0,Finished
143566,Girl's Lifeが止まらない,"3時間P, ProjectDIVAチャンネル feat. 初音ミク Append (Light)",Original,2010-10-13T00:00:00Z,193,1,3,Finished
141474,待ち焦がれ,ナピ feat. 実音とわの,Original,2010-10-13T00:00:00Z,175,1,3,Finished
134306,DROPS,SOUNDROP feat. 重音テト,Original,2010-10-13T00:00:00Z,227,2,8,Finished
123967,Parade Song,はやくP feat. 初音ミク,Remaster,2010-10-13T00:00:00Z,291,0,2,Finished
110049,いくつもの愛の言葉,毛ブラP feat. 初音ミク Append (Unknown),Original,2010-10-13T00:00:00Z,246,1,3,Finished
99806,sunset,kijima feat. 初音ミク,Original,2010-10-13T00:00:00Z,290,0,2,Finished
78887,天罰,"卑屈P, ProjectDIVAチャンネル feat. 鏡音レン",Original,2010-10-13T00:00:00Z,179,1,5,Finished
41827,はるかGlider,keisei feat. 桃音モモ,Cover,2010-10-13T00:00:00Z,659,1,3,Finished
344704,"Don't say ""lazy""",馬面Ｐ feat. 初音ミク,Cover,2010-01-07T00:00:00Z,259,0,0,Finished
333137,防人の詩,宇宙的町 feat. 巡音ルカ,Cover,2010-01-07T00:00:00Z,420,0,0,Finished
323085,新年のご挨拶,"snow feat. 鏡音リン, 鏡音レン",DramaPV,2010-01-07T00:00:00Z,210,0,0,Finished
310076,つるん☆ぺたん,市蔵 feat. SF-A2 開発コード miki,Original,2010-01-07T00:00:00Z,327,0,4,Finished
284916,my diadem of rubbish,ラス feat. 巡音ルカ,Original,2010-01-07T00:00:00Z,170,4,18,Finished
283991,The gift to heaven,キーキー花子 feat. 初音ミク,Original,2010-01-07T00:00:00Z,308,0,0,Finished
277940,Bookmark you!,"oc-tave feat. 鏡音リン, 鏡音レン",Original,2010-01-07T00:00:00Z,235,1,5,Finished
276291,光の精霊,P.N.朝倉＠トーン feat. SF-A2 開発コード miki,Original,2010-01-07T00:00:00Z,244,0,0,Finished
272936,ミクミク　ラブソング,まつげP feat. 初音ミク,Original,2010-01-07T00:00:00Z,300,0,0,Finished
264680,CARAMEL ZONE,堤逢叶 feat. 初音ミク,Original,2010-01-07T00:00:00Z,222,0,0,Finished
440879,かくれんぼ,三日月 feat. 揺歌サユ,Cover,2010-12-02T00:00:00Z,237,0,0,Finished
387939,七色リバース,レッドカードP feat. GUMI,Original,2010-12-02T00:00:00Z,270,0,0,Finished
316025,七つの子,otonokioku feat. 初音ミク,Cover,2010-12-02T00:00:00Z,76,0,0,Finished
270078,It's too bad!,いっせーのーせ feat. 巡音ルカ,Original,2010-12-02T00:00:00Z,257,0,2,Finished
270042,あなたを捜して,記憶Ｐ feat. 初音ミク,Original,2010-12-02T00:00:00Z,267,0,0,Finished
250391,侵略ノススメ☆,whimsoft feat. ガチャッポイド,Cover,2010-12-02T00:00:00Z,91,0,0,Finished
224121,夕暮れ、沈む赤,take feat. 初音ミク,Remix,2010-12-02T00:00:00Z,234,0,0,Finished
217978,HOLY-NIGHT DREAM,QUALIA12 feat. 初音ミク,Original,2010-12-02T00:00:00Z,205,0,0,Finished
211590,CYBEREAL LIFE...,Shin1985 feat. 初音ミク,Original,2010-12-02T00:00:00Z,345,0,0,Finished
208099,願い,アップルP feat. 初音ミク,Original,2010-12-02T00:00:00Z,270,0,2,Finished
804681,1925,Vocayaya feat. 琴音シエナ,Cover,2010-02-25T00:00:00Z,195,0,0,Finished
744852,無条件幸福,りぼ feat. MEIKO,Cover,2010-02-25T00:00:00Z,333,0,0,Finished
730043,なんで俺ばっかり,ニンジン大根 feat. 初音ミク,Original,2010-02-25T00:00:00Z,52,0,0,Finished
630805,"Komm, süsser Tod - オリジナル日本語訳 -",はせこう。 feat. 巡音ルカ,Cover,2010-02-25T00:00:00Z,311,0,0,Finished
619932,神と人と,きつね feat. 巡音ルカ,Cover,2010-02-25T00:00:00Z,110,0,0,Finished
618442,もみじのて,"waldseligkeit, kuukan feat. 初音ミク",Original,2010-02-25T00:00:00Z,310,0,0,Draft
612705,コールユーブンゲン 26(h)番,pakkanen feat. 巡音ルカ,Cover,2010-02-25T00:00:00Z,35,0,0,Finished
607457,君と世界とカレーに愛を,youwitch feat. 初音ミク,Original,2010-02-25T00:00:00Z,274,1,3,Finished
587221,紅い月,生娘P feat. SF-A2 開発コード miki,Original,2010-02-25T00:00:00Z,260,3,11,Finished
577586,A Kiss from My Honey ”M”,△P feat. 巡音ルカ,Original,2010-02-25T00:00:00Z,96,0,0,Finished
76193,虚構アンダーグラウンド,ルシュカ feat. 初音ミク,Unspecified,2010-12-25T00:00:00Z,278,1,5,Finished
68408,DISTORTED CHRISTMAS GIRL,Yamaji feat. 初音ミク,Original,2010-12-25T00:00:00Z,220,0,2,Finished
66411,Success脳髄,Digital Itako feat. 初音ミク,Original,2010-12-25T00:00:00Z,230,0,0,Finished
61222,旋律パンデミック,bibuko feat. 初音ミク,Original,2010-12-25T00:00:00Z,245,1,5,Finished
61001,ソラのみちしるべ,"Suga-jin, yousuke feat. various",Original,2010-12-25T00:00:00Z,328,1,5,Finished
60028,偽物の唄,hako feat. GUMI,Original,2010-12-25T00:00:00Z,212,3,19,Finished
50530,I wanna kiss you!,空海月 feat. 初音ミク,Original,2010-12-25T00:00:00Z,200,0,0,Finished
45610,Mikunologie,Silver Mit feat. 初音ミク,MusicPV,2010-12-25T00:00:00Z,157,0,4,Finished
43360,騎士道,"囚人P feat. 鏡音リン, 鏡音レン",Original,2010-12-25T00:00:00Z,513,3,23,Finished
42734,みくみくにしてあげる♪ Trance.ver,悪徳金融1号 feat. 初音ミク,MusicPV,2010-12-25T00:00:00Z,208,0,4,Finished
695315,Magnet,shizy feat. various,Cover,2010-04-18T00:00:00Z,237,1,3,Finished
672555,炉心融解,松田トキ feat. 松田っぽいよ,Cover,2010-04-18T00:00:00Z,330,0,0,Finished
672268,夢みることり,"大崎巧実 feat. 和音マコ, 虚風柳",Cover,2010-04-18T00:00:00Z,217,1,3,Finished
667730,願い,かなかな feat. 初音ミク,Cover,2010-04-18T00:00:00Z,286,0,0,Finished
665699,想失,まるり feat. KAITO,Original,2010-04-18T00:00:00Z,243,0,0,Finished
664515,シテヤンヨ,ハミングＰ feat. 初音ミク,Original,2010-04-18T00:00:00Z,331,0,2,Finished
646414,"Last Night, Good Night",塩分P feat. 鏡音レン,Cover,2010-04-18T00:00:00Z,382,0,0,Finished
637383,音楽の捧げもの（その15）,"クラヴィーアP feat. 巡音ルカ, 鏡音リン",Cover,2010-04-18T00:00:00Z,207,0,0,Draft
637381,HAYABUSA,hogehoge feat. 巡音ルカ,Cover,2010-04-18T00:00:00Z,293,0,0,Draft
637379,"Love Me, Love You　2.0",Leo feat. 巡音ルカ,MusicPV,2010-04-18T00:00:00Z,315,0,0,Finished
237829,言葉も名前もない世界,"ニナゴ, ProjectDIVAチャンネル feat. 初音ミク",Original,2010-10-17T00:00:00Z,160,0,0,Finished
237477,空が落ちた,"大丈夫P, ProjectDIVAチャンネル feat. 初音ミク",Original,2010-10-17T00:00:00Z,164,21,111,Finished
237476,finite element -Mirror DoLLs-,"SHIKI, amyu, ProjectDIVAチャンネル feat. 初音ミク, 巡音ルカ",Remix,2010-10-17T00:00:00Z,165,1,5,Finished
237475,イツデモフワリ。 -DIVA edit-,"すけっちP, ProjectDIVAチャンネル feat. 初音ミク",Remix,2010-10-17T00:00:00Z,169,0,0,Finished
237474,イツデモフワリ。 -DIVA edit-,"すけっちP, ProjectDIVAチャンネル feat. 初音ミク",Remaster,2010-10-17T00:00:00Z,170,0,0,Finished
237473,Semicolon,"revery, ProjectDIVAチャンネル feat. 鏡音リン",Original,2010-10-17T00:00:00Z,144,0,0,Finished
237472,ばっどぼーい☆らばー,"sulfer, ProjectDIVAチャンネル feat. 初音ミク",Remix,2010-10-17T00:00:00Z,177,0,2,Finished
237469,Swim Lover,"元日P, ProjectDIVAチャンネル feat. 初音ミク",Original,2010-10-17T00:00:00Z,163,0,0,Finished
237467,New-Moon-Baby,"ヴィックスベポラッP, ProjectDIVAチャンネル feat. 鏡音リン",Original,2010-10-17T00:00:00Z,177,0,0,Finished
237466,white line,"夕闇P, ProjectDIVAチャンネル feat. 初音ミク",Original,2010-10-17T00:00:00Z,161,0,0,Finished
613316,コールユーブンゲン 53番,pakkanen feat. 巡音ルカ,Cover,2010-10-17T00:00:00Z,57,0,0,Finished
598895,原始少年リュウが行く,きんさん feat. 巡音ルカ,Cover,2010-10-17T00:00:00Z,193,0,0,Finished
593752,風船,天田晃司 feat. 初音ミク,Original,2010-10-17T00:00:00Z,37,0,0,Finished
577119,サクライロノキセツ,"BALTHASAR feat. VY1, 巡音ルカ",Cover,2010-10-17T00:00:00Z,223,0,0,Finished
565941,バタフライ・バード～BYE BYE,"ものはる feat. 巡音ルカ, 鏡音リン",Remaster,2010-10-17T00:00:00Z,492,0,0,Finished
565571,みすてりあすないと,ブリトニー feat. 初音ミク,Original,2010-10-17T00:00:00Z,213,0,0,Finished
555468,パンツ脱げるもん！,mxIHI feat. ピナットゥ,Cover,2010-10-17T00:00:00Z,87,0,0,Finished
518731,オトコの娘マーケット,ゆけしゃん feat. 猫村いろは,Original,2010-10-17T00:00:00Z,61,0,0,Finished
496584,廊下ランナー,"黙れP, 歌蝶風月P, Cusim Project feat. KAITO",Original,2010-10-17T00:00:00Z,267,0,0,Finished
494955,小夜の星紡ぎ,とり feat. MEIKO,Cover,2010-10-17T00:00:00Z,331,0,0,Finished
896206,ひがん,翳 feat. Mac音ナナ (GarageBand),Original,2010-10-19T00:00:00Z,300,1,3,Finished
893269,Deep Blue Sky,JFK feat. 初音ミク,Remix,2010-10-19T00:00:00Z,197,0,0,Finished
882654,銀河鉄道,ron feat. 初音ミク,Original,2010-10-19T00:00:00Z,208,0,0,Finished
868295,それぞれの夢,宇宙的町 feat. MEIKO,Cover,2010-10-19T00:00:00Z,255,0,0,Finished
813140,cicada,蒼梧 feat. 鏡音レン,Original,2010-10-19T00:00:00Z,307,0,0,Finished
788279,you -HOPE-,Rave feat. アマガク,Cover,2010-10-19T00:00:00Z,245,0,0,Finished
761797,グラスホッパー物語,med_ley feat. ガチャッポイド,Cover,2010-10-19T00:00:00Z,317,4,12,Finished
743920,聖夜,Fomu feat. 初音ミク,Original,2010-10-19T00:00:00Z,212,0,0,Finished
743618,HEAVEN,u_sk_nu feat. 重音テト,Remix,2010-10-19T00:00:00Z,249,1,3,Finished
742637,ミルフィーユ,うぇいく feat. 重音テト,Original,2010-10-19T00:00:00Z,244,0,0,Draft
403808,らぶそんぐ,みやと feat. 初音ミク,Original,2010-04-25T00:00:00Z,241,0,0,Finished
394322,四月ラバーズ,アンバランスP feat. 初音ミク,Original,2010-04-25T00:00:00Z,181,0,0,Finished
389455,雨の日のひとりごと,ok_pon feat. GUMI,Original,2010-04-25T00:00:00Z,311,0,0,Finished
388840,はじめてのチュウ,makki feat. 天音ルナ,Remix,2010-04-25T00:00:00Z,191,0,2,Finished
377733,雨降り散歩,キャベツ feat. 巡音ルカ,Remaster,2010-04-25T00:00:00Z,296,0,0,Finished
377732,雨降り散歩,キャベツ feat. 巡音ルカ,Original,2010-04-25T00:00:00Z,296,0,0,Finished
367077,君はずっとそこにいて,祭野 feat. 鏡音レン,Original,2010-04-25T00:00:00Z,264,0,4,Finished
353461,ORANGE REFRAIN,falch feat. 初音ミク,Original,2010-04-25T00:00:00Z,317,2,6,Finished
341501,Crow Song,hatohato feat. 鏡音リン,Cover,2010-04-25T00:00:00Z,245,0,0,Finished
327051,何きいたのよ,Yuukun.L.S feat. 初音ミク,Original,2010-04-25T00:00:00Z,225,0,0,Finished
156229,春亡桜,麒麟 feat. KAITO,Original,2010-04-12T00:00:00Z,270,0,0,Finished
154986,墓場売買歌,"カガミP feat. KAITO, MEIKO",Original,2010-04-12T00:00:00Z,250,0,2,Finished
121670,新しい世界,kagari feat. KAITO,Remaster,2010-04-12T00:00:00Z,264,0,0,Finished
106867,シルエットライオット,ペコロ feat. 初音ミク,Original,2010-04-12T00:00:00Z,214,1,7,Finished
101940,USBmine,SeriousMF feat. SONiKA,Original,2010-04-12T00:00:00Z,218,2,8,Finished
85460,Passage to Time,ガチャ feat. 巡音ルカ,Original,2010-04-12T00:00:00Z,380,5,23,Finished
85401,初音ミク育成キットpart2,細かすぎP feat. 初音ミク,DramaPV,2010-04-12T00:00:00Z,395,0,2,Finished
85400,Aos Sí  [iːs ʃiː],merci feat. 初音ミク,Original,2010-04-12T00:00:00Z,217,0,2,Finished
82368,太陽は燃える、君は捜す。,マイゴッドP feat. 鏡音リン,Original,2010-04-12T00:00:00Z,165,4,24,Finished
79240,【I】,rlboro feat. 初音ミク,Original,2010-04-12T00:00:00Z,244,2,14,Finished
1020451,空,ハロP feat. Lily,Cover,2010-08-09T00:00:00Z,22,0,0,Finished
985837,月の裏側のお姫様,デッドボールP feat. 黒パンダ,Original,2010-08-09T00:00:00Z,259,2,12,Finished
954619,恋は戦争,Rose Waters feat. 渡瀬よみこ,Cover,2010-08-09T00:00:00Z,250,0,0,Finished
940299,Alumina,Vocaloidfan301 feat. Lily,Cover,2010-08-09T00:00:00Z,72,0,0,Finished
940295,The Disappearance of Vocaloid Lily,Vocaloidfan301 feat. Lily,Cover,2010-08-09T00:00:00Z,290,0,0,Finished
940293,Dear cocoa girls,Vocaloidfan301 feat. Lily,Cover,2010-08-09T00:00:00Z,194,0,0,Finished
940292,Just Be Friends,Vocaloidfan301 feat. Lily,Cover,2010-08-09T00:00:00Z,302,0,0,Finished
940062,各駅停車,しゃど feat. 鏡音リン,Cover,2010-08-09T00:00:00Z,220,0,0,Finished
924011,Delilah,revocaloid feat. 神威がくぽ,Cover,2010-08-09T00:00:00Z,203,0,0,Draft
922446,永遠の舞踏会,うがぽん feat. 魔雀オム,Original,2010-08-09T00:00:00Z,179,0,0,Finished
599960,"JET""",66 feat. 猫村いろは,Original,2010-11-22T00:00:00Z,300,0,0,Finished
568703,なかよしこよし,えいちゃん feat. 重音テト,Original,2010-11-22T00:00:00Z,241,0,0,Finished
565951,She's A Woman,imakitakaeru feat. 巡音ルカ,Cover,2010-11-22T00:00:00Z,179,0,0,Finished
565069,World Noise,しゃけぽむ feat. 巡音ルカ,Original,2010-11-22T00:00:00Z,205,0,2,Finished
553195,カンタレラ,"軸足P feat. MEIKO, 巡音ルカ",Cover,2010-11-22T00:00:00Z,178,0,2,Finished
525408,そらからなにかがふってきた,桜丸 feat. 重音テト,Remix,2010-11-22T00:00:00Z,217,0,0,Finished
497799,自殺未遂少女物語,cure3 feat. 初音ミク,Original,2010-11-22T00:00:00Z,77,1,3,Finished
491083,キャットフード,アシス feat. 春香ロイド(天海春香),Cover,2010-11-22T00:00:00Z,108,0,2,Finished
491082,BE MY BABY,ベビタス feat. 桃音モモタロウ,Cover,2010-11-22T00:00:00Z,247,1,3,Finished
491081,炉心融解,ベビタス feat. 桃音モモタロウ,Cover,2010-11-22T00:00:00Z,327,0,2,Finished
588630,讃美歌２１ 101「いのちとひかりたもう神よ」,"ふるる feat. 巡音ルカ, 氷山キヨテル",Cover,2010-07-08T00:00:00Z,212,0,0,Draft
564242,Perfect Day,はとみね feat. 巡音ルカ,Cover,2010-07-08T00:00:00Z,240,0,2,Finished
554750,Shooting Star,美音倶楽部 feat. 巡音ルカ,Cover,2010-07-08T00:00:00Z,290,0,0,Finished
500635,"My Soul, Your Beats! (TV Size)",HikariHime1994 feat. 薔薇歌ユメ,Cover,2010-07-08T00:00:00Z,90,1,3,Finished
498212,月天心,ss feat. 初音ミク Append (Unknown),Original,2010-07-08T00:00:00Z,294,0,0,Finished
481238,Last Letter ～消せぬ想い～,春月 feat. 神威がくぽ,Cover,2010-07-08T00:00:00Z,310,0,2,Finished
475860,So Long,うにゃん feat. 巡音ルカ,Original,2010-07-08T00:00:00Z,274,0,0,Finished
398420,バニーハンターディオ、やくそく+おまけ,"OFTEN feat. 鏡音リン, 鏡音レン",Cover,2010-07-08T00:00:00Z,301,0,0,Finished
395499,追憶のハーフムーン,chickenthe feat. 初音ミク,Original,2010-07-08T00:00:00Z,315,0,0,Finished
390212,みなみかぜ,貴丸 feat. 巡音ルカ,Original,2010-07-08T00:00:00Z,318,0,0,Finished
276311,Grand Cross,"P.N.朝倉＠トーン feat. Lily, VY1",Original,2010-09-07T00:00:00Z,291,0,0,Finished
248752,般若心経シンフォニックメタル,mell feat. Unknown vocalist(s),Remix,2010-09-07T00:00:00Z,233,0,0,Finished
242094,Oxygen Dependence,ロリP feat. 初音ミク,Original,2010-09-07T00:00:00Z,225,0,0,Finished
239510,Feedback　beach,割烹料理「インド」 feat. 初音ミク,Original,2010-09-07T00:00:00Z,288,2,8,Finished
237153,韻,micoto feat. 初音ミク,Original,2010-09-07T00:00:00Z,234,0,0,Finished
235481,ニラ畑でつかまえて,"unui, tatmos feat. 鏡音リン",Original,2010-09-07T00:00:00Z,315,0,0,Finished
234997,あの公園のあった場所,"KAZKUN, クポクポ feat. 初音ミク",Original,2010-09-07T00:00:00Z,269,0,2,Finished
233434,Prison Wall,"ステラ, ProjectDIVAチャンネル feat. 初音ミク",Original,2010-09-07T00:00:00Z,179,0,0,Finished
227825,もしかし,"タタタ夕P feat. 初音ミク, SF-A2 開発コード miki",Original,2010-09-07T00:00:00Z,135,0,0,Finished
226779,Lamping Jumping,えぬぃ feat. 重音テト,Original,2010-09-07T00:00:00Z,192,1,3,Finished
312681,コーヒーをいれたから,"かざま feat. 桃音モモ, 唄音ウタ, 重音テト 旧",Cover,2010-06-28T00:00:00Z,210,1,3,Finished
275792,想いの粒子(Ver.2),KEYEDGE feat. MEIKO,Original,2010-06-28T00:00:00Z,315,0,0,Finished
257754,夢パスコード,だっきー feat. 初音ミク,Original,2010-06-28T00:00:00Z,167,0,0,Finished
244830,「8ビットドラ」- happy birthday to 佐又,SolPie feat. 初音ミク,Original,2010-06-28T00:00:00Z,213,0,0,Draft
244063,破天荒舞踏会,のろりん feat. 初音ミク,Original,2010-06-28T00:00:00Z,162,0,0,Finished
241145,御洒落32bit,レアホースP feat. 初音ミク,Original,2010-06-28T00:00:00Z,178,0,0,Finished
239077,KoiMagic,Eon feat. 巡音ルカ,Original,2010-06-28T00:00:00Z,211,0,0,Finished
219582,星に願いを,u160 feat. 初音ミク,Original,2010-06-28T00:00:00Z,117,1,3,Finished
215427,アイ、イツワリ,頭領・ぬづわ feat. 巡音ルカ,Original,2010-06-28T00:00:00Z,253,0,0,Finished
211514,ふたつの目がぼくを見てる,まふ feat. 初音ミク,Original,2010-06-28T00:00:00Z,212,1,3,Finished
241530,時速15km,morio feat. 初音ミク,Original,2010-07-23T00:00:00Z,223,0,0,Finished
240543,a light,プロテウス feat. 初音ミク,Original,2010-07-23T00:00:00Z,238,0,0,Finished
188503,ハイドランジア,"かぴばら feat. 鏡音リン, 鏡音レン",Original,2010-07-23T00:00:00Z,256,0,0,Finished
155835,右手に傘を,シエイカ feat. KAITO,Original,2010-07-23T00:00:00Z,282,1,7,Finished
152730,滲む夜、乾く朝。,"市蔵 feat. 巡音ルカ, SF-A2 開発コード miki",Original,2010-07-23T00:00:00Z,354,2,8,Finished
151861,ぺろぺろ,"卓球少年, はみ, えへへP feat. 鏡音レン",Original,2010-07-23T00:00:00Z,30,1,5,Finished
130365,双鏡の扉,"mayuko feat. 鏡音リン, 鏡音レン",Original,2010-07-23T00:00:00Z,254,1,5,Finished
89555,走る,走るP feat. 初音ミク,Original,2010-07-23T00:00:00Z,288,0,0,Finished
88703,Rainbow,いかそうめん feat. 鏡音レン,Original,2010-07-23T00:00:00Z,188,0,0,Finished
86841,Returnee (u-ske's hope remix),U-ske feat. 初音ミク Append (Dark),Remix,2010-07-23T00:00:00Z,263,3,13,Finished
67758,month of music,"meijuni, mohax_2000 feat. 初音ミク",Original,2010-04-01T00:00:00Z,267,0,0,Finished
40470,スプリングレイン,fatmanP feat. 巡音ルカ,Original,2010-04-01T00:00:00Z,280,0,4,Finished
30467,in be dance,"temporu feat. 巡音ルカ, 鏡音リン",Original,2010-04-01T00:00:00Z,244,1,9,Finished
13270,嘘つきのメリーゴーランド,クワガタP feat. 巡音ルカ,Remaster,2010-04-01T00:00:00Z,236,3,25,Finished
4176,おちゃめ機能,ゴジマジＰ feat. 重音テト,Remix,2010-04-01T00:00:00Z,90,55,313,Finished
1703,ユアハイネス☆マイプリンセス,"来兎, ぱんたんD, 幻想エアリー feat. various",Original,2010-04-01T00:00:00Z,269,8,52,Finished
1003691,桜の花びらたち,隊長 feat. 鏡音リン,Cover,2010-03-31T00:00:00Z,260,0,0,Finished
995078,namida,秋乃助 feat. 初音ミク,Original,2010-03-31T00:00:00Z,198,0,0,Finished
990179,あおいさくら,ルコ feat. 初音ミク,Original,2010-03-31T00:00:00Z,272,0,0,Finished
980010,長い道を ～世界の民謡から～,kwata feat. 初音ミク,Cover,2010-03-31T00:00:00Z,108,0,0,Finished
49649,心中,●テラピコス feat. 猫村いろは,Original,2010-11-14T00:00:00Z,237,7,37,Finished
46066,Ballpark,ストリークP feat. 初音ミク,Original,2010-11-14T00:00:00Z,0,0,0,Finished
44304,ショットガン・ラヴァーズ -instrument-,のぼる↑,Instrumental,2010-11-14T00:00:00Z,0,0,0,Finished
44305,カナウタ -instrument-,のぼる↑,Instrumental,2010-11-14T00:00:00Z,0,0,0,Finished
44303,カナウタ,のぼる↑ feat. GUMI,Original,2010-11-14T00:00:00Z,0,0,0,Draft
42405,とことこ,164 feat. GUMI,Original,2010-11-14T00:00:00Z,229,2,8,Finished
39292,さよなら、ロックスター （whispering seventeen mix）,あつぞうくん feat. 初音ミク Append (Sweet),Remix,2010-11-14T00:00:00Z,172,1,5,Finished
39293,I think inner seven,クマロボP feat. 初音ミク,Original,2010-11-14T00:00:00Z,301,0,0,Finished
38834,結ンデ開イテ羅刹ト骸-retake ver.-,ハチ feat. 初音ミク,Remaster,2010-11-14T00:00:00Z,266,46,199,Approved
38013,フューチャーナウのテーマ,キャプテンミライ feat. 鏡音リン,Original,2010-11-14T00:00:00Z,46,1,3,Finished
368186,タイムズアロウ,spooky-electric feat. 鏡音レン,Original,2010-03-07T00:00:00Z,307,1,3,Finished
336329,DestinedRed,HAL feat. 波音リツコネクト,Original,2010-03-07T00:00:00Z,227,3,17,Finished
312995,春なのに,気配りP feat. 初音ミク Append (Dark),Cover,2010-03-07T00:00:00Z,206,0,0,Finished
296574,Good Night Forever,kabu330 feat. 初音ミク,Original,2010-03-07T00:00:00Z,258,0,0,Finished
292222,Everyday chu chu!,レトエボン98P feat. 重音テト,Original,2010-03-07T00:00:00Z,286,1,3,Finished
289715,マイマスター,根気P feat. KAITO,Cover,2010-03-07T00:00:00Z,120,0,0,Finished
284563,Miku's Radio Station,"庵屋 菅沼, DoroicarV feat. 初音ミク",Original,2010-03-07T00:00:00Z,316,0,0,Finished
276294,縁-ENISHI-,P.N.朝倉＠トーン feat. 歌愛ユキ,Original,2010-03-07T00:00:00Z,243,0,0,Finished
254030,エレクトロプレイヤー,烏有喪音 feat. 初音ミク,Original,2010-03-07T00:00:00Z,197,0,0,Finished
246228,自転車ガール,OkutamaStudio feat. 鏡音リン,Original,2010-03-07T00:00:00Z,236,0,0,Finished
811921,月のあかるい夜には,"tokiori feat. 唄音ウタ, 雪歌ユフ",Original,2010-11-28T00:00:00Z,317,0,0,Finished
804921,clock,友愛 feat. GUMI,Original,2010-11-28T00:00:00Z,138,0,0,Finished
791643,逢いたくて,Ju-A+ feat. 初音ミク,Original,2010-11-28T00:00:00Z,368,0,0,Finished
790144,Alejandro,CircusP feat. ガチャッポイド,Cover,2010-11-28T00:00:00Z,120,0,6,Finished
773975,☆彡の歌,左マッチP feat. 初音ミク,Original,2010-11-28T00:00:00Z,121,6,20,Finished
756938,Daydream,kotetta feat. 鏡音リン,Original,2010-11-28T00:00:00Z,216,0,0,Finished
753415,Nonfiction,"薪原あすみ, endy feat. KAITO, MEIKO",Original,2010-11-28T00:00:00Z,198,0,0,Finished
743367,Glass Garden,Tak.@el_Noir feat. 初音ミク,Original,2010-11-28T00:00:00Z,290,0,0,Finished
725485,Mutter,指先１㌢㍍ feat. 重音テト,Original,2010-11-28T00:00:00Z,163,0,0,Finished
720543,春と修羅：序,足音P feat. 足音コリ,Cover,2010-11-28T00:00:00Z,105,0,0,Finished
312086,ぐるぐる大航海,ひいな feat. 園歌チユ,Cover,2010-08-25T00:00:00Z,248,0,0,Finished
309554,夏模様,アジサシ feat. 巡音ルカ,MusicPV,2010-08-25T00:00:00Z,207,0,0,Finished
295525,恋は戦争,Meggehsensei feat. Lily,Cover,2010-08-25T00:00:00Z,237,0,0,Finished
295517,Pyromania,HonneDellVoyakiloid feat. 鏡音レン,Cover,2010-08-25T00:00:00Z,209,1,9,Finished
286350,ねこのばす-D.C.D.C.ReMIX-,K音ガオーッP feat. 初音ミク,Remix,2010-08-25T00:00:00Z,164,0,0,Finished
276307,はちみつレモン☆,P.N.朝倉＠トーン feat. Lily,Original,2010-08-25T00:00:00Z,257,0,0,Finished
265258,恋のIT革命★,ながつき feat. KAITO,Cover,2010-08-25T00:00:00Z,173,0,0,Finished
239838,日曜、日没。,ITOSECT feat. Lily,Cover,2010-08-25T00:00:00Z,105,0,0,Finished
235246,ふ　わ　り,ミュー斗 feat. 沈音ルテ,Original,2010-08-25T00:00:00Z,135,1,3,Finished
234823,夏の終わり,とあるTS○TAYAのアルバイト feat. 初音ミク,Cover,2010-08-25T00:00:00Z,353,0,0,Finished
373408,ラララ☆とうふっ,"タダヒー, ProjectDIVAチャンネル feat. 初音ミク",Remix,2010-10-07T00:00:00Z,167,0,0,Finished
367251,My Memory,本気マフラーP feat. MEIKO,Remaster,2010-10-07T00:00:00Z,244,0,2,Finished
358691,walker,とまりぎP feat. 初音ミク,Original,2010-10-07T00:00:00Z,145,0,0,Finished
292251,8月31日はっぴいばあすでー,とある中間管理職 feat. 初音ミク,Original,2010-10-07T00:00:00Z,88,0,0,Finished
291646,Super Mario Western World Show,allpinkgal123 feat. various,Cover,2010-10-07T00:00:00Z,146,1,5,Finished
276312,パステルスター,"P.N.朝倉 feat. 初音ミク, 歌愛ユキ",Original,2010-10-07T00:00:00Z,253,0,0,Finished
270050,つきがでた,記憶Ｐ feat. 初音ミク,Original,2010-10-07T00:00:00Z,33,0,0,Finished
264716,Triangle～Deep Love～,"Sat4, Dual's feat. 初音ミク",Original,2010-10-07T00:00:00Z,213,0,2,Finished
264688,さよなら愛しき人,堤逢叶 feat. 初音ミク,Original,2010-10-07T00:00:00Z,279,0,0,Finished
254054,桃から生まれた女の子,"missing bloody flower, ProjectDIVAチャンネル feat. 初音ミク",Original,2010-10-07T00:00:00Z,154,0,0,Finished
2159,little prisoner,いなごろ feat. 初音ミク,Original,2010-07-01T00:00:00Z,205,1,5,Finished
1020962,吹　っ　切　れ　た,cillia feat. 健音テイ,Cover,2010-06-30T00:00:00Z,22,0,0,Finished
943125,凛として咲く花の如く,慧梓 feat. 健音テイ,Cover,2010-06-30T00:00:00Z,129,0,2,Finished
922454,Tale of the Forest2,うがぽん feat. various,Original,2010-06-30T00:00:00Z,269,0,0,Finished
893001,夜光,＿＿＿＿＿＿ feat. 初音ミク,Original,2010-06-30T00:00:00Z,280,5,15,Finished
764427,Glued Sky,バトルリーグP feat. GUMI,Original,2010-06-30T00:00:00Z,188,0,0,Finished
745208,思ひで。,フユネコ feat. zontan,Original,2010-06-30T00:00:00Z,86,0,0,Finished
744813,哀夏恋～全て夏のせい～,sazaki feat. KAITO,Cover,2010-06-30T00:00:00Z,233,0,0,Finished
711442,壊れた人形（仮）,cookies feat. 唄音ウタ,Original,2010-06-30T00:00:00Z,146,0,0,Finished
701679,ラティメリアラティメリア,keitarou feat. 初音ミク,Original,2010-06-30T00:00:00Z,299,0,0,Finished
160382,女郎蜘蛛,初音Kay feat. 巡音ルカ,Original,2010-03-15T00:00:00Z,219,0,0,Finished
156852,Love-Potion,メロネード feat. KAITO,Original,2010-03-15T00:00:00Z,205,2,6,Finished
148038,D.R.Monochrome,"4124 feat. 神威がくぽ, 鏡音レン",Original,2010-03-15T00:00:00Z,259,0,0,Finished
147358,少年Aの偏愛とユーフォリア,ぬふふP feat. 鏡音レン,Original,2010-03-15T00:00:00Z,302,0,4,Finished
139832,souhaku,ぼのりす feat. 巡音ルカ,Original,2010-03-15T00:00:00Z,239,0,0,Finished
125910,Tone7200,アヤユガP feat. 初音ミク,Original,2010-03-15T00:00:00Z,91,11,65,Finished
125763,わたしと歩いていると恥ずかしいの,﨑﨑﨑 feat. 鏡音リン,Cover,2010-03-15T00:00:00Z,190,22,100,Finished
117544,supernova,ミツバチP feat. 初音ミク,Original,2010-03-15T00:00:00Z,284,0,0,Finished
113561,I WANNA TRUST YOU,"マイゴッドP feat. 鏡音リン, 鏡音レン",Original,2010-03-15T00:00:00Z,205,1,21,Finished
112199,"Girls, Be Ambitious.",みくれれP feat. 初音ミク,Cover,2010-03-15T00:00:00Z,91,0,0,Finished
812093,World's End,ななみや feat. 初音ミク Append (Unknown),Original,2010-07-03T00:00:00Z,277,0,0,Finished
811278,子猫のチュウ,モチプルルーン feat. 鏡音レン,Remix,2010-07-03T00:00:00Z,171,0,0,Finished
810980,現実ノンフィクション,3時間P feat. 鏡音リン,Original,2010-07-03T00:00:00Z,230,1,3,Finished
762467,ONE SIDED,GASEN feat. 巡音ルカ,Original,2010-07-03T00:00:00Z,292,0,2,Finished
756910,阿波環状線の夢,峰義雄 feat. 初音ミク Append (Unknown),Original,2010-07-03T00:00:00Z,263,0,0,Finished
745636,すいみん不足,ハトリバP feat. KAITO,Cover,2010-07-03T00:00:00Z,183,0,0,Finished
731969,空がとても青いから (夏色),Bitstar feat. 初音ミク,Original,2010-07-03T00:00:00Z,166,0,2,Finished
728497,Let It Be,こえいち feat. 巡音ルカ,Cover,2010-07-03T00:00:00Z,234,0,0,Finished
695748,World's End Dancehall,"shizy feat. 薔薇歌ユメ, 蛙蓮仁",Cover,2010-07-03T00:00:00Z,218,1,3,Finished
695745,Ladies First,"shizy feat. 蛙蓮仁, 薔薇歌ユメ",Cover,2010-07-03T00:00:00Z,331,1,3,Finished
127629,ロンリースクワッド,カーリー feat. 初音ミク,Original,2010-02-22T00:00:00Z,141,0,0,Finished
122457,カモンカモンカモン,DoTくん feat. 初音ミク,Original,2010-02-22T00:00:00Z,229,0,0,Finished
115452,紅葉,Various artists,Original,2010-02-22T00:00:00Z,260,1,7,Finished
114482,星ニ願フコト,シトロ feat. 初音ミク,Original,2010-02-22T00:00:00Z,383,1,5,Finished
112746,マリオネット・ビーツ・ブレイク,"マイゴッドP feat. 鏡音レン, 初音ミク, 鏡音リン",Original,2010-02-22T00:00:00Z,229,6,24,Finished
59299,Tiny Fantasia,"四重婚Ｐ feat. GUMI, SF-A2 開発コード miki, 巡音ルカ",Original,2010-02-22T00:00:00Z,310,0,0,Finished
47214,vitalize,CALFO feat. MEIKO,Original,2010-02-22T00:00:00Z,300,0,6,Finished
43769,恋は戦争をミクメイで不真面目に妄想してみた,富郎 feat. 初音ミク,MusicPV,2010-02-22T00:00:00Z,356,0,4,Finished
18782,Story,19's Sound Factory feat. 初音ミク,Remaster,2010-02-22T00:00:00Z,239,3,21,Finished
9779,Kin Kon Kan Kon♪,M@SATOSHI feat. 初音ミク,Original,2010-02-22T00:00:00Z,214,2,12,Finished
4257,みえないこころ。,Numtack05 feat. 鏡音リン,Original,2010-07-19T00:00:00Z,224,3,11,Finished
4172,人影、重ねて,kous feat. 初音ミク,Original,2010-07-19T00:00:00Z,245,1,5,Finished
4159,浮遊夢,kous feat. 初音ミク,Original,2010-07-19T00:00:00Z,195,2,18,Finished
3962,青い髪の少女,PolyphonicBranch feat. 初音ミク,Original,2010-07-19T00:00:00Z,0,0,2,Finished
3964,君がいた風景,PolyphonicBranch feat. 巡音ルカ,Original,2010-07-19T00:00:00Z,0,0,2,Finished
3966,Counterclockwise,"ryuryu, s10rw feat. 初音ミク",Original,2010-07-19T00:00:00Z,262,6,34,Finished
3970,Lost,ryuryu feat. 初音ミク,Original,2010-07-19T00:00:00Z,282,1,7,Finished
3663,スカイスイマー,ミナツキトーカ feat. 重音テト,Original,2010-07-19T00:00:00Z,310,6,48,Finished
3664,メロディー,毎夜P feat. 重音テト,Original,2010-07-19T00:00:00Z,235,3,13,Finished
3665,VOICE ONLY,21世紀P feat. 重音テト,Original,2010-07-19T00:00:00Z,160,2,16,Finished
219394,探偵になりたい,宗教団体真メグデス feat. 初音ミク,Original,2010-11-06T00:00:00Z,192,1,3,Finished
206359,Melos,タドスケ feat. 鏡音レン,Original,2010-11-06T00:00:00Z,230,0,0,Finished
194983,ダークヒロイン・ライフガール,サイオナP feat. 初音ミク,Original,2010-11-06T00:00:00Z,282,0,2,Finished
193464,すくりぃむ,Tomoki feat. 初音ミク,Original,2010-11-06T00:00:00Z,32,0,2,Finished
187178,talkin' about...,"monkey_mitchy feat. 初音ミク Append (Unknown), 鏡音レン",Original,2010-11-06T00:00:00Z,259,0,2,Finished
178519,JUMP！,kuibel feat. 初音ミク,Original,2010-11-06T00:00:00Z,240,0,0,Finished
162849,蠍主義,misa feat. GUMI,Original,2010-11-06T00:00:00Z,308,0,0,Finished
160953,キラーチュイーン,レッドカードP feat. ガチャッポイド,Original,2010-11-06T00:00:00Z,224,0,0,Finished
149998,哀刀・錨草,"yuki☆, やゆっけ。 feat. 初音ミク",Original,2010-11-06T00:00:00Z,212,0,0,Finished
148590,彼が実家にやってきた日に,アコギP feat. 巡音ルカ,Original,2010-11-06T00:00:00Z,275,0,0,Finished
152971,WORLDSENDGIRLFRIEND,チュッチュP feat. 初音ミク,Original,2010-04-30T00:00:00Z,315,1,5,Finished
140585,僕の歌姫,"すみませんP feat. 神威がくぽ, 巡音ルカ",Original,2010-04-30T00:00:00Z,306,0,0,Finished
128021,少女不幸,The ミック BAND feat. 初音ミク,Original,2010-04-30T00:00:00Z,214,0,0,Finished
121370,歩いても、歩いても、,今日犬 feat. 初音ミク,Original,2010-04-30T00:00:00Z,270,0,2,Finished
117556,Sepia traiN,ファミマP feat. 初音ミク,Remix,2010-04-30T00:00:00Z,283,0,0,Finished
112203,Tank!（さすらいのカウボーイ）,みくれれP feat. 初音ミク,Cover,2010-04-30T00:00:00Z,96,1,3,Finished
107501,My Life,Comp.T feat. 巡音ルカ,Original,2010-04-30T00:00:00Z,309,1,3,Finished
96330,"No, doubt!",psgmania feat. 鏡音レン,Original,2010-04-30T00:00:00Z,204,0,2,Finished
86707,ユメイロモヨウ,tomoya feat. 初音ミク Append (Unknown),Original,2010-04-30T00:00:00Z,207,1,5,Finished
86706,世界の終わりと、愛を告げる、ウタ,人工モノクローム feat. 初音ミク Append (Unknown),Original,2010-04-30T00:00:00Z,353,0,2,Finished
895505,迷走,airy feat. 初音ミク,Original,2011-02-22T00:00:00Z,189,0,0,Finished
895503,悦楽,airy feat. 初音ミク,Original,2011-02-22T00:00:00Z,237,0,0,Finished
895502,途方,airy feat. 初音ミク,Original,2011-02-22T00:00:00Z,313,0,0,Finished
895083,サタデーナイトフィーバー,rim feat. 初音ミク,Original,2011-02-22T00:00:00Z,282,0,0,Finished
847902,Jupiter☆S.T.A.R,kyo5884 feat. 巡音ルカ,Original,2011-02-22T00:00:00Z,122,0,0,Finished
844230,Just Kiss Vice,ルベライト feat. GUMI,Original,2011-02-22T00:00:00Z,184,0,0,Finished
837048,MESSAGE,Blank Note feat. 初音ミク,Original,2011-02-22T00:00:00Z,275,0,0,Finished
827698,tranquility sunset,マエストロP feat. 重音テト,Original,2011-02-22T00:00:00Z,464,0,0,Finished
812435,イケ恋歌,フオン feat. 白牙ノイ,Cover,2011-02-22T00:00:00Z,218,0,0,Finished
804289,I go my way,coulin feat. GUMI,Original,2011-02-22T00:00:00Z,240,0,0,Finished
684037,Lament for Boromir,naono feat. 巡音ルカ,Cover,2011-05-28T00:00:00Z,152,0,0,Finished
678113,かなしみロンド,ΘinKLavia feat. 初音ミク,Original,2011-05-28T00:00:00Z,257,5,23,Finished
671586,一週間,ルサルカ feat. various,Cover,2011-05-28T00:00:00Z,92,0,0,Finished
664153,SHISSHIN,シュバルツ feat. 初音ミク,Original,2011-05-28T00:00:00Z,251,8,26,Finished
631559,オジャパメン,田中和夫 feat. 鏡音リン,Cover,2011-05-28T00:00:00Z,109,1,3,Finished
629402,ななつのこ【童謡Re‐Mix】,noo feat. 初音ミク,Cover,2011-05-28T00:00:00Z,171,0,0,Draft
629396,空想の街 Fmk-Re-mix,noo feat. 初音ミク,Remix,2011-05-28T00:00:00Z,339,1,3,Finished
626884,Lingering Affection,hisaruki feat. 初音ミク,Original,2011-05-28T00:00:00Z,352,1,3,Finished
596780,ヴェノマニア公の狂気,シュガー feat. ルーク,Cover,2011-05-28T00:00:00Z,247,0,0,Finished
588068,Rise Again,tetti feat. 神威がくぽ,Original,2011-05-28T00:00:00Z,277,0,0,Finished
819107,Juvenile,"crashflashbang feat. 新音シロキ, Yurene Rei",Cover,2011-03-30T00:00:00Z,289,0,0,Finished
812611,心の光,よこちん feat. 初音ミク,Original,2011-03-30T00:00:00Z,286,0,0,Finished
791645,サクラミチ,Ju-A+ feat. 初音ミク,Original,2011-03-30T00:00:00Z,275,0,0,Finished
751537,Wish...,シオン feat. 波音リツ,Original,2011-03-30T00:00:00Z,250,0,0,Finished
748742,クレイドル,ながつ feat. GUMI,Original,2011-03-30T00:00:00Z,270,0,0,Finished
725554,3rd Mission,吉四六 feat. 初音ミク,Original,2011-03-30T00:00:00Z,243,0,0,Finished
725490,君からの愛を,指先１㌢㍍ feat. 重音テト,Original,2011-03-30T00:00:00Z,246,0,0,Finished
713975,アチラコチラクルクル,Telviel feat. 初音ミク,Original,2011-03-30T00:00:00Z,232,0,0,Finished
711541,なごり雪,"雨宮 feat. KAITO, 猫村いろは",Cover,2011-03-30T00:00:00Z,217,0,0,Draft
706198,キボウノウタ（リテイクver.）,ラーメン丸 feat. 初音ミク,Remix,2011-03-30T00:00:00Z,288,0,0,Finished
451053,One be true,blueAndDeer feat. 初音ミク,Original,2011-09-18T00:00:00Z,305,1,5,Finished
450192,カナリヤ,だめぽP feat. 初音ミク,Original,2011-09-18T00:00:00Z,146,0,0,Finished
423073,光と影の楽園,"響音/音操 feat. 鏡音レン, 鏡音リン",MusicPV,2011-09-18T00:00:00Z,323,0,0,Finished
423072,君を捜す空,響音/音操 feat. 鏡音レン,MusicPV,2011-09-18T00:00:00Z,169,0,2,Finished
406789,大船渡線一ノ関～盛の駅名歌う,爛々 feat. 重音テト,Cover,2011-09-18T00:00:00Z,98,0,0,Finished
405220,脳内パニカリズム,くまっぷねっと feat. 鏡音リン,MusicPV,2011-09-18T00:00:00Z,312,0,0,Finished
392848,わるいねこ,水住 うゆに feat. KAITO,Unspecified,2011-09-18T00:00:00Z,0,0,0,Draft
392847,茨姫~メメント・モリ~,水住 うゆに feat. 初音ミク,Unspecified,2011-09-18T00:00:00Z,0,0,0,Draft
390863,すぅの人,すぅ feat. 初音ミク,Original,2011-09-18T00:00:00Z,121,0,0,Finished
387859,机上の空論,かもしか feat. GUMI,Original,2011-09-18T00:00:00Z,265,0,0,Finished
827946,Best Friends,ツマンネP feat. 初音ミク,Original,2011-09-26T00:00:00Z,249,0,0,Finished
811084,ディスオーダー,sentre feat. 初音ミク,Original,2011-09-26T00:00:00Z,191,0,0,Finished
766205,初音ミクの子守唄,かてきん feat. 初音ミク,Original,2011-09-26T00:00:00Z,74,0,0,Finished
761383,永遠のVOCALOID,hideko feat. 初音ミク,Original,2011-09-26T00:00:00Z,283,0,0,Finished
757153,メランコリーな午後,"Rorotan feat. 鏡音レン Append (Unknown), 鏡音リン Append (Unknown)",Remaster,2011-09-26T00:00:00Z,203,0,0,Finished
752793,オレンジ,khemist feat. 初音ミク,Original,2011-09-26T00:00:00Z,248,0,0,Finished
743235,siGrE,"shiya0412 feat. 型破ルト, ムーラ",Cover,2011-09-26T00:00:00Z,240,0,0,Finished
743199,強がりスイーツ,前説P feat. 初音ミク,Original,2011-09-26T00:00:00Z,213,1,3,Finished
743196,I think therefore,352 feat. 初音ミク,Remaster,2011-09-26T00:00:00Z,185,2,8,Finished
742083,東京連邦国,なすP feat. 重音テト,Remix,2011-09-26T00:00:00Z,127,0,0,Finished
481415,にゃー,まだ名は無い feat. 初音ミク,Original,2011-03-29T00:00:00Z,112,17,79,Finished
481194,Am I only a tool for you ?,takaokatoshiya feat. 巡音ルカ,Cover,2011-03-29T00:00:00Z,159,0,0,Finished
478189,"sincerity, to ONE",もふP feat. 巡音ルカ,Original,2011-03-29T00:00:00Z,141,0,0,Finished
430143,Lycoris,"shin(KTB) feat. 初音ミク, 巡音ルカ",Original,2011-03-29T00:00:00Z,291,0,0,Finished
430040,遅刻遅刻＞＜,"ぽよん feat. 初音ミク, 鏡音リン, 巡音ルカ",Original,2011-03-29T00:00:00Z,86,0,0,Finished
421063,small shine,あおいろ feat. 巡音ルカ,Original,2011-03-29T00:00:00Z,323,0,0,Finished
417494,かえりみち(甲),レッドカードP feat. 歌愛ユキ,Original,2011-03-29T00:00:00Z,270,0,0,Finished
417493,かえりみち(乙),レッドカードP feat. 歌愛ユキ,Original,2011-03-29T00:00:00Z,270,0,0,Finished
390939,パリラ～なんちゃって～,すぅ feat. 初音ミク,Original,2011-03-29T00:00:00Z,278,0,0,Finished
365489,プラスチック・ガール itikura_Remix,"市蔵 feat. 巡音ルカ, SF-A2 開発コード miki",Remix,2011-03-29T00:00:00Z,264,0,0,Finished
47512,逃走中,7-toys feat. 鏡音リン,Original,2011-07-02T00:00:00Z,151,0,0,Finished
42639,Let's Dance!,agrooveP feat. 巡音ルカ,Original,2011-07-02T00:00:00Z,268,0,2,Finished
39269,Press that accelerator,Monbaza feat. SONiKA,Original,2011-07-02T00:00:00Z,115,1,5,Finished
38035,Wasting Bullet,Takk=Wylde feat. 初音ミク Append (Unknown),Original,2011-07-02T00:00:00Z,240,1,5,Finished
24146,Rera,だいすけP feat. 猫村いろは,Original,2011-07-02T00:00:00Z,307,19,97,Finished
12913,あいねくらいね,KAZKUN feat. 初音ミク Append (Unknown),Original,2011-07-02T00:00:00Z,202,0,2,Finished
11864,ほぼ日Pが大嫌い,ほぼ日P feat. 初音ミク,Original,2011-07-02T00:00:00Z,118,0,0,Finished
11351,KlothoPianoForte,Lemm feat. 初音ミク Append (Dark),Original,2011-07-02T00:00:00Z,291,10,54,Finished
9804,Buried Song,M@SATOSHI feat. GUMI,Original,2011-07-02T00:00:00Z,206,1,5,Finished
2041,シザーハンズ,THE 39's feat. 初音ミク,Remix,2011-07-02T00:00:00Z,305,1,7,Finished
702645,Leia,raspberry692 feat. GUMI,Cover,2011-08-31T00:00:00Z,242,0,0,Finished
694457,トランプタワー,Re:ink feat. 初音ミク,Original,2011-08-31T00:00:00Z,216,0,0,Finished
684197,おまえの家,物欲P feat. 初音ミク,Cover,2011-08-31T00:00:00Z,336,0,0,Finished
676875,新しいプログラミング言語への興味と不安と・・・,くらげUFO feat. 初音ミク,Original,2011-08-31T00:00:00Z,107,0,0,Finished
663060,Place of wind which arrives,driveys feat. 初音ミク,Original,2011-08-31T00:00:00Z,427,0,0,Finished
654690,やけっぱちサマー,卍ヶ為 才蔵 feat. 初音ミク Append (Unknown),Original,2011-08-31T00:00:00Z,272,0,0,Finished
643915,SummerDrive,yousuke feat. GUMI,Original,2011-08-31T00:00:00Z,256,0,2,Finished
633760,831,開祖ウピ feat. 初音ミク,Original,2011-08-31T00:00:00Z,28,0,2,Finished
632695,Fly away,Persimmon feat. 初音ミク,Original,2011-08-31T00:00:00Z,301,0,2,Finished
627100,ボカロハウス納涼(明るさ調整)版,ヨッシーＧ,DramaPV,2011-08-31T00:00:00Z,330,0,0,Finished
48001,カーナビさん,"お団子P feat. VY1, Big AL",DramaPV,2011-01-31T00:00:00Z,291,2,10,Finished
45263,マンドラゴラ,sango312 feat. 初音ミク Append (Light),Cover,2011-01-31T00:00:00Z,325,1,3,Finished
35334,Super Compete,あなぶら feat. 初音ミク,Original,2011-01-31T00:00:00Z,170,0,4,Finished
32384,ばれんたいん☆まじっく,刀狩P feat. 鏡音リン,Original,2011-01-31T00:00:00Z,212,0,2,Finished
29135,空想の街,Yono feat. 初音ミク Append (Dark),Cover,2011-01-31T00:00:00Z,255,0,2,Finished
21294,空想少女,カロン feat. GUMI,Original,2011-01-31T00:00:00Z,268,4,16,Finished
5267,Nyanyanyanyanyanyanya!,ももももP feat. 桃音モモ,Cover,2011-01-31T00:00:00Z,226,94,404,Approved
3651,コールドハンド,ライブP feat. 鏡音リン,Original,2011-01-31T00:00:00Z,305,4,24,Finished
961986,制服,ぴああP feat. 鏡音リン Append (Sweet),Cover,2011-01-30T00:00:00Z,215,0,0,Finished
959579,なぞなぞ,Roxan feat. 初音ミク,Original,2011-01-30T00:00:00Z,195,0,0,Finished
10032,静謐,光収容 feat. 鏡音リン,Original,2011-12-31T00:00:00Z,211,0,6,Finished
10033,モノクロの駒,光収容 feat. 鏡音リン,Original,2011-12-31T00:00:00Z,305,3,13,Finished
10034,オオカミ少年,光収容 feat. 鏡音リン,Original,2011-12-31T00:00:00Z,281,2,14,Finished
10035,其の掌に刺さる棘,光収容 feat. 鏡音リン,Original,2011-12-31T00:00:00Z,345,0,6,Finished
9053,真昼のホラー,光収容 feat. 鏡音リン,Original,2011-12-31T00:00:00Z,260,1,11,Finished
8965,モノトーンコレクター,"ORYO feat. V3 GUMI (Sweet), V3 GUMI (Whisper), V3 GUMI (Power)",Cover,2011-12-31T00:00:00Z,278,1,5,Finished
8714,消火器がダンディーで気が利く場合,タカハシヨウ feat. V3 GUMI (Power),Original,2011-12-31T00:00:00Z,270,12,84,Finished
8437,Incubus,"キセノンP feat. 鏡音リン, 鏡音レン",Original,2011-12-31T00:00:00Z,236,5,31,Finished
8438,Immortal Soul,キセノンP feat. 鏡音レン,Original,2011-12-31T00:00:00Z,301,4,40,Finished
8441,Come La Divina Commedia -神曲-,キセノンP feat. various,Original,2011-12-31T00:00:00Z,1761,7,37,Finished
465610,シザーハンズ,遠影 feat. 餡知モン,Cover,2011-10-01T00:00:00Z,271,0,0,Finished
451562,マイペース・ソング,はとみね feat. 初音ミク,Original,2011-10-01T00:00:00Z,133,0,0,Finished
451152,君ルート,マイマイ feat. 重音テト,Original,2011-10-01T00:00:00Z,204,0,0,Finished
437100,永遠の片想い,[+Selene+] feat. 初音ミク,Original,2011-10-01T00:00:00Z,303,2,6,Finished
390731,明日も頑張ろう,すぅ feat. 初音ミク,Original,2011-10-01T00:00:00Z,83,0,0,Finished
357556,あんなに一緒だったのに,柊涼 feat. 初音ミク Append (Dark),Cover,2011-10-01T00:00:00Z,287,1,5,Draft
356256,心の架け橋,雨宮デイジー feat. 巡音ルカ,Original,2011-10-01T00:00:00Z,203,0,0,Finished
356167,鬼遊,ほりしょう feat. 猫村いろは,Original,2011-10-01T00:00:00Z,191,1,5,Finished
346376,シルエット,MOCHI男 feat. 初音ミク,Original,2011-10-01T00:00:00Z,309,1,3,Finished
340584,ジキルの裏側,"hisa5 feat. 巡音ルカ, 筑紫野スイム",Original,2011-10-01T00:00:00Z,203,1,3,Finished
496633,あやかし症候群 ～鍵盤上等～,bibuko feat. 初音ミク,Remix,2011-02-21T00:00:00Z,116,0,0,Finished
486040,君といた場所,涼介P feat. MEIKO,Remaster,2011-02-21T00:00:00Z,185,0,0,Finished
481361,Life,さくたろうP feat. 初音ミク Append (Unknown),Original,2011-02-21T00:00:00Z,99,0,0,Finished
476832,遠距離妄想,白ひげP feat. 巡音ルカ,Original,2011-02-21T00:00:00Z,288,2,8,Finished
468217,めいろ,pla feat. 初音ミク,Original,2011-02-21T00:00:00Z,232,0,0,Finished
463570,白と黒の系譜,"toya feat. 鏡音リン Append (Unknown), 鏡音レン Append (Unknown)",Remaster,2011-02-21T00:00:00Z,235,2,6,Finished
405825,レーザービーム,Various artists,Remix,2011-02-21T00:00:00Z,258,0,4,Finished
384653,ジャンピング ドール,五代ハル feat. 巡音ルカ,Original,2011-02-21T00:00:00Z,215,0,0,Finished
348378,眩暈症患者の水槽学,フライングジラフ feat. 初音ミク,Original,2011-02-21T00:00:00Z,155,0,0,Finished
338251,デカダンス,digdug feat. 巡音ルカ,Original,2011-02-21T00:00:00Z,285,0,2,Finished
88934,雲間,k_zero+A,Unspecified,2011-06-12T00:00:00Z,0,0,0,Draft
88936,告白,k_zero+A,Unspecified,2011-06-12T00:00:00Z,0,0,0,Draft
88937,別の世界で君は死んだ,k_zero+A feat. 初音ミク,Unspecified,2011-06-12T00:00:00Z,0,0,0,Draft
88938,白い雲,k_zero+A feat. 巡音ルカ,Original,2011-06-12T00:00:00Z,0,0,0,Finished
86905,男の娘メモラブル (instrumental),さつき が てんこもり,Instrumental,2011-06-12T00:00:00Z,0,0,0,Draft
79661,センチメンタリズム,おす feat. 初音ミク,Original,2011-06-12T00:00:00Z,176,0,0,Finished
79291,star tone,"luna feat. 鏡音リン, 鏡音レン",Original,2011-06-12T00:00:00Z,355,2,6,Finished
79293,崩れ落ちる庭,"luna, note, L-tone feat. 鏡音リン Append (Unknown)",Original,2011-06-12T00:00:00Z,226,1,3,Finished
79294,閉じた世界,"luna, note, L-tone feat. 鏡音レン Append (Unknown)",Original,2011-06-12T00:00:00Z,336,1,3,Finished
79295,砕け散る先に,"luna, L-tone feat. 鏡音リン Append (Unknown), 鏡音レン Append (Unknown)",Original,2011-06-12T00:00:00Z,182,1,3,Finished
373950,Kiss me,"ばたんＰ feat. 巡音ルカ, 初音ミク",Original,2011-06-11T00:00:00Z,241,0,0,Finished
357549,嵐の中で輝いて,柊涼 feat. 鏡音リン,Cover,2011-06-11T00:00:00Z,258,0,0,Draft
357548,深愛,柊涼 feat. 鏡音リン,Cover,2011-06-11T00:00:00Z,296,0,0,Finished
322333,No turning back,NoImageP feat. GUMI,Original,2011-06-11T00:00:00Z,244,0,0,Finished
294201,無気力アリス,TK feat. VY1,Original,2011-06-11T00:00:00Z,176,0,0,Finished
291428,Imitator,Hanarin feat. 歌う音ナミ,Cover,2011-06-11T00:00:00Z,229,0,0,Finished
289681,雨音の約束,内野ねこ feat. 時音タク,Original,2011-06-11T00:00:00Z,102,0,0,Finished
270710,最果ての国に咲く末摘花,曼荼羅P feat. 鏡音リン,Original,2011-06-11T00:00:00Z,45,2,6,Finished
267596,#air_vomas 3rd season,CON feat. 初音ミク Append (Vivid),Original,2011-06-11T00:00:00Z,124,2,6,Finished
267486,blacklight,fukin-otou feat. 初音ミク,Original,2011-06-11T00:00:00Z,231,0,2,Finished
735190,Our Future-僕らの未来-,りすぽんP feat. 初音ミク,Original,2011-10-04T00:00:00Z,259,0,0,Finished
735163,Best Friend,りすぽんP feat. 初音ミク,Remaster,2011-10-04T00:00:00Z,261,0,0,Finished
735104,りすぽん坂-HOUSE MIX-,りすぽんP feat. 初音ミク,Original,2011-10-04T00:00:00Z,154,0,0,Finished
727488,ソリトン,FuniSaya feat. 根音ネネ,Remix,2011-10-04T00:00:00Z,281,0,0,Finished
705932,LOVE SHINE,larnjuxx feat. 重音テト,Cover,2011-10-04T00:00:00Z,197,1,3,Finished
696285,Phantom Of The Opera,"Emziloids feat. Kiaku, 流詞音音",Cover,2011-10-04T00:00:00Z,259,0,0,Finished
663061,Beautiful Days,driveys feat. 初音ミク,Remaster,2011-10-04T00:00:00Z,236,0,0,Finished
658104,雪の子守唄,沙央理Ｐ feat. 初音ミク,Original,2011-10-04T00:00:00Z,210,0,0,Finished
630085,Sweet Devil,やぐ（朽ち果てたみかん） feat. 鏡音レン,Cover,2011-10-04T00:00:00Z,242,0,0,Finished
615111,Telephone,"XXCherryXXBlossomsXX feat. VY1, VY2",Cover,2011-10-04T00:00:00Z,224,0,0,Finished
909321,アイス,つよぽそ feat. 初音ミク,Original,2011-12-08T00:00:00Z,227,0,0,Finished
895678,冬っぽいのをスキャットして頂いた,_umaisake feat. 初音ミク,Original,2011-12-08T00:00:00Z,265,0,0,Finished
878456,PONPONPON,kykOo0 feat. 春歌ナナ,Cover,2011-12-08T00:00:00Z,246,1,3,Finished
842226,街角ｽｰｻｲﾄﾞ,kiria feat. 鏡音リン,Original,2011-12-08T00:00:00Z,285,0,0,Finished
825199,reson,amnoidea,Original,2011-12-08T00:00:00Z,156,0,0,Finished
825197,ring,amnoidea feat. 初音ミク,Original,2011-12-08T00:00:00Z,200,0,0,Finished
798892,deaf,ulldull feat. 初音ミク Append (Unknown),Original,2011-12-08T00:00:00Z,239,0,2,Finished
780496,Digital Devil Singer,HT feat. 初音ミク,Original,2011-12-08T00:00:00Z,267,0,0,Draft
755088,SCHOOLDAYS,オガズキン feat. 初音ミク,Original,2011-12-08T00:00:00Z,123,1,3,Finished
742662,フォールシアター,好きだよP feat. 初音ミク,Original,2011-12-08T00:00:00Z,281,0,2,Finished
376583,どうしてちゃんのテーマ,ずっきー feat. 初音ミク,Remix,2011-11-12T00:00:00Z,229,0,0,Finished
376370,どうしてちゃんのテーマ,DIA feat. 初音ミク,Remix,2011-11-12T00:00:00Z,111,0,0,Finished
371591,Look Back On,くるぶっこちゃん feat. 巡音ルカ,Original,2011-11-12T00:00:00Z,433,0,0,Finished
363168,妖艶,"混沌ツクラーP feat. 巡音ルカ, 鏡音リン, 初音ミク",Cover,2011-11-12T00:00:00Z,260,0,0,Finished
357564,聖少女領域,柊涼 feat. 猫村いろは,Cover,2011-11-12T00:00:00Z,280,0,0,Finished
356261,ほんとにありがとう,雨宮デイジー feat. 巡音ルカ,Original,2011-11-12T00:00:00Z,390,0,0,Finished
340586,ライアー,"hisa5 feat. 巡音ルカ, 翔歌トリ",Original,2011-11-12T00:00:00Z,209,1,3,Finished
327095,虹を描こう,Yuukun.L.S feat. 初音ミク,Original,2011-11-12T00:00:00Z,283,0,0,Finished
321136,I give up the dream,みなせいつき feat. 巡音ルカ,Original,2011-11-12T00:00:00Z,236,0,0,Finished
320562,あなたが卒業していく,どすこいＰ feat. 巡音ルカ,Original,2011-11-12T00:00:00Z,238,1,3,Finished
205824,Lunation,桃ゆき feat. 鏡音レン,Original,2011-04-14T00:00:00Z,192,0,0,Finished
198336,言われてみたいものね,Orukana feat. 初音ミク,Original,2011-04-14T00:00:00Z,195,0,0,Finished
197758,Melancholy of Sunday,mickP feat. 初音ミク,Original,2011-04-14T00:00:00Z,207,0,0,Finished
166221,星影,misa feat. 巡音ルカ,Original,2011-04-14T00:00:00Z,246,0,2,Finished
161997,オハナミ２０１１,"モールスP feat. 穂歌ソラ, 初音ミク",Original,2011-04-14T00:00:00Z,138,1,3,Finished
153068,flower,幽弦ノ月 feat. 巡音ルカ,Original,2011-04-14T00:00:00Z,246,0,0,Finished
129635,sleeping beauty,秋赤音 feat. 初音ミク,MusicPV,2011-04-14T00:00:00Z,245,3,17,Finished
128590,乙女模様,ポパイ feat. 初音ミク,Original,2011-04-14T00:00:00Z,231,0,0,Finished
126336,close×clothes,"熊野P feat. 初音ミク, 神威がくぽ",Original,2011-04-14T00:00:00Z,262,1,5,Finished
104078,レインダンス,葉山つばめ feat. 初音ミク,Original,2011-04-14T00:00:00Z,398,0,0,Finished
59322,星になるまで,卯月めい feat. 初音ミク,Original,2011-06-12T00:00:00Z,0,0,0,Finished
59321,無一過,minamiP feat. 初音ミク,Original,2011-06-12T00:00:00Z,0,0,0,Finished
59320,turn and around,"卯月めい, 兵長, puno feat. 巡音ルカ",Original,2011-06-12T00:00:00Z,215,0,0,Finished
59319,雨音リフレイン,卯月めい feat. 初音ミク,Original,2011-06-12T00:00:00Z,261,0,0,Finished
59318,ただいま兵長,兵長 feat. 初音ミク,Original,2011-06-12T00:00:00Z,0,0,0,Finished
59317,フルスロットルはShinyDay,兵長 feat. 鏡音リン Append (Unknown),Original,2011-06-12T00:00:00Z,107,0,0,Finished
59316,よりみちほりでい,Enicy feat. 初音ミク,Original,2011-06-12T00:00:00Z,0,0,0,Finished
59314,オリジナルプレゼント,minamiP feat. 鏡音リン,Original,2011-06-12T00:00:00Z,0,0,0,Finished
59313,いっしょ,つこ feat. 初音ミク,Original,2011-06-12T00:00:00Z,0,0,0,Finished
59263,Mikwave IV -FALL-,園山モル feat. 初音ミク,Unspecified,2011-06-12T00:00:00Z,0,0,0,Draft
700364,ツマサキ,nakano4 feat. 唄音ウタ,Original,2011-02-23T00:00:00Z,60,0,0,Finished
680822,Equation+**,キツヅエ feat. 鏡音リン,MusicPV,2011-02-23T00:00:00Z,170,1,3,Finished
665035,robot,Jeter butter feat. 初音ミク,Original,2011-02-23T00:00:00Z,245,0,0,Finished
625200,来世紀,"Aポエット feat. 重音テト, 唄音ウタ",Original,2011-02-23T00:00:00Z,284,0,0,Finished
606402,さよならのはなびら,pp feat. 鏡音リン,Original,2011-02-23T00:00:00Z,231,0,0,Finished
600305,見ているというのをやめろ,子供の死体 feat. 初音ミク,Original,2011-02-23T00:00:00Z,190,0,0,Finished
596773,パンダヒーロー歌ってもらった,"シュガー feat. 鈍歌フィヨードッ, ピナットゥ",Cover,2011-02-23T00:00:00Z,231,0,0,Finished
575342,逆さまの蝶,ニコニッコ feat. 巡音ルカ,Cover,2011-02-23T00:00:00Z,226,0,0,Finished
574904,仰げば尊し,kie's feat. various,Cover,2011-02-23T00:00:00Z,150,0,0,Finished
565077,Secret withn,しゃけぽむ feat. 鏡音リン Append (Unknown),Original,2011-02-23T00:00:00Z,277,0,0,Finished
61273,摩天楼,"note, luna, L-tone feat. 鏡音レン Append (Unknown)",Original,2011-03-30T00:00:00Z,237,2,12,Finished
55338,波紋　~2nd ripple~,Alicenotes feat. GUMI,Cover,2011-03-30T00:00:00Z,295,1,5,Finished
48257,別れの刻,ライター feat. 初音ミク,Original,2011-03-30T00:00:00Z,338,0,0,Finished
30099,Final Card,M@SATOSHI feat. 鏡音レン Append (Unknown),Original,2011-03-30T00:00:00Z,253,0,4,Finished
11556,睡眠と猫,kamome sano feat. 重音テト,Original,2011-03-30T00:00:00Z,134,1,5,Finished
322,クルーキッド,ヤオギ feat. 初音ミク,Original,2011-03-30T00:00:00Z,252,0,0,Finished
1020762,BPM,ChocoCheekCupcakes feat. 機械音ホノカ,Cover,2011-03-29T00:00:00Z,244,0,0,Finished
1015437,これが戀ってやつですか？,鏡音レン,Original,2011-03-29T00:00:00Z,213,0,0,Finished
1002251,これが恋ってやつですか？,名無し feat. 鏡音レン,Original,2011-03-29T00:00:00Z,214,0,2,Finished
968193,人型兵器,asagayakitao feat. 初音ミク,Original,2011-03-29T00:00:00Z,243,0,0,Finished
3886,二重のキセキ,UtopiaLyric feat. V3 GUMI (Power),Original,2011-10-21T00:00:00Z,222,0,2,Finished
3662,月夜と黒猫,OSTER project feat. 巡音ルカ,Original,2011-10-21T00:00:00Z,380,6,28,Finished
1011306,時の歌,"プルメリ日和 feat. 揺歌サユ, 雪歌ユフ",Cover,2011-10-20T00:00:00Z,280,0,0,Finished
967781,E.T.,emmzaemmza22 feat. 波音リツ,Cover,2011-10-20T00:00:00Z,208,0,0,Finished
954108,海神の歌姫『歌姫Charonの眠り歌/沈み歌』,"有月　仮字 feat. 鏡音リン, 鏡音レン",Original,2011-10-20T00:00:00Z,355,0,0,Finished
951563,eternal slumber,"あかつきみさき feat. 初音ミク Append (Sweet), 初音ミク Append (Dark)",Original,2011-10-20T00:00:00Z,254,0,0,Finished
939761,The Boys,MAGDA feat. 巡音ルカ,Cover,2011-10-20T00:00:00Z,227,0,2,Finished
934957,Айсберг,かずきち feat. 初音ミク,Cover,2011-10-20T00:00:00Z,272,0,0,Finished
932117,Transmit,せんたく feat. 洗歌クク,Cover,2011-10-20T00:00:00Z,283,1,3,Finished
911659,cherry cherry blossom,今夜はカレー feat. 初音ミク,Original,2011-10-20T00:00:00Z,317,0,0,Finished
907982,DigDug,ノノボコ feat. 初音ミク,Original,2011-04-03T00:00:00Z,254,0,0,Finished
901518,フォルテ！,倉咲こすもす feat. 鏡音リン Append (Power),Original,2011-04-03T00:00:00Z,91,1,3,Finished
894299,Monochrome,五徳猫 feat. 巡音ルカ,Original,2011-04-03T00:00:00Z,371,0,4,Finished
865303,記憶の欠片 Shortver,はづき feat. 初音ミク,Unspecified,2011-04-03T00:00:00Z,0,0,0,Draft
865298,Violet Phantom // Innocent Elegy,"はづき feat. 鏡音リン, 鏡音レン",Unspecified,2011-04-03T00:00:00Z,300,0,2,Draft
858650,PalpricosyMaze,＝ぱるふぁむ feat. 初音ミク,Original,2011-04-03T00:00:00Z,304,1,3,Finished
830669,時を刻む唄,"FastSpeedy feat. 戯歌ラカン, 虎音スピーディ",Cover,2011-04-03T00:00:00Z,290,0,0,Finished
826675,あなたの笑顔が,山村まわる feat. 初音ミク,Original,2011-04-03T00:00:00Z,285,0,0,Finished
826547,アイドルっぽいど,nanashi feat. 初音ミク,Original,2011-04-03T00:00:00Z,207,0,0,Finished
797356,夕暮れ喫茶で紅茶を一杯,lalala feat. 初音ミク,Original,2011-04-03T00:00:00Z,356,0,0,Finished
99266,君と焼却炉,問題児P feat. 巡音ルカ,Original,2011-06-12T00:00:00Z,178,0,4,Finished
99268,WAKE UP!!!,Yona feat. GUMI,Original,2011-06-12T00:00:00Z,192,1,3,Finished
93631,夢想せよ,ヒーリン feat. 鏡音レン Append (Power),Original,2011-06-12T00:00:00Z,388,1,5,Finished
90939,クマパジャマ,がり feat. 初音ミク,Original,2011-06-12T00:00:00Z,0,0,0,Finished
90944,ホワイトメモリー,"立花いな実, taulin feat. GUMI",Remaster,2011-06-12T00:00:00Z,277,0,0,Finished
90902,人間じゃないから,MUKAIBI feat. 初音ミク,Original,2011-06-12T00:00:00Z,220,0,0,Finished
90788,a tail of the wind,Caz feat. 初音ミク Append (Dark),Remaster,2011-06-12T00:00:00Z,276,1,9,Finished
90666,寝待ち月-Just Loud Remix By B-line,B-line feat. 初音ミク,Remix,2011-06-12T00:00:00Z,0,0,0,Draft
89387,フライフライ,DoTくん feat. 初音ミク,Original,2011-06-12T00:00:00Z,0,0,0,Finished
89397,スクール水着の可愛い女の子になりたいでござるの巻き,DoTくん feat. 初音ミク,Original,2011-06-12T00:00:00Z,0,0,0,Finished
411799,All or Nothing,"赤天使P, 北森耕太郎 feat. 鏡音リン",Original,2011-05-11T00:00:00Z,220,0,0,Finished
392888,Duty,だいど。 feat. 巡音ルカ,Original,2011-05-11T00:00:00Z,277,0,4,Finished
362602,Ephemeral fate,凛（Kathleen） feat. VY2,Cover,2011-05-11T00:00:00Z,315,0,0,Finished
354719,リフレイン,ロップ feat. 初音ミク,Original,2011-05-11T00:00:00Z,326,0,2,Finished
296710,23時57分,ショップ店員 feat. 初音ミク,Original,2011-05-11T00:00:00Z,171,7,31,Finished
295301,パンダヒーロー,Ayumi95a feat. Mizune Yukiko,Cover,2011-05-11T00:00:00Z,227,1,3,Finished
294690,ハロー、ダーリン♡,まえのめり feat. 初音ミク,Original,2011-05-11T00:00:00Z,197,0,0,Finished
262720,Static Farewell,市瀬るぽ feat. 初音ミク,Original,2011-05-11T00:00:00Z,240,0,0,Finished
252039,Dog Faced Gods,SHEBA feat. 重音テト,Cover,2011-05-11T00:00:00Z,246,5,27,Finished
243969,boil,ずきお feat. 初音ミク,Original,2011-05-11T00:00:00Z,225,0,2,Finished
475997,ココロ,"ねくたんP feat. 鏡音レン, 鏡音リン",Cover,2011-04-21T00:00:00Z,280,0,0,Finished
432665,雪解けのとき,みゃおん feat. 初音ミク,Original,2011-04-21T00:00:00Z,370,0,0,Finished
403814,Ｐ　名　欲　し　く　な　い　け　ど,粉されん feat. 鏡音リン,Original,2011-04-21T00:00:00Z,79,0,0,Finished
383740,ハナイチモンメ,くろずみP feat. VY1,Original,2011-04-21T00:00:00Z,234,2,6,Finished
372134,プラスティックの味がする,火鳥犬 feat. 初音ミク,Original,2011-04-21T00:00:00Z,250,0,0,Finished
370932,Philosophyz,木下光 feat. 初音ミク,Cover,2011-04-21T00:00:00Z,293,0,0,Finished
365954,Tómur,Rubin feat. Yao Kio,Cover,2011-04-21T00:00:00Z,261,0,0,Finished
312030,ペダルハート,AgentAsteriski feat. Crimson Cerise,Cover,2011-04-21T00:00:00Z,237,1,3,Finished
302967,We Are Pop Candy,Apparatus feat. Kagoshima Daisuke,Cover,2011-04-21T00:00:00Z,213,1,5,Finished
285893,コネクト,Ayumi95a feat. Mizune Yukiko,Cover,2011-04-21T00:00:00Z,268,1,3,Finished
467151,Flightless Bird,風音 feat. 鏡音レン Append (Cold),Cover,2011-04-09T00:00:00Z,243,0,2,Finished
437095,ハピネス,[+Selene+] feat. 初音ミク,Original,2011-04-09T00:00:00Z,175,1,3,Finished
434586,ケセラセラ,ぶらちえ feat. 重音テト,Cover,2011-04-09T00:00:00Z,235,0,0,Finished
411106,ICE BOX,Shin1985 feat. 初音ミク Append (Unknown),Original,2011-04-09T00:00:00Z,328,0,2,Finished
322572,飛べ,TracyP feat. 初音ミク,Original,2011-04-09T00:00:00Z,178,2,6,Finished
295735,アンチロマンチスト,あ、あー feat. 巡音ルカ,Original,2011-04-09T00:00:00Z,230,0,2,Finished
263625,青汁のうた,小野塚裕也 feat. 鏡音リン,Original,2011-04-09T00:00:00Z,151,0,0,Finished
254480,夢,如月瑞希 feat. 実音とわの,Original,2011-04-09T00:00:00Z,246,1,3,Finished
253394,magnet,Ray feat. 歌手音ピコ,Cover,2011-04-09T00:00:00Z,240,0,2,Finished
242347,ただいま,兵長 feat. 初音ミク Append (Unknown),Original,2011-04-09T00:00:00Z,98,0,0,Finished
736271,文月－旅立ち－,逆襲P feat. 初音ミク Append (Light),Remaster,2011-07-15T00:00:00Z,198,0,0,Finished
730148,蛍,Phoooutty feat. GUMI,Original,2011-07-15T00:00:00Z,208,0,0,Finished
718773,-Watermelon- (English v1),山崎嘉孝 feat. Camila Melodia,Cover,2011-07-15T00:00:00Z,177,0,0,Finished
714559,僕は君だけの妖精,さく feat. GUMI,Original,2011-07-15T00:00:00Z,202,0,0,Finished
705868,key to the heart,すずめ(ㆁωㆁ*) feat. 初音ミク,Original,2011-07-15T00:00:00Z,194,0,4,Finished
705673,Just Be Friends -DIVA-,デュラン feat. 巡音ルカ,MusicPV,2011-07-15T00:00:00Z,199,0,0,Finished
695831,エンドレス,ｱﾋﾟﾙ feat. 初音ミク,Original,2011-07-15T00:00:00Z,195,0,2,Finished
686896,those days...,ああああ feat. 巡音ルカ,Original,2011-07-15T00:00:00Z,218,1,3,Finished
678144,ウインター・リバース,"頑なP feat. 初音ミク, 巡音ルカ",Remix,2011-07-15T00:00:00Z,265,0,2,Finished
676849,悪いループの，最急勾配法の課題のシミュレーション,くらげUFO feat. 初音ミク,Original,2011-07-15T00:00:00Z,59,0,0,Finished
12220,夕闇ノ殺メ唄,キラ星ひかる feat. MEIKO,Original,2011-06-03T00:00:00Z,245,41,231,Finished
11375,思春期・オブ・ザ・デッド,kiichi feat. 初音ミク Append (Sweet),Original,2011-06-03T00:00:00Z,265,11,71,Finished
8303,最悪のカーニバル,ライブP feat. 鏡音リン,Original,2011-06-03T00:00:00Z,235,32,154,Finished
8308,現状維持バイアス,"innisfree, snowy* feat. 鏡音レン",Original,2011-06-03T00:00:00Z,209,2,14,Finished
8313,Pray,Masaki feat. 鏡音レン Append (Power),Original,2011-06-03T00:00:00Z,309,1,7,Finished
8315,最後のワルツ,"キャプテンミライ feat. 鏡音レン, 鏡音リン",Original,2011-06-03T00:00:00Z,261,3,15,Finished
8319,-memoria leoria-,"バルP feat. 鏡音リン, 鏡音レン",Original,2011-06-03T00:00:00Z,199,1,7,Finished
8301,kagamination HEART,Various artists,Original,2011-06-03T00:00:00Z,287,4,36,Finished
8248,からくり時計と恋の話,わんだらP feat. KAITO Append Whisper (β),Original,2011-06-03T00:00:00Z,256,4,22,Finished
6055,三月は夜の底,"古川P, Tomonobu Hara feat. 花近",Original,2011-06-03T00:00:00Z,299,0,0,Finished
3344,テンバコチョンギッチョ,梨本うい feat. 初音ミク,Original,2011-04-29T00:00:00Z,89,4,20,Finished
3345,一方通行,ゆちゃP feat. 初音ミク,Original,2011-04-29T00:00:00Z,223,9,69,Finished
3346,beat rider,Junky feat. 鏡音リン,Original,2011-04-29T00:00:00Z,234,5,33,Finished
3348,クドリャフカ,←P feat. 初音ミク,Original,2011-04-29T00:00:00Z,300,2,18,Finished
3350,Leaves,"yuxuki waga, そらいろくらぶ feat. 初音ミク",Original,2011-04-29T00:00:00Z,304,1,9,Finished
960311,悲愴,佐々木 feat. 初音ミク,Original,2011-04-28T00:00:00Z,123,0,0,Finished
939181,学生街の喫茶店,ぴああP feat. VY2,Cover,2011-04-28T00:00:00Z,197,0,0,Finished
923677,I am★Angel,つくし坊 feat. 初音ミク,Original,2011-04-28T00:00:00Z,226,0,0,Finished
908703,五月空,3毛 feat. 初音ミク,Original,2011-04-28T00:00:00Z,291,0,0,Finished
895067,Only One,変。 feat. 初音ミク,Original,2011-04-28T00:00:00Z,257,0,0,Finished
130487,モダニズムエゴイズム,mayuko feat. KAITO,Original,2011-04-21T00:00:00Z,218,0,4,Finished
125057,Vanitas,猿楽雅 feat. 初音ミク,Original,2011-04-21T00:00:00Z,268,0,2,Finished
122505,サヨウナラ、サヨウナラ,DoTくん feat. 初音ミク,Original,2011-04-21T00:00:00Z,230,0,0,Finished
99114,ULTIMATE MISSION：DESTROY THE WORLD,"Nen-Sho-K feat. 鏡音リン, 鏡音レン",Original,2011-04-21T00:00:00Z,218,0,0,Finished
85637,Idiotic Expression,NIYMORIY feat. 巡音ルカ,Original,2011-04-21T00:00:00Z,251,1,7,Finished
42175,気づいてよ,ペタンコＰ feat. 初音ミク Append (Unknown),Cover,2011-04-21T00:00:00Z,244,0,2,Finished
42142,いつかの約束,"シュワイP feat. 巡音ルカ, 氷山キヨテル",Original,2011-04-21T00:00:00Z,266,2,8,Finished
41598,えでぃっともーどのうた,"ラマーズP, SEGA feat. various",Original,2011-04-21T00:00:00Z,290,7,59,Finished
38643,タンポポ,EmpathP feat. 凪音陽司,Original,2011-04-21T00:00:00Z,184,1,3,Finished
35067,螺旋夢想,As'257G feat. 神威がくぽ,Original,2011-04-21T00:00:00Z,120,3,11,Finished
766049,WORLD OF PAIN,ティークＰ feat. サイネリア,Original,2011-12-16T00:00:00Z,157,0,0,Finished
710127,ぼっち,ばたんＰ feat. 初音ミク,Original,2011-12-16T00:00:00Z,204,0,0,Finished
692808,WinterSong -acappella arrange-,秋月錬 feat. 巡音ルカ,Remix,2011-12-16T00:00:00Z,277,0,0,Finished
692783,Dr.K,"このい, うつぶしかさね feat. 巡音ルカ",Original,2011-12-16T00:00:00Z,299,0,0,Finished
657809,機械仕掛けの魔法使い,黒兎ｂ feat. 初音ミク Append (Unknown),Original,2011-12-16T00:00:00Z,313,0,0,Finished
652633,放課後の獏,TOBEFOOPERS feat. 桃音モモ,Original,2011-12-16T00:00:00Z,315,2,10,Finished
621778,風の未来へ,ぱるまる feat. 焔音レイ,Cover,2011-12-16T00:00:00Z,232,0,0,Finished
610837,ミクさんたちが来年のVM1の予行練習をしているようです,"気楽P feat. 初音ミク, 巡音ルカ, 弦巻マキ",DramaPV,2011-12-16T00:00:00Z,307,0,0,Finished
574667,ミラーボール,漁師 feat. 巡音ルカ,Original,2011-12-16T00:00:00Z,290,0,0,Finished
567337,Song to the Siren,初等 feat. 巡音ルカ,Cover,2011-12-16T00:00:00Z,220,0,0,Finished
229808,承認欲求,dawn-system feat. 初音ミク,Original,2012-08-09T00:00:00Z,219,0,0,Finished
228431,rainy;sweet.,ばんぶー feat. 初音ミク,Original,2012-08-09T00:00:00Z,254,0,0,Finished
225595,ドリーミングナイト,aisot feat. 初音ミク,Original,2012-08-09T00:00:00Z,272,0,0,Finished
216387,嘘吐きカクレンボ,yama-dai feat. V3 GUMI (Power),Original,2012-08-09T00:00:00Z,164,0,2,Finished
196409,帰らない日々,こめ feat. 初音ミク,Original,2012-08-09T00:00:00Z,240,0,0,Finished
163944,愛されぬ人,蘭柵音 feat. 何音シキ,Original,2012-08-09T00:00:00Z,332,1,3,Finished
160690,カンパニュラ,Yusa feat. 初音ミク,Original,2012-08-09T00:00:00Z,306,1,5,Finished
156051,Want You Gone,John Evans feat. 轟音ネロ,Cover,2012-08-09T00:00:00Z,139,1,3,Finished
148253,-白雪‐＜Hakusetsu＞,7sP feat. 雪歌ユフ,Original,2012-08-09T00:00:00Z,179,1,3,Finished
139737,ボーイズドントクライ,cillia feat. V3 神威がくぽ (Power),Cover,2012-08-09T00:00:00Z,250,1,11,Finished
162991,存在の証明,毛布 feat. 巡音ルカ,Original,2012-06-05T00:00:00Z,308,0,2,Finished
148609,誰かが作った歌なら,アコギP feat. 初音ミク Append (Unknown),Original,2012-06-05T00:00:00Z,249,0,2,Finished
143075,嘔吐ワールドエンド,AIR田 feat. GUMI,Original,2012-06-05T00:00:00Z,267,0,2,Finished
138165,MUSASHI -天下無双道-,"空色 悠 feat. 巡音ルカ, ポメ子",Original,2012-06-05T00:00:00Z,289,0,4,Finished
104165,世界と僕と,蜻蛉 feat. SF-A2 開発コード miki,Original,2012-06-05T00:00:00Z,270,1,9,Finished
104163,十字架断罪,Various artists,Original,2012-06-05T00:00:00Z,284,0,0,Finished
89486,おっぱいのうた,nobnois feat. GUMI,Original,2012-06-05T00:00:00Z,102,0,0,Finished
89370,Break,外道さん feat. V3 GUMI (Power),Original,2012-06-05T00:00:00Z,246,0,4,Finished
87254,flag,EyesOnly feat. 波音リツ キレ,Original,2012-06-05T00:00:00Z,207,1,11,Finished
87253,サーカス・モンスター -J ver-,Freiheit89Kltz feat. 歌手音ピコ,Cover,2012-06-05T00:00:00Z,296,0,2,Finished
59544,俄雨は少女に降り注ぎ,ichiP feat. 結月ゆかり,Original,2012-04-28T00:00:00Z,0,0,0,Finished
59545,Look!,ichiP feat. 結月ゆかり,Original,2012-04-28T00:00:00Z,0,0,0,Finished
59546,蛇の目,ichiP feat. 結月ゆかり,Original,2012-04-28T00:00:00Z,0,0,0,Finished
59547,crying,ichiP,Original,2012-04-28T00:00:00Z,0,0,0,Finished
59540,Hello hEllo hellO,ichiP feat. 結月ゆかり,Original,2012-04-28T00:00:00Z,274,0,2,Finished
59155,ココロロ -心炉ver.-,やみくろ feat. 巡音ルカ,Remaster,2012-04-28T00:00:00Z,293,0,2,Finished
58880,プールサイドガール,触媒ファントムガール feat. GUMI,Original,2012-04-28T00:00:00Z,0,0,2,Finished
58881,放課後グラウンド,触媒ファントムガール feat. GUMI,Original,2012-04-28T00:00:00Z,0,0,2,Finished
58882,OUTRO,触媒ファントムガール,Original,2012-04-28T00:00:00Z,0,0,0,Finished
58878,INTRO,触媒ファントムガール,Original,2012-04-28T00:00:00Z,0,0,0,Finished
376268,ハローストロボ,"マリオペイントP feat. 初音ミク, Unknown vocalist(s)",Remix,2012-01-03T00:00:00Z,240,0,2,Finished
376264,ハローストラド（リミックスだよ）,レッドカードP feat. 初音ミク,Remix,2012-01-03T00:00:00Z,130,0,2,Finished
373322,今日から君をなんと呼ぼう,Warunori-waltz feat. 巡音ルカ,Original,2012-01-03T00:00:00Z,349,0,0,Finished
366544,afterdream,こゆきねーさん feat. Mac音ナナ (GarageBand),Remaster,2012-01-03T00:00:00Z,368,0,0,Finished
342115,夏に去りし君を想フ,Johannes Boisen feat. 歌愛ユキ,Cover,2012-01-03T00:00:00Z,166,0,0,Finished
339171,きっとね。,G.K feat. 兎眠りおん,Original,2012-01-03T00:00:00Z,205,1,5,Finished
327112,HiStrings,Yuukun.L.S feat. 初音ミク,Original,2012-01-03T00:00:00Z,199,0,0,Finished
323500,恋想ウ故ニ恋在リ,ジョーダス feat. 初音ミク,Original,2012-01-03T00:00:00Z,279,0,0,Finished
288798,嘘の愛,どぅるぎたー feat. 結月ゆかり,Original,2012-01-03T00:00:00Z,220,0,0,Finished
284883,無理心中,二足歩行 feat. 鏡音リン,Original,2012-01-03T00:00:00Z,209,0,2,Finished
698120,おやすみ風,8bit feat. 巡音ルカ,Cover,2012-04-26T00:00:00Z,217,0,0,Finished
698119,こここここここここるびんしていん,8bit feat. 巡音ルカ,Original,2012-04-26T00:00:00Z,408,0,0,Finished
690081,SILK ROAD,Goya-P feat. IA,Original,2012-04-26T00:00:00Z,256,0,0,Finished
678884,すとーかーのうた,りょうさん feat. 初音ミク,Original,2012-04-26T00:00:00Z,229,7,35,Finished
676957,ない、そこにはない、hogeが,くらげUFO feat. 初音ミク,Original,2012-04-26T00:00:00Z,119,0,0,Finished
668935,こえ,憂憂しいP feat. 結月ゆかり,Cover,2012-04-26T00:00:00Z,207,0,0,Finished
615760,Ui*Ui Night Fever,Yose KanzouG feat. 望音憂,Cover,2012-04-26T00:00:00Z,238,0,0,Finished
603164,曼陀罗的春天,裕剑流 feat. 初音ミク,Cover,2012-04-26T00:00:00Z,271,0,0,Finished
597445,neu BSP style,cosMo@暴走P feat. 巡音ルカ,Remix,2012-04-26T00:00:00Z,115,2,10,Finished
589810,Ex Gratia,"Dirk Ehlert, SoundIron feat. Mars Symphonic Men's Choir, Venus Symphonic Women's Choir",Original,2012-04-26T00:00:00Z,113,1,3,Finished
756871,リミッター,rokurin feat. 薪宮風季,Cover,2012-04-17T00:00:00Z,209,0,0,Finished
744019,恋愛コンプレックス,"猫詩るる, 甘音クリ",Original,2012-04-17T00:00:00Z,234,0,0,Draft
743891,はるはろ,Cu feat. 明鐘ガコ,Original,2012-04-17T00:00:00Z,104,0,0,Finished
726333,チンパンジー,ちまさる feat. VY1,Original,2012-04-17T00:00:00Z,162,0,0,Finished
713846,月のボタン,"MONTAN feat. GUMI, 初音ミク",Original,2012-04-17T00:00:00Z,345,0,0,Finished
707934,Where Have You Been,Various artists,Original,2012-04-17T00:00:00Z,242,0,0,Finished
698100,生演奏風フランセ：でぃべるてぃすまん,8bit feat. 巡音ルカ,Original,2012-04-17T00:00:00Z,150,0,0,Finished
698099,巡音茶　スペシャル版,しあわせＰ feat. 巡音ルカ,Remix,2012-04-17T00:00:00Z,254,0,0,Finished
694556,Old King Cole,有月　仮字 feat. various,Cover,2012-04-17T00:00:00Z,42,0,0,Finished
691816,失くした微笑,時報 feat. 猫村いろは,Original,2012-04-17T00:00:00Z,281,0,0,Finished
864216,ミズトピア,ミッチ・ミキハラ feat. 初音ミク,Original,2012-09-23T00:00:00Z,0,0,0,Draft
826316,秋の夜はさむいな・・・,緊急ゆるポート feat. 初音ミク,Original,2012-09-23T00:00:00Z,121,5,17,Finished
825564,世界の戯言,トサカ feat. IA,Original,2012-09-23T00:00:00Z,216,0,0,Finished
788738,エンドレス,正光緑 feat. 神威がくぽ,Cover,2012-09-23T00:00:00Z,226,0,0,Finished
754196,僕は歴史のひとこまになる,こまに feat. 初音ミク,Original,2012-09-23T00:00:00Z,220,0,0,Finished
751452,茶釜どんパンダ,Ｋ９２ feat. 結月ゆかり,Original,2012-09-23T00:00:00Z,44,0,0,Finished
732097,ひとあい無常の世花,endy feat. 初音ミク,Original,2012-09-23T00:00:00Z,296,0,0,Finished
725202,いくぜ！イッキマン！！,さのじ feat. 鏡音リン,Cover,2012-09-23T00:00:00Z,174,0,0,Finished
724203,きみに夢中,SWMSK feat. VY1,Original,2012-09-23T00:00:00Z,67,0,0,Finished
717291,Scale,udagawa901 feat. 波音リツ,Cover,2012-09-23T00:00:00Z,254,0,2,Finished
43128,Loving U,나츠 feat. SeeU (Korean),Original,2012-01-09T00:00:00Z,211,1,3,Finished
41269,奇跡の魔法,BiRD(s) feat. CUL,Original,2012-01-09T00:00:00Z,300,1,3,Finished
33795,ほんわかぷるるんうるおいダメージケア,カオスP feat. 初音ミク,Original,2012-01-09T00:00:00Z,297,0,6,Finished
29721,草迷宮と蟻地獄,ディノ feat. 初音ミク,Original,2012-01-09T00:00:00Z,206,1,3,Finished
23446,白銀の地平,"このり feat. 初音ミク, 巡音ルカ",Original,2012-01-09T00:00:00Z,300,1,11,Finished
17354,숨바꼭질,호옹이 feat. SeeU (Korean),Original,2012-01-09T00:00:00Z,152,54,346,Finished
16357,ハローストロボ(nepica-remix),岡戸高裕 feat. 初音ミク,Remix,2012-01-09T00:00:00Z,176,1,5,Finished
16200,Easy! Easy! Easy!,つるつるP feat. GUMI,Original,2012-01-09T00:00:00Z,233,0,8,Finished
11381,未だ見ぬ夜明け,PUTTIN feat. 初音ミク,Original,2012-01-09T00:00:00Z,242,0,0,Finished
9752,予定調和に沈む,黒田亜津 feat. 巡音ルカ,Original,2012-01-09T00:00:00Z,223,6,38,Finished
912430,今年は桜が見れない,yodaka feat. 初音ミク,Original,2012-03-24T00:00:00Z,129,0,0,Finished
908172,慈愛,nwnw feat. 波音リツ,Original,2012-03-24T00:00:00Z,332,0,0,Finished
907727,思い出の約束,Unknown producer(s) feat. 兎眠りおん,Original,2012-03-24T00:00:00Z,251,0,0,Draft
875966,ペダンチック争奪戦,ムシぴ,Original,2012-03-24T00:00:00Z,231,1,3,Finished
846851,夏色girls,"くれない feat. 初音ミク Append (Vivid), V3 GUMI (Native)",Original,2012-03-24T00:00:00Z,181,0,0,Finished
846579,春のほほえみ,JunTakahashiP feat. V3 GUMI (Power),Original,2012-03-24T00:00:00Z,207,1,3,Finished
833444,思い出を探したくて,yossi67 feat. 初音ミク,Original,2012-03-24T00:00:00Z,274,0,0,Finished
826235,Counting,URAMAAT feat. 滲音かこい,Original,2012-03-24T00:00:00Z,238,1,3,Finished
826232,Unknown Wave,URAMAAT feat. ほのか鳴,Original,2012-03-24T00:00:00Z,270,1,5,Finished
772584,Doll,けろっく feat. GUMI,Original,2012-03-24T00:00:00Z,249,0,0,Finished
1000036,こだわりアリス,blueforest feat. 鏡音リン Append (Sweet),Original,2012-11-05T00:00:00Z,291,0,0,Finished
995134,ちょっと強気に駄目じゃないって,BOX＆NICO feat. CUL,Original,2012-11-05T00:00:00Z,216,0,0,Finished
920393,Mind Scientist,Borisrks feat. Cerberus,Cover,2012-11-05T00:00:00Z,230,0,0,Finished
812260,The Love of Gods (Ver.1),"仁科善明 feat. 神威がくぽ, 巡音ルカ",Original,2012-11-05T00:00:00Z,407,0,0,Finished
786301,Tell Your World,mondaystudio feat. 初音ミク,Remix,2012-11-05T00:00:00Z,285,0,0,Finished
771823,じぶんROCK,春日大社 feat. V3 GUMI (Power),Cover,2012-11-05T00:00:00Z,225,0,0,Finished
764930,ILMD,いか店のいか feat. 初音ミク,Original,2012-11-05T00:00:00Z,239,0,0,Finished
753909,あの夏のまめ,Ana-aki feat. 初音ミク,Original,2012-11-05T00:00:00Z,282,0,0,Finished
752709,ライダー,amaebi5 feat. 結月ゆかり,Original,2012-11-05T00:00:00Z,256,0,0,Finished
751659,たけのこ,limace feat. 鏡音レン,Original,2012-11-05T00:00:00Z,93,0,0,Finished
18972,BEER MY FRIEND,FALL,Original,2012-10-28T00:00:00Z,0,0,0,Draft
18973,Shooting Star Surf Rider,FALL feat. 雪歌ユフ,Original,2012-10-28T00:00:00Z,0,1,3,Draft
18974,from TOKYO to the UNIVERSE,FALL,Original,2012-10-28T00:00:00Z,0,0,0,Draft
18975,TAKE ME TO THE MOON,FALL feat. 重音テト,Unspecified,2012-10-28T00:00:00Z,0,1,3,Draft
18977,KIRAMEKI OVERDRIVE,FALL feat. 雪歌ユフ,Original,2012-10-28T00:00:00Z,0,1,3,Draft
18978,Star Full Of Kisses,FALL feat. 雪歌ユフ,Unspecified,2012-10-28T00:00:00Z,0,1,3,Draft
18979,Last Moment (Morning Brend),Atomic Sphere,Remix,2012-10-28T00:00:00Z,0,0,0,Draft
18980,TOKYO-URA-RHYTHM EVOLVED,ルゼ,Remix,2012-10-28T00:00:00Z,0,0,0,Draft
18981,Fragment Of Falling Stars,Est,Remix,2012-10-28T00:00:00Z,0,0,0,Draft
18590,last regret,風筒P feat. V3 GUMI (Native),Original,2012-10-28T00:00:00Z,277,1,7,Finished
421159,Philosophyz,パニック feat. 巡音ルカ,Cover,2012-01-31T00:00:00Z,293,0,0,Finished
417595,ブラジャー,レッドカードP feat. GUMI,Original,2012-01-31T00:00:00Z,246,0,0,Finished
405014,Over and Over,りょうP feat. 初音ミク,Cover,2012-01-31T00:00:00Z,285,0,2,Finished
390643,IA,すぅ feat. 初音ミク,Original,2012-01-31T00:00:00Z,22,0,0,Finished
387507,Black snow,ユタウ feat. 猫村いろは,Original,2012-01-31T00:00:00Z,160,0,0,Finished
369587,らららい謳歌,雪月 feat. 巡音ルカ,Original,2012-01-31T00:00:00Z,230,0,0,Finished
367316,Googleと退屈作り,本気マフラーP feat. 結月ゆかり,Original,2012-01-31T00:00:00Z,197,0,2,Finished
366163,残影,innisfree feat. 鏡音レン,Original,2012-01-31T00:00:00Z,243,0,0,Finished
363176,レン君はおっぱいが好き,混沌ツクラーP feat. IA,Original,2012-01-31T00:00:00Z,180,0,0,Finished
362943,HARVEST MOON,kozzyTAn feat. CUL,Cover,2012-01-31T00:00:00Z,335,0,0,Finished
316264,Misunderstand,ヒロトP feat. CUL,Original,2012-07-07T00:00:00Z,134,0,2,Finished
312911,Vega and Altair 【和太鼓版】,"NAV feat. 初音ミク, 鏡音レン",Remix,2012-07-07T00:00:00Z,196,1,5,Finished
307758,Shatter,"maneulmasmogwacha feat. GUMI, 歌愛ユキ",Cover,2012-07-07T00:00:00Z,243,0,0,Finished
292631,ボーカロイドたちの生活17『青と蒼』,ごぼうP feat. various,DramaPV,2012-07-07T00:00:00Z,1260,1,3,Finished
291352,ローリンガール,Panda-Nami feat. CUL,Cover,2012-07-07T00:00:00Z,189,0,0,Finished
278458,Weakness,夜色P feat. 初音ミク,Original,2012-07-07T00:00:00Z,303,1,5,Finished
276612,織姫と彦星,ょぅ feat. 初音ミク,Original,2012-07-07T00:00:00Z,306,0,0,Finished
276420,一筋ナミダ,P.N.朝倉 feat. 蒼姫ラピス,Original,2012-07-07T00:00:00Z,250,0,0,Finished
266438,オフィスレディ,さのん feat. 初音ミク,Original,2012-07-07T00:00:00Z,256,0,0,Finished
245836,虹彩スケッチ,"Leez, Phoooutty feat. 初音ミク",Original,2012-07-07T00:00:00Z,221,0,0,Finished
13714,七夜月の少女,かんぱねって feat. 初音ミク Append (Unknown),Original,2012-06-29T00:00:00Z,279,2,8,Finished
13713,ハートブレイク・ヘッドライン,40mP feat. V3 GUMI (Power),Original,2012-06-29T00:00:00Z,197,45,122,Approved
11604,LOVE GAME,"バスドラ連打P, 女帝P feat. 猫村いろは, GUMI",Original,2012-06-29T00:00:00Z,225,6,29,Finished
1022356,スプートニク少年少女,"フレイヤ feat. 歌手音ピコ, 猫村いろは",Remix,2012-06-28T00:00:00Z,229,0,0,Finished
1017698,-ERROR,さてはてな feat. ガチャッポイド,Cover,2012-06-28T00:00:00Z,240,0,0,Finished
1002775,Beautiful World,AdventRai feat. Iris Libra,Cover,2012-06-28T00:00:00Z,317,0,0,Finished
978825,Beautiful World,Lalanaf feat. V3 GUMI (Unknown),Cover,2012-06-28T00:00:00Z,316,0,0,Finished
976039,Mi Canción,Enrique RL feat. 初音ミク,Original,2012-06-28T00:00:00Z,125,0,0,Finished
971449,ヤクソクの種,Lemon0837 feat. IA,Cover,2012-06-28T00:00:00Z,338,0,0,Finished
961764,I seeU,ClarkWёil feat. SeeU (Unknown),Original,2012-06-28T00:00:00Z,147,0,0,Finished
633848,逆走ウサギ,凛９ feat. GUMI,Original,2012-05-23T00:00:00Z,208,0,0,Finished
617151,花は咲く,菅野よう子 feat. 花は咲くプロジェクト,Original,2012-05-23T00:00:00Z,288,1,3,Finished
614485,song for…,SRyoV feat. 巡音ルカ,Original,2012-05-23T00:00:00Z,258,0,0,Finished
600241,いまいまいまいま,"Bitstar feat. 月読アイ, 初音ミク",Original,2012-05-23T00:00:00Z,165,0,2,Finished
591306,Angel Halo Jamsession,クラッドインザラストライン feat. 初音ミク,Original,2012-05-23T00:00:00Z,333,1,3,Draft
549434,花唄,苺じゃむP feat. GUMI,Original,2012-05-23T00:00:00Z,188,0,0,Finished
541186,ココロ,松毬 feat. 鏡音レン,Cover,2012-05-23T00:00:00Z,214,0,0,Finished
522676,CODE 03,Hoskey,Instrumental,2012-05-23T00:00:00Z,270,0,0,Finished
522675,花舞月詠譚,Hoskey,Instrumental,2012-05-23T00:00:00Z,157,0,0,Finished
522674,花舞月詠譚 (3R2 Hardcore Remix),3R2 feat. 巡音ルカ,Remix,2012-05-23T00:00:00Z,321,1,5,Finished
15380,白鳥座双奏曲,セレス78 feat. IA,Original,2012-06-25T00:00:00Z,356,1,5,Finished
14010,hello_world,すんｚりヴぇｒP feat. various,Original,2012-06-25T00:00:00Z,217,2,6,Finished
13633,タイムスリップ！,"M@SATOSHI feat. 初音ミク, SF-A2 開発コード miki, GUMI",Original,2012-06-25T00:00:00Z,264,0,4,Finished
13608,夏と陽光と散歩道,まももP feat. GUMI,Original,2012-06-25T00:00:00Z,357,0,2,Finished
13607,妄想メランコリー,すこっぷ feat. GUMI,Original,2012-06-25T00:00:00Z,180,3,27,Finished
13606,メタクロニクル,shr feat. 鏡音リン,Original,2012-06-25T00:00:00Z,245,0,8,Finished
13605,With You～君と出逢えて,遺作P feat. V3 GUMI (Power),Original,2012-06-25T00:00:00Z,296,1,5,Finished
13604,DANCE NOW!!,tkc feat. IA,Original,2012-06-25T00:00:00Z,294,0,0,Finished
13603,友情愛情キックガール！,maya feat. V3 GUMI (Power),Original,2012-06-25T00:00:00Z,237,2,12,Finished
13601,プラスチック,蜻蛉 feat. V3 GUMI (Sweet),Original,2012-06-25T00:00:00Z,220,1,7,Finished
450164,Y,だめぽP feat. 初音ミク Append (Dark),Original,2012-08-09T00:00:00Z,270,0,2,Finished
450163,夢のまた夢のユメのユメ,だめぽP feat. 初音ミク,Original,2012-08-09T00:00:00Z,169,0,2,Finished
450158,ブラックトラップ,だめぽP feat. 初音ミク,Original,2012-08-09T00:00:00Z,208,0,0,Finished
449528,メルト (Piano Reprise),DJ CYSH feat. 初音ミク,Remix,2012-08-09T00:00:00Z,257,0,2,Finished
439084,백일홍,이현진 feat. SeeU (Korean),Original,2012-08-09T00:00:00Z,271,1,3,Finished
413721,もう逢えないかもしれない,cl1 feat. galaco,Cover,2012-08-09T00:00:00Z,255,0,0,Finished
413720,I☆LOVE☆YOU,Nene feat. Oliver,Original,2012-08-09T00:00:00Z,187,1,5,Finished
413713,Spending All My Time,srscyn feat. 兎眠りおん,Cover,2012-08-09T00:00:00Z,232,1,5,Finished
410145,オリ・VY☆ファイアーエンドレスナイト,"avanna feat. Oliver, VY1V3",Cover,2012-08-09T00:00:00Z,237,0,0,Finished
393018,ナミノオト,key feat. 初音ミク,Original,2012-08-09T00:00:00Z,297,0,0,Finished
682904,SKELETON LIFE,KuroKitsuSan feat. 深夜ユメ,Cover,2012-11-17T00:00:00Z,215,0,0,Finished
625004,兎新聞,"Aポエット feat. 重音テト, 唄音ウタ",Original,2012-11-17T00:00:00Z,152,0,0,Finished
624997,時代の谷間,"Aポエット feat. 重音テト, 唄音ウタ",Original,2012-11-17T00:00:00Z,193,0,0,Finished
621663,鉄人28号,ぱるまる feat. 焔音レイ,Cover,2012-11-17T00:00:00Z,125,0,0,Draft
608759,おやすみの唄,アルグレイ feat. 猫バーガー,Cover,2012-11-17T00:00:00Z,239,0,2,Finished
573056,クリスマス・イブ,スペースP feat. 巡音ルカ,Cover,2012-11-17T00:00:00Z,254,0,0,Finished
559300,cat's dance,ICE feat. 初音ミク Append (Unknown),Cover,2012-11-17T00:00:00Z,323,0,0,Draft
542266,夢と葉桜,水色P feat. 巡音ルカ,Cover,2012-11-17T00:00:00Z,254,0,0,Finished
523376,愛はブーメラン,ネッシー feat. 巡音ルカ,Cover,2012-11-17T00:00:00Z,290,0,0,Finished
516909,3月11日のリクルート,Iory’ｎ feat. GUMI,Original,2012-11-17T00:00:00Z,236,0,0,Finished
626214,少年の詩,ぱるまる feat. 写音みゅ,Cover,2012-06-21T00:00:00Z,167,0,0,Draft
625087,地上の雨,"Aポエット feat. 重音テト, 唄音ウタ",Original,2012-06-21T00:00:00Z,273,0,0,Finished
607017,No equation,ササノイツキ feat. 鏡音レン Append (Power),Original,2012-06-21T00:00:00Z,243,1,3,Finished
605466,侵略！,sin feat. 神威がくぽ,Original,2012-06-21T00:00:00Z,323,0,0,Finished
563189,５日ノ恋愛,hazime_001 feat. 初音ミク,Original,2012-06-21T00:00:00Z,226,1,3,Finished
505407,ヤンデレなテイ様に愛されて夜も眠れないハードコア,t2 feat. 健音テイ,Original,2012-06-21T00:00:00Z,250,1,3,Finished
483471,カゲロウデイヴ,"ジュリイ feat. 初音ミク Append (Vivid), 初音ミク Append (Sweet)",MusicPV,2012-06-21T00:00:00Z,485,0,2,Finished
451529,マイリス数たったの1、ゴミめ！,はとみね feat. 猫村いろは,Original,2012-06-21T00:00:00Z,242,0,0,Finished
414755,君がいるから,miyuka_tarepanda feat. VY1V3,Cover,2012-06-21T00:00:00Z,350,0,0,Finished
414701,喧騒トレモロ,Gino0808 feat. V3 GUMI (Unknown),Original,2012-06-21T00:00:00Z,146,0,0,Finished
867071,千本桜,田平美嶺 feat. 鏡音レン,Cover,2012-06-03T00:00:00Z,243,0,0,Draft
866546,森のスナイパー,Qbus feat. 初音ミク,Original,2012-06-03T00:00:00Z,210,1,3,Finished
865090,キリトリセン,新学期P feat. 鏡音レン Append (Unknown),Cover,2012-06-03T00:00:00Z,234,0,2,Finished
863662,memory(仮),takasai feat. 初音ミク,Original,2012-06-03T00:00:00Z,171,0,0,Draft
863657,世界の果て,ロトsix feat. 初音ミク,Original,2012-06-03T00:00:00Z,215,0,0,Finished
844334,キミの声がほしい,yugamix feat. V3 GUMI (Native),Original,2012-06-03T00:00:00Z,89,0,0,Finished
844333,海風 ver.1,cerurin feat. V3 GUMI (Adult),Original,2012-06-03T00:00:00Z,170,0,0,Finished
844329,甘美なセレナータ,BELCORE feat. V3 GUMI (Sweet),Original,2012-06-03T00:00:00Z,186,0,0,Finished
843909,float,坂本 feat. V3 GUMI (Native),Original,2012-06-03T00:00:00Z,274,0,0,Finished
835202,緋色の葬,"Jun Kuroda, 親方P feat. 巡音ルカ",Original,2012-06-03T00:00:00Z,0,0,4,Finished
90698,Packaged ( Onnyx Remix ),ONNYX feat. 初音ミク,Remix,2012-01-04T00:00:00Z,259,0,0,Finished
86695,ハローストロボ,sharla feat. 初音ミク,Remix,2012-01-04T00:00:00Z,248,0,2,Finished
59007,SECRET TIME,KKK_KKK feat. 巡音ルカ,Original,2012-01-04T00:00:00Z,300,4,16,Finished
47724,袖触れ合うも他生の縁,"木暦 feat. 十月オトメ, 十月オト",Cover,2012-01-04T00:00:00Z,202,1,3,Finished
35739,Sunshine!,"柚葉 feat. GUMI, 鏡音リン",Original,2012-01-04T00:00:00Z,386,0,0,Finished
13376,走る少女の1秒,muhmue feat. V3 GUMI (Power),Original,2012-01-04T00:00:00Z,265,1,7,Finished
1020254,CRAWL,maluquinho5 feat. ウィスパー☆エンジェル ささやきさん,Cover,2012-01-03T00:00:00Z,278,0,0,Finished
981995,Happie Telephone,DAre SOUND feat. 初音ミク,Original,2012-01-03T00:00:00Z,0,0,0,Finished
968236,ダメ☆絶対,白釈迦 feat. 初音ミク,Original,2012-01-03T00:00:00Z,182,0,0,Finished
963577,リバティー１１,606 feat. 初音ミク,Original,2012-01-03T00:00:00Z,271,0,0,Finished
46696,Find Your Happiness,辰年 feat. 蒼姫ラピス,Remaster,2012-08-20T00:00:00Z,221,0,0,Finished
45976,Cerulean Reprise,Metragoon feat. 初音ミク,Remaster,2012-08-20T00:00:00Z,295,0,2,Finished
45870,着信/発信,竹輪P feat. 初音ミク,Original,2012-08-20T00:00:00Z,367,3,15,Finished
43093,あなた,초록물꼬기 feat. SeeU (Japanese),Original,2012-08-20T00:00:00Z,148,2,6,Finished
42845,All You,"Mr.Xtacy, Team StarRoid feat. SeeU (Korean)",Original,2012-08-20T00:00:00Z,241,0,0,Finished
35243,夏の絵日記 （カラオケ+コーラス）,彩音P,Instrumental,2012-08-20T00:00:00Z,258,0,0,Finished
35242,夏の絵日記 （カラオケ）,彩音P,Instrumental,2012-08-20T00:00:00Z,258,0,0,Finished
25770,MMDスーパーロボット大戦Z,ビームマンP,MusicPV,2012-08-20T00:00:00Z,200,0,0,Finished
25389,せいいっぱいの愛,アップルP feat. 初音ミク,Original,2012-08-20T00:00:00Z,279,0,6,Finished
22551,SUMMER CHANCE！,えんどりP feat. 初音ミク,Original,2012-08-20T00:00:00Z,236,0,4,Finished
295387,Life size,cornet feat. 初音ミク,Original,2012-06-27T00:00:00Z,256,0,0,Finished
292296,Clock Lock Works,HikaTamika feat. 外国音ヒカル,Cover,2012-06-27T00:00:00Z,263,1,3,Finished
259719,ブルーブルー,ビオフェルＰ feat. GUMI,Original,2012-06-27T00:00:00Z,263,0,0,Finished
246538,A.E.V.P(アンチエモいボカロP),( ﾟдﾟ ) feat. 響震路,Cover,2012-06-27T00:00:00Z,201,1,7,Finished
232720,9'ON,"あねこ feat. 餡知モン, 茂名歌ころ",Cover,2012-06-27T00:00:00Z,242,1,3,Finished
231293,宝物です,mimi feat. 初音ミク,Original,2012-06-27T00:00:00Z,278,0,0,Finished
228878,リトルシスター,"へちこ feat. Lily, V3 GUMI (Power)",Original,2012-06-27T00:00:00Z,191,0,0,Finished
225237,哲学的♂背水の陣♂,Show太P feat. 初音ミク,Remaster,2012-06-27T00:00:00Z,207,0,0,Finished
223326,慈悲無き姫,C.P.S.M feat. IA,Original,2012-06-27T00:00:00Z,272,0,0,Finished
218257,エバーロード,アモやん feat. V3 GUMI (Power),Original,2012-06-27T00:00:00Z,238,0,0,Finished
225722,Departure,"卯月めい, 兵長, puno feat. 巡音ルカ",Original,2012-12-11T00:00:00Z,243,0,0,Finished
225036,♯嘘つきメリー,フジTR feat. 蒼姫ラピス,Original,2012-12-11T00:00:00Z,236,0,2,Finished
225035,参拾加エル事ノ壱,ネックベンドP feat. MAYU,Original,2012-12-11T00:00:00Z,233,0,0,Finished
209478,STUMP (short ver.),たー feat. 蒼姫ラピス,Remix,2012-12-11T00:00:00Z,109,0,0,Finished
199369,人形だもの,ご隠居P feat. 和音マコ,Original,2012-12-11T00:00:00Z,244,2,6,Finished
192956,アンサー,n4d1494 feat. まつっぽいど,Cover,2012-12-11T00:00:00Z,238,1,3,Finished
182589,Brand New Films,"Holic, わかてる feat. 鏡音レン, 初音ミク Append (Dark)",Original,2012-12-11T00:00:00Z,310,0,0,Finished
164723,Fenrir,ここのか feat. 結月ゆかり,Original,2012-12-11T00:00:00Z,313,0,0,Finished
141809,パンクロックフェスタ！,Tookato feat. 初音ミク,Remaster,2012-12-11T00:00:00Z,139,0,0,Finished
141807,前前前、うしろ、ヨコ,Tookato feat. 初音ミク,Remaster,2012-12-11T00:00:00Z,404,0,0,Finished
134275,しのぶれど,むちゃP feat. 垣音キコ,Original,2012-10-26T00:00:00Z,259,1,7,Finished
129516,ヤンデ恋歌,Neols feat. 赤ね正巳,Cover,2012-10-26T00:00:00Z,304,1,3,Finished
122631,だれもいない夜,ノルウェーの森 feat. V3 GUMI (Whisper),Original,2012-10-26T00:00:00Z,285,0,0,Finished
66407,1/fゆかり,Digital Itako feat. 結月ゆかり,Original,2012-10-26T00:00:00Z,290,0,0,Finished
66095,Mirror World,automatique feat. 結月ゆかり,Original,2012-10-26T00:00:00Z,147,1,3,Finished
60370,向内生长,JUSF周存 feat. 洛天依,Original,2012-10-26T00:00:00Z,202,1,11,Finished
55014,あなたか来ないから,シュワイP feat. SeeU (Japanese),Cover,2012-10-26T00:00:00Z,246,0,0,Finished
51416,Quasar Infinity REVISED,Kentai-P feat. 初音ミク Append (Unknown),Remaster,2012-10-26T00:00:00Z,222,1,3,Finished
49724,未来程序猿之歌,鸟爷 feat. 洛天依,Original,2012-10-26T00:00:00Z,176,0,2,Finished
48308,-ERROR,木暦 feat. チロ,Cover,2012-10-26T00:00:00Z,240,3,11,Finished
744016,コスモス,"hisa5 feat. 甘音クリ, 舞歌エミ",Original,2012-10-12T00:00:00Z,160,0,0,Finished
681972,炭酸飲料水のCMみたいな曲作ってみたかった,S@TORU feat. 初音ミク,Original,2012-10-12T00:00:00Z,33,0,0,Finished
681954,自問戦争,Various artists,Original,2012-10-12T00:00:00Z,261,0,0,Finished
668189,夏の空は遠く消えて,憤慨P feat. GUMI,Original,2012-10-12T00:00:00Z,275,0,0,Finished
655581,OH MY GOD!,ヨハネマリアＴ feat. 初音ミク,Original,2012-10-12T00:00:00Z,218,0,0,Finished
647218,너를 응원해,"Mr.Xtacy, Team StarRoid feat. SeeU (Korean)",Original,2012-10-12T00:00:00Z,231,0,0,Finished
631391,Ebony and Ivory,nb1 feat. various,Cover,2012-10-12T00:00:00Z,139,0,0,Finished
627930,永遠のパートナー,おぷとぅ feat. 初音ミク,Original,2012-10-12T00:00:00Z,239,0,0,Finished
620440,I Love You,Hiru-kun feat. 巡音ルカ,Cover,2012-10-12T00:00:00Z,230,0,2,Finished
603483,Kick It!,"P.Lin*, Xahha feat. galaco",Original,2012-10-12T00:00:00Z,226,0,0,Finished
21373,Ride on Time,"note, luna feat. IA",Original,2012-04-28T00:00:00Z,332,2,8,Finished
21376,テンプレートを持て成す,"note, luna, L-tone feat. GUMI",Remix,2012-04-28T00:00:00Z,215,1,5,Finished
19649,Acoustica,comorebi notes feat. 初音ミク,Original,2012-04-28T00:00:00Z,316,0,0,Finished
19651,朧月夜と春乙女,comorebi notes feat. 初音ミク,Original,2012-04-28T00:00:00Z,290,1,3,Finished
19652,あさごはんのうた,comorebi notes feat. 初音ミク,Original,2012-04-28T00:00:00Z,264,0,0,Finished
19653,かっぷら -カタ麺-,comorebi notes feat. 初音ミク,Original,2012-04-28T00:00:00Z,151,0,0,Finished
19655,そよよ,comorebi notes feat. 初音ミク Append (Light),Original,2012-04-28T00:00:00Z,220,1,9,Finished
19656,形を変えた明日のために,comorebi notes feat. 初音ミク,Original,2012-04-28T00:00:00Z,342,0,0,Finished
19657,Cookie,comorebi notes feat. 初音ミク Append (Light),Original,2012-04-28T00:00:00Z,276,2,8,Finished
19047,さよならマジカント　～「ムーンサイドへようこそ」返答曲,ドンガリンゴP feat. foolen,Original,2012-04-28T00:00:00Z,136,2,8,Finished
373506,Mayaka-shi,hattari feat. 巡音ルカ,Original,2012-05-30T00:00:00Z,185,0,0,Finished
373308,覚醒スーサイド,zero feat. 巡音ルカ,Original,2012-05-30T00:00:00Z,224,0,2,Finished
357330,おやすみ　眠いいね,Ken Yamada feat. 巡音ルカ,Original,2012-05-30T00:00:00Z,210,0,0,Finished
350830,声,本気マフラーP feat. 鏡音レン Append (Unknown),Original,2012-05-30T00:00:00Z,200,0,4,Finished
339364,千年の独奏歌,黒月カイン feat. 水音ロゥ,Cover,2012-05-30T00:00:00Z,277,1,3,Finished
321895,ゆるふわ樹海ガール,千揺 feat. 月代はくぽ,Cover,2012-05-30T00:00:00Z,210,0,0,Finished
278540,FREELY TOMORROW,Doramata feat. 重音テト,MusicPV,2012-05-30T00:00:00Z,270,1,3,Finished
254039,五つの黒い月,烏有喪音 feat. 初音ミク,Original,2012-05-30T00:00:00Z,307,0,0,Finished
222996,無月の雷雲,Dahiz feat. 結月ゆかり,Original,2012-05-30T00:00:00Z,421,0,2,Finished
222995,箱庭,sin feat. 鏡音リン,Original,2012-05-30T00:00:00Z,306,0,0,Finished
596792,天体構想,ちふる（JKP） feat. 初音ミク,Original,2012-07-18T00:00:00Z,180,4,14,Finished
594981,My Sweet Heart,Lex217rose feat. 初音ミク,Cover,2012-07-18T00:00:00Z,100,0,0,Finished
577934,ワンコロック,33EEGP feat. GUMI,Original,2012-07-18T00:00:00Z,271,0,0,Finished
532145,不機嫌な人魚姫,りむ feat. 鏡音リン,Original,2012-07-18T00:00:00Z,155,0,0,Finished
511684,恋魔法,LOW_HAT feat. 初音ミク,Original,2012-07-18T00:00:00Z,155,0,0,Finished
483479,カゲロウデイヴ,"でんぴよP feat. KAITO, IA, 鏡音レン",Cover,2012-07-18T00:00:00Z,485,0,0,Finished
441909,star gazer,アツシ feat. 初音ミク,Original,2012-07-18T00:00:00Z,232,0,0,Finished
417023,雨の中歩く,レッドカードP feat. V3 神威がくぽ (Unknown),Original,2012-07-18T00:00:00Z,259,0,0,Finished
414189,Precious,Seiya feat. IA,Original,2012-07-18T00:00:00Z,277,0,0,Finished
398095,千一夜砂迷宮 ～ first anniversary remix ～,"Mistfeal feat. 巡音ルカ, KAITO",Remix,2012-07-18T00:00:00Z,258,0,2,Finished
369926,願い～アルカディア～,"P-tan, 高坂 京介 feat. 初音ミク",Original,2012-07-15T00:00:00Z,91,0,0,Finished
369925,蜉蝣と消える,"dukkha108, 高坂 京介 feat. 初音ミク",Original,2012-07-15T00:00:00Z,230,0,0,Finished
369924,Calamita,"くろゑ, 高坂 京介 feat. 巡音ルカ",Original,2012-07-15T00:00:00Z,94,0,0,Finished
369643,きみがいるから,"ほぼ日P, 高坂 京介 feat. VY1",Original,2012-07-15T00:00:00Z,89,0,0,Finished
368454,延命,kihirohito feat. 重音テト,Original,2012-07-15T00:00:00Z,92,1,5,Finished
355172,サンドリヨン,Epsilon feat. 雷電涼気,Cover,2012-07-15T00:00:00Z,281,0,0,Finished
350319,opening music,BONU feat. 初音ミク,Original,2012-07-15T00:00:00Z,245,0,0,Finished
333508,+REVERSE,Dissonant Crescendo feat. V3 神威がくぽ (Unknown),Cover,2012-07-15T00:00:00Z,168,0,2,Finished
325646,iのうた,神々廻 海瑠 feat. 重音テト,Original,2012-07-15T00:00:00Z,154,1,5,Finished
311044,Dear Myself,"el convexx feat. 巡音ルカ, Clara",Original,2012-07-15T00:00:00Z,160,1,7,Finished
554428,永久に枯れぬ花,犬猫好きのメタラー,Remix,2012-10-28T00:00:00Z,0,0,0,Draft
554427,マミゾウさんのメタル道場,犬猫好きのメタラー,Remix,2012-10-28T00:00:00Z,0,0,0,Draft
554426,天狗の山,犬猫好きのメタラー,Remix,2012-10-28T00:00:00Z,0,0,0,Draft
554425,即身仏,犬猫好きのメタラー,Remix,2012-10-28T00:00:00Z,0,0,0,Draft
554424,竹林の夜,犬猫好きのメタラー,Remix,2012-10-28T00:00:00Z,0,0,0,Draft
554423,夢幻館の戦い,犬猫好きのメタラー,Remix,2012-10-28T00:00:00Z,0,0,0,Draft
554422,Magic Forest,犬猫好きのメタラー,Remix,2012-10-28T00:00:00Z,0,0,0,Draft
554421,漢らしい千年幻想郷,犬猫好きのメタラー,Remix,2012-10-28T00:00:00Z,0,0,0,Draft
553843,the End of Delusions,"うかく feat. 巡音ルカ, 猫村いろは",Original,2012-10-28T00:00:00Z,0,0,2,Finished
553842,箱庭,うかく feat. 猫村いろは,Original,2012-10-28T00:00:00Z,0,0,0,Finished
14790,月しか知らない,すこっぷ feat. 初音ミク,Original,2012-07-08T00:00:00Z,264,0,2,Finished
14791,デイリーニュース,すこっぷ feat. 初音ミク,Remaster,2012-07-08T00:00:00Z,0,0,2,Draft
14792,As yet,すこっぷ,Original,2012-07-08T00:00:00Z,0,0,0,Draft
14778,完全懲悪ロリィタコンプレックス,かいりきベア feat. GUMI,Original,2012-07-08T00:00:00Z,254,14,98,Finished
14779,かみかくし,ichiP feat. 結月ゆかり,Original,2012-07-08T00:00:00Z,0,0,0,Finished
14781,センセーショナル高女,U-ske feat. 初音ミク,Original,2012-07-08T00:00:00Z,0,1,3,Finished
14783,君と、君と僕の部屋から,卓球少年 feat. 鏡音レン,Original,2012-07-08T00:00:00Z,0,0,0,Finished
14784,かみかくし,ichiP feat. シゲコ,Cover,2012-07-08T00:00:00Z,0,0,0,Finished
14785,君と、君と僕の部屋から,卓球少年 feat. K太,Cover,2012-07-08T00:00:00Z,0,0,0,Finished
14730,modulator girl,"Phasma, NOEL-KIT, ふんわりちゃん feat. 初音ミク",Original,2012-07-08T00:00:00Z,308,3,13,Finished
43535,helianthus,"nwnw feat. 重音テト, 唄音ウタ",Original,2013-10-20T00:00:00Z,347,1,3,Finished
43162,쾌진격,진혼 feat. SeeU (Korean),Original,2013-10-20T00:00:00Z,287,1,5,Finished
43156,부재중,진혼 feat. SeeU (Korean),Original,2013-10-20T00:00:00Z,337,1,7,Finished
42973,METABOLICキューブ,"小西駿, 大野海, out of service feat. GUMI, 初音ミク",Original,2013-10-20T00:00:00Z,291,2,8,Finished
42974,トワイライトヒイロウ,"小西駿, 大野海, out of service feat. IA, 鏡音リン",Original,2013-10-20T00:00:00Z,258,2,8,Finished
42975,嘘吐ストラーデ,"小西駿, 大野海, out of service feat. 鏡音リン",Original,2013-10-20T00:00:00Z,274,2,12,Finished
42976,the prismatic humanizer,"小西駿, 大野海, out of service feat. 初音ミク",Original,2013-10-20T00:00:00Z,277,2,6,Finished
42972,7th room,"小西駿, 大野海, out of service feat. IA",Original,2013-10-20T00:00:00Z,264,3,13,Finished
42476,フランシスカと紅の部屋,"メラゾーマP, 夢光P feat. 鏡音リン, 鏡音レン",Original,2013-10-20T00:00:00Z,248,1,7,Finished
42477,ファイナルラブレター,メラゾーマP feat. 初音ミク,Original,2013-10-20T00:00:00Z,214,0,0,Finished
695424,カレイドスコープ,マタスー feat. GUMI,Original,2013-02-24T00:00:00Z,220,0,0,Finished
670309,ゆううつるーむ,歌雪 feat. 鏡音レン,Original,2013-02-24T00:00:00Z,268,0,0,Finished
666708,エピスティリスは夢を見た,くるりん feat. 鏡音リン,Original,2013-02-24T00:00:00Z,109,0,0,Finished
649581,Chaosmaid,Lucas feat. Akemi Konai,Cover,2013-02-24T00:00:00Z,113,0,0,Finished
647599,サイム,"町田育美, TOBEFOOPERS feat. 飴音わめあ",Original,2013-02-24T00:00:00Z,200,6,26,Finished
633678,PROMISE,アカペラP feat. KAITO V3 (Unknown),Cover,2013-02-24T00:00:00Z,280,0,0,Draft
632542,Dead END,Rinny feat. V3 GUMI (Adult),Cover,2013-02-24T00:00:00Z,241,0,0,Finished
627933,虹いろ,おぷとぅ feat. KAITO V3 (Unknown),Cover,2013-02-24T00:00:00Z,241,0,0,Finished
625889,ひとりっ子甘えっ子,ぱるまる feat. GUMI,Cover,2013-02-24T00:00:00Z,158,0,0,Draft
625888,Dreamin',ぱるまる feat. 音魂屋二太郎,Cover,2013-02-24T00:00:00Z,246,0,0,Finished
32792,SPACE JUNGLE 45,M.S.S Project,Original,2013-07-07T00:00:00Z,0,0,0,Finished
32794,IRON STORY,M.S.S Project,Original,2013-07-07T00:00:00Z,0,0,0,Finished
32795,BLUELINE,M.S.S Project,Original,2013-07-07T00:00:00Z,0,0,0,Finished
32797,Game Master,M.S.S Project,Original,2013-07-07T00:00:00Z,0,0,0,Finished
32798,LAsErBeAm,M.S.S Project,Original,2013-07-07T00:00:00Z,0,0,0,Finished
32799,ANCIENT,"FB777, M.S.S Project feat. GUMI",Original,2013-07-07T00:00:00Z,0,0,0,Finished
32800,M.S.S.Planet,"M.S.S Project, FB777, KIKKUN-MK-II feat. 初音ミク, GUMI",Original,2013-07-07T00:00:00Z,211,11,67,Finished
32801,MSSP無駄トーク,M.S.S Project,Other,2013-07-07T00:00:00Z,0,0,0,Finished
32740,Oasovist,lightspop,Original,2013-07-07T00:00:00Z,232,3,11,Finished
32743,インタステラ,lightspop feat. 初音ミク,Remaster,2013-07-07T00:00:00Z,285,1,5,Finished
1019354,숨바꼭질,kimchi-tan feat. 波音リツ,Cover,2013-12-20T00:00:00Z,138,0,0,Finished
1001237,もったいないとらんど,AragoPipu feat. イヅュリス ヨネ,Cover,2013-12-20T00:00:00Z,243,0,0,Finished
925068,Conditions are always with love,takaokatoshiya feat. 初音ミク V3 (English),Original,2013-12-20T00:00:00Z,183,0,0,Finished
867115,クリスマスの日のページ,askas feat. 初音ミク,Original,2013-12-20T00:00:00Z,182,0,0,Finished
844190,Heidenröslein,"chokkolen feat. 初音ミク, 鏡音レン Append (Power)",Cover,2013-12-20T00:00:00Z,91,1,5,Finished
841212,ロストワンの号哭,MattplusBC feat. MEIKO V3 (Power),Cover,2013-12-20T00:00:00Z,213,0,2,Finished
818614,スターダストX'masイングレイブヤード,Phelrot feat. 結月ゆかり,Original,2013-12-20T00:00:00Z,198,0,0,Finished
817851,Maka,Avalia-Kasa feat. 森音ルネル,Original,2013-12-20T00:00:00Z,263,0,0,Finished
751657,空からうんこが降ってきた,limace feat. 鏡音レン,Original,2013-12-20T00:00:00Z,240,0,0,Finished
750817,星空ホログラム,草薙みずほ feat. 桃音モモ,Original,2013-12-20T00:00:00Z,301,0,0,Finished
711322,ソレイユ,TheDarkFlygon feat. Raphaëlle Sapphire,Cover,2013-03-23T00:00:00Z,231,1,3,Finished
711321,ワールズエンド・ダンスホール,"TheDarkFlygon feat. Raphaëlle Sapphire, Christiane Sakura",Cover,2013-03-23T00:00:00Z,218,1,3,Finished
706745,キマシタワーP家のゆかりさんの場合,"キマシタワーP feat. 結月ゆかり, IA",DramaPV,2013-03-23T00:00:00Z,17,0,0,Finished
705658,初恋学園・純愛科,"折原早苗 feat. KAITO, 巡音ルカ, 結月ゆかり",Cover,2013-03-23T00:00:00Z,255,0,0,Finished
705063,MA・WA・LE・MI・GI,"略してび feat. 巡音ルカ, 鏡音リン",Cover,2013-03-23T00:00:00Z,208,0,0,Finished
698694,この空の向こう,えばん feat. 初音ミク,Cover,2013-03-23T00:00:00Z,93,0,0,Finished
696927,1925,TheDarkFlygon feat. Lizabelle Wave,Cover,2013-03-23T00:00:00Z,199,0,0,Finished
695010,【トクロ・HANASU電話応答音声選手権】健音テイ&破壊音マイコ,"予定P feat. 破壊音マイコ, 健音テイ, 女声1 (SofTalk)",DramaPV,2013-03-23T00:00:00Z,17,0,0,Finished
695008,メトロポリタン美術館,雄志（ときたまうどんP） feat. 破壊音マイコ,Cover,2013-03-23T00:00:00Z,84,0,0,Finished
694512,ENERGY,修正P feat. 破壊音マイコ,Cover,2013-03-23T00:00:00Z,90,0,0,Finished
808780,死へ泳ぐ鳥　死を呑む魚,TKOL feat. 初音ミク,Original,2013-05-17T00:00:00Z,294,0,0,Finished
778787,つけまつける,Sakidouu feat. KAITO V3 (Unknown),Cover,2013-05-17T00:00:00Z,262,0,0,Finished
774562,カンタレラ EUROBEAT MIX,yuka feat. KAITO,Remix,2013-05-17T00:00:00Z,177,0,0,Finished
737059,The Rainy Days,Laph182 feat. 初音ミク,Original,2013-05-17T00:00:00Z,247,0,0,Finished
736962,オーロラ,hennsyuutyou feat. 初音ミク,Remix,2013-05-17T00:00:00Z,265,0,0,Finished
732585,参年タイムキーパー,shizy feat. CANO,Cover,2013-05-17T00:00:00Z,265,0,0,Finished
724671,脳内犯罪,みょん・オルタ feat. 初音ミク,Original,2013-05-17T00:00:00Z,132,0,2,Finished
721576,are you Technologic,ピート feat. 初音ミク,Original,2013-05-17T00:00:00Z,137,0,0,Finished
712839,今日も、ふたりで,"冬秋夏蝶 feat. V3 GUMI (Sweet), V3 GUMI (Power), V3 GUMI (Whisper)",Original,2013-05-17T00:00:00Z,222,0,0,Finished
705089,敗北の少年,しおん feat. Lily,Cover,2013-05-17T00:00:00Z,227,0,0,Finished
1020448,空,ハロP feat. さとうささら,Cover,2013-06-15T00:00:00Z,111,0,0,Finished
983531,七つの海よりキミの海　-釣具屋バイトMIX-,ポン酢P feat. 初音ミク Append (Light),Cover,2013-06-15T00:00:00Z,92,0,0,Finished
944975,NARAKA,Fabrunette feat. 波音リツ キレ,Cover,2013-06-15T00:00:00Z,192,0,0,Finished
895397,くぎづけて,チャダハル feat. 初音ミク,Original,2013-06-15T00:00:00Z,269,0,0,Finished
833756,爛漫の春,yossi67 feat. 初音ミク,Original,2013-06-15T00:00:00Z,354,0,0,Finished
817378,夢追人の夢の後,がんばろう太郎 feat. GUMI,Original,2013-06-15T00:00:00Z,175,0,0,Finished
811884,カラフルワールド／Man,ワワ feat. 初音ミク,Original,2013-06-15T00:00:00Z,459,0,0,Finished
796537,Kenka Wakare,Angyveto feat. 章千春,Cover,2013-06-15T00:00:00Z,313,0,0,Finished
759257,美しい看板娘,にしすい feat. 重音テト,Original,2013-06-15T00:00:00Z,211,0,0,Finished
759256,旅人の災難,にしすい feat. 轟栄一,Original,2013-06-15T00:00:00Z,212,0,0,Finished
488615,Pumpkin March,凪唱P feat. KAITO V3 (English),Cover,2013-10-31T00:00:00Z,255,2,6,Finished
446503,pandora,MOKA feat. 初音ミク,Original,2013-10-31T00:00:00Z,252,0,0,Finished
415375,ツヤツヤ虫を飼う女,おどぅ～ん feat. galaco,Original,2013-10-31T00:00:00Z,159,0,2,Finished
390522,I Don't Care,すぅ feat. GUMI,Original,2013-10-31T00:00:00Z,178,0,0,Finished
363887,あしどりそろえて,"Wol feat. VY1, VY2",Original,2013-10-31T00:00:00Z,221,0,0,Finished
363872,The Party autumn night,"ぎあらせんまい feat. 鏡音リン, KAITO V3 (English)",Original,2013-10-31T00:00:00Z,180,0,0,Finished
363859,ハロウィンゴーストとクリスマスパンプキン,むーが feat. 初音ミク,MusicPV,2013-10-31T00:00:00Z,209,0,0,Finished
358661,インディゴブルーの小宇宙,MoistTexture feat. 重音テト,Original,2013-10-31T00:00:00Z,184,0,0,Finished
357355,魔法仕掛けのハロウィンパーリー,Ken Yamada feat. 初音ミク,Original,2013-10-31T00:00:00Z,199,0,0,Finished
342736,ドーナツホール,あきら feat. UTAU (Unknown),Cover,2013-10-31T00:00:00Z,210,1,3,Finished
263496,地上からちょっと浮いた所にある楽園,mash01 feat. 初音ミク,Original,2013-03-09T00:00:00Z,252,0,0,Finished
257291,ふわふわ,まじゅせんせ feat. 巡音ルカ,Original,2013-03-09T00:00:00Z,465,0,0,Finished
254121,timelimit,haruto feat. 初音ミク,Original,2013-03-09T00:00:00Z,218,0,0,Finished
251255,汽車旅,春巻P feat. 鏡音レン Append (Unknown),Original,2013-03-09T00:00:00Z,251,0,0,Finished
243244,コロナ,MeerkatQueen feat. SeeU (Japanese),Cover,2013-03-09T00:00:00Z,236,0,2,Finished
242153,Elieiya,名無し feat. 謡子,Cover,2013-03-09T00:00:00Z,247,1,3,Finished
240251,best wishes！,すぅ feat. 初音ミク,Original,2013-03-09T00:00:00Z,205,0,0,Finished
237577,Ｘ-ばってん-,元日P feat. 初音ミク,Original,2013-03-09T00:00:00Z,260,0,0,Finished
233223,未来をめぐる電子ファンタジア,ひさたんP feat. 初音ミク,Original,2013-03-09T00:00:00Z,270,1,3,Finished
231250,あなたがすべて（バラードバージョン）,肉食強弱 feat. 初音ミク,Original,2013-03-09T00:00:00Z,308,0,0,Finished
699067,アナザーマインド,miniescape feat. 初音ミク,Original,2013-05-10T00:00:00Z,255,0,0,Finished
698563,2019年（制作途中）,Dep feat. 初音ミク,Original,2013-05-10T00:00:00Z,208,0,0,Finished
696731,滲み出た赤い空,DAre SOUND feat. IA,Original,2013-05-10T00:00:00Z,307,0,0,Finished
672681,戦え！スマホ仮面,ななし feat. さとうささら,Cover,2013-05-10T00:00:00Z,85,0,0,Finished
664484,第一次ジブン戦争,"Terrainakka feat. 綾音和奏, 歌う音ナミ",Cover,2013-05-10T00:00:00Z,242,0,0,Finished
661767,ドキドキ!?スウィートラブ☆,fazerock feat. 兎眠りおん,Original,2013-05-10T00:00:00Z,246,0,2,Finished
647586,ｍ×ｍ－ｍ,"町田育美, TOBEFOOPERS feat. 飴音わめあ",Remix,2013-05-10T00:00:00Z,261,0,2,Finished
620477,Wuthering Heights,Hiru-kun feat. 巡音ルカ,Cover,2013-05-10T00:00:00Z,226,0,0,Finished
573059,わかれうた,スペースP feat. 巡音ルカ,Cover,2013-05-10T00:00:00Z,238,0,0,Finished
482806,体験談,バトロセンタ feat. 巡音ルカ,DramaPV,2013-05-10T00:00:00Z,245,0,0,Finished
32303,My wish My feelings,ちゃぷP feat. GUMI,Original,2013-06-26T00:00:00Z,180,0,10,Finished
32302,涙色レイン,RUHIA feat. GUMI,Original,2013-06-26T00:00:00Z,254,0,8,Finished
32301,転送少女と空白少年,"総受けP feat. GUMI, IA, 結月ゆかり",Cover,2013-06-26T00:00:00Z,284,0,4,Finished
32300,スペイシー,"Scenarioart, らいらP, やまさん feat. IA",Original,2013-06-26T00:00:00Z,306,1,5,Draft
32299,ぐみりす,あやりす feat. GUMI,Original,2013-06-26T00:00:00Z,280,1,21,Finished
32298,インスタントの朝に会おう,ふにゃ feat. 結月ゆかり,Original,2013-06-26T00:00:00Z,241,0,2,Finished
32297,tri-trigger,"8wings feat. KYO, WIL, YUU",Original,2013-06-26T00:00:00Z,131,1,3,Finished
32295,WISH,"しゅあん, ちゃぷP feat. V3 GUMI (Whisper)",Original,2013-06-26T00:00:00Z,230,0,2,Finished
32294,From a Distance,SENTON feat. GUMI,Original,2013-06-26T00:00:00Z,254,0,0,Finished
32293,Astro 12,ほぼ日P feat. 結月ゆかり,Original,2013-06-26T00:00:00Z,203,1,5,Finished
37717,かわいいと思ってはいけないMMD,6666AAP feat. 初音ミク,DramaPV,2013-08-17T00:00:00Z,334,0,0,Finished
37705,剣ヶ峰へ,yanagiP feat. VY2V3 (Standard),Original,2013-08-17T00:00:00Z,330,0,4,Finished
37704,トパーズガールによろしく,ふにゃ feat. 結月ゆかり,Original,2013-08-17T00:00:00Z,171,0,0,Finished
37697,WATASHI FUCK THE WORLD,hadronika feat. GUMI,Original,2013-08-17T00:00:00Z,245,0,4,Finished
37696,愛はカゲロウ,ほぼ日P feat. 初音ミク,Original,2013-08-17T00:00:00Z,191,0,2,Finished
37695,夕空感傷 -fusion mix-,イズレ feat. 初音ミク,Remix,2013-08-17T00:00:00Z,223,0,0,Finished
37694,天上天下唯我独尊論,電子P feat. 初音ミク,Original,2013-08-17T00:00:00Z,296,0,2,Finished
935088,クレヨン,migiey feat. SF-A2 開発コード miki,Original,2013-08-16T00:00:00Z,232,0,0,Finished
867329,テンセイゲェム,Ki4-Fu3 feat. IA,Original,2013-08-16T00:00:00Z,226,0,0,Finished
830493,ぽっぴっぽー,Near feat. 重音テト,Cover,2013-08-16T00:00:00Z,177,0,0,Finished
590687,In Nomine Patris,"Marco Frydshou, SoundIron feat. Mercury Symphonic Boys' Choir",Original,2013-01-29T00:00:00Z,74,1,3,Finished
590675,A Child's Lament,"Paul Amos, SoundIron feat. Mercury Symphonic Boys' Choir",Original,2013-01-29T00:00:00Z,93,1,3,Finished
590669,A Moment of Peace,"James Semple, SoundIron feat. Mercury Symphonic Boys' Choir",Original,2013-01-29T00:00:00Z,82,1,3,Finished
590668,The Final Minutes,"Xiaotian Shi, SoundIron feat. Mercury Symphonic Boys' Choir",Original,2013-01-29T00:00:00Z,184,1,3,Finished
590663,The Way Home,"Ryan P. Scully, SoundIron feat. Mercury Symphonic Boys' Choir",Original,2013-01-29T00:00:00Z,161,1,3,Finished
563181,天使よ故郷を見よ,po_mP feat. 巡音ルカ,Cover,2013-01-29T00:00:00Z,282,0,0,Finished
457246,行きます！カラオケ一曲目,charlie feat. 初音ミク,MusicPV,2013-01-29T00:00:00Z,177,0,0,Finished
424314,月・影・舞・華,ルカぺろP feat. 巡音ルカ,Cover,2013-01-29T00:00:00Z,245,0,0,Finished
403786,Sailawy,ot-virg feat. 巡音ルカ,Original,2013-01-29T00:00:00Z,248,0,0,Finished
399015,因為相信,"ICE feat. 初音ミク Append (Vivid), 初音ミク Append (Soft), 初音ミク Append (Dark)",Cover,2013-01-29T00:00:00Z,336,1,3,Finished
305971,エンジェルラダー,acuzis feat. 歌手音ピコ,Original,2013-08-22T00:00:00Z,288,0,0,Finished
257015,エンジェルラダー,豆腐屋P feat. KAITO V3 (Unknown),Original,2013-08-22T00:00:00Z,317,0,0,Finished
256734,Dearest you...,VaN feat. VY2,Original,2013-08-22T00:00:00Z,237,0,0,Finished
243014,エンジェルラダー,psgmania feat. 鏡音レン,Original,2013-08-22T00:00:00Z,283,0,0,Finished
234664,キライキライキライ,サワイ feat. 初音ミク,Original,2013-08-22T00:00:00Z,43,0,0,Finished
221232,YOAKE,ponpoko feat. KAITO V3 (Unknown),Original,2013-08-22T00:00:00Z,210,0,0,Finished
202551,Megane,Krystal - Petal feat. MEIKO,Cover,2013-08-22T00:00:00Z,174,0,0,Finished
179453,盲目ディプロマシー,fabulous feat. 初音ミク,Original,2013-08-22T00:00:00Z,200,0,0,Finished
176782,メルト,Mundo Vocaloid Editor feat. 初音ミク,Cover,2013-08-22T00:00:00Z,259,0,0,Finished
176781,いろは唄,Mundo Vocaloid Editor feat. 初音ミク Append (Unknown),Cover,2013-08-22T00:00:00Z,245,1,3,Finished
638231,白夜 ～True Light～,Shiroi Tora feat. 巡音ルカ,Cover,2013-01-02T00:00:00Z,261,0,0,Finished
624981,白い町,"Aポエット feat. 重音テト, 唄音ウタ",Original,2013-01-02T00:00:00Z,152,0,0,Finished
624977,初日,"Aポエット feat. 重音テト, 唄音ウタ",Original,2013-01-02T00:00:00Z,153,0,0,Finished
600210,幽囚の日々,Bitstar feat. 初音ミク,Original,2013-01-02T00:00:00Z,220,0,0,Finished
583407,ダンシング☆サムライ,杏淫P feat. 巡音ルカ,Cover,2013-01-02T00:00:00Z,189,0,0,Finished
577533,淋しい熱帯魚,"しえろP feat. 鏡音リン, 鏡音レン",Cover,2013-01-02T00:00:00Z,274,0,0,Finished
567758,Sherlock,なおてぃー feat. 巡音ルカ,Cover,2013-01-02T00:00:00Z,32,0,0,Finished
506710,Illusion & Pillow,k■nie feat. 滲音かこい,Original,2013-01-02T00:00:00Z,260,1,3,Finished
489841,magnet,"レオP feat. AVANNA, Oliver",Cover,2013-01-02T00:00:00Z,239,0,0,Finished
422490,絶望列車,萬 feat. 重音テト,Original,2013-01-02T00:00:00Z,188,0,2,Finished
660946,Pasta Mountain,Unknown producer(s) feat. VY1,Original,2013-12-12T00:00:00Z,99,0,0,Finished
660943,Everyday Omelette,Unknown producer(s) feat. VY1,Original,2013-12-12T00:00:00Z,99,0,0,Finished
660941,Brown Golden Curry,Unknown producer(s) feat. VY1,Original,2013-12-12T00:00:00Z,99,0,0,Finished
660937,They Call it a Hamburger Steak,Unknown producer(s) feat. VY1,Original,2013-12-12T00:00:00Z,100,1,5,Finished
637854,Can you feel the love tonight,Shiroi Tora feat. KAITO V3 (English),Cover,2013-12-12T00:00:00Z,250,0,0,Finished
627445,我很快乐,黑猫非猫 feat. 洛天依,Cover,2013-12-12T00:00:00Z,207,0,0,Draft
627428,Young for You,黑猫非猫 feat. 洛天依,Cover,2013-12-12T00:00:00Z,212,0,0,Draft
549495,ＤＩＥ,Once888 feat. 巡音ルカ,Original,2013-12-12T00:00:00Z,108,0,0,Finished
497913,Shining,さびしんぼうP feat. 初音ミク V3 (Unknown),Original,2013-12-12T00:00:00Z,195,0,0,Finished
467888,sky,MrFail feat. 巡音ルカ,Original,2013-12-12T00:00:00Z,276,0,0,Finished
711338,氷嚢コレクティヴ,キリンボウ feat. 初音ミク,Original,2013-09-05T00:00:00Z,225,0,0,Finished
699863,いろは唄,ジョーさん feat. 日本鬼子,Cover,2013-09-05T00:00:00Z,247,0,0,Finished
690550,八日目、サイレンは止む,涙崎 feat. 涙咲ロサ,Cover,2013-09-05T00:00:00Z,241,0,0,Finished
675337,豆腐メンタルグラフィティ,ちーとる feat. 猫村いろは,Original,2013-09-05T00:00:00Z,284,0,0,Finished
636744,-ERROR,Meta feat. 雲子ケイシ,Cover,2013-09-05T00:00:00Z,240,0,0,Finished
624829,竜巻,"Aポエット feat. 重音テト, 唄音ウタ",Original,2013-09-05T00:00:00Z,119,0,0,Finished
621568,Gatherway,ぱるまる feat. 焔音レイ,Cover,2013-09-05T00:00:00Z,209,0,0,Finished
616134,てん,全自動ムー大陸 feat. 初音ミク,Original,2013-09-05T00:00:00Z,285,3,9,Finished
600197,会社に火をつけて！,Bitstar feat. 初音ミク,Original,2013-09-05T00:00:00Z,223,0,0,Finished
594262,Streets Of Strawberry Town,"Tino Danielzik, SoundIron feat. Strawberry",Original,2013-09-05T00:00:00Z,159,0,2,Draft
38924,夜のいきもの,bookstores feat. 鏡音リン,Original,2013-09-07T00:00:00Z,252,14,72,Finished
38923,夏恋シグナル,片思いP feat. 結月ゆかり,Original,2013-09-07T00:00:00Z,223,0,0,Finished
38922,LIES,かりく feat. Lily,Original,2013-09-07T00:00:00Z,278,0,4,Finished
38921,Metaphysical launcher -絆の翼-,TamJEN feat. 結月ゆかり,Original,2013-09-07T00:00:00Z,251,0,0,Finished
38920,POWER,"はてぃ～ feat. KYO, WIL, YUU",Original,2013-09-07T00:00:00Z,264,1,5,Finished
38919,フレンズ,ガルフィ feat. GUMI,Original,2013-09-07T00:00:00Z,275,0,0,Finished
38918,君の味方,"Raity, ニーティングP feat. GUMI",Original,2013-09-07T00:00:00Z,177,0,0,Finished
38917,有理数プラネット,サイオナP feat. 初音ミク,Original,2013-09-07T00:00:00Z,250,4,20,Finished
38916,妄想税,"DECO*27, kous feat. 初音ミク",Original,2013-09-07T00:00:00Z,216,113,725,Approved
922998,Killing Me Softly,Julian Newcomer feat. SONiKA,Cover,2013-09-06T00:00:00Z,43,0,0,Finished
211083,ラブソングを殺さないで,花狐 feat. ちゃろえもん,Cover,2013-12-19T00:00:00Z,197,1,3,Finished
209059,白い降誕祭,"はまたい feat. 惡音キン, 奏音トモ",Original,2013-12-19T00:00:00Z,355,1,3,Finished
205250,ようじょのおっぱい【EDM RMX】,はっちりん feat. 鳩音キユ,Remix,2013-12-19T00:00:00Z,272,1,3,Finished
178674,置き手紙,くまっち feat. 結月ゆかり,Original,2013-12-19T00:00:00Z,242,0,0,Finished
168575,Winter Morning,はまなす feat. 鏡音リン,Original,2013-12-19T00:00:00Z,271,0,0,Finished
159396,Hide and Seek,Kanon746 feat. MAIKA,Cover,2013-12-19T00:00:00Z,139,1,3,Finished
152562,ELLIE,AkuoVocaloid feat. MAIKA,Cover,2013-12-19T00:00:00Z,205,1,5,Finished
125334,Bad Apple!!,MattplusBC feat. MAIKA,Cover,2013-12-19T00:00:00Z,314,3,15,Finished
81223,ハクメイ Vapor 禁足地,トメライ feat. 鏡音リン,Original,2013-12-19T00:00:00Z,221,1,3,Finished
79837,Sacred Slam Explosion Boy,kuoke feat. 鏡音レン Append (Unknown),Mashup,2013-12-19T00:00:00Z,206,0,2,Finished
32567,ima,いつものP feat. 初音ミク,Unspecified,2013-07-07T00:00:00Z,0,0,2,Draft
32568,無為,ヒッキーP feat. 鏡音リン,Original,2013-07-07T00:00:00Z,51,2,20,Finished
32569,それは夢の続き,もっふーP feat. IA,Original,2013-07-07T00:00:00Z,0,0,2,Draft
32570,浮遊トラベラー,とんびP feat. 鏡音リン,Original,2013-07-07T00:00:00Z,0,0,2,Draft
32571,キモい花,龍の巣P feat. 初音ミク,Original,2013-07-07T00:00:00Z,0,0,2,Finished
32572,What's Love,アナバ,Original,2013-07-07T00:00:00Z,67,1,3,Finished
32573,つばめのゆうげ,女帝P feat. アトロファネロウ,Original,2013-07-07T00:00:00Z,0,0,2,Finished
32574,No future,kijima feat. 鏡音レン,Unspecified,2013-07-07T00:00:00Z,60,0,2,Draft
32576,トレモロアームの孤独,"Neru feat. 鏡音レン, 鏡音リン",Original,2013-07-07T00:00:00Z,60,2,10,Finished
32577,恋しい夏の日,とーい feat. 鏡音リン,Original,2013-07-07T00:00:00Z,0,0,2,Draft
578721,月の St. Valentine's Day,伊澄ライヒ feat. 結月ゆかり,Original,2013-02-14T00:00:00Z,273,0,0,Finished
575008,one more kiss,蒼髪P feat. 巡音ルカ,MusicPV,2013-02-14T00:00:00Z,273,0,0,Finished
573819,初音ミク＆呪音キク,蒼髪P feat. 初音ミク,MusicPV,2013-02-14T00:00:00Z,211,0,0,Finished
567939,Topiku Mana,Irzhie feat. various,DramaPV,2013-02-14T00:00:00Z,46,0,0,Finished
543094,自傷無色,キルギスP feat. 雪歌ユフ,Cover,2013-02-14T00:00:00Z,220,0,0,Finished
530315,ハートブレイク・ヘッドライン,Slapegg feat. IA,Cover,2013-02-14T00:00:00Z,199,0,0,Finished
494199,WinterDay,れい feat. KAITO,Original,2013-02-14T00:00:00Z,205,0,0,Finished
441201,Love Logic,Nukude feat. Yuyupoid,Cover,2013-02-14T00:00:00Z,228,0,4,Finished
432902,ドキドキ周波数,纯白P feat. 洛天依,Original,2013-02-14T00:00:00Z,300,0,0,Finished
422045,オオミズアオ,芸竜作 feat. 実音とわの,Original,2013-02-14T00:00:00Z,201,0,0,Finished
946916,Summertime Sadness,"Rick Nowels, Emile Haynie feat. Lana Del Rey",Original,2013-08-23T00:00:00Z,266,0,0,Finished
917155,yfir regnboga,"emclWRK feat. IA, 初音ミク",Original,2013-08-23T00:00:00Z,186,0,0,Finished
910928,Last me.,Parsley feat. 初音ミク,Original,2013-08-23T00:00:00Z,367,0,0,Finished
896626,重音唄〜de Kimbose Edition,tajkey feat. 重音テト,Remix,2013-08-23T00:00:00Z,239,0,0,Finished
833650,皐月闇アマリリス,C○bRin feat. VY2,Remaster,2013-08-23T00:00:00Z,257,0,0,Finished
812281,Fantastic Bell,"仁科善明 feat. 初音ミク, 巡音ルカ",Original,2013-08-23T00:00:00Z,210,0,0,Finished
811394,カラフル,親子P feat. 初音ミク,Remix,2013-08-23T00:00:00Z,234,0,0,Finished
756058,"Eh? Ah, Sou","Taylor Douglas feat. YUU, MATCHA, 兎眠りおん",Cover,2013-08-23T00:00:00Z,197,0,0,Finished
754132,正しい憶測の仕方,こまに feat. 初音ミク,Original,2013-08-23T00:00:00Z,131,0,0,Finished
750903,宇宙人はパルプ好き,伊井衣 feat. GUMI,Original,2013-08-23T00:00:00Z,158,0,0,Finished
25466,ロストワンの号哭,AbstractCactus feat. V3 神威がくぽ (Power),Cover,2013-03-14T00:00:00Z,218,4,15,Finished
25379,Rainbow Sweet,ちゃみー feat. V3 GUMI (Native),Original,2013-03-14T00:00:00Z,200,0,2,Finished
25373,宵闇百鬼夜行,"matika feat. 鏡音レン, 鏡音リン",Original,2013-03-14T00:00:00Z,178,1,5,Finished
24344,Do you know the pom☆pon?,ミュムP feat. 兎眠りおん,Original,2013-03-14T00:00:00Z,291,3,15,Finished
24343,ハイエンドガール,log feat. 結月ゆかり,Original,2013-03-14T00:00:00Z,192,0,2,Finished
24342,軌跡,軌跡 feat. 初音ミク,Original,2013-03-14T00:00:00Z,211,0,0,Finished
24341,机の中のリモニウム,七音　遥 feat. GUMI,Original,2013-03-14T00:00:00Z,296,0,2,Finished
24340,パズルの欠片,Seiya feat. 初音ミク,Original,2013-03-14T00:00:00Z,254,0,2,Finished
24339,ちょこれいとだいさくせん,し〜ぱっぱ feat. IA,Original,2013-03-14T00:00:00Z,0,0,0,Finished
24338,カザハナ,pochi-low feat. 鏡音リン,Original,2013-03-14T00:00:00Z,171,0,4,Finished
223900,レッツ土下座！,かずみっくす feat. 初音ミク,Original,2013-08-10T00:00:00Z,166,0,0,Finished
212521,旅の終わり,初心P feat. 初音ミク,Original,2013-08-10T00:00:00Z,0,0,0,Finished
212520,aquastream,初心P feat. 初音ミク,Original,2013-08-10T00:00:00Z,0,0,0,Finished
203541,逃避行の先で,もとほせ feat. 初音ミク,Original,2013-08-10T00:00:00Z,0,0,0,Finished
203539,二重夢,もとほせ feat. 初音ミク,Original,2013-08-10T00:00:00Z,0,0,0,Finished
203540,偽物,もとほせ feat. 初音ミク,Original,2013-08-10T00:00:00Z,0,0,0,Finished
203538,ヨザクライリュージョン,もとほせ feat. 初音ミク,Original,2013-08-10T00:00:00Z,256,0,0,Finished
202488,ジッタードール,Krystal - Petal feat. YUU,Cover,2013-08-10T00:00:00Z,241,0,0,Finished
201042,smile again!,しまざき feat. IA,Unspecified,2013-08-10T00:00:00Z,0,0,0,Draft
201041,心模様,Kamiyanagi feat. うねもち,Unspecified,2013-08-10T00:00:00Z,0,0,0,Draft
102090,"Right Here, Right Now (Remix)",D3V1NdaDOOD feat. Big AL,Remix,2013-02-21T00:00:00Z,284,0,0,Finished
71883,☆ロクデナシ☆,グンマーＰ feat. 白鐘ヒヨリ,Original,2013-02-21T00:00:00Z,234,1,9,Finished
49728,迷鸟,鸟爷,Instrumental,2013-02-21T00:00:00Z,294,1,3,Finished
46623,今日だけのさよなら,TOMe feat. 初音ミク,Original,2013-02-21T00:00:00Z,149,0,0,Finished
45970,失われた記憶,Metragoon feat. various,Remix,2013-02-21T00:00:00Z,220,2,6,Finished
45602,バレンタイン編～前編～,まひるの feat. various,DramaPV,2013-02-21T00:00:00Z,395,2,6,Finished
37967,ブラックヒーロー,憂憂しいP feat. 結月ゆかり,Original,2013-02-21T00:00:00Z,142,1,7,Finished
35990,Mr.wonderboy,きりんのまつげかわいい feat. 初音ミク,MusicPV,2013-02-21T00:00:00Z,202,0,0,Finished
23503,Dear Dad,赤ヘル feat. もん茶,Original,2013-02-21T00:00:00Z,278,1,7,Finished
23290,Eternal Snow,さびしんぼうP feat. 初音ミク,Original,2013-02-21T00:00:00Z,312,0,0,Finished
899162,to y/o/u,ツダタクマ feat. GUMI,Original,2013-08-05T00:00:00Z,266,0,0,Finished
891608,紅蓮の弓矢,ROM_unkind feat. KAITO V3 (Unknown),Cover,2013-08-05T00:00:00Z,311,0,0,Finished
882315,夕景イエスタデイ,cinar feat. 鏡音リン,Cover,2013-08-05T00:00:00Z,235,0,0,Finished
845329,ユラギ,MagnAgunimon feat. 水辺鰐,Cover,2013-08-05T00:00:00Z,201,0,0,Finished
822403,Rum Pum Pum Pum,odotter feat. Unknown vocal synth(s),Cover,2013-08-05T00:00:00Z,198,0,0,Draft
775692,ヤンマーニ,マシンガンP feat. ゆっくり,Cover,2013-08-05T00:00:00Z,227,0,0,Finished
750941,愛と憎悪のフランケンシュタイン子ちゃん,伊井衣 feat. GUMI,Original,2013-08-05T00:00:00Z,46,0,0,Finished
750939,common sense,伊井衣 feat. GUMI,Original,2013-08-05T00:00:00Z,104,0,0,Finished
726359,紫色の逢魔,だーじりん feat. 初音ミク,Original,2013-08-05T00:00:00Z,296,0,0,Finished
720786,最期の魔法~Moonlit Rabbit~,クロトリノ feat. 結月ゆかり,Original,2013-08-05T00:00:00Z,260,0,0,Finished
216984,Disagree,いなっふ feat. GUMI,Original,2013-05-19T00:00:00Z,234,0,0,Finished
212898,目隠し鬼子,あっ!Key feat. various,Original,2013-05-19T00:00:00Z,240,0,0,Finished
199277,ストーリーライターの涙,沢田凛 feat. 初音ミク,Original,2013-05-19T00:00:00Z,181,0,0,Finished
193961,Ragnarock,D.M.Syndrome feat. 巡音ルカ,Original,2013-05-19T00:00:00Z,307,0,0,Finished
184595,借りパク,parapodisma feat. 鏡音レン,Original,2013-05-19T00:00:00Z,233,0,0,Draft
164359,"Eccentric girl,fadeaway",アレンジ:ひっぽ feat. 初音ミク,Original,2013-05-19T00:00:00Z,264,0,2,Finished
163959,ニセモノ達の哀歌,"玉城ねぐこ feat. 波音リツ キレ, SOHO",Original,2013-05-19T00:00:00Z,281,1,3,Finished
163678,恋二オチタ！？,カメＶＳネコ feat. 初音ミク,Original,2013-05-19T00:00:00Z,128,0,0,Finished
162663,何とか楽しくやってるよ,薬局 feat. KAITO V3 (Unknown),Original,2013-05-19T00:00:00Z,201,0,0,Finished
139705,あるぱかの歌,NOBU feat. 初音ミク,Original,2013-05-19T00:00:00Z,188,0,0,Finished
477636,公式絵がこない,もえこP feat. MEIKO,Original,2013-11-07T00:00:00Z,61,0,0,Finished
439925,〝今〟に服ふ者たちへ,U.3. feat. VY2,Original,2013-11-07T00:00:00Z,300,0,0,Finished
320189,+(Plus),"St. Derp feat. 鏡音リン Append (Power), 鏡音リン Append (Warm)",Cover,2013-11-07T00:00:00Z,190,1,3,Finished
305381,귀요미송,Kori feat. 春歌ナナ,Cover,2013-11-07T00:00:00Z,43,0,0,Finished
253216,アリスシンドローム,ことりっぷ feat. GUMI,Original,2013-11-07T00:00:00Z,225,0,0,Finished
242598,橙色の月,Martin feat. Mew,Original,2013-11-07T00:00:00Z,363,0,0,Finished
241786,Intersection,なめこ☆ダブルエックス feat. 初音ミク,Original,2013-11-07T00:00:00Z,280,0,0,Finished
233126,積み重ねて,℃B。 feat. 重音テト,Original,2013-11-07T00:00:00Z,120,1,3,Finished
222039,蒼空へセッション,gen-o feat. 初音ミク,Original,2013-11-07T00:00:00Z,282,0,0,Finished
221134,ぽっぴんぱたん,terekep feat. 朝音ボウ,Original,2013-11-07T00:00:00Z,138,1,3,Finished
99386,ことばっと,緊急ゆるポート feat. 初音ミク,Original,2013-11-25T00:00:00Z,132,1,3,Finished
99362,DEAREST,アネモネP feat. IA,Original,2013-11-25T00:00:00Z,255,0,0,Finished
79604,ホルモンパーティー,となりのぽち feat. 初音ミク,Original,2013-11-25T00:00:00Z,140,0,0,Finished
47207,sweets-times,西澤シンゾー feat. Lily,Original,2013-11-25T00:00:00Z,222,0,0,Finished
44400,アイヴネバービーンユー,hr feat. 初音ミク,Original,2013-11-25T00:00:00Z,284,0,4,Finished
44395,ジーニアス,フライングジラフ feat. GUMI,Original,2013-11-25T00:00:00Z,225,0,6,Finished
44187,SEMBON-SAKURA Eurobeat MIX,DJ.BM feat. 初音ミク,Remix,2013-11-25T00:00:00Z,250,2,8,Finished
44070,Time Traveler,ensou feat. GUMI,Original,2013-11-25T00:00:00Z,210,9,37,Finished
44062,コル・ココル,Deme feat. 初音ミク,Original,2013-11-25T00:00:00Z,274,0,0,Finished
44060,Letter to myself,夢ーちょP feat. IA,Original,2013-11-25T00:00:00Z,309,0,2,Finished
724381,sound only,銅のクチバシ feat. あけこ,Original,2013-04-25T00:00:00Z,248,0,0,Finished
724339,弱虫の言い訳,マシロ feat. GUMI,Original,2013-04-25T00:00:00Z,170,1,3,Finished
724325,光の中へ,さなぎの人 feat. 初音ミク,Original,2013-04-25T00:00:00Z,179,0,0,Finished
724323,夏夜の花と,行灯 feat. VY2,Original,2013-04-25T00:00:00Z,201,0,2,Finished
724286,大丈夫だよ,まりを feat. 初音ミク,Original,2013-04-25T00:00:00Z,119,0,0,Finished
724283,who are you?,黒猫 feat. GUMI,Original,2013-04-25T00:00:00Z,262,1,3,Finished
720822,暗闇,zakuro feat. VY1V3,Original,2013-04-25T00:00:00Z,30,0,0,Finished
666809,ぜんまい,しやく feat. 雪歌ユフ,Original,2013-04-25T00:00:00Z,336,0,0,Finished
665897,てんごくとじごく,"いつき -樹- feat. 鏡音リン Append (Power), 鏡音レン Append (Power)",MusicPV,2013-04-25T00:00:00Z,200,0,0,Finished
634574,おじょうさん in the JP,ManP feat. IA,Original,2013-04-25T00:00:00Z,213,1,3,Finished
1020250,HEAVEN,umbrellaguns feat. 爽歌皐月,Cover,2013-02-22T00:00:00Z,289,0,0,Finished
993230,きこえないことば,sakaizaki feat. 鏡音リン,Original,2013-02-22T00:00:00Z,201,0,0,Finished
948898,wood bell,うや feat. 初音ミク,Original,2013-02-22T00:00:00Z,234,0,0,Finished
840992,ロックンロールパンピー,yuruyuru feat. 初音ミク,Original,2013-02-22T00:00:00Z,221,0,0,Finished
833641,Eclipse,Yana feat. KAITO V3 (Unknown),Original,2013-02-22T00:00:00Z,228,0,0,Finished
833579,antlions,グンマーＰ feat. 健音テイ,Original,2013-02-22T00:00:00Z,318,0,0,Finished
818841,Kagome Kagome,Mystikaru feat. KYANN,Cover,2013-02-22T00:00:00Z,329,0,0,Finished
808062,staple✂stable,nefumi feat. 囲いオト,Cover,2013-02-22T00:00:00Z,90,0,0,Finished
806979,Lavender Town,ViihMel feat. 歌手音ピコ,Cover,2013-02-22T00:00:00Z,85,0,0,Finished
777012,血腥瑪麗,"花之祭P feat. 洛天依, VOXOS",Original,2013-02-22T00:00:00Z,133,0,0,Finished
705964,Black Widow,"alisato feat. 巡音ルカ, 鏡音レン",MusicPV,2013-05-29T00:00:00Z,181,0,0,Finished
705604,Heart Beats,たすく feat. 巡音ルカ,MusicPV,2013-05-29T00:00:00Z,300,0,0,Finished
705601,我是否患了一種名為寂寞的病,鸣樱 feat. 巡音ルカ,Cover,2013-05-29T00:00:00Z,315,0,0,Finished
624871,雨の日は,"Aポエット feat. 重音テト, 唄音ウタ",Original,2013-05-29T00:00:00Z,142,0,0,Finished
607482,星見合宿,イワンP feat. 初音ミク,Original,2013-05-29T00:00:00Z,252,0,0,Finished
606016,Realize of the dream,Lukard feat. 初音ミク,Remaster,2013-05-29T00:00:00Z,186,0,0,Finished
604706,踊る再構築,荒木若干 feat. 初音ミク,Original,2013-05-29T00:00:00Z,230,0,0,Finished
577816,ヤギ年の女,"ST feat. IA, V3 GUMI (Adult)",Original,2013-05-29T00:00:00Z,306,0,0,Finished
541130,ツギハギエデン,Yuma Saito feat. GUMI,MusicPV,2013-05-29T00:00:00Z,251,3,15,Approved
541127,HeavenZ - ÅrmZ [GAME MOVIE],初音ミク,MusicPV,2013-05-29T00:00:00Z,0,0,0,Draft
68089,アイランド,Materia feat. 初音ミク,Original,2014-09-19T00:00:00Z,258,1,7,Finished
68088,初恋ピアリング,藪椿 feat. 初音ミク,Original,2014-09-19T00:00:00Z,234,0,0,Finished
68087,ロマンティックディスタンス,あんP feat. IA,Original,2014-09-19T00:00:00Z,217,2,12,Finished
68086,ラヴァーズ・カタルシス,"mukami, いろどり feat. GUMI",Original,2014-09-19T00:00:00Z,244,0,0,Finished
68085,苺恋隠れん坊,アオトケイ feat. 初音ミク Append (Dark),Original,2014-09-19T00:00:00Z,208,3,13,Finished
68084,CODE RED,FB777 feat. 初音ミク,Original,2014-09-19T00:00:00Z,156,0,4,Finished
66525,nois,4y4 feat. 初音ミク,Original,2014-09-19T00:00:00Z,183,0,2,Finished
63448,キュウビ御霊会ミステリヰ ～起承～,てにをは feat. 初音ミク,Original,2014-09-19T00:00:00Z,290,5,27,Finished
55268,春霞,SOMA feat. 巡音ルカ,Original,2014-09-19T00:00:00Z,224,0,4,Finished
55265,流星,SOMA feat. 巡音ルカ,Original,2014-09-19T00:00:00Z,279,0,4,Finished
682723,ＲＢＣソングでゆいレールの駅名,"旅行魔 feat. 巡音ルカ, KAITO",Cover,2014-10-17T00:00:00Z,87,0,0,Finished
652027,たりないかぼちゃ,Lamb feat. 重音テト,Cover,2014-10-17T00:00:00Z,281,0,0,Finished
617011,ようかい体操第一,Nawen feat. WIL,Cover,2014-10-17T00:00:00Z,95,0,0,Finished
612330,LOGIC GIRL,シロ feat. GUMI,Original,2014-10-17T00:00:00Z,133,0,0,Finished
594279,正義ノムナサワギ,るいす feat. IA ROCKS,Original,2014-10-17T00:00:00Z,234,0,0,Finished
581918,たびのさき,カトリ feat. 猫村いろは,Original,2014-10-17T00:00:00Z,148,0,0,Finished
525802,Spiral Game,"Kubalto feat. 重音テト, 桃音モモ, Beat Okamine",Cover,2014-10-17T00:00:00Z,211,0,0,Finished
504702,星に恋するモルフォ蝶,榛めご feat. KAITO V3 (Unknown),Original,2014-10-17T00:00:00Z,191,0,0,Finished
492828,不純喫茶ポアロ,かずちんP feat. 初音ミク,Original,2014-10-17T00:00:00Z,194,0,0,Finished
422024,マスキングドール,片井雨司 feat. 重音テト,Original,2014-10-17T00:00:00Z,207,0,0,Finished
63528,Remnant,芳田 feat. 初音ミク,Unspecified,2014-08-17T00:00:00Z,0,0,0,Draft
63509,Sune● (2012 REMIX),鼻そうめんP,Remix,2014-08-17T00:00:00Z,468,3,11,Finished
63511,Scapecoat (Hiroyuki ODA Remix),鼻そうめんP feat. 初音ミク V3 (Original),Remix,2014-08-17T00:00:00Z,457,10,40,Finished
63505,青,konkon feat. 鏡音リン,Original,2014-08-17T00:00:00Z,244,1,5,Finished
63506,ヒートアイランド,青屋夏生 feat. 鏡音リン,Original,2014-08-17T00:00:00Z,241,1,7,Finished
63507,真夏の残像,takamatt feat. 鏡音リン,Original,2014-08-17T00:00:00Z,245,3,25,Finished
63508,ビッチーズ・オン・ザ・ラン,Dixie Flatline feat. 鏡音リン,Original,2014-08-17T00:00:00Z,252,10,50,Finished
63500,Welcome to DQN Style2,かごめP feat. 鏡音リン Append (Power),Original,2014-08-17T00:00:00Z,218,4,22,Finished
63501,×××,Spacelectro feat. 鏡音リン,Original,2014-08-17T00:00:00Z,261,11,57,Finished
63502,心霊体験をしたアイツのその時の状況と心境がまったく伝わってこない,うたたP feat. 鏡音リン,Original,2014-08-17T00:00:00Z,175,40,234,Finished
59858,Love Less,新城P feat. KAITO V3 (Unknown),Original,2014-06-29T00:00:00Z,237,2,8,Finished
59859,The frozen sun,うらら feat. KAITO V3 (English),Original,2014-06-29T00:00:00Z,225,1,3,Finished
59860,Icicle,彩埜 feat. KAITO,Original,2014-06-29T00:00:00Z,241,1,3,Finished
59861,in light,halP feat. KAITO V3 (Unknown),Original,2014-06-29T00:00:00Z,290,1,3,Finished
59862,コエナキコエ,テンネン feat. KAITO,Original,2014-06-29T00:00:00Z,279,1,3,Finished
59863,Star Peacet,新城P feat. KAITO V3 (Unknown),Original,2014-06-29T00:00:00Z,211,2,6,Finished
59864,トウキョウの街,ベース缶P feat. KAITO,Original,2014-06-29T00:00:00Z,268,1,3,Finished
59763,#2,彩埜 feat. MEIKO,Original,2014-06-29T00:00:00Z,268,2,10,Finished
59764,星,彩埜,Original,2014-06-29T00:00:00Z,0,0,0,Finished
59757,目次,彩埜,Original,2014-06-29T00:00:00Z,0,0,0,Draft
76718,キミノオト,koyori feat. GUMI,Remix,2014-12-30T00:00:00Z,270,0,2,Finished
76719,幾千年ラヴソング,"はりーP, アラトマイマサタカ feat. 初音ミク",Remix,2014-12-30T00:00:00Z,306,0,4,Finished
76720,東京キャスター,koyori feat. GUMI,Remix,2014-12-30T00:00:00Z,277,0,2,Finished
76721,where you are,はりーP,Original,2014-12-30T00:00:00Z,237,0,2,Finished
76716,she and sea,koyori feat. 初音ミク,Original,2014-12-30T00:00:00Z,247,0,4,Finished
76690,ゴーストパーティー,おにゅうP,Unspecified,2014-12-30T00:00:00Z,0,0,0,Draft
76691,ときにはよいしゅうまつを,おにゅうP,Unspecified,2014-12-30T00:00:00Z,0,0,0,Draft
76692,ハッピーバースデイからはにげられない,おにゅうP,Unspecified,2014-12-30T00:00:00Z,0,0,0,Draft
76649,Fruity Love,MineK feat. GUMI,Original,2014-12-30T00:00:00Z,0,0,0,Finished
76650,fraudroid,polygon prompt,Original,2014-12-30T00:00:00Z,295,0,0,Draft
75681,winter star prayer,mickeY feat. V3 GUMI (Power),Original,2014-12-07T00:00:00Z,280,0,2,Finished
75678,月光潤色ガール,"れるりり feat. GUMI, 初音ミク",Original,2014-12-07T00:00:00Z,269,20,124,Finished
75656,Daydream Flight,Hyurno feat. 鏡音レン Append (Unknown),Cover,2014-12-07T00:00:00Z,340,0,12,Finished
1006591,Scarborough Fair,"あさのだよ feat. 巡音ルカ, 初音ミク V3 (English)",Cover,2014-12-06T00:00:00Z,183,0,0,Finished
943779,good night.,Thaumasios feat. 健音テイ,Cover,2014-12-06T00:00:00Z,294,0,0,Finished
942049,Chandelier,rinmaru 🌿 feat. Oliver,Cover,2014-12-06T00:00:00Z,213,0,0,Finished
941318,Senbonzakura (English ver.),Shawnichii feat. MEIKO V3 (English),Cover,2014-12-06T00:00:00Z,243,1,3,Finished
917547,It's Been So Long,papara271 feat. SONiKA,Cover,2014-12-06T00:00:00Z,180,0,0,Finished
909414,電子のかけら,Reku Mochizuki feat. さとうささら,Original,2014-12-06T00:00:00Z,66,0,0,Finished
862343,返して,タマオニ feat. 重音テト,Original,2014-12-06T00:00:00Z,126,0,0,Finished
198762,HappySunday,PressureRain feat. VY1V3,Cover,2014-12-20T00:00:00Z,245,0,0,Finished
198761,HappySunday,"PressureRain feat. VY1V4 (Soft), VY1V4 (Normal)",Cover,2014-12-20T00:00:00Z,245,0,0,Finished
198760,HappySunday,"PressureRain feat. VY1V4 (Normal), VY1V4 (Soft)",Cover,2014-12-20T00:00:00Z,245,0,0,Finished
198759,HappySunday,PressureRain feat. VY1V4 (Soft),Cover,2014-12-20T00:00:00Z,244,0,0,Finished
198758,HappySunday,PressureRain feat. VY1V4 (Power),Cover,2014-12-20T00:00:00Z,244,0,0,Finished
198757,HappySunday,PressureRain feat. VY1V4 (Natural),Cover,2014-12-20T00:00:00Z,244,0,0,Finished
198756,HappySunday,PressureRain feat. VY1V4 (Normal),Cover,2014-12-20T00:00:00Z,245,0,0,Finished
188539,星時雨アウトロー,空見P feat. 鏡音レン,Original,2014-12-20T00:00:00Z,258,0,2,Finished
188124,全員ミステイク,nagara feat. 初音ミク,Original,2014-12-20T00:00:00Z,139,0,0,Finished
188081,風の魂,evaP feat. 重音テト,Original,2014-12-20T00:00:00Z,256,1,3,Finished
56556,Mary Annette,"PianoBench, tigermeat feat. Elky, Rylan Mercier",Original,2014-05-11T00:00:00Z,285,1,7,Finished
55457,J( 'ー`)し カーチャン,"おにゅうP, まももP feat. 初音ミク",Original,2014-05-11T00:00:00Z,329,1,9,Finished
55419,レイニー,ふえると feat. 初音ミク,Remaster,2014-05-11T00:00:00Z,260,0,0,Finished
55418,メランコリックシューゲイザー,ANDRIVEBOiz feat. v flower,Original,2014-05-11T00:00:00Z,246,10,58,Finished
55415,ダヴィンチの告白(Electro-Mix),がぁりぃ feat. 初音ミク,Remix,2014-05-11T00:00:00Z,214,0,0,Finished
55413,季節の音,空海月 feat. 初音ミク,Original,2014-05-11T00:00:00Z,248,1,7,Finished
55345,さよならぼくたちのすぴりっつ,ほぼ日P feat. 初音ミク,Original,2014-05-11T00:00:00Z,122,0,0,Finished
1011859,ハジメテノオト,清水寺 feat. なないろニジ,Cover,2014-05-10T00:00:00Z,303,0,0,Finished
992935,Are You Gonna Go My Way　～自由への疾走～,fosolong feat. MAYU,Cover,2014-05-10T00:00:00Z,213,0,0,Finished
992934,せつなさよりも遠くへ,みずなし feat. 鏡音リン,Cover,2014-05-10T00:00:00Z,195,0,0,Finished
71333,真紅ノ蝶,ぼのりす feat. 小山乃舞世,Cover,2014-11-02T00:00:00Z,179,1,3,Finished
71323,ビットレート・ヴァイオレンス,"黒田亜津, cillia feat. 波音リツ",Original,2014-11-02T00:00:00Z,237,1,7,Finished
71324,ムーランルージュについて,"藍乃, ゆらほにゃ feat. 重音テト",Original,2014-11-02T00:00:00Z,170,1,3,Finished
71326,copy & paste,"hako feat. 結月ゆかり, 蒼77, 水音ラル",Original,2014-11-02T00:00:00Z,244,1,3,Finished
71327,願い,樹人 feat. 松田っぽいよ,Original,2014-11-02T00:00:00Z,254,1,3,Finished
71328,Sweet Sunny Sunday,風原 feat. 雪歌ユフ,Original,2014-11-02T00:00:00Z,274,1,3,Finished
71304,ユメミドリ,"キロ feat. 波音リツ, 春歌ナナ",Original,2014-11-02T00:00:00Z,266,1,5,Finished
71298,echo,nakano4 feat. 唄音ウタ,Original,2014-11-02T00:00:00Z,216,1,5,Finished
71041,緑青追記,"ある調味料, もちづき feat. 梟音キリィ, 空唄カナタ",Original,2014-11-02T00:00:00Z,176,1,7,Finished
71043,HighTensionBeat,"MineK, ギーチ feat. 赤羽カラス, 歌造ツバメ",Original,2014-11-02T00:00:00Z,0,1,3,Finished
58575,アコガレ,ゆよゆっぺ feat. 初音ミク,Original,2014-07-16T00:00:00Z,222,3,15,Finished
58576,願いの音,ゆよゆっぺ feat. 巡音ルカ,Original,2014-07-16T00:00:00Z,254,4,22,Finished
55227,STATIC,164 feat. GUMI,Original,2014-07-16T00:00:00Z,216,3,25,Finished
1000927,盲目パラノイア,さとる feat. 初音ミク Append (Dark),Original,2014-07-15T00:00:00Z,113,0,0,Finished
953303,ドーナツホール,AngelOfGears feat. Tenshine Anna,Cover,2014-07-15T00:00:00Z,209,0,0,Finished
951035,おれの尻をさわるな（アカプルコ編）,"cherryred feat. 白鐘ヒサギ, 白鐘ヒナタ, やまだまや",Original,2014-07-15T00:00:00Z,87,0,0,Finished
867926,Emo Japanesque Eclectic Girl,IchigoMinako feat. MIRIAM,Cover,2014-07-15T00:00:00Z,313,0,0,Finished
762568,お酒と×××は二十歳から,カピバラ兄貴 feat. GUMI,Original,2014-07-15T00:00:00Z,184,0,0,Finished
705012,夏祭り,ｔａｏｐａｉｐａｉ feat. 重音テト,Original,2014-07-15T00:00:00Z,217,0,0,Finished
675867,僕をそんな目で見ないで,DerpingToaster feat. 欲音ルコ♂,Cover,2014-07-15T00:00:00Z,309,0,0,Finished
41005,18号のBlue-Gene,MOSAIC.TUNE feat. 鏡音レン,Cover,2014-04-01T00:00:00Z,235,3,25,Finished
987403,Nostalogic ,KotoneSound feat. YOHIOloid (Unknown),Cover,2014-03-31T00:00:00Z,188,0,0,Finished
985896,明日の風にさすらって,テレカP feat. 初音ミク,Original,2014-03-31T00:00:00Z,207,0,0,Finished
944993,Flower Power,koro feat. 初音ミク,Cover,2014-03-31T00:00:00Z,199,0,0,Draft
914158,いーあるふぁんくらぶ,"Meria. feat. 恵音メグ, 祈音イヴ",Cover,2014-03-31T00:00:00Z,238,0,0,Finished
900006,なんってなんなん,"ふぃらん feat. 鏡音リン, 女声1 (AquesTalk)",Original,2014-03-31T00:00:00Z,63,1,3,Finished
865625,NoNoNo,koro feat. 初音ミク,Cover,2014-03-31T00:00:00Z,221,0,0,Finished
841243,反逆のツブテ,水田安納 feat. 重音テト,Original,2014-03-31T00:00:00Z,136,1,3,Finished
807752,CHNL-kAD_2CV3~甘いドラッグは夜のうちに~,"HNL,NL feat. 巡音ルカ",Remix,2014-03-31T00:00:00Z,422,0,0,Finished
784732,遠く、近く,TiBi feat. V3 GUMI (Whisper),Original,2014-03-31T00:00:00Z,236,0,0,Finished
107591,泣いてもいいんだよ,みくれれP feat. 初音ミク,Cover,2014-05-17T00:00:00Z,221,0,0,Draft
87502,ココナッツピーチ,"えり, わかな feat. 初音ミク",Original,2014-05-17T00:00:00Z,204,0,8,Finished
81176,Astray,masato feat. 鏡音リン,Original,2014-05-17T00:00:00Z,250,0,2,Finished
69343,INVERSE PROPORTION,shira feat. 初音ミク,Original,2014-05-17T00:00:00Z,294,1,3,Finished
69048,森の唄,"吟, ユウマ feat. 獣音ロウ",Original,2014-05-17T00:00:00Z,313,1,3,Finished
69039,How to arrive at there,emi feat. メルリ,Original,2014-05-17T00:00:00Z,431,1,3,Finished
69038,left to you,"TAGAMI, emi feat. メルリ",Original,2014-05-17T00:00:00Z,235,1,5,Finished
68000,Mapless Decay,HarukaNiji feat. MAIKA,Original,2014-05-17T00:00:00Z,261,0,0,Finished
62753,炉心融解,Polygon-P feat. v flower,Cover,2014-05-17T00:00:00Z,330,0,2,Finished
59765,So Far So Good,SATOSHI YOSHIDA feat. メルリ,Original,2014-05-17T00:00:00Z,306,0,0,Finished
86856,in to blue,,Unspecified,2014-12-30T00:00:00Z,0,0,0,Draft
86857,DRILL EATER,大上祥平 feat. 初音ミク,Original,2014-12-30T00:00:00Z,211,1,19,Finished
86858,DEEP BLUE,,Unspecified,2014-12-30T00:00:00Z,0,0,0,Draft
86853,good bye,,Unspecified,2014-12-30T00:00:00Z,0,0,0,Draft
86854,Bluephrase Termination,"大上祥平, Kanata Labo feat. 初音ミク",Original,2014-12-30T00:00:00Z,235,1,9,Finished
86688,故にユーエンミ,"むよ feat. 箱音ラム, 箱音ント",Cover,2014-12-30T00:00:00Z,181,1,5,Finished
86513,opening,べにまる,Original,2014-12-30T00:00:00Z,0,0,0,Finished
86514,南風,べにまる feat. IA,Original,2014-12-30T00:00:00Z,0,0,0,Finished
86516,starting step,"べにまる, るうすけ feat. 初音ミク",Cover,2014-12-30T00:00:00Z,0,0,0,Draft
86517,amulet,るうすけ feat. 初音ミク,Original,2014-12-30T00:00:00Z,0,0,0,Finished
71553,十六夜ロンリーナイト,"note, L-tone feat. 鏡音レン",Original,2014-11-04T00:00:00Z,162,1,3,Finished
71552,白い羽の誘惑,うあじゃ feat. MEIKO,Original,2014-11-04T00:00:00Z,215,0,2,Finished
71539,ここまでおいで,稲敷常州 feat. MEIKO,Original,2014-11-04T00:00:00Z,206,0,0,Finished
71530,Sexy Als Ik Dans,Gintaku feat. 深夜ミノ,Cover,2014-11-04T00:00:00Z,221,1,5,Finished
71527,nag,"でも, おす feat. 初音ミク",MusicPV,2014-11-04T00:00:00Z,187,0,0,Finished
71526,heart beat,"雨宿軒, 純愛の巨人P feat. IA",Original,2014-11-04T00:00:00Z,255,1,3,Finished
71525,リスクヘッジシェルター,Yono feat. 結月ゆかり,Original,2014-11-04T00:00:00Z,240,0,2,Finished
71523,グラスソーダ,TetraP feat. 初音ミク,Original,2014-11-04T00:00:00Z,243,0,0,Finished
71522,キンダーコンプレックス,"トサカ feat. GUMI, IA",Original,2014-11-04T00:00:00Z,189,0,0,Finished
71521,ともだちの歌,アコギP feat. 初音ミク Append (Unknown),Original,2014-11-04T00:00:00Z,237,0,2,Finished
910304,夕焼けちょこれーと,quaoar feat. 初音ミク,Original,2014-01-28T00:00:00Z,119,0,0,Finished
874527,ハロウィンモンスタァパーティナイト,"ほうぷ feat. MEIKO V3 (Power), KAITO V3 (Straight), KAITO V3 (Soft)",Cover,2014-01-28T00:00:00Z,180,0,0,Finished
821068,One's way Song,田中剛樹 feat. IA,Original,2014-01-28T00:00:00Z,265,0,2,Finished
784286,life,madu1101 feat. 初音ミク,Original,2014-01-28T00:00:00Z,219,0,2,Finished
749134,ポーカーフェース,Mewsicatto feat. various,Cover,2014-01-28T00:00:00Z,201,0,0,Finished
729457,粉雪,"こえいち feat. CeVIO (Unknown), Unknown vocal synth(s)",Cover,2014-01-28T00:00:00Z,324,0,2,Draft
692207,襟首,"KisekiDreamer feat. IA, Kirane Yuu",Cover,2014-01-28T00:00:00Z,238,0,0,Finished
675089,Cosmology（2014ver）,峰 feat. 猫村いろは,Remaster,2014-01-28T00:00:00Z,250,0,0,Finished
648155,人魚姫,PandaChanKyu feat. 初音ミク V3 (Sweet),Cover,2014-01-28T00:00:00Z,212,0,2,Finished
598630,コエタモ,宇宙電波受信P feat. 鉛音ピネ,Original,2014-01-28T00:00:00Z,180,0,0,Finished
643083,告白ライバル宣言,いなお feat. スランキ,Cover,2014-09-25T00:00:00Z,234,0,2,Finished
625755,テッカマンの歌,ぱるまる feat. 鏡音リン,Cover,2014-09-25T00:00:00Z,157,0,0,Finished
611268,シグナル,もりもりもりくそん feat. 初音ミク,Original,2014-09-25T00:00:00Z,304,0,0,Finished
549813,99 Nights,"TAKU INOUE feat. 長谷川明子, 釘宮理恵, 原由実",Original,2014-09-25T00:00:00Z,242,0,0,Finished
542717,ANTIMATTERS,NIYMORIY feat. Unknown vocalist(s),Remaster,2014-09-25T00:00:00Z,306,0,0,Draft
424541,在来ヒーローズ,"アレンジP, でんぴよP, 響音/音操 feat. various",Cover,2014-09-25T00:00:00Z,231,0,0,Finished
422618,詩棄,ハルユキ feat. 初音ミク,Original,2014-09-25T00:00:00Z,232,0,0,Finished
349098,夢であるように,"CtKa feat. WIL, KYO, YUU",Cover,2014-09-25T00:00:00Z,290,1,3,Finished
257811,Isis,こじろ feat. GUMI,Original,2014-09-25T00:00:00Z,305,0,0,Finished
244809,僕について,すみちょふ feat. KAITO V3 (Unknown),Original,2014-09-25T00:00:00Z,257,0,0,Finished
173575,Tell Your World,淺色N.S. feat. 浅色デン,Cover,2014-07-11T00:00:00Z,281,1,3,Finished
158287,未来志愿,Wing翼 feat. 洛天依,Original,2014-07-11T00:00:00Z,209,0,0,Finished
147870,星光,"BTM, 樂天P feat. 洛天依",Original,2014-07-11T00:00:00Z,241,0,0,Finished
146143,夢物語,"DADULLA feat. 鏡音レン, 狽音ウルシ",Remix,2014-07-11T00:00:00Z,203,1,3,Finished
127483,闇が広がる,"根気P feat. メルリ, 猫村いろは",Cover,2014-07-11T00:00:00Z,255,0,8,Finished
127482,溺るると,neilguse-il feat. GUMI,Original,2014-07-11T00:00:00Z,322,1,11,Finished
116040,GLIDE,97HTF feat. 僕,Cover,2014-07-11T00:00:00Z,166,1,3,Finished
109379,従属ふりったー,下油 feat. 蒼歌ネロ,Cover,2014-07-11T00:00:00Z,0,0,0,Finished
109378,従属ふりったー,kapi feat. 星野フミカ,Cover,2014-07-11T00:00:00Z,217,1,5,Finished
108408,マグノリア,チョコラテP feat. 東北ずん子,Cover,2014-07-11T00:00:00Z,132,0,2,Finished
302255,笑顔満開の旅,chmr feat. 初音ミク,Original,2014-04-27T00:00:00Z,181,0,0,Finished
295755,出来っこない,torigocco feat. 初音ミク,Original,2014-04-27T00:00:00Z,129,0,0,Finished
295068,ダイアリー,さらみん feat. 初音ミク V3 (Unknown),Original,2014-04-27T00:00:00Z,253,0,0,Finished
294713,Pure,まこぴぃ feat. 初音ミク,Original,2014-04-27T00:00:00Z,317,0,0,Finished
289212,被害妄想携帯女子（笑）,Aka-P feat. MEIKO V3 (Straight),Cover,2014-04-27T00:00:00Z,234,0,0,Finished
276602,どこかの恋歌,ょぅ feat. 初音ミク Append (Sweet),Original,2014-04-27T00:00:00Z,314,0,4,Finished
267131,わかれみち,見切り発車P feat. 初音ミク,Original,2014-04-27T00:00:00Z,262,0,0,Finished
263086,ウチの亭主はボカロP,shinten feat. 初音ミク,Original,2014-04-27T00:00:00Z,189,0,0,Finished
254599,悲しみの中で,Air2.51 feat. 初音ミク,Original,2014-04-27T00:00:00Z,131,0,0,Finished
231534,イキテルミラクル,ずりゅ～ん feat. GUMI,Original,2014-04-27T00:00:00Z,132,0,0,Finished
296867,My Dearest,b0uys3l feat. MAIKA,Cover,2014-01-01T00:00:00Z,94,0,0,Finished
295008,コンパス,"nai☆ feat. 初音ミク V3 (Original), 巡音ルカ",Original,2014-01-01T00:00:00Z,219,0,0,Finished
294215,恋のまにまに,あさなん feat. 初音ミク V3 (Unknown),Original,2014-01-01T00:00:00Z,153,0,0,Finished
293840,明けましておめでとうございます,こるく feat. 初音ミク,Original,2014-01-01T00:00:00Z,39,0,0,Finished
289016,LaST oRDeR,Gara69 feat. 初音ミク,Original,2014-01-01T00:00:00Z,104,0,0,Finished
263643,僕がいる,小野塚裕也 feat. 鏡音レン,Original,2014-01-01T00:00:00Z,283,0,0,Finished
259195,カンカラカン,sokorom feat. 初音ミク Append (Sweet),Original,2014-01-01T00:00:00Z,207,1,3,Finished
257829,ナイチンゲェル,こじろ feat. GUMI,Original,2014-01-01T00:00:00Z,334,0,0,Finished
236256,春が来たら,とのとの feat. 初音ミク,Original,2014-01-01T00:00:00Z,205,0,0,Finished
233735,我餓,阪本数奇 feat. 初音ミク,Original,2014-01-01T00:00:00Z,194,0,0,Finished
422071,虹色のプレゼント,水　空 feat. 冬音サナ,Original,2014-02-22T00:00:00Z,288,0,0,Finished
422070,あやまらいおん,水　空 feat. 冬音サナ,Original,2014-02-22T00:00:00Z,204,1,3,Finished
421415,ネオメロドラマティック,イウラ feat. 巡音ルカ,Remix,2014-02-22T00:00:00Z,243,0,0,Finished
372580,SHINOBIRHYTHM,SPANK! feat. 巡音ルカ,Original,2014-02-22T00:00:00Z,225,1,3,Finished
367413,隻眼の撃墜王,"蒼くらげ, ZOLA PROJECT feat. メルリ",Original,2014-02-22T00:00:00Z,164,0,0,Finished
362702,唱這歌,ジュリアン feat. 神威がくぽ,Remix,2014-02-22T00:00:00Z,177,0,0,Finished
338592,伝えて涙,yas feat. 巡音ルカ,Original,2014-02-22T00:00:00Z,194,0,0,Finished
335112,Lovin` You,ひろうさ♪ feat. kokone,Cover,2014-02-22T00:00:00Z,370,0,2,Finished
335111,Lovin` You,ひろうさ♪ feat. V3 GUMI (Native),Original,2014-02-22T00:00:00Z,370,0,2,Finished
323973,茶料理,Mustdon feat. 初音ミク,Original,2014-02-22T00:00:00Z,387,0,4,Finished
59761,海,彩埜,Original,2014-06-29T00:00:00Z,0,0,0,Finished
59762,海辺の絵描き,彩埜 feat. KAITO,Original,2014-06-29T00:00:00Z,0,1,3,Finished
59688,夜ノ果テマデ,クリスタルP feat. KAITO,Original,2014-06-29T00:00:00Z,269,0,0,Finished
59621,p-緑色,dust feat. 初音ミク,Original,2014-06-29T00:00:00Z,173,0,2,Finished
59613,平和な町のおまわりさん,木村わいP feat. 初音ミク,Original,2014-06-29T00:00:00Z,100,0,0,Finished
59612,To See That Star,五月雨P feat. 巡音ルカ,Original,2014-06-29T00:00:00Z,272,0,0,Finished
59611,雑踏レスポンス,"緊急ゆるポート, ChocoLateClub feat. 初音ミク",Original,2014-06-29T00:00:00Z,371,1,5,Finished
59587,マッシュルーム日和,"霞音あゆむ, ねりけし feat. 初音ミク",Cover,2014-06-29T00:00:00Z,213,0,0,Finished
59574,Re:Birth,"pellishita, テンプル, ninigi feat. IA ROCKS",Original,2014-06-29T00:00:00Z,200,0,0,Finished
59573,星空Dancing☆,jaguar_jaguar feat. 初音ミク,Original,2014-06-29T00:00:00Z,347,0,2,Finished
207272,Bass Space Dance Hall,Haltak @ satellites feat. 初音ミク,Original,2014-07-08T00:00:00Z,238,0,0,Finished
191577,通りゃんせ,"Azucia feat. 歌愛ユキ, ガチャッポイド, Mack音ネネキ",Cover,2014-07-08T00:00:00Z,121,1,3,Finished
176010,hone,ptM250 feat. various,Original,2014-07-08T00:00:00Z,102,1,3,Finished
171851,千年の独奏歌,NeonLights feat. KAITO V3 (Straight),Cover,2014-07-08T00:00:00Z,278,0,0,Finished
156943,poop,HoboPanda feat. 天音ルナ,Original,2014-07-08T00:00:00Z,65,1,3,Draft
128161,sleeping beauty,Disty feat. 半月アキ,Cover,2014-07-08T00:00:00Z,245,1,3,Finished
115293,boy,AKIPONG feat. 初音ミク V3 (Unknown),Original,2014-07-08T00:00:00Z,331,0,0,Finished
90979,サンドリヨン,"あおと feat. KAITO V3 (Unknown), MEIKO V3 (Unknown)",MusicPV,2014-07-08T00:00:00Z,297,1,7,Finished
86099,初音議員泣き乱れながら潔白主張,Arurun feat. 初音ミク,DramaPV,2014-07-08T00:00:00Z,71,0,2,Draft
85172,タルパル,"いるー feat. 巡音ルカ, 春歌ナナ",Original,2014-07-08T00:00:00Z,240,3,17,Finished
320318,プレゼント アコギver,ゆう feat. 松田っぽいよ,Cover,2014-08-08T00:00:00Z,295,0,0,Draft
296784,空色の歌姫,ガメオベールP feat. 初音ミク,Original,2014-08-08T00:00:00Z,215,0,0,Finished
296041,daze,こぬこ feat. 歌幡メイジ,Cover,2014-08-08T00:00:00Z,235,1,5,Finished
280959,Play It One Last Time,EmmyKsama feat. SeeU (Korean),Original,2014-08-08T00:00:00Z,239,0,0,Finished
275983,いんど。,MiYABi feat. 巡音ルカ,Original,2014-08-08T00:00:00Z,216,0,0,Finished
275956,Neutrality,Kekal feat. Unknown vocalist(s),Original,2014-08-08T00:00:00Z,272,1,3,Finished
246409,ファーストコントラクト,橙色のダイ feat. 初音ミク V3 (Unknown),Original,2014-08-08T00:00:00Z,268,0,0,Finished
245849,Blitz or Blink,Kia feat. 鏡音リン,Original,2014-08-08T00:00:00Z,239,0,0,Finished
242732,月下のDANCE,大塩杭夢 feat. IA,Cover,2014-08-08T00:00:00Z,212,0,0,Finished
217017,FREEDOM CALL,"missing bloody flower feat. 初音ミク, 鏡音レン",Original,2014-08-08T00:00:00Z,392,0,2,Finished
68112,丸い望み (Bossa Arrange.),"coralmines feat. IA ROCKS, GUMI, 初音ミク",Remix,2014-09-20T00:00:00Z,321,0,0,Finished
68111,The Moon Above The Storm,coralmines feat. V3 GUMI (English),Original,2014-09-20T00:00:00Z,302,0,4,Finished
68109,丸い望み (Extended Mix),"coralmines feat. IA ROCKS, GUMI, 初音ミク",Remix,2014-09-20T00:00:00Z,269,1,3,Finished
1019717,そうだね (Short.ver),kaeuta feat. Mew,Original,2014-09-19T00:00:00Z,105,0,0,Finished
1002151,どえむ,Shadowkisses91 feat. Ben Kruger,Cover,2014-09-19T00:00:00Z,253,0,0,Finished
929814,Прекрасное Далёко [English version],Dimmer88 feat. 巡音ルカ,Remix,2014-09-19T00:00:00Z,194,0,0,Finished
884544,寄清梦,小爱P feat. 洛天依,Original,2014-09-19T00:00:00Z,262,0,0,Finished
804817,ルカ,怪loid feat. 滲音かこい,Original,2014-09-19T00:00:00Z,168,2,6,Finished
784312,懺悔,TAT feat. VY2V3 (Standard),Original,2014-09-19T00:00:00Z,322,0,0,Finished
779410,恋届け,うってぃー feat. GUMI,Original,2014-09-19T00:00:00Z,64,0,0,Finished
283973,音声,岩上Crescent feat. 初音ミク,Original,2014-05-01T00:00:00Z,235,0,0,Finished
276601,片道切符を持って,ょぅ feat. 鏡音リン Append (Sweet),Original,2014-05-01T00:00:00Z,225,0,0,Finished
266552,ゆうやけ,ガルフィ feat. GUMI,Original,2014-05-01T00:00:00Z,90,0,0,Finished
211337,めちゃくちゃに鳴らすギター,ナツノエ feat. 初音ミク,Original,2014-05-01T00:00:00Z,199,0,0,Finished
174867,星空に零るる願い,玉鋼 feat. 巡音ルカ,Original,2014-05-01T00:00:00Z,218,0,2,Finished
162116,覚悟はOK？,NAON feat. 初音ミク V3 (Unknown),Cover,2014-05-01T00:00:00Z,250,0,0,Finished
162112,確かな気持ち,NAON feat. 初音ミク V3 (Unknown),Cover,2014-05-01T00:00:00Z,308,0,0,Finished
111711,コンビニ,kotaro feat. KAITO,Original,2014-05-01T00:00:00Z,271,0,0,Finished
111709,ボクトキミノアイダニ,kotaro feat. 初音ミク,Original,2014-05-01T00:00:00Z,311,0,0,Finished
107039,Lapin de Lune (うさぎ組み mix),うさぎラビット feat. various,Remix,2014-05-01T00:00:00Z,193,0,0,Finished
194564,Viva La Vida,Andrés Farías feat. MAIKA,Cover,2014-01-10T00:00:00Z,224,0,0,Finished
194281,巡音街道三六二,ひデ feat. 巡音ルカ,Original,2014-01-10T00:00:00Z,205,0,2,Finished
181328,distorted justice,k-ki feat. 初音ミク,Original,2014-01-10T00:00:00Z,243,0,0,Finished
180430,FLARE,MangoSiRyan12 feat. MEIKO V3 (Power),Cover,2014-01-10T00:00:00Z,205,1,3,Finished
178692,Happy Birthday to You,"フィドロサミル feat. 初音ミク V3 (English), 巡音ルカ, KAITO V3 (English)",Cover,2014-01-10T00:00:00Z,34,0,0,Finished
177160,悲しみの大学生 今日もチャリをこぐ,alaki paca feat. V3 Lily,Original,2014-01-10T00:00:00Z,256,0,0,Finished
168035,リア充ですが？,"幡谷尚史, 鳩女 うたう文芸サークル feat. 正岡小豆, 小林抹茶",Original,2014-01-10T00:00:00Z,176,0,0,Finished
126198,Suffering,makoto feat. Oliver,Original,2014-01-10T00:00:00Z,231,1,5,Finished
120980,テキトーに MY LIFE,mozu feat. 重音テト,Original,2014-01-10T00:00:00Z,177,1,3,Finished
104224,嘘つき,本気マフラーP feat. 結月ゆかり,Original,2014-01-10T00:00:00Z,237,0,2,Finished
87108,生き埋めの花,ミザ feat. Rana,Cover,2014-09-15T00:00:00Z,278,0,0,Finished
83832,きょうもハレバレ,"ふわりP feat. 松下, 森永真由美",Cover,2014-09-15T00:00:00Z,231,1,5,Finished
81448,Music Box,"Kaku S feat. 初音ミク, galaco (Unknown)",Original,2014-09-15T00:00:00Z,99,0,0,Finished
80898,千本桜 - (anti 2step remix),rekanan feat. 雪歌ユフ,Remix,2014-09-15T00:00:00Z,159,1,7,Finished
75649,あたしのヒーロー,ルイ feat. 初音ミク,Original,2014-09-15T00:00:00Z,149,0,0,Finished
75370,Trigger (dj-Jo Remix) [TV Size],dj-Jo,Instrumental,2014-09-15T00:00:00Z,90,0,0,Finished
75371,Trigger (dj-Jo Remix),dj-Jo,Instrumental,2014-09-15T00:00:00Z,304,0,0,Finished
75277,スカイライジング,エメラルなっしー feat. 初音ミク V3 (Dark),Original,2014-09-15T00:00:00Z,129,0,0,Finished
71986,シリメツレツ,"酔いどれバナナ, LIGHT NOTES feat. 初音ミク",Original,2014-09-15T00:00:00Z,241,0,0,Finished
68496,スタート,"そーだーすい feat. 初音ミク, 鏡音リン, 鏡音レン",Original,2014-09-15T00:00:00Z,288,0,0,Finished
66275,REincarnation,hiropon1220 feat. 初音ミク,Original,2014-08-29T00:00:00Z,253,0,0,Finished
66273,むしゃむしゃぶーぶ,Eros feat. 蒼姫ラピス,Original,2014-08-29T00:00:00Z,244,0,2,Finished
66268,ʃɪ-én-ʃhú:,AVTechNO! feat. 巡音ルカ,Original,2014-08-29T00:00:00Z,322,1,7,Finished
66265,ぶれないアイで,Mitchie M feat. 初音ミク V3 (Original),Original,2014-08-29T00:00:00Z,236,84,490,Approved
66217,青春Moment,"yura, clairSoir feat. 鏡音リン",Original,2014-08-29T00:00:00Z,273,0,0,Finished
62621,Framework,Azureflux feat. AVANNA,Original,2014-08-29T00:00:00Z,196,1,5,Approved
62620,A Better Day,"ADYXSHA, Cepheid feat. V3 GUMI (English)",Original,2014-08-29T00:00:00Z,316,1,17,Finished
52860,リトルレディー,RUBY-CATMAN feat. 初音ミク V3 (Unknown),Original,2014-08-29T00:00:00Z,214,2,16,Finished
44559,氤氳語,"盖盖Nyan~, Re叔 feat. 洛天依",Original,2014-08-29T00:00:00Z,212,1,3,Finished
1000943,Sunday Morning Studio,佐々木蒼馬 feat. GUMI,Original,2014-08-28T00:00:00Z,208,0,0,Finished
54214,You and I,まつよP feat. 初音ミク,Unspecified,2014-04-26T00:00:00Z,0,0,0,Draft
54215,花曇,Guliver feat. GUMI,Unspecified,2014-04-26T00:00:00Z,0,0,0,Draft
54216,前へ,toma feat. GUMI,Unspecified,2014-04-26T00:00:00Z,0,0,0,Draft
54218,花鳥風月,ハマダコウキ feat. GUMI,Unspecified,2014-04-26T00:00:00Z,0,0,0,Draft
54188,Standby,kouki,Original,2014-04-26T00:00:00Z,20,0,0,Finished
54189,Askwords,kouki feat. GUMI,Original,2014-04-26T00:00:00Z,171,0,0,Finished
54190,サイドステップ -Another Step Remix-,kouki feat. GUMI,Remix,2014-04-26T00:00:00Z,219,0,0,Finished
54159,サーカスが終わる頃に,アンビリカル244P feat. GUMI,Original,2014-04-26T00:00:00Z,239,1,3,Finished
54160,グリーンアイス,MARUDARUMA feat. GUMI,Original,2014-04-26T00:00:00Z,237,1,3,Finished
54161,プライマルスケルツォ,MI8k feat. IA,Cover,2014-04-26T00:00:00Z,182,1,3,Finished
128153,フルチカゾン,Disty feat. 半月アキ,Cover,2014-06-30T00:00:00Z,210,1,3,Finished
126689,雨音のレクイエム,時報 feat. KAITO V3 (Straight),Original,2014-06-30T00:00:00Z,278,0,0,Finished
125183,Train,つかだこうき feat. GUMI,Original,2014-06-30T00:00:00Z,246,1,3,Finished
123459,Key,赤兎かい feat. IA,Original,2014-06-30T00:00:00Z,216,0,0,Finished
112391,八重ノ山吹鬼,"くらん, ひよこみくる。 feat. 巡音ルカ, VY2",Original,2014-06-30T00:00:00Z,266,0,0,Finished
86745,Adam,ClockworkSinger feat. Oliver,Original,2014-06-30T00:00:00Z,201,1,3,Finished
86746,GODdess of glutTONS,"ClockworkSinger feat. Oliver, Prima, Tonio",Original,2014-06-30T00:00:00Z,109,1,3,Finished
86747,Tick Tock ~music box version~,ClockworkSinger feat. Sweet Ann,Remix,2014-06-30T00:00:00Z,112,0,0,Finished
86748,Inauspicious Radio Hosts Broadcast Through White Noise,"ClockworkSinger feat. Big AL, Tonio",Original,2014-06-30T00:00:00Z,286,0,0,Finished
86749,Adam (off vocal),ClockworkSinger,Instrumental,2014-06-30T00:00:00Z,201,1,3,Finished
54458,Lie,"DAGGER feat. 初音ミク, 巡音ルカ, 鏡音リン",Original,2014-04-27T00:00:00Z,230,0,0,Finished
54459,Cheer up!,DAGGER feat. 鏡音リン,Original,2014-04-27T00:00:00Z,0,0,0,Finished
54460,Cheer up! - Remix -,DAGGER feat. 鏡音リン,Remix,2014-04-27T00:00:00Z,0,0,0,Finished
54461,Sweetest Girl,DAGGER feat. 巡音ルカ,Original,2014-04-27T00:00:00Z,0,0,0,Finished
54462,EXECUTION,DAGGER,Original,2014-04-27T00:00:00Z,0,0,0,Finished
54463,Run The Way,DAGGER,Original,2014-04-27T00:00:00Z,0,0,0,Finished
54464,The day of hopping everyone,DAGGER,Original,2014-04-27T00:00:00Z,0,0,0,Finished
54465,DANCE FLOOR,buzzG feat. Layla,Cover,2014-04-27T00:00:00Z,230,1,3,Finished
54411,グーパースター,"monaca:factory feat. 初音ミク, GUMI",Original,2014-04-27T00:00:00Z,187,5,25,Finished
54412,Aquamarine,monaca:factory feat. lasah,Original,2014-04-27T00:00:00Z,287,1,3,Finished
174387,SO ALIVE,かざまつ feat. 初音ミク,Original,2014-03-26T00:00:00Z,252,0,0,Finished
170998,ひねくれ者,"いろどり, いむる feat. SF-A2 開発コード miki",Original,2014-03-26T00:00:00Z,235,0,0,Finished
169212,Shout,"つぶ実, Little*Butterfly feat. 初音ミク V3 (Soft)",Original,2014-03-26T00:00:00Z,174,0,0,Finished
147749,枝ノ護人,科林 feat. KAITO V3 (Straight),Cover,2014-03-26T00:00:00Z,195,0,0,Finished
132991,It's Snowing Sorrow,Snowphones feat. V3 GUMI (English),Original,2014-03-26T00:00:00Z,132,0,0,Finished
127823,ストリーミングハート,nukozo feat. 重音テト,Cover,2014-03-26T00:00:00Z,179,1,3,Finished
123906,機械人形達の街,玉鋼 feat. 巡音ルカ,Original,2014-03-26T00:00:00Z,297,0,2,Finished
114494,magnet,"Kyonatix feat. Utshii Utskii, てすねりず",Cover,2014-03-26T00:00:00Z,238,1,3,Finished
89949,SAKURA Swing,GeneScorp1966 feat. 蒼姫ラピス,Original,2014-03-26T00:00:00Z,212,0,0,Finished
87221,Yo te espero,AlexTrip Sands feat. 初音ミク,Cover,2014-03-26T00:00:00Z,274,1,5,Finished
353348,サイレントスペース,ゲレスナ feat. 巡音ルカ,Original,2015-01-11T00:00:00Z,216,0,0,Finished
299994,雪の心臓,toshiyuki feat. 初音ミク,Original,2015-01-11T00:00:00Z,301,0,0,Finished
295155,くんくん☆コミュニュケイト,zuNo feat. 初音ミク,Original,2015-01-11T00:00:00Z,187,0,0,Finished
290017,想い出の先へ,四半世紀P feat. 初音ミク V3 (Soft),Original,2015-01-11T00:00:00Z,231,0,0,Finished
289902,ロストワンの号哭　(8bit?アレンジ),霹靂 feat. 歌幡メイジ,Remix,2015-01-11T00:00:00Z,217,0,4,Finished
255116,last snow,C君P feat. GUMI,Original,2015-01-11T00:00:00Z,282,0,0,Finished
253759,オフィーリア,しう feat. 初音ミク V3 (Dark),Original,2015-01-11T00:00:00Z,253,0,0,Finished
246321,It's sunny,M.R.A. feat. 結月ゆかり,Original,2015-01-11T00:00:00Z,300,0,0,Finished
246320,Logic,M.R.A. feat. 結月ゆかり,Original,2015-01-11T00:00:00Z,335,0,0,Finished
243936,lov,ROBIN feat. 重音テト,Original,2015-01-11T00:00:00Z,289,1,3,Finished
105007,Solitary forest -GOS10th-,"shu-t, Glint of Sound feat. KAITO, MEIKO",Remix,2015-11-05T00:00:00Z,320,0,0,Finished
105008,Various feelings -GOS10th-,"shu-t, kaya, Glint of Sound feat. MEIKO",Remix,2015-11-05T00:00:00Z,303,2,10,Finished
105009,Everybody Say Hello -GOS10th-,"shu-t, Glint of Sound feat. MEIKO, MEIKO V3 (English)",Remix,2015-11-05T00:00:00Z,300,0,0,Finished
105001,Cry for the sky -GOS10th-,"shu-t, Glint of Sound feat. MEIKO",Remix,2015-11-05T00:00:00Z,368,0,0,Finished
105002,Crystal -GOS10th-,"shu-t, Glint of Sound feat. MEIKO",Remix,2015-11-05T00:00:00Z,379,0,2,Finished
105003,Cradle of Destiny -GOS10th-,"shu-t, Glint of Sound feat. MEIKO",Remix,2015-11-05T00:00:00Z,348,0,0,Finished
105004,Close my Eyes -GOS10th-,"shu-t, Glint of Sound feat. MEIKO",Remix,2015-11-05T00:00:00Z,330,1,7,Finished
105005,Continue History,shu-t,Original,2015-11-05T00:00:00Z,294,0,0,Finished
105000,战狐,"希望索任合资, 纳兰寻风 feat. 乐正绫",Original,2015-11-05T00:00:00Z,251,3,13,Finished
104999,Cardinal,"shu-t, Glint of Sound feat. MEIKO",Original,2015-11-05T00:00:00Z,313,2,26,Finished
364117,挿話,舞姫立夏 feat. 桃音モモ,Original,2015-10-22T00:00:00Z,240,0,0,Finished
322790,きみは青い風,ラムネ菓子 feat. 初音ミク,Original,2015-10-22T00:00:00Z,298,1,3,Finished
316042,ホラホラダンス,ガソリンと野望 feat. GUMI,Original,2015-10-22T00:00:00Z,186,0,2,Finished
311938,非常の雪,やさき feat. 壮音スワ,Cover,2015-10-22T00:00:00Z,187,1,3,Finished
305268,Fallen Down,Oasty feat. Moonbase Alpha Text-to-Speech,Remix,2015-10-22T00:00:00Z,123,3,11,Finished
299552,知らない意味に,平間崚 feat. 初音ミク Append (Dark),Original,2015-10-22T00:00:00Z,294,0,0,Finished
293332,Stardust In My Hands - A Song Of Cofeito -,つうく=焼酎P feat. 猫村いろは V4 (Natural),Original,2015-10-22T00:00:00Z,279,0,0,Finished
291934,Tricky Tricky Halloween,"隼兎 feat. 鏡音リン, 鏡音レン",Original,2015-10-22T00:00:00Z,198,0,4,Finished
278093,奇怪列車と悪戯な夜,すまP feat. 初音ミク,Original,2015-10-22T00:00:00Z,138,0,0,Finished
249054,Super Hero,SelfLoathingNarcissist feat. MEIKO,Cover,2015-10-22T00:00:00Z,227,0,0,Finished
304334,僕のサイノウ,Szabo Florin feat. Dragoon,Cover,2015-02-11T00:00:00Z,290,1,3,Finished
304164,虚ろっく,Yosukenchos feat. VY1,Original,2015-02-11T00:00:00Z,226,0,0,Finished
296907,"Fairytale,",b0uys3l feat. 重音テト,Cover,2015-02-11T00:00:00Z,299,1,3,Finished
265848,self answer,amuriruma feat. GUMI,Original,2015-02-11T00:00:00Z,177,0,0,Finished
259949,idea,のーむ feat. KAITO V3 (Unknown),Original,2015-02-11T00:00:00Z,200,0,0,Finished
256796,そうだね,希Ｐ feat. 初音ミク,Original,2015-02-11T00:00:00Z,220,0,0,Finished
247199,ただいま,マルキン feat. 初音ミク,Original,2015-02-11T00:00:00Z,197,0,0,Finished
241337,dance in the carmine bund,Erica Vermilion feat. 結月ゆかり,Original,2015-02-11T00:00:00Z,224,0,0,Finished
237751,カンタレラ,googoo888 feat. KAITO,MusicPV,2015-02-11T00:00:00Z,183,1,3,Finished
206689,褐色の失望,TBLM feat. 初音ミク,Original,2015-02-11T00:00:00Z,134,0,0,Finished
176820,Danger,"odotter feat. GHOSTYLOID, SETSUNA KIBATSU",Cover,2015-07-15T00:00:00Z,253,1,3,Finished
164403,あの子がほしい,yngw feat. まとあとま,Original,2015-07-15T00:00:00Z,183,2,6,Finished
157032,ハイハハイニ,Eaver feat. IA,Cover,2015-07-15T00:00:00Z,241,0,0,Finished
153547,No Where,あずまや feat. GUMI,Cover,2015-07-15T00:00:00Z,238,0,0,Finished
138068,心音,タケノコ少年 feat. IA,Original,2015-07-15T00:00:00Z,369,1,3,Finished
130508,白昼のエール,モノトーンP feat. 鏡音リン,Original,2015-07-15T00:00:00Z,251,4,12,Finished
127643,コップのフチ子,ドッシー feat. 初音ミク,Original,2015-07-15T00:00:00Z,214,0,0,Finished
122955,巡る夏,モノクロHumility feat. GUMI,Original,2015-07-15T00:00:00Z,168,0,0,Finished
110363,とても痛い痛がりたい,"ki feat. VY1V3, VY2",MusicPV,2015-07-15T00:00:00Z,193,0,0,Finished
101114,死神少女,"黑白P feat. 心華, 初音ミク",Original,2015-07-15T00:00:00Z,218,0,0,Finished
121600,時の砂 ～side:APPEND Mix～,"ちくP feat. 鏡音レン Append (Cold), 鏡音レン Append (Serious)",Original,2015-04-25T00:00:00Z,0,0,0,Draft
121601,Clepsanmia ～side:APPEND Mix～,しえろP feat. 鏡音レン Append (Power),Unspecified,2015-04-25T00:00:00Z,311,0,0,Draft
121602,蛍火,しえろP,Instrumental,2015-04-25T00:00:00Z,0,0,0,Draft
121603,褪色の風景,しえろP,Instrumental,2015-04-25T00:00:00Z,270,0,0,Approved
120837,サンダーバード,クマロボP feat. 初音ミク,Original,2015-04-25T00:00:00Z,0,0,0,Finished
115659,fullfil,"うちぼり, gumikunn feat. IA",Unspecified,2015-04-25T00:00:00Z,0,0,0,Draft
115661,チャイルドレジスタンス,"はG, Take my umbrella feat. 初音ミク",Original,2015-04-25T00:00:00Z,216,0,0,Finished
115597,アンクリア・カラーズ,篠倉 feat. IA,Unspecified,2015-04-25T00:00:00Z,0,0,0,Draft
115200,透明漂流記,egumo feat. 初音ミク,Original,2015-04-25T00:00:00Z,273,1,3,Finished
113336,Red Zoned,mayrock,Original,2015-04-25T00:00:00Z,0,1,3,Finished
720139,アイ、キライ。,西秋じゅん feat. MAYU,Original,2015-08-17T00:00:00Z,152,0,0,Finished
716128,シザーハンズ,JahTheWorld feat. 木苺アキハル,Cover,2015-08-17T00:00:00Z,276,0,0,Finished
694276,jazz in parallel world,きくお,Original,2015-08-17T00:00:00Z,260,2,12,Finished
694274,my little prayer,きくお,Original,2015-08-17T00:00:00Z,223,0,4,Finished
694271,rains,きくお,Original,2015-08-17T00:00:00Z,164,0,2,Finished
694270,mel and Alice,きくお,Original,2015-08-17T00:00:00Z,176,0,6,Finished
694266,wander and drain,きくお,Original,2015-08-17T00:00:00Z,255,0,12,Finished
688618,アルカリズム,八音 feat. 初音ミク,Original,2015-08-17T00:00:00Z,238,0,0,Finished
629948,月光　～君を守る～,きのまんP feat. IA ROCKS,Original,2015-08-17T00:00:00Z,196,0,0,Finished
624369,摂理,"Aポエット feat. 重音テト, 唄音ウタ",Original,2015-08-17T00:00:00Z,270,0,0,Finished
123712,純情可憐乙女ガール,モタリケ feat. GUMI,Original,2015-06-08T00:00:00Z,218,0,4,Finished
113726,操戈天下,睡狸 feat. 洛天依,Remix,2015-06-08T00:00:00Z,255,0,0,Finished
102550,走れ！,上級者向けP feat. VY2V3 (Unknown),Original,2015-06-08T00:00:00Z,195,0,2,Finished
98699,Wing Zero,Zion Flux feat. AVANNA,Original,2015-06-08T00:00:00Z,232,0,0,Finished
96649,winner loser,"黑白P feat. 洛天依, 言和, YOHIOloid (Japanese)",Original,2015-06-08T00:00:00Z,234,0,2,Finished
96019,唐メタル,"風の民 feat. 初音ミク, 破壊音マイコ",Original,2015-06-08T00:00:00Z,94,2,10,Finished
91472,ヘッドフォン,ボサツ feat. 巡音ルカ,Original,2015-06-08T00:00:00Z,196,0,2,Finished
91274,おかえり、ペヤング,tk feat. GUMI,Original,2015-06-08T00:00:00Z,200,0,0,Finished
90290,RED ENCROACHMENT,IKEDA feat. 巡音ルカ V4X (Unknown),Original,2015-06-08T00:00:00Z,265,3,17,Finished
90109,静かな街の片隅で,"うあじゃ feat. 巡音ルカ, 巡音ルカ V4X (Unknown)",Original,2015-06-08T00:00:00Z,236,0,0,Finished
90234,夏にキスしていいですか？,"Hiroto Suzuki, Takao Ogi feat. ARSMAGNA",Original,2015-06-01T00:00:00Z,218,0,0,Finished
89671,リアルトモダチコレクション,"紗月 feat. 蒼姫ラピス, メルリ",Original,2015-06-01T00:00:00Z,349,0,2,Finished
89633,アマヤドリ,Kimkim feat. 初音ミク Append (Dark),Original,2015-06-01T00:00:00Z,233,2,10,Finished
89620,アンドロメダ,ナナホシ管弦楽団 feat. 初音ミク,Remix,2015-06-01T00:00:00Z,233,2,14,Finished
89619,きかせたいのは,ササノマリイ feat. 初音ミク,Original,2015-06-01T00:00:00Z,204,20,108,Finished
89618,Cyan hallucination,コウノスケ feat. 初音ミク,Original,2015-06-01T00:00:00Z,176,1,3,Finished
89617,レゾンデートル,なな氏 feat. 結月ゆかり,Original,2015-06-01T00:00:00Z,220,0,0,Finished
89607,下一个远方,战场原妖精 feat. 洛天依,Original,2015-06-01T00:00:00Z,247,8,50,Finished
89320,Better Days,Gen feat. 初音ミク,Unspecified,2015-06-01T00:00:00Z,230,0,2,Draft
89321,Emo For Days,Gen feat. 初音ミク,Unspecified,2015-06-01T00:00:00Z,223,0,2,Draft
642545,Perfectionist Complex,choco caramel feat. Seicho Noota,Cover,2015-11-08T00:00:00Z,232,0,0,Finished
625687,Oh! One True Love,MutedPower feat. 初音ミク V4 (English),Cover,2015-11-08T00:00:00Z,96,0,2,Finished
616010,愛されてばかりいると,GAN_yuki feat. IA,Cover,2015-11-08T00:00:00Z,230,0,0,Finished
611231,トワイライト・ピリオド,SAKUPAPA feat. 初音ミク,Original,2015-11-08T00:00:00Z,218,0,0,Finished
606842,Bloody Mary,YUGIFU feat. AVANNA,Cover,2015-11-08T00:00:00Z,244,2,6,Finished
588024,ツギハギスタッカート,く～ feat. 白音カン,Cover,2015-11-08T00:00:00Z,250,0,0,Finished
579767,ガム,"JP feat. galaco, 初音ミク",Original,2015-11-08T00:00:00Z,194,0,0,Finished
569570,Transparent Dancer,Motsu feat. 初音ミク,Original,2015-11-08T00:00:00Z,369,0,0,Finished
555088,東京テディベア,TheKawaiiHurts feat. 巡音ルカ,Cover,2015-11-08T00:00:00Z,193,0,0,Finished
540507,VOiCE,Le Jardin du Reve feat. ごましおちゃん,Cover,2015-11-08T00:00:00Z,96,0,0,Finished
236781,あなたにHappy Birthday,りょうま feat. 初音ミク,Original,2015-01-05T00:00:00Z,253,0,0,Finished
234869,白日夢,カルボナーラP feat. Lily,Original,2015-01-05T00:00:00Z,398,0,0,Finished
233884,50と1の心,collt feat. 楓歌コト,Original,2015-01-05T00:00:00Z,240,4,14,Finished
232396,皮肉屋パラノイア,tetetedevil feat. 初音ミク,Original,2015-01-05T00:00:00Z,214,0,0,Finished
228660,"""N""o Where",あずまや feat. 杏音,Original,2015-01-05T00:00:00Z,238,0,2,Finished
220512,みんなの時代,アラン feat. 初音ミク V3 (Unknown),Original,2015-01-05T00:00:00Z,174,0,0,Finished
216848,ありふれた魔法,はっともっと feat. IA,Original,2015-01-05T00:00:00Z,298,0,2,Finished
213511,ヤクソク,エロンP feat. GUMI,Cover,2015-01-05T00:00:00Z,247,0,0,Finished
192107,Go to bed。,さんぜろ feat. 初音ミク,Original,2015-01-05T00:00:00Z,105,0,0,Finished
179526,cuz u,mayrock feat. 奏音トモ,Original,2015-01-05T00:00:00Z,179,1,7,Finished
104324,ぽかぽか,"スギアヤヒコ feat. 鏡音リン, KAITO V3 (Soft)",Original,2015-04-12T00:00:00Z,148,1,3,Finished
101106,IN THE SILENCE,tsuyopon tsuyoshi feat. kokone,Original,2015-04-12T00:00:00Z,849,0,0,Finished
100023,luciole,ゔぁろん feat. マクネナナ (English),Original,2015-04-12T00:00:00Z,246,1,3,Finished
96020,嘆きの唄,風の民 feat. 初音ミク,Unspecified,2015-04-12T00:00:00Z,89,0,0,Draft
89466,抑圧錯乱ボーイ,蒼天 feat. 赤咲湊,Cover,2015-04-12T00:00:00Z,257,1,3,Finished
86718,Stardust Utopia,Miri Chan feat. SeeU (Japanese),Cover,2015-04-12T00:00:00Z,263,0,2,Finished
86073,愛言葉  arrange ver.,"ぴむ, sizk feat. 箱音ラム",Remix,2015-04-12T00:00:00Z,329,2,8,Finished
86032,Moon Pie,"GHOST DATA feat. AVANNA, 巡音ルカ",Original,2015-04-12T00:00:00Z,502,1,7,Finished
85866,moon-light,tgs1999 feat. GUMI,Original,2015-04-12T00:00:00Z,249,1,5,Finished
85748,アクチュエーター,M@SATOSHI feat. 鏡音リン Append (Unknown),Original,2015-04-12T00:00:00Z,157,0,0,Finished
685885,Gib dich zufrieden 心をなやむるなかれ,"8bit feat. 巡音ルカ, KAITO V3 (Unknown)",Cover,2015-05-13T00:00:00Z,95,0,0,Finished
681786,Assault Mirage,"text_to_death feat. Soon Roko, Teren, Tree",Cover,2015-05-13T00:00:00Z,207,0,0,Finished
628819,Born to be -DLC ver.-,モルヒネ feat. 猫村いろは,Remix,2015-05-13T00:00:00Z,260,0,0,Finished
628483,Princess×Sword×Knight,"文月, YAS feat. various",Original,2015-05-13T00:00:00Z,353,2,8,Finished
628478,冒険はいつでも、すぐそばにある。,"七詩(名無し) feat. 白鷺めろと, 葵コルリ, 黒雉タゲリ",Original,2015-05-13T00:00:00Z,194,0,0,Finished
625344,地層,"Aポエット feat. 重音テト, 唄音ウタ",Original,2015-05-13T00:00:00Z,306,0,0,Finished
613921,Die in a Fire,meghightower feat. 初音ミク,Cover,2015-05-13T00:00:00Z,187,0,0,Draft
606847,Paparazzi,YUGIFU feat. 巡音ルカ V4X English (Straight),Cover,2015-05-13T00:00:00Z,214,0,0,Finished
446419,“お誕生日おめでとう”,half “M” feat. 初音ミク,Original,2015-05-13T00:00:00Z,114,0,0,Finished
437806,ティータイム,あれっくちゅ feat. 仄歌エリー,Original,2015-05-13T00:00:00Z,134,0,0,Finished
87104,セレスティアル・サヨナラ,Aquatic Muse feat. 天道音あわす,Original,2015-05-03T00:00:00Z,188,1,3,Finished
87103,感情の崩壊,Aquatic Muse feat. 天道音あわす,Original,2015-05-03T00:00:00Z,314,1,3,Finished
87054,ステラノーツ,島白 feat. 初音ミク,Original,2015-05-03T00:00:00Z,236,8,28,Finished
87053,エル・ドラド -tekalu Remix-,tekalu feat. 初音ミク Append (Solid),Remix,2015-05-03T00:00:00Z,276,5,27,Finished
87052,冴火,bibuko feat. 初音ミク,Original,2015-05-03T00:00:00Z,377,2,10,Finished
87051,ヘリオライト,れるりり feat. GUMI,Original,2015-05-03T00:00:00Z,277,2,24,Finished
87025,ヒビカセ,"Hyurno feat. 鏡音レン, 鏡音レン Append (Power)",Cover,2015-05-03T00:00:00Z,257,3,21,Finished
87021,ニュース39,Mitchie M feat. 初音ミク,Original,2015-05-03T00:00:00Z,232,103,639,Approved
87016,君に捧げる幻想曲,礼田電探 feat. 初音ミク V3 (Unknown),Original,2015-05-03T00:00:00Z,299,0,0,Finished
71711,スケープスコープ,にょっすP feat. 月代はくぽ,Original,2015-05-03T00:00:00Z,297,2,6,Finished
107372,空耳,黒澤まどか feat. 結月ゆかり,Original,2015-11-28T00:00:00Z,270,5,29,Finished
107365,しわ,めーぷる feat. 松田っぽいよ,Cover,2015-11-28T00:00:00Z,258,1,3,Finished
107363,Beautiful life,Ando Ken feat. 初音ミク,Original,2015-11-28T00:00:00Z,260,0,0,Finished
107362,あたしは歌うアンドロイド。,TKN feat. GUMI,Original,2015-11-28T00:00:00Z,210,0,6,Finished
107361,What you need,24P feat. AVANNA,Original,2015-11-28T00:00:00Z,269,2,6,Finished
107360,PSGLOZURE,coralmines feat. 初音ミク V3 (Unknown),Remix,2015-11-28T00:00:00Z,265,2,14,Finished
107358,はなまるぴっぴはよいこだけ,攻 feat. 鏡音リン,Cover,2015-11-28T00:00:00Z,194,1,9,Finished
107356,Anaesthetic,MSKyuuni feat. 巡音ルカ V4X English (Straight),Original,2015-11-28T00:00:00Z,331,0,0,Finished
107355,mirage,tgs1999 feat. IA,Original,2015-11-28T00:00:00Z,262,0,4,Finished
107354,ハルナハルカ,桜華P feat. GUMI,Original,2015-11-28T00:00:00Z,178,0,4,Finished
111516,shatter the silence,ak+q feat. SONiKA,Original,2015-11-26T00:00:00Z,211,0,0,Finished
107375,アバンチュール,灰色屋 feat. 初音ミク,Original,2015-11-26T00:00:00Z,237,1,3,Finished
107329,あしたは死ぬことにした,ユリイ・カノン feat. 初音ミク,Original,2015-11-26T00:00:00Z,265,6,28,Finished
107328,花唄は群青に浮かんだ,しーくん feat. 初音ミク,Original,2015-11-26T00:00:00Z,342,0,0,Finished
107308,Condact,トーキーの波動関数 feat. 巡音ルカ,Original,2015-11-26T00:00:00Z,260,0,2,Finished
107307,あかるい朝,"Syrup 2/3 feat. 重音テト, 桃音モモ",Original,2015-11-26T00:00:00Z,188,1,5,Finished
107306,On the loneliness,けんたな feat. GUMI,Original,2015-11-26T00:00:00Z,268,0,0,Finished
107305,チャルメラサンタ,となりのぽち feat. 初音ミク,Original,2015-11-26T00:00:00Z,229,0,0,Finished
107303,Sense of Love,skyarts feat. GUMI,Original,2015-11-26T00:00:00Z,206,0,0,Finished
107301,オールドラジオ,オレジナルP feat. KAITO V3 (Unknown),Remix,2015-11-26T00:00:00Z,273,4,20,Finished
85376,HURT -Re:track-,Utena feat. 初音ミク,Original,2015-04-25T00:00:00Z,404,0,2,Finished
85377,vivid luster -Fallen Drop Mix-,Utena feat. 初音ミク,Remix,2015-04-25T00:00:00Z,389,0,2,Finished
85378,666,Utena feat. 初音ミク,Original,2015-04-25T00:00:00Z,448,1,5,Finished
85380,helix in your memory,"Utena, NAGO feat. 初音ミク",Original,2015-04-25T00:00:00Z,512,0,2,Finished
85381,SCAR -Extended Mix-,Utena feat. 初音ミク,Remix,2015-04-25T00:00:00Z,338,1,5,Finished
85382,DUNE,Utena,Original,2015-04-25T00:00:00Z,96,0,0,Finished
85383,Universe,Clean Tears,Instrumental,2015-04-25T00:00:00Z,490,0,2,Finished
85373,sta[-R-]etina,"MAYA AKAI, Utena feat. 初音ミク",Original,2015-04-25T00:00:00Z,257,1,9,Finished
85374,Universe,Clean Tears feat. 初音ミク,Original,2015-04-25T00:00:00Z,490,7,31,Finished
85336,The Flower Girl,Lyle Music feat. MIRIAM,Original,2015-04-25T00:00:00Z,224,1,7,Approved
140700,ジャズ・イン・デビル,無口 feat. 鏡音リン,Original,2015-12-14T00:00:00Z,235,0,0,Finished
138585,Angkasa,IzAd feat. 初音ミク,Original,2015-12-14T00:00:00Z,445,2,8,Finished
130523,Flower Garden,polkumo feat. 初音ミク,Original,2015-12-14T00:00:00Z,287,0,0,Finished
129959,ガチ Fallin' love…　君はイケナイ☆Cinderella,夜ノ闇P feat. KAITO V3 (Unknown),Original,2015-12-14T00:00:00Z,239,0,0,Finished
129842,Song For A Old Friend,"Idola feat. 唄音ウタ, 重音テト, こもり音ぱざたぱつなよ",Original,2015-12-14T00:00:00Z,219,1,3,Finished
125613,U.F.O,ジュージロー feat. 初音ミク V3 (Unknown),Original,2015-12-14T00:00:00Z,343,0,0,Finished
124874,Avidity,フェルティ feat. 初音ミク,Original,2015-12-14T00:00:00Z,207,0,0,Finished
123723,テレカクシ思春期,"PANINI, Soffie101 feat. アルスロイド",Cover,2015-12-14T00:00:00Z,213,2,6,Finished
123714,キライキライ,モタリケ feat. GUMI,Original,2015-12-14T00:00:00Z,228,0,0,Finished
113902,だんだん早くなる,"Koi, Team Vocaloid Studio feat. 弦巻マキ, 初音ミク",MusicPV,2015-12-14T00:00:00Z,181,1,5,Finished
417100,螢灯-hotarubi- (The Yokohama City Edit),ef.,Remaster,2015-03-07T00:00:00Z,392,0,0,Finished
406536,"all green, all right",kei feat. 初音ミク,Original,2015-03-07T00:00:00Z,248,0,0,Finished
377251,Rock idol (Who is not rock),Patyth feat. 初音ミク V3 (English),Original,2015-03-07T00:00:00Z,190,0,0,Finished
374569,too Cute!,Ajiata feat. プシューケー,Cover,2015-03-07T00:00:00Z,293,0,0,Finished
363196,未来幻想,混沌ツクラーP feat. 巡音ルカ V4X (Unknown),Cover,2015-03-07T00:00:00Z,122,0,0,Finished
363195,淫魔サキュバス,混沌ツクラーP feat. 巡音ルカ V4X (Unknown),Cover,2015-03-07T00:00:00Z,202,0,0,Finished
335200,空中アクアリウム,元就 feat. Acquario,Cover,2015-03-07T00:00:00Z,74,1,3,Finished
322376,ボーカロイドたちの生活26.5『巡音ルカに何を持たせる？』,ごぼうP feat. various,DramaPV,2015-03-07T00:00:00Z,162,0,0,Finished
315106,CryForTheMoon,"mamido feat. WIL, KYO, YUU",Original,2015-03-07T00:00:00Z,239,0,0,Finished
310441,PHPのうた,ふくたろ feat. 波音リツ,Original,2015-03-07T00:00:00Z,201,0,0,Finished
141568,雨は上がり、雲が晴れて,SouthSoilHome feat. 鏡音リン,Original,2015-10-25T00:00:00Z,309,0,2,Finished
138350,Green Man,ニジイロラクダ feat. 初音ミク,Original,2015-10-25T00:00:00Z,193,0,2,Finished
138351,なりそこない,ニジイロラクダ feat. 椎音あま,Original,2015-10-25T00:00:00Z,217,1,3,Finished
138342,切れかけのフィラメント,ニジイロラクダ feat. 滲音かこい,Original,2015-10-25T00:00:00Z,190,1,7,Finished
138343,水満ちる砂漠の夜に,ニジイロラクダ feat. 重音テト,Original,2015-10-25T00:00:00Z,0,1,3,Finished
138344,"snowy,snowy",ニジイロラクダ feat. 滲音かこい,Original,2015-10-25T00:00:00Z,191,1,5,Finished
138097,食べたガール （Analog Girl Ver.）,marine underground feat. 初音ミク,Remix,2015-10-25T00:00:00Z,240,0,0,Finished
135533,宇宙少女,AIR田 feat. 初音ミク Append (Dark),Original,2015-10-25T00:00:00Z,160,1,3,Finished
135522,東京浪漫日和,"mahoro feat. 戯白メリー, 葛駄夜音, 葛駄楼",Original,2015-10-25T00:00:00Z,228,1,3,Finished
135200,シュガー・イン・ユー,period feat. IA,Original,2015-10-25T00:00:00Z,228,0,0,Finished
674102,クリスマスなんかいらない,MAGPIE feat. various,Cover,2015-12-25T00:00:00Z,0,0,0,Finished
655305,金の聖夜霜雪に朽ちて,fevernight123 feat. 蜂蜜サケ,Cover,2015-12-25T00:00:00Z,203,0,0,Finished
624305,変体調,"Aポエット feat. 重音テト, 唄音ウタ",Original,2015-12-25T00:00:00Z,150,0,0,Finished
616639,茜「葵ちゃんがサンタ楽しみ過ぎておかしなったんやけど…」,"気楽P feat. 琴葉葵, 琴葉茜",DramaPV,2015-12-25T00:00:00Z,23,0,0,Finished
603281,That's Christmas to Me,Ren-kitty Renzo feat. 巡音ルカ,Cover,2015-12-25T00:00:00Z,183,0,0,Finished
598290,喜歡你,净伎 feat. 初音ミク V4X (Original),Cover,2015-12-25T00:00:00Z,244,0,0,Finished
588025,パーフェクト生命,く～ feat. 白音カン,Cover,2015-12-25T00:00:00Z,182,0,0,Finished
549408,君がいる冬,i-grec feat. 初音ミク,Original,2015-12-25T00:00:00Z,330,0,0,Finished
510780,Snow Gift,"メガレンP feat. 鏡音レン V4X (Unknown), 鏡音リン V4X (Unknown)",Original,2015-12-25T00:00:00Z,126,0,0,Finished
496416,複製の少女,mozu feat. 初音ミク,Original,2015-12-25T00:00:00Z,198,0,0,Finished
333067,you gay,Thibaud feat. 唄音ウタ,Original,2015-06-10T00:00:00Z,88,0,2,Finished
305588,Rev Irss Orc,Xiena-Project feat. Prima,Original,2015-06-10T00:00:00Z,131,0,0,Finished
278671,純愛レンズ,KuroKitsuSan feat. 初マニ,Cover,2015-06-10T00:00:00Z,270,1,3,Finished
262463,シオカラ節,"keity.pop, 菊間まり",Original,2015-06-10T00:00:00Z,92,4,16,Finished
242846,Shatter,MeerkatQueen feat. SF-A2 開発コード miki V4,Cover,2015-06-10T00:00:00Z,240,1,3,Finished
225569,The echo of Pashtun renaissance,Mario Takahashi feat. Shevannai,Original,2015-06-10T00:00:00Z,248,2,6,Finished
204105,風が吹く丘,Woodchuck feat. Mac音ナナ 2S,Original,2015-06-10T00:00:00Z,124,1,3,Finished
193014,kasumi,夕立P feat. 緋惺,Original,2015-06-10T00:00:00Z,329,1,3,Finished
191929,蜃気楼,あれっくちゅ feat. OИE,Original,2015-06-10T00:00:00Z,292,1,3,Finished
191115,一途な片思い、実らせたい小さな幸せ。,Azucia feat. Mack音サエ,Cover,2015-06-10T00:00:00Z,252,1,3,Finished
906091,ぴかぴかプラネット,あえっＰ feat. 初音ミク,Unspecified,2015-11-14T00:00:00Z,0,0,0,Draft
906090,歪なユートピア,こるく feat. 初音ミク,Unspecified,2015-11-14T00:00:00Z,0,0,0,Draft
905271,魁☆早稲田丸!!,nosuke♪. feat. まきいづみ,Cover,2015-11-14T00:00:00Z,242,0,0,Finished
876256,ハートビート・クロックタワー,Fmmanda1994 ñeñe feat. KAITO V3 (Straight),Cover,2015-11-14T00:00:00Z,285,0,0,Finished
828831,たそがれ時、ひとり。,ドルジ feat. IA,Original,2015-11-14T00:00:00Z,215,0,0,Finished
742647,ねぼけ,好きだよP feat. 初音ミク,Original,2015-11-14T00:00:00Z,286,0,0,Finished
716849,クラウドキャンバス,トラボルタ feat. 初音ミク,Original,2015-11-14T00:00:00Z,92,0,0,Finished
700814,過ぎ去りし夏を想う,cicada_sss feat. 初音ミク,Original,2015-11-14T00:00:00Z,410,0,0,Finished
700813,迷走人類逃避のすべて,cicada_sss feat. 初音ミク,Original,2015-11-14T00:00:00Z,414,0,2,Finished
700812,不在の夜（いつもさようなら）,cicada_sss feat. 初音ミク,Original,2015-11-14T00:00:00Z,304,0,0,Finished
104789,크리에이터,넵투리 feat. SeeU (Korean),Original,2015-10-28T00:00:00Z,333,0,0,Finished
104746,Just Be Friends ~berry mix~,Misha feat. Ruby,Cover,2015-10-28T00:00:00Z,290,0,2,Finished
104744,Light Up the Fire (Trap Remix),apol feat. V3 GUMI (English),Remix,2015-10-28T00:00:00Z,180,0,4,Finished
104694,また心が痛くなるから,野良犬P feat. GUMI,Original,2015-10-28T00:00:00Z,307,1,5,Finished
104569,真夏の夜の方程式,DENSHI JISION feat. GUMI,Original,2015-10-28T00:00:00Z,250,0,0,Finished
104570,真夏の夜の方程式,えろす★ feat. GUMI,Remix,2015-10-28T00:00:00Z,250,0,0,Draft
104522,smile again,極端P feat. 鏡音レン Append (Unknown),Original,2015-10-28T00:00:00Z,273,0,2,Finished
104521,声,"はりーP, アラトマイマサタカ, よぴー feat. 初音ミク",Original,2015-10-28T00:00:00Z,277,7,53,Finished
104520,Let Me Hear,くうわんこP feat. 初音ミク V3 (Solid),Cover,2015-10-28T00:00:00Z,226,0,2,Finished
104507,アフェクテッド・ガール,"*Luna, びび feat. GUMI",Original,2015-10-28T00:00:00Z,224,4,22,Finished
915565,蒼の箱庭,"エイト, 3nd Key feat. 初音ミク",Original,2015-03-06T00:00:00Z,219,1,3,Finished
903650,好き。,しま feat. 初音ミク,Original,2015-03-06T00:00:00Z,251,2,6,Finished
862344,ねぇ、そうだろ,タマオニ feat. 重音テト,Original,2015-03-06T00:00:00Z,179,0,0,Finished
809940,XYZの魔法,SHU feat. 初音ミク,MusicPV,2015-03-06T00:00:00Z,103,0,0,Finished
799151,Reincarnation,茶々P feat. 初音ミク V3 (Unknown),Original,2015-03-06T00:00:00Z,298,0,0,Finished
730336,ダウト,情雨 feat. IA,Original,2015-03-06T00:00:00Z,290,0,0,Finished
720665,The fake world,自己満足P feat. 初音ミク,Original,2015-03-06T00:00:00Z,205,0,0,Finished
718216,エンクロージャー,"よしき feat. 巡音ルカ, 巡音ルカ V4X (Unknown)",Cover,2015-03-06T00:00:00Z,230,0,0,Finished
718198,No Logic,吾輩はニコ厨である、まだP名はないP feat. 巡音ルカ V4X (Unknown),Cover,2015-03-06T00:00:00Z,132,0,0,Finished
718193,朧月夜,りりりP feat. various,Cover,2015-03-06T00:00:00Z,126,0,0,Finished
290436,un fil,DYO feat. GUMI,Original,2015-12-14T00:00:00Z,291,0,0,Finished
272223,☆てるめろけろっぱ～☆,せんむ feat. 重音テト,Original,2015-12-14T00:00:00Z,246,1,5,Finished
268350,Happy X'mas,GT-K feat. 初音ミク,Original,2015-12-14T00:00:00Z,266,1,3,Finished
263681,Happy Happy Xmas 2015,"小野塚裕也 feat. 鏡音リン, 鏡音レン",Remix,2015-12-14T00:00:00Z,326,0,0,Finished
257046,Ｂ Ｃ,清 feat. 歌手音ピコ,Cover,2015-12-14T00:00:00Z,210,0,0,Finished
214665,what do you think about me?,野々槻のの feat. 白鐘ヒスイ,Original,2015-12-14T00:00:00Z,271,1,3,Finished
210627,恋上曲奇,WanXX feat. 初音ミク,Original,2015-12-14T00:00:00Z,211,0,0,Draft
210043,時計じかけの花,Qui_91 feat. 初音ミク,Original,2015-12-14T00:00:00Z,287,0,2,Finished
203022,Septem☆Shiny,トリカ feat. 蒼姫ラピス,Original,2015-12-14T00:00:00Z,239,1,7,Finished
202724,Silent Snow,Krystal - Petal feat. 鏡音リン,Cover,2015-12-14T00:00:00Z,316,1,3,Finished
137180,Delete,Saa feat. GUMI,Original,2015-08-21T00:00:00Z,221,0,0,Finished
130870,ココロヲイマジナリー,"椎名もた, ユウマ feat. 獣音ロウ",Original,2015-08-21T00:00:00Z,280,5,19,Finished
130872,ディリクレの守護者,"アルツ, 雄大 鎧都万 feat. 蒼音リョウ",Original,2015-08-21T00:00:00Z,0,1,3,Finished
130873,崩壊世界と最後の願い,DADULLA feat. 狽音ウルシ,Original,2015-08-21T00:00:00Z,0,1,3,Finished
130875,Rainy Tides Clock,"雄大 鎧都万, ユウマ feat. 戯歌ラカン",Original,2015-08-21T00:00:00Z,0,1,3,Finished
130876,Bravery,"吟, argo feat. 紅鏡緋色",Original,2015-08-21T00:00:00Z,0,1,3,Finished
130877,pandemonium,nwnw feat. 茂名歌ころ,Original,2015-08-21T00:00:00Z,0,1,3,Finished
130878,Right 蘭　For,へっどふぉん feat. 鶴音ラン,Original,2015-08-21T00:00:00Z,0,1,3,Finished
130879,遠い言葉,"葵大樹, 雄大 鎧都万 feat. 狼歌ジン",Original,2015-08-21T00:00:00Z,0,0,0,Finished
130880,トレイン,"Xelfery, 吟, 葵大樹 feat. 狼音アロ",Original,2015-08-21T00:00:00Z,0,1,3,Finished
99994,春と修羅,"Mimosine feat. Sachiko, 神威がくぽ",Original,2015-08-30T00:00:00Z,286,0,0,Finished
99998,炎天,にせもの feat. 波音リツ,Original,2015-08-30T00:00:00Z,312,1,5,Finished
99978,潮見,ponyoyo feat. さとうささら,Original,2015-08-30T00:00:00Z,193,1,7,Finished
99962,移ろいの空と,雪 feat. 蒼姫ラピス,Original,2015-08-30T00:00:00Z,277,2,12,Finished
99961,touch-me-not,tgs1999 feat. 結月ゆかり,Original,2015-08-30T00:00:00Z,237,0,2,Finished
99960,スクラマイズ,Anthong the Gay feat. IA,Cover,2015-08-30T00:00:00Z,235,0,0,Finished
99959,Linaria Love,豆腐P feat. 嫣汐 (MUTA),Original,2015-08-30T00:00:00Z,232,3,15,Finished
99879,Astronomicon (Hardcore Mix),ゆづたん feat. 初音ミク,Remix,2015-08-30T00:00:00Z,425,0,0,Finished
90562,デスクトップ・シンデレラ,八王子P feat. 初音ミク,Original,2015-08-30T00:00:00Z,270,12,82,Finished
1029100,Last Of Me,izsumi feat. VY2V3 (Unknown),Cover,2015-08-29T00:00:00Z,235,0,0,Finished
336688,テーブルマナー・アウトロークロス,appy feat. 初音ミク,Original,2015-08-16T00:00:00Z,222,0,0,Finished
336687,ホーリー,appy feat. 初音ミク,Original,2015-08-16T00:00:00Z,295,0,2,Finished
335128,狂気のリビングデッド,annyahoo feat. v flower,Original,2015-08-16T00:00:00Z,187,3,13,Finished
333978,ENCELADUS,"Nynthixia feat. 歌幡メイジ ‐Fairy‐, 歌幡メイジ -Lilith-, 歌幡メイジ -Hunter-",Cover,2015-08-16T00:00:00Z,239,0,4,Finished
333063,うたをうたうひと,Thibaud feat. Hauku,Cover,2015-08-16T00:00:00Z,229,1,3,Finished
325594,한사람만을 위한 귓속말,Jazen Yun feat. 名残幼稚,Cover,2015-08-16T00:00:00Z,131,0,0,Finished
304375,鳳仙花,Szabo Florin feat. Dragoon,Cover,2015-08-16T00:00:00Z,313,1,3,Finished
300823,イロハニホヘト,オダミネ feat. 初音ミク V3 (Unknown),Original,2015-08-16T00:00:00Z,256,0,0,Finished
300285,BLUE EYES-Instrument,紅石蘭,Instrumental,2015-08-16T00:00:00Z,0,0,0,Finished
300284,めり～GO!パンプキン-Instrument,紅石蘭,Instrumental,2015-08-16T00:00:00Z,0,0,0,Finished
954816,夕暮れの歌,サイトウ feat. 巡音ルカ,Original,2015-03-11T00:00:00Z,227,0,0,Finished
828918,スマトラトラのスマジローナ,懐古P feat. 巡音ルカ,Remaster,2015-03-11T00:00:00Z,181,0,0,Finished
756706,Mr.Hippopotamusの煩憂,クロワッサンシカゴ feat. 初音ミク,Original,2015-03-11T00:00:00Z,461,2,6,Finished
751140,君だけの,進藤博之 feat. 初音ミク,Original,2015-03-11T00:00:00Z,186,0,0,Finished
751138,こんな時代と君,進藤博之 feat. 初音ミク,Original,2015-03-11T00:00:00Z,222,0,0,Finished
751139,君への Fall In Love,進藤博之 feat. 初音ミク,Original,2015-03-11T00:00:00Z,178,0,0,Finished
751137,人の目なんか気にせず,進藤博之 feat. 初音ミク,Original,2015-03-11T00:00:00Z,236,0,0,Finished
751136,君は勝てる,進藤博之 feat. 初音ミク,Original,2015-03-11T00:00:00Z,190,0,0,Finished
751135,流されないで,進藤博之 feat. 初音ミク,Original,2015-03-11T00:00:00Z,236,0,0,Finished
751134,想い,進藤博之 feat. 初音ミク,Original,2015-03-11T00:00:00Z,269,0,0,Finished
83500,小学生は純情,ミケネコ feat. 歌愛ユキ,Original,2015-03-13T00:00:00Z,252,0,0,Finished
83499,腐り果てても恋☆死体,でんの子P feat. Rana,Original,2015-03-13T00:00:00Z,211,8,34,Finished
83498,サヨナラザクラ,ナニカ feat. 初音ミク,Original,2015-03-13T00:00:00Z,334,1,9,Finished
83497,tobira,葵木ゴウ feat. Lily,Original,2015-03-13T00:00:00Z,256,5,15,Finished
83496,ARIA,"雄之助, 攻 feat. 鏡音レン",Original,2015-03-13T00:00:00Z,299,12,92,Finished
82343,Gallop Through the World,BIGHEAD feat. 初音ミク,Original,2015-03-13T00:00:00Z,330,5,21,Finished
82344,Gallop Through the World,BIGHEAD,Instrumental,2015-03-13T00:00:00Z,302,0,0,Finished
82345,Gallop Through the World BPM145ver,BIGHEAD feat. 初音ミク,Remaster,2015-03-13T00:00:00Z,302,0,0,Finished
82346,Gallop Through the World BPM145ver,BIGHEAD,Instrumental,2015-03-13T00:00:00Z,302,0,0,Finished
82347,Gallop Through the World,BIGHEAD,Instrumental,2015-03-13T00:00:00Z,292,0,0,Finished
111419,ながるるる,"daniwell feat. 初音ミク, 桃音モモ",Original,2015-12-30T00:00:00Z,110,1,19,Finished
111409,STRAY CHILD,ラグドール feat. KAITO V3 (Unknown),Original,2015-12-30T00:00:00Z,277,0,0,Finished
111408,Waypoint,ばらっげ feat. IA,Original,2015-12-30T00:00:00Z,446,6,24,Finished
111400,Your Colors,ロボ feat. 初音ミク V3 (English),Original,2015-12-30T00:00:00Z,314,7,31,Finished
111396,I Love You More (Than I Used To),ロボ feat. 初音ミク,Original,2015-12-30T00:00:00Z,290,9,39,Finished
111395,CALL ME CALL ME,ロボ feat. 初音ミク V3 (English),Original,2015-12-30T00:00:00Z,279,13,55,Finished
110296,Awkward World,shinji feat. IA,Original,2015-12-30T00:00:00Z,216,0,0,Approved
109868,Sune○2015,鼻そうめんP,Remix,2015-12-30T00:00:00Z,319,2,18,Finished
109869,Reunite,鼻そうめんP,Original,2015-12-30T00:00:00Z,448,7,35,Finished
109871,Acrossgust (2015 Re-Edit),鼻そうめんP feat. 初音ミク,Remix,2015-12-30T00:00:00Z,408,8,36,Finished
129719,溯,"石藤, 懿辰, 一堆箱子 feat. 洛天依",Original,2016-07-18T00:00:00Z,185,1,3,Finished
129680,月中天,溱绫西陌 feat. 乐正绫,Cover,2016-07-18T00:00:00Z,190,2,10,Finished
129071,Want to Be,もそもそP feat. 鏡音リン,Original,2016-07-18T00:00:00Z,269,0,2,Finished
129070,夏色の願い星,くろ feat. 結月ゆかり,Original,2016-07-18T00:00:00Z,272,0,0,Finished
129068,水底の金魚,空海月 feat. 初音ミク,Original,2016-07-18T00:00:00Z,247,1,17,Finished
129067,Please,Patyth feat. 初音ミク V3 (English),Original,2016-07-18T00:00:00Z,233,1,3,Finished
129066,ペギーとデリンジャー,田淵フミ feat. IA,Original,2016-07-18T00:00:00Z,208,0,2,Finished
129064,捨て子のステラ,Neru feat. 鏡音リン V4X (Power),Original,2016-07-18T00:00:00Z,202,22,124,Finished
129057,SHIN-KAI,PLAMA feat. 結月ゆかり,Original,2016-07-18T00:00:00Z,237,4,28,Finished
89582,おまけトラック,mahoroba lab.,Unspecified,2016-07-18T00:00:00Z,0,0,0,Draft
247108,ぼくらのサマーアドベンチャー,"そら feat. 鏡音リン, 鏡音レン",Original,2016-08-23T00:00:00Z,335,0,0,Finished
223882,ミラクルガール,かずみっくす feat. 初音ミク,Original,2016-08-23T00:00:00Z,199,0,0,Finished
156749,Kiwi,Ariotsu feat. DAINA,Cover,2016-08-23T00:00:00Z,145,0,2,Finished
154981,you gonna rather be,なるみや feat. 巡音ルカ V4X (Unknown),Original,2016-08-23T00:00:00Z,204,0,0,Finished
153360,ストリーミングハート,タケラー feat. OИE,Cover,2016-08-23T00:00:00Z,180,2,6,Finished
152703,muddy cloud,GowitheBeat feat. 戯白メリー,Cover,2016-08-23T00:00:00Z,190,1,5,Finished
152636,炉心融解,Lucifer feat. 鏡音レン V4X (Unknown),Cover,2016-08-23T00:00:00Z,337,1,3,Finished
152635,骸骨楽団とリリア,Lucifer feat. 鏡音レン V4X (Unknown),Cover,2016-08-23T00:00:00Z,209,2,8,Finished
150311,ロマンス,cicada_sss feat. 初音ミク,Original,2016-08-23T00:00:00Z,436,0,0,Finished
146316,una nueva en mi dia,Echu G feat. MAIKA,Original,2016-08-23T00:00:00Z,147,2,6,Finished
456991,セツナドライブ,幸雄ノ助 feat. 杏音,Cover,2016-09-28T00:00:00Z,221,0,0,Finished
456990,セツナドライブ,幸雄ノ助 feat. IA ROCKS,Cover,2016-09-28T00:00:00Z,221,0,0,Finished
324776,ピアノ×フォルテ×スキャンダル,Ridavi feat. 暗鳴ニュイ,Cover,2016-09-28T00:00:00Z,236,0,0,Finished
318813,Jellyfish Song,Noct feat. Len Saito,Cover,2016-09-28T00:00:00Z,117,1,5,Finished
281904,ミナトルネード,"蛸背あかり feat. 神威がくぽ, VY2",Original,2016-09-28T00:00:00Z,74,1,3,Finished
251197,init.,Imitea feat. 闇音レンリ,Original,2016-09-28T00:00:00Z,259,1,3,Finished
246414,HistoryMystery,kznr31 feat. 鏡音リン,Original,2016-09-28T00:00:00Z,294,0,4,Finished
216722,シークレットアイデアREMIX,れあ３号 feat. GUMI,Remix,2016-09-28T00:00:00Z,256,0,0,Finished
210016,この曲が終わるまで,YuZZi feat. 少年ラカン,Original,2016-09-28T00:00:00Z,284,1,3,Finished
210015,この曲が終わるまで,YuZZi feat. 闇音レンリ,Cover,2016-09-28T00:00:00Z,284,1,3,Finished
146314,mejor dia,Echu G feat. MAIKA,Original,2016-08-19T00:00:00Z,205,1,3,Finished
140852,暇人,Alex Ryu feat. 猫村いろは V4 (Natural),Original,2016-08-19T00:00:00Z,229,0,4,Finished
133419,Polve' am Polas,Melnik feat. 初音ミク,Original,2016-08-19T00:00:00Z,235,0,0,Finished
133354,Pals,noa feat. 巡音ルカ V4X (Unknown),Original,2016-08-19T00:00:00Z,222,0,4,Finished
132984,moon (piapro ver.),zddn feat. 初音ミク,Remix,2016-08-19T00:00:00Z,218,0,0,Finished
132933,十六夜の恋,おにぎにす feat. 初音ミク,Original,2016-08-19T00:00:00Z,234,0,0,Finished
132780,ゴーストルール,"G B O M feat. 鏡音リン V4X (Power), 鏡音リン V4X (Unknown)",Cover,2016-08-19T00:00:00Z,215,1,5,Finished
132709,Indoctrination,MarvyanakaP,Instrumental,2016-08-19T00:00:00Z,211,0,0,Finished
132669,我的巧心结,纯白P feat. 洛天依,Original,2016-08-19T00:00:00Z,208,1,5,Finished
132668,洛神赋,"風守, 逸然_太白 feat. 洛天依, 星尘",Cover,2016-08-19T00:00:00Z,238,0,2,Finished
129412,Paku Gelang,Musatori feat. various,Cover,2016-07-22T00:00:00Z,194,0,0,Finished
129351,宇宙花,warpnica feat. 初音ミク V3 (Dark),Original,2016-07-22T00:00:00Z,264,0,2,Finished
129303,evoLve,Aika feat. DEX,Cover,2016-07-22T00:00:00Z,160,0,0,Finished
129293,五分前まで,オトホギ feat. 初音ミク,Original,2016-07-22T00:00:00Z,258,0,0,Finished
129292,farewell,ロボPOP feat. SF-A2 開発コード miki,Original,2016-07-22T00:00:00Z,223,0,0,Finished
129291,あいぞめワンルーム,おさる feat. 鏡音レン V4X (Unknown),Original,2016-07-22T00:00:00Z,175,0,0,Finished
129290,ピユライド,"みもも, ことむぎ feat. 鏡音リン, 鏡音レン",Original,2016-07-22T00:00:00Z,180,0,0,Finished
129289,碧眼のアストレア,"うどんタイマーP feat. 初音ミク, IA",Original,2016-07-22T00:00:00Z,340,0,0,Finished
129284,ウミガミエル,はげてるん！ feat. IA,Original,2016-07-22T00:00:00Z,200,0,2,Finished
129277,劇場愛歌,来須らせ feat. 重音テト,Cover,2016-07-22T00:00:00Z,262,2,8,Finished
300168,夜明けと蛍‐arrangement‐,ちぴ feat. 初音ミク,Remix,2016-01-25T00:00:00Z,316,0,2,Finished
296701,エデン,Hyoga Midori feat. Rana V4,Cover,2016-01-25T00:00:00Z,266,0,0,Finished
296002,cry for the STAR,elliot dealice feat. 朝音花,Cover,2016-01-25T00:00:00Z,318,0,2,Finished
291663,愛して愛して愛して,Midnight Dubs feat. 天井実優,Cover,2016-01-25T00:00:00Z,251,1,3,Finished
278424,僕って不幸な星の下に生まれたんだ,夜色P feat. 鏡音レン,Original,2016-01-25T00:00:00Z,261,0,0,Finished
239032,Happy End,"ゆん feat. 鏡音リン, 鏡音レン",Original,2016-01-25T00:00:00Z,249,0,0,Finished
236741,マイペース日和,たてごと♪ feat. kokone,Original,2016-01-25T00:00:00Z,257,1,3,Finished
231356,Why,たてごと♪ feat. 初音ミク,Original,2016-01-25T00:00:00Z,257,0,0,Finished
231350,take a chance,kazu8823 feat. 闇音レンリ,Original,2016-01-25T00:00:00Z,224,1,3,Finished
225300,Resurrexit,"kyrik feat. Shevannai, MIRIAM, KAITO",Cover,2016-01-25T00:00:00Z,218,2,6,Draft
172124,オルフェンズの涙,"ゆこなる, the Nameless projection + feat. キエン",Cover,2016-05-28T00:00:00Z,155,1,3,Finished
170432,アイスルココロ,タユタフ feat. 初音ミク,Original,2016-05-28T00:00:00Z,320,0,0,Finished
169560,ソフィー,こん feat. 初音ミク,Original,2016-05-28T00:00:00Z,209,0,0,Finished
167996,Secret Garden,"Dissonant Crescendo feat. 巡音ルカ V4X (Unknown), KAITO V3 (English)",Cover,2016-05-28T00:00:00Z,220,0,0,Finished
159154,Hellseher,Satinather feat. Engeru Saten,Cover,2016-05-28T00:00:00Z,206,1,3,Finished
156824,饅頭心中,"TEPPAN feat. 初音ミク, 明珍 宏和",Original,2016-05-28T00:00:00Z,222,0,2,Finished
156823,愛と自由と音楽と,すてらべえ feat. 初音ミク,Original,2016-05-28T00:00:00Z,275,2,8,Finished
151206,鷹舞う空、隼舞う海,雷鳴P feat. 初音ミク Append (Solid),Original,2016-05-28T00:00:00Z,239,2,6,Finished
150161,Faith,AegisSan-P feat. YOHIOloid (English),Original,2016-05-28T00:00:00Z,229,1,3,Finished
147966,エバーグリーン・メモリー,nasubi10 feat. 東北ずん子,Cover,2016-05-28T00:00:00Z,278,0,0,Finished
768267,私を知らないで,たぁ feat. IA,Original,2016-07-04T00:00:00Z,261,0,0,Finished
741276,ＺＡＺＡＺＡ,烈火 feat. 巡音ルカ,MusicPV,2016-07-04T00:00:00Z,265,0,0,Finished
724159,The Heart Wants What It Wants,nameless feat. Fukase (English),Cover,2016-07-04T00:00:00Z,227,0,0,Finished
719814,Pumpkin March,cookie feat. Fukase (English),Cover,2016-07-04T00:00:00Z,261,0,0,Finished
682402,Reverse Rainbow,"Apollo, Uchuupoids feat. Choshin S31, Hoshi Z0R4",Cover,2016-07-04T00:00:00Z,190,1,3,Finished
665331,Someone Who Sings Songs,kyOresu feat. ALIACELI,Cover,2016-07-04T00:00:00Z,225,0,0,Finished
633041,パケットヒーロー,Setsuna-M feat. V4 GUMI (Unknown),Cover,2016-07-04T00:00:00Z,278,0,0,Finished
616650,ささらさんが自己紹介するだけ,気楽P feat. さとうささら,DramaPV,2016-07-04T00:00:00Z,18,0,0,Finished
600479,姑苏城,带木条的小火星 feat. 心華,Cover,2016-07-04T00:00:00Z,272,0,0,Finished
526422,No Logic,あめちゃんポーチP feat. 鏡音レン V4X (Power),Cover,2016-07-04T00:00:00Z,258,0,2,Finished
137220,魂貰いここにあり！！,sienn13 feat. 初音ミク,Original,2016-03-26T00:00:00Z,230,0,0,Finished
135621,MOVING!,反骨P feat. 瑞歌ミズキ,Original,2016-03-26T00:00:00Z,301,1,3,Finished
134318,"Long Day, Long Life, Clear Plastic Lies",Biohazardous Diva feat. Eleanora,Original,2016-03-26T00:00:00Z,0,1,3,Finished
129011,排他的ruler,"心汰(ｍ feat. 安心院エメ, 安心院エマ",Cover,2016-03-26T00:00:00Z,297,1,3,Finished
126919,Horizons,DariaP feat. ALYS,Original,2016-03-26T00:00:00Z,295,3,9,Finished
125330,Can't Live Without,Master Yoda feat. CYBER DIVA,Original,2016-03-26T00:00:00Z,170,1,3,Finished
125188,人らしい感じ,つかだこうき feat. 重音テト,Original,2016-03-26T00:00:00Z,252,1,3,Finished
124403,Sarah,早乙女 feat. 初音ミク,Original,2016-03-26T00:00:00Z,270,0,0,Finished
123029,桜日和,RUHIA feat. 結月ゆかり,Original,2016-03-26T00:00:00Z,219,0,0,Finished
123028,星空の記憶,saint mask feat. 初音ミク Append (Soft),Original,2016-03-26T00:00:00Z,279,1,3,Finished
151657,惑星ループ,ufokitten feat. UFOko,Cover,2016-11-23T00:00:00Z,195,1,5,Finished
148331,OXYGEN DEFICIENCY,Skamiikaze feat. 初音ミク V4 (English),Cover,2016-11-23T00:00:00Z,243,1,3,Finished
146260,Tightrope,Creep-P,Instrumental,2016-11-23T00:00:00Z,256,1,3,Finished
146080,頓珍漢の宴,ピノキオピー feat. 初音ミク,Cover,2016-11-23T00:00:00Z,235,4,40,Finished
143510,アルミナ,EGIHARU feat. KAITO,Cover,2016-11-23T00:00:00Z,301,0,2,Finished
141834,泡沫,萩原九厘 feat. 初音ミク,Original,2016-11-23T00:00:00Z,219,0,0,Finished
141637,November,うあじゃ feat. KAITO,Original,2016-11-23T00:00:00Z,278,0,0,Finished
141613,リバーシブル・キャンペーン,DorellyMimi feat. Daisy Hapyon,Cover,2016-11-23T00:00:00Z,172,1,5,Finished
141612,嘘とぬいぐるみ,DorellyMimi feat. Daisy Hapyon,Cover,2016-11-23T00:00:00Z,227,1,3,Finished
141593,マインドブランド,Vyreed feat. Teo Vampa,Cover,2016-11-23T00:00:00Z,260,3,9,Finished
982438,私がオバさんになっても,cl1 feat. Rana V4,Cover,2016-07-13T00:00:00Z,257,0,0,Finished
943338,brave heart,CRISO · PRASO feat. Fukase (Unknown),Cover,2016-07-13T00:00:00Z,256,0,0,Finished
926296,君の笑顔が消えれば,たぁ@はっとりP feat. 初音ミク,Original,2016-07-13T00:00:00Z,180,0,0,Finished
899768,ハウトゥー世界征服,"TheAnimeFlower feat. Fukase (Unknown), MAYU",Cover,2016-07-13T00:00:00Z,215,0,0,Finished
896690,君はできない子,wishbone-p feat. Fukase (English),Cover,2016-07-13T00:00:00Z,263,0,0,Finished
832331,Theme From Cataract#3 (30th Anniversary mix),the Allotropes,Remix,2016-07-13T00:00:00Z,408,0,0,Draft
832330,Ravey Gravey,the Allotropes,Original,2016-07-13T00:00:00Z,218,0,0,Draft
832329,Startup Pitches,the Allotropes,Original,2016-07-13T00:00:00Z,89,0,0,Draft
832328,Outsiderhouse,the Allotropes,Original,2016-07-13T00:00:00Z,43,0,0,Draft
832327,Occam Razored,the Allotropes,Original,2016-07-13T00:00:00Z,178,0,0,Draft
121187,SILENCE,KeitaG feat. unity-chan!,Cover,2016-01-22T00:00:00Z,261,0,4,Finished
117127,阿佐ヶ谷レイトティーンズセッション,"玉城麟太 feat. 白鐘ヒヨリ, 結城輪音",Original,2016-01-22T00:00:00Z,261,1,3,Finished
115743,별사탕 별별사랑,코에라 feat. SeeU (Korean),Original,2016-01-22T00:00:00Z,200,0,0,Finished
115503,のぼれ! すすめ! 高い塔,きくお feat. 花たん,Original,2016-01-22T00:00:00Z,317,28,126,Finished
115088,ニジミディ,ゆうひ feat. 滲音かこい,Original,2016-01-22T00:00:00Z,266,1,3,Finished
114377,不思議な水曜日,Nyangle feat. さとうささら,Original,2016-01-22T00:00:00Z,296,1,3,Finished
114376,MOON SONG,アズマビ ユウコ feat. 初音ミク,Original,2016-01-22T00:00:00Z,258,0,0,Finished
114375,冬巡リ失フ恋,アオトケイ feat. 初音ミク Append (Dark),Original,2016-01-22T00:00:00Z,326,3,9,Finished
114374,もう僕は坂をのぼれない,シエイカ feat. KAITO,Original,2016-01-22T00:00:00Z,276,0,0,Finished
114373,雨に漫ろ,"雪, チャイナ娘 feat. 条音朱珠",Original,2016-01-22T00:00:00Z,134,0,0,Finished
415723,"Hello, Worker",spaghetti2222 feat. 初音ミク V4X (Unknown),Cover,2016-12-12T00:00:00Z,199,0,0,Finished
410930,U rashimataro,SKぬけさく feat. GUMI,Original,2016-12-12T00:00:00Z,279,0,0,Finished
406434,Goodmorning Re-arranged,o-higan feat. 初音ミク,Remix,2016-12-12T00:00:00Z,167,0,0,Finished
406433,キンバリーの池,o-higan feat. 初音ミク,Original,2016-12-12T00:00:00Z,214,0,0,Finished
403848,ぱんぱんしてよ　～　Welcome to My Jungle,宗教団体真メグデス feat. GUMI,Original,2016-12-12T00:00:00Z,204,0,0,Finished
378242,A Dormir Juntitos,"TheresNoEscape feat. 初音ミク V4X (Unknown), V4 神威がくぽ (Unknown)",Cover,2016-12-12T00:00:00Z,125,0,2,Finished
347625,ツバサ,しやく feat. 纏カラデニズ,Original,2016-12-12T00:00:00Z,274,0,0,Finished
304630,深海少女 (アナザー),"Eaver feat. 初音ミク V3 (Dark), KAITO V3 (Soft)",Cover,2016-12-12T00:00:00Z,222,0,0,Finished
292265,この祈りの墓標で,Melnik feat. 初音ミク,Original,2016-12-12T00:00:00Z,209,0,0,Finished
290720,ピロウ,"evaP, 刹那 feat. 初音ミク",Original,2016-12-12T00:00:00Z,256,0,0,Finished
216645,RUN OUT OF MEMORY,渓谷のくまP feat. 初音ミク,Original,2016-09-25T00:00:00Z,147,0,4,Finished
209989,空と鳥と天使の少女,ma-kunkun feat. 初音ミク V4X (Unknown),Original,2016-09-25T00:00:00Z,284,0,0,Finished
190817,--Dash.,Ponchi♪ feat. IA,Original,2016-09-25T00:00:00Z,180,0,2,Finished
189796,ARROW,"kirogaraii, altair feat. 櫻歌ミコ",Cover,2016-09-25T00:00:00Z,233,1,3,Finished
185651,Cinderella Burst Dream,爆new大佐 feat. GUMI,Original,2016-09-25T00:00:00Z,304,0,0,Finished
183935,WORDS～言葉の裏側,ヲタ乙 feat. 結月ゆかり,Original,2016-09-25T00:00:00Z,264,0,0,Finished
181153,immiscible,おゆう feat. various,Original,2016-09-25T00:00:00Z,145,1,5,Finished
180800,I(愛),Loser-Chan feat. 健音テイ,Cover,2016-09-25T00:00:00Z,277,1,3,Finished
180328,psyche,ackeme,Unspecified,2016-09-25T00:00:00Z,0,0,0,Draft
179672,"Hello,J-POP",ジラートP feat. 初音ミク,Remaster,2016-09-25T00:00:00Z,254,0,0,Finished
717378,きらり,鉄アキ feat. 初音ミク,Original,2016-06-20T00:00:00Z,158,0,0,Draft
682036,エンスージア 調整版,karoto feat. 初音ミク,Remix,2016-06-20T00:00:00Z,162,0,0,Finished
634802,白いテニスコートで,ジョニー feat. OИE,Cover,2016-06-20T00:00:00Z,94,0,0,Draft
634801,白いテニスコートで,ジョニー feat. さとうささら,Cover,2016-06-20T00:00:00Z,94,0,0,Draft
634775,白いテニスコートで,ジョニー feat. 闇音レンリ,Cover,2016-06-20T00:00:00Z,94,0,0,Draft
616110,drop pop candy,"Strawberry feat. カノチねこ, 眠音ハサミ",Cover,2016-06-20T00:00:00Z,225,0,0,Finished
607510,ノンフィクション…小説は事実より奇なり,All of People feat. KAITO,Original,2016-06-20T00:00:00Z,267,0,0,Finished
580269,Beauty Medley -Glossy Mixture-,GokugamereX feat. 鏡音レン,Cover,2016-06-20T00:00:00Z,261,0,0,Finished
509259,ツギハギスタッカート,くろわへたくそ feat. 糖音カシ,Cover,2016-06-20T00:00:00Z,251,0,0,Finished
497303,私の時間 short ver,Kaleb S feat. 夢音けいら,Cover,2016-06-20T00:00:00Z,120,0,0,Finished
128775,PASS THE MIKU,Xtra Peace feat. 初音ミク,Original,2016-06-05T00:00:00Z,226,0,2,Finished
127850,Close to you,ドクロ feat. YUU,Cover,2016-06-05T00:00:00Z,291,0,2,Finished
127234,Amateur Gamer Boy,Dunder-P feat. DEX,Original,2016-06-05T00:00:00Z,116,0,0,Finished
126902,尖叫鸭子,千城まつり feat. 星尘,Cover,2016-06-05T00:00:00Z,220,0,2,Finished
126626,NIVEOUS,Imitea feat. 闇音レンリ,Original,2016-06-05T00:00:00Z,232,3,9,Finished
126623,I miss you,シャクシ feat. 闇音レンリ,Cover,2016-06-05T00:00:00Z,257,1,9,Finished
126585,ハウトゥー世界征服,"Kaitsuko feat. 鏡音レン V4X (Power), KAITO V3 (Straight)",Cover,2016-06-05T00:00:00Z,215,1,3,Finished
126374,Existence,Sander-P feat. V3 GUMI (English),Original,2016-06-05T00:00:00Z,218,1,7,Finished
126375,Existence (Instrumental),Sander-P,Instrumental,2016-06-05T00:00:00Z,218,0,0,Finished
126343,Dear Little Train,午後の恐竜 feat. 滲音かこい,Original,2016-06-05T00:00:00Z,204,1,3,Finished
368380,Last of Me,McChipy feat. Mc Chipy,Cover,2016-07-15T00:00:00Z,234,0,0,Finished
353972,Pilvilinnojen Prinsessa,Iltahopea feat. UTAU (Unknown),Remix,2016-07-15T00:00:00Z,237,2,6,Finished
338839,トランスバレット-明日への軌跡-,Chilt feat. Female F1 (AquesTone),Original,2016-07-15T00:00:00Z,356,0,0,Finished
336082,オレンジ,"大槻メトロ feat. 飴唄ニト, 不去ミヅ",Cover,2016-07-15T00:00:00Z,246,1,5,Finished
317817,slow,Noct feat. Len Saito,Cover,2016-07-15T00:00:00Z,257,1,3,Finished
277219,鬼彼女,Seija-tachi feat. 喬小 瑶子,Cover,2016-07-15T00:00:00Z,256,1,3,Finished
235380,ライアーライアー,夕立P feat. 結月ゆかり,Original,2016-07-15T00:00:00Z,196,0,0,Finished
232998,金縛り,ense／沈黙P feat. 初音ミク,Original,2016-07-15T00:00:00Z,95,0,0,Finished
226536,シーサイドエンジェル,ヒューズ feat. KAITO,Original,2016-07-15T00:00:00Z,209,0,0,Finished
194914,アンデッドエネミー,Eden feat. HY0,Cover,2016-07-15T00:00:00Z,190,1,3,Finished
507988,GAME OVER,kimchi-tan feat. Fukase (Unknown),Cover,2016-08-12T00:00:00Z,176,1,3,Finished
503183,No.65,偽ゴルゴ,DramaPV,2016-08-12T00:00:00Z,340,0,0,Finished
418699,銀朱のリディル,stelrafa feat. 巡音ルカ,Original,2016-08-12T00:00:00Z,30,0,0,Finished
416353,末夏花火,"y叔, 墨羽と天堂 feat. 洛天依, 乐正绫",Original,2016-08-12T00:00:00Z,261,0,0,Finished
397726,いついつ,てむんくるす feat. 音街ウナ (Unknown),Cover,2016-08-12T00:00:00Z,238,0,0,Finished
394639,感女,ドリームロイドＰ feat. GUMI,Original,2016-08-12T00:00:00Z,300,0,0,Finished
366248,オーバードライブ！,白河Ｐ feat. 初音ミク,Original,2016-08-12T00:00:00Z,255,0,0,Finished
302780,One Shot Summer Girl,HaL feat. 初音ミク,Original,2016-08-12T00:00:00Z,228,0,0,Finished
301577,愚かな少女,Various artists,Original,2016-08-12T00:00:00Z,228,0,2,Finished
288628,★ダークナイツ★,igdrasil_Takak feat. 蒼姫ラピス,Original,2016-08-12T00:00:00Z,230,0,2,Finished
928451,妄想感傷代償連盟,"Luss feat. Fukase (Unknown), 鏡音レン V4X (Unknown)",Cover,2016-12-04T00:00:00Z,264,0,0,Finished
901560,ジャスティス・ジャスティファイ・ジャスティファイド,絢香乍月 feat. 初音ミク,Original,2016-12-04T00:00:00Z,229,0,0,Finished
862582,PPG Phonem Multi,Smark feat. PPG Phonem (Unknown),Original,2016-12-04T00:00:00Z,119,0,0,Finished
798233,青春は花火のように,ひぐれと feat. GUMI,Cover,2016-12-04T00:00:00Z,93,0,0,Draft
722280,少女ロック,プリュ feat. 鏡音リン,Original,2016-12-04T00:00:00Z,218,0,0,Finished
654439,曖昧さ回避,wasureru. feat. 波音リツ Eve,Cover,2016-12-04T00:00:00Z,105,0,0,Finished
624094,冬の鐘,"Aポエット feat. 重音テト, 唄音ウタ",Original,2016-12-04T00:00:00Z,141,0,0,Finished
621391,やるか逃げるか,ぱるまる feat. 初音ミク,Cover,2016-12-04T00:00:00Z,195,0,0,Finished
568316,ジングルベル,"mvcucumber feat. 巡音ルカ V4X (Unknown), 初音ミク V4X (Unknown)",Cover,2016-12-04T00:00:00Z,120,0,0,Finished
560231,編んで☆ベアンブレラ,探査P feat. 初音ミク,Original,2016-12-04T00:00:00Z,230,0,0,Finished
320845,アイネコ,Castrowld feat. 茅歌コナギ,Original,2016-12-09T00:00:00Z,275,0,0,Draft
288653,Snowy Love,しろはりねずみ feat. Number Bronze,Cover,2016-12-09T00:00:00Z,256,0,0,Finished
267259,朝焼けの夢,v+j feat. IA,Original,2016-12-09T00:00:00Z,298,0,0,Finished
248095,見える世界-Desert Rose-,ZER0織 feat. Rana V4,Original,2016-12-09T00:00:00Z,276,0,0,Finished
247407,ワン、ツー、スリー!!,"akatsukikyo feat. IA, OИE, v flower",Original,2016-12-09T00:00:00Z,265,1,3,Finished
241667,Culture Trip 2,Hang Chu feat. CYBER DIVA,Original,2016-12-09T00:00:00Z,62,0,0,Finished
241666,Culture Trip 1,Hang Chu feat. CYBER DIVA,Original,2016-12-09T00:00:00Z,58,0,0,Finished
241665,The Imposter 3,Hang Chu feat. CYBER DIVA,Original,2016-12-09T00:00:00Z,64,0,0,Finished
241664,The Imposter 2,Hang Chu feat. CYBER DIVA,Original,2016-12-09T00:00:00Z,65,0,0,Finished
241663,The Imposter 1,Hang Chu feat. CYBER DIVA,Original,2016-12-09T00:00:00Z,64,0,0,Finished
983486,四ツ谷さんによろしく,nerdyRabbit feat. KAIKAI KIM,Cover,2016-05-04T00:00:00Z,187,0,0,Finished
977571,再教育,"MaraquanWocky feat. 欲音ルコ♀, ルーク",Cover,2016-05-04T00:00:00Z,249,0,0,Finished
959538,Sorry,Foxiena feat. HESIOD CORA,Original,2016-05-04T00:00:00Z,502,0,0,Finished
952712,Missing Love,侍JP feat. 初音ミク,Original,2016-05-04T00:00:00Z,276,0,0,Finished
952022,スローモーション,Te-tsu feat. さとうささら,Cover,2016-05-04T00:00:00Z,248,0,0,Finished
942365,エキセントリックｗ,"イット feat. 梟音キリィ, 薪宮風季, 水音ラル",Cover,2016-05-04T00:00:00Z,198,0,0,Finished
917420,初音ミクさまのお通りだい！,野村ヤスユキ feat. 初音ミク,Original,2016-05-04T00:00:00Z,221,0,0,Finished
915683,BLOOD ME GURU,ミナミサキ feat. 初音ミク,Original,2016-05-04T00:00:00Z,270,0,0,Finished
912732,不眠症,たいらおさむP feat. 初音ミク,Original,2016-05-04T00:00:00Z,171,0,0,Finished
899113,脱獄,「やぁ」 feat. 霜月エマ,Cover,2016-05-04T00:00:00Z,226,0,0,Finished
183618,My Heart,sofubi-p feat. MEIKO V3 (English),Original,2016-11-15T00:00:00Z,149,1,5,Finished
178189,はじめての告白,Ichitaro feat. 初音ミク,Original,2016-11-15T00:00:00Z,183,1,5,Finished
175995,SPiCa,守街 feat. Number Bronze,Cover,2016-11-15T00:00:00Z,217,1,7,Finished
175706,Happy Halloween,abb feat. 鴉鐘あんず,Cover,2016-11-15T00:00:00Z,244,1,3,Finished
172679,サヨナラの瞬き,chiyuun feat. 重音テト,Cover,2016-11-15T00:00:00Z,306,1,3,Finished
172678,brilliant,chiyuun feat. 重音テト,Cover,2016-11-15T00:00:00Z,222,1,3,Finished
171174,brilliant,Ariotsu feat. IA,Cover,2016-11-15T00:00:00Z,220,1,5,Finished
168819,6年目、定点観測に異常あり。 我ら、これより恋愛活動に移行する！,nowism feat. various,Original,2016-11-15T00:00:00Z,323,1,3,Finished
167100,HYPERDONTIA,ForgottenAlice_ feat. 戯白メリー,Cover,2016-11-15T00:00:00Z,279,1,5,Finished
161513,コロニー,RUHIA feat. 結月ゆかり V4 (純),Original,2016-11-15T00:00:00Z,228,0,0,Finished
138156,Abyss,"Dissonant Crescendo feat. DAINA, MAIKA",Remix,2016-09-15T00:00:00Z,202,1,3,Finished
137939,ずん子さんの魅力を語る,rarara feat. 東北きりたん,DramaPV,2016-09-15T00:00:00Z,40,1,5,Finished
136847,君以外には,カミウラ feat. IA,Original,2016-09-15T00:00:00Z,78,0,0,Finished
135203,風化していく,period feat. IA,Original,2016-09-15T00:00:00Z,267,1,3,Finished
135135,青絮,"藕片坊主 feat. 洛天依, 言和",Original,2016-09-15T00:00:00Z,229,0,0,Finished
135134,沉香,"FBeI音乐团队, Noll feat. 洛天依",Original,2016-09-15T00:00:00Z,300,0,4,Finished
135007,Undefined,包子SAMA丶 feat. 初音ミク Append (Dark),MusicPV,2016-09-15T00:00:00Z,240,0,0,Finished
134173,Dear Kids,DELA,Original,2016-09-15T00:00:00Z,60,1,3,Finished
134122,愛に後景,pirotu feat. MAYU,Original,2016-09-15T00:00:00Z,234,0,0,Finished
134120,どんだけ!? Xperia,ラマーズP feat. 初音ミク V3 (Unknown),Original,2016-09-15T00:00:00Z,88,3,21,Finished
139918,message,猫羽なろろ feat. OИE,Original,2016-11-14T00:00:00Z,287,1,3,Finished
139917,Night Worker,メンヘラひよこ feat. 結月ゆかり,Original,2016-11-14T00:00:00Z,255,0,4,Finished
139916,EJECT KEY,彩糸乃七 feat. 初音ミク,Original,2016-11-14T00:00:00Z,224,0,0,Finished
139915,CAMOUFLAGE,"塩分P feat. 塩音ソル, 塩音ルト",Original,2016-11-14T00:00:00Z,253,1,5,Finished
139914,Windy,もょもと feat. 初音ミク,Original,2016-11-14T00:00:00Z,259,0,0,Finished
139913,僕を殺したのは,KAZKUN feat. 初音ミク,Original,2016-11-14T00:00:00Z,315,2,14,Finished
139911,食用クラムボン,yama-dai feat. VY1V4 (Unknown),Original,2016-11-14T00:00:00Z,173,0,0,Finished
139905,不自然なアクティビティ,土山時雨 feat. 初音ミク,Original,2016-11-14T00:00:00Z,217,0,0,Finished
139903,リバーシブル・キャンペーン,nightmare feat. 鏡音リン V4X (Power),Cover,2016-11-14T00:00:00Z,175,1,3,Finished
139902,回る空うさぎ,Orangestar feat. 初音ミク,Remix,2016-11-14T00:00:00Z,175,26,162,Finished
861697,All Shook Up,"KEMiKALZ feat. 巡音ルカ V4X English (Straight), 初音ミク V3 (English)",Cover,2016-09-07T00:00:00Z,118,0,0,Draft
829307,恋は戦争 (Mwk Remix),Rianee feat. 廻音シュウ,Cover,2016-09-07T00:00:00Z,184,0,0,Finished
744204,When Johnny Comes Marching Home,"みとみと feat. 初音ミク, 巡音ルカ",Cover,2016-09-07T00:00:00Z,99,0,0,Finished
681235,At least once more,タクミタP feat. 初音ミク,Original,2016-09-07T00:00:00Z,245,0,0,Finished
655319,お望み通りの生き方を,fevernight123 feat. 虎牙音おゆぽ,Cover,2016-09-07T00:00:00Z,229,0,0,Finished
544192,スペインの夜,DN.FACTORY feat. GUMI,Original,2016-09-07T00:00:00Z,326,0,0,Finished
415696,恋は戦争,spaghetti2222 feat. IA ROCKS,Cover,2016-09-07T00:00:00Z,237,0,0,Finished
334043,Stella Marine (Arrange),"MystSaphyr, Studio VOXYZ feat. ナミダ",Remix,2016-09-07T00:00:00Z,318,1,3,Finished
330288,夜明けと蛍,華音3R feat. v4 flower,Cover,2016-09-07T00:00:00Z,311,0,0,Finished
304971,サヨナラ残月恋愛譚,斜林 feat. IA,Original,2016-09-07T00:00:00Z,265,0,2,Finished
187632,ひみつでなにこちゃん,彩糸乃七 feat. 初音ミク,Original,2016-01-03T00:00:00Z,153,0,2,Finished
175719,かなしみのなみにおぼれる,kyOresu feat. ALIACELI,Cover,2016-01-03T00:00:00Z,198,2,6,Finished
173900,days (Itsuki Asanagi Remix 2016),Nursery Rhymes* feat. various,Remix,2016-01-03T00:00:00Z,391,1,3,Finished
168018,Yuragi,Pablo Bablo feat. 鏡音リン V4X (Unknown),Cover,2016-01-03T00:00:00Z,203,0,0,Finished
168001,悪ノ娘,RyuSouta feat. 鏡音リン V4X (Unknown),Cover,2016-01-03T00:00:00Z,280,1,5,Finished
159211,新年のあいさつ,まらりん feat. Rana,Original,2016-01-03T00:00:00Z,48,0,0,Finished
158853,Regret Message,Lemon Neko feat. V4 GUMI (Adult),Cover,2016-01-03T00:00:00Z,297,0,0,Finished
153165,メカクシコード,癒叶 feat. OИE,Cover,2016-01-03T00:00:00Z,228,1,3,Finished
149613,名前のない怪物,シバ feat. 鏡音リン V4X (Unknown),Cover,2016-01-03T00:00:00Z,318,0,0,Finished
143248,don't worry,逆子 feat. 初音ミク,Original,2016-01-03T00:00:00Z,108,0,2,Finished
497241,十三番目の黙示録,"楪きゃりーな feat. 宮歌ショウ, 王歌リズ",Cover,2016-06-20T00:00:00Z,264,0,0,Finished
480128,妖姫黎明譚 第一章 誘幻跋扈-臣-,"KZ Creations feat. 巡音ルカ, 氷山キヨテル",Remaster,2016-06-20T00:00:00Z,277,0,2,Finished
471562,ゴーストルール,mamemame feat. 八草ラク,Cover,2016-06-20T00:00:00Z,207,0,0,Finished
407386,花の夏,Pablo Bablo feat. 巡音ルカ V4X (Soft),Cover,2016-06-20T00:00:00Z,191,0,0,Finished
366431,Just To Give It Up,DollarZwei feat. Fukase (English),Original,2016-06-20T00:00:00Z,207,0,0,Finished
365757,遺曲,スギアヤヒコ feat. YUU,Original,2016-06-20T00:00:00Z,268,0,0,Finished
364185,Cum on Me,Canadian Bakin' feat. MEIKO V3 (English),Original,2016-06-20T00:00:00Z,88,1,3,Finished
344632,カレイドスコープ (Short Length),shu-t feat. MEIKO,Original,2016-06-20T00:00:00Z,163,1,3,Finished
123684,Beautiful World,n.k feat. さとうささら,Original,2016-04-20T00:00:00Z,276,1,7,Finished
123683,SUNSHINE in the rain,"天気雨 feat. 鏡音リン, 鏡音レン",Original,2016-04-20T00:00:00Z,203,0,0,Finished
123682,春風,ぐるめ feat. 巡音ルカ V4X (Unknown),Original,2016-04-20T00:00:00Z,200,0,0,Finished
123680,遊び愛,Novel feat. IA,Original,2016-04-20T00:00:00Z,218,0,2,Finished
123678,Out of Body Experience,An Yuki feat. V3 GUMI (Whisper),Original,2016-04-20T00:00:00Z,168,1,5,Finished
122389,Tequila,赤シャツP feat. IA,Original,2016-04-20T00:00:00Z,354,0,2,Finished
122379,Their Dream,Mwk feat. 初音ミク V3 (Dark),Original,2016-04-20T00:00:00Z,335,0,16,Finished
983496,Undeceive-Able ,"nerdyRabbit feat. 月代はくぽ, 気鋭",Cover,2016-04-19T00:00:00Z,240,0,0,Finished
983485,magician's operation,nerdyRabbit feat. various,Cover,2016-04-19T00:00:00Z,204,0,0,Finished
977576,Karma,MaraquanWocky feat. 欲音ルコ♂ (キレ),Cover,2016-04-19T00:00:00Z,236,0,0,Finished
964831,僕がモンスターになった日,Catlione feat. Mac音ナナ (GarageBand),Cover,2016-12-25T00:00:00Z,200,0,0,Finished
949282,Carol of The Bells,FinnSuzune feat. various,Cover,2016-12-25T00:00:00Z,85,0,0,Finished
948818,アメイニアスの嫉妬,うや feat. 初音ミク,Original,2016-12-25T00:00:00Z,181,0,0,Finished
948813,Jingle Bell From Hell,"Allen Void feat. DEX, Fukase (English)",Remix,2016-12-25T00:00:00Z,107,0,0,Finished
948810,BROADCAST ILLUSION,"Obsolete Videos feat. CYBER DIVA, 巡音ルカ V4X (Unknown), Fukase (English)",Cover,2016-12-25T00:00:00Z,322,0,0,Finished
935909,Santa Ya Está Aquí,BlackPhantom feat. MAIKA,Original,2016-12-25T00:00:00Z,0,0,0,Finished
932717,Aut Vetitum,ムラサメ feat. 鏡音レン,Original,2016-12-25T00:00:00Z,245,0,0,Finished
930325,Have Yourself A Merry Little Christmas,v3xman feat. various,Cover,2016-12-25T00:00:00Z,262,0,0,Finished
928445,前前前世,"まきこ feat. 鏡音リン, Fukase (Unknown)",Cover,2016-12-25T00:00:00Z,282,0,0,Finished
925821,"Merry Christmas, My Hero.",Sint feat. Fukase (Soft),Cover,2016-12-25T00:00:00Z,130,0,0,Finished
138035,もはや愛,"じーざすP feat. 鏡音リン, 鏡音レン",Original,2016-09-10T00:00:00Z,235,0,6,Finished
138036,Mute Garden,マイナスP feat. 鏡音リン,Original,2016-09-10T00:00:00Z,284,2,10,Finished
138037,frozen world-ver.LEN,マイナスP feat. 鏡音レン,Remix,2016-09-10T00:00:00Z,277,0,6,Finished
136785,Realistic World,梓なな feat. 結月ゆかり,Original,2016-09-10T00:00:00Z,127,0,0,Finished
135604,World is Mine [VOCA-VOID & Love Drip Remix],"vocabot-P, al., VOCA-VOID feat. 初音ミク V3 (Original)",Remix,2016-09-10T00:00:00Z,354,0,0,Finished
134597,Assault Mirage,"Pablo Bablo feat. 巡音ルカ V4X (Hard), 初音ミク V4X (Original), v flower",Cover,2016-09-10T00:00:00Z,204,3,11,Finished
134075,夏-狂热之舞,"padi, 哈士奇, 颗粒 feat. 乐正绫",Original,2016-09-10T00:00:00Z,256,0,0,Finished
134073,For Teachers,"猫橙yo, 冬至无声, 心 feat. 洛天依",Original,2016-09-10T00:00:00Z,286,0,0,Finished
134029,えれくとりっく・えんじぇぅ,幸雄ノ助 feat. 初音ミク V4X (Original),Cover,2016-09-10T00:00:00Z,198,0,0,Finished
133820,PANDAS,Jade feat. 初音ミク V4 (English),Original,2016-09-10T00:00:00Z,12,0,0,Approved
691732,シエヌガレア,大内克之 feat. GUMI,Original,2016-02-26T00:00:00Z,300,0,0,Finished
670466,自我覚醒の時,春風香花 feat. 巡音ルカ V4X (Soft),Original,2016-02-26T00:00:00Z,227,0,0,Finished
652532,Black Board,darkninjavn2011 feat. 猫村いろは,Cover,2016-02-26T00:00:00Z,223,0,0,Finished
635429,やめてちょうだい,Epic Nao feat. 初音ミク,Original,2016-02-26T00:00:00Z,184,0,2,Finished
628649,わかれうた,kazu feat. OИE,Cover,2016-02-26T00:00:00Z,239,0,0,Finished
624253,暴走車,"Aポエット feat. 重音テト, 唄音ウタ",Original,2016-02-26T00:00:00Z,119,0,0,Finished
617517,ゴーストルール (Guitar Cover),ともはち feat. 初音ミク V4X (Original),Remix,2016-02-26T00:00:00Z,213,0,0,Finished
552726,猫とコタツとそれから君と,masa feat. 初音ミク,Original,2016-02-26T00:00:00Z,153,0,0,Finished
513820,天樂,おうめ feat. アルスロイド,Cover,2016-02-26T00:00:00Z,275,0,0,Finished
500080,Miss you,喜多村あきら feat. V3 GUMI (Unknown),Original,2016-02-26T00:00:00Z,215,0,0,Finished
133857,Disappearance.,An Yuki feat. 初音ミク,Original,2016-09-16T00:00:00Z,206,2,20,Finished
133856,Hangover,PLAMA feat. 鏡音リン V4 (English),Original,2016-09-16T00:00:00Z,273,3,13,Finished
133855,ワルアガキ,ウエダバジル feat. 初音ミク,Original,2016-09-16T00:00:00Z,215,1,3,Finished
133854,せんせ,てにをは feat. 初音ミク,Original,2016-09-16T00:00:00Z,229,1,19,Finished
133850,X-RAY,"LIQ feat. 結月ゆかり V4 (凛), 結月ゆかり V4 (純)",Original,2016-09-16T00:00:00Z,266,12,65,Finished
133849,whiteout room,LIQ feat. 初音ミク,Original,2016-09-16T00:00:00Z,278,4,22,Finished
133680,Liaisone,"CloA feat. OИE, IA",Original,2016-09-16T00:00:00Z,193,1,3,Finished
133082,Eyesore,idoyklik feat. 巡音ルカ V4X (Unknown),Original,2016-09-16T00:00:00Z,262,1,11,Finished
131087,リバーシブル・キャンペーン,"DECO*27, Naoki Itai feat. 初音ミク V4X (Original)",Original,2016-09-16T00:00:00Z,172,91,529,Approved
943423,ロミオとシンデレラ,"Carla Selma feat. Fukase (Unknown), マクネナナ (日本語)",Cover,2016-09-15T00:00:00Z,277,0,0,Finished
162713,無個性なこひのうた,akku feat. 初音ミク,Original,2017-05-26T00:00:00Z,168,0,0,Finished
160796,Color By Neon,Sycee feat. CYBER SONGMAN,Original,2017-05-26T00:00:00Z,244,0,2,Finished
160541,月がきれい,rarara feat. 東北ずん子,Cover,2017-05-26T00:00:00Z,362,0,0,Finished
159461,僕をそんな目で見ないで,"Pigeon feat. 鏡音リン V4X (Power), 鏡音リン V4X (Sweet)",Cover,2017-05-26T00:00:00Z,312,0,0,Finished
159076,キュビズムアカウント,ふむう feat. 初音ミク,Original,2017-05-26T00:00:00Z,168,0,0,Finished
158363,カオス理論,司馬遊馬 feat. IA,Original,2017-05-26T00:00:00Z,172,0,0,Finished
158336,イナイイナイ依存症,HopeandJoy9 feat. 戯白メリー,Cover,2017-05-26T00:00:00Z,211,1,3,Finished
158288,未来的志愿书,周小蚕 feat. 乐正绫,Cover,2017-05-26T00:00:00Z,210,0,2,Finished
158277,リアリティーのダンス,"Kaitsuko feat. 鏡音レン V4X (Cold), 鏡音レン V4X (Serious)",Cover,2017-05-26T00:00:00Z,209,1,3,Finished
158266,Akari,ゆずたん feat. 雨月,Cover,2017-05-26T00:00:00Z,271,2,6,Finished
158483,ワールドアウトサイド,OSformula feat. LUMi,Cover,2017-06-03T00:00:00Z,316,0,0,Finished
158479,TiME,S.O.U.L. feat. MEIKO V3 (English),Original,2017-06-03T00:00:00Z,229,1,7,Finished
158476,レインズルイン,Zu2ki feat. 初音ミク,Original,2017-06-03T00:00:00Z,296,1,5,Finished
158470,Tierra Mojada,Aku P feat. Danny,Original,2017-06-03T00:00:00Z,229,2,10,Finished
158468,4畳半ディスコ,Y.sato feat. 結月ゆかり,Original,2017-06-03T00:00:00Z,214,1,7,Finished
158465,Drawing sky,float frag feat. 初音ミク V3 (Unknown),Original,2017-06-03T00:00:00Z,250,0,0,Finished
158463,A Diva's Fate,もっちもち王国 feat. 巡音ルカ V4X (Unknown),Original,2017-06-03T00:00:00Z,224,1,5,Finished
158462,灯篭飛ばし,rashly man feat. 初音ミク,Original,2017-06-03T00:00:00Z,314,0,4,Finished
158461,騒がば踊れと虚無の国,HaTa feat. 初音ミク,Original,2017-06-03T00:00:00Z,206,0,0,Finished
158460,四五三六日間の恋,あひる feat. IA,Original,2017-06-03T00:00:00Z,283,0,0,Finished
179232,たんたんたん！,"kazya feat. CUL, 東北ずん子",Original,2017-12-22T00:00:00Z,75,0,0,Finished
178934,シラユキ,mOni feat. 初音ミク,Original,2017-12-22T00:00:00Z,277,1,3,Finished
178933,Twinkle Bell,"nobo, NoraCity feat. 初音ミク",Original,2017-12-22T00:00:00Z,284,0,0,Finished
178932,プリエール・ノエル,Bau feat. Rana,Original,2017-12-22T00:00:00Z,263,1,5,Finished
178699,Rin Len Ring Ring,"NexusZyna feat. 鏡音リン V4 (English), 鏡音レン V4 (English)",Original,2017-12-22T00:00:00Z,156,1,3,Finished
178695,Wounds,Wi†CH KiD feat. GUMI,Original,2017-12-22T00:00:00Z,301,1,3,Finished
178688,Cybernetic (雄之助 Remix),雄之助 feat. 初音ミク V4 (English),Remix,2017-12-22T00:00:00Z,244,2,10,Finished
178689,Cybernetic,"CircusP, 雄之助",Instrumental,2017-12-22T00:00:00Z,196,1,3,Finished
178690,Cybernetic (雄之助 Remix),雄之助,Instrumental,2017-12-22T00:00:00Z,244,1,3,Finished
178677,Soundless Paradise,Quasar P feat. AVANNA,Original,2017-12-22T00:00:00Z,333,0,4,Finished
180180,反杀行动,Various artists,Original,2017-12-27T00:00:00Z,211,0,8,Finished
180143,不完全肯定感染症,かちく feat. IA,Original,2017-12-27T00:00:00Z,93,0,0,Finished
179477,みらくるツイン☆LR,"製図P feat. 鏡音レン V4X (Unknown), 鏡音リン V4X (Unknown)",Original,2017-12-27T00:00:00Z,244,0,0,Finished
179470,赤毛のAshley,"Shius, Tsus feat. 猫村いろは",Original,2017-12-27T00:00:00Z,256,1,5,Finished
179300,スキキライ,TORA_V4 feat. various,Cover,2017-12-27T00:00:00Z,273,0,2,Finished
179299,ヒビカセ,TORA_V4 feat. 鏡音レン V4X (Unknown),Cover,2017-12-27T00:00:00Z,236,0,2,Finished
179285,ついて行くよ,"k.TAMAYAN feat. 鏡音リン Append (Unknown), 鏡音レン Append (Unknown)",Original,2017-12-27T00:00:00Z,235,1,3,Finished
179244,Blooming star,めーぷる feat. 闇音レンリ,Cover,2017-12-27T00:00:00Z,375,1,5,Finished
179230,永遠にともに,"gen feat. 鏡音リン, 鏡音レン",Cover,2017-12-27T00:00:00Z,299,0,2,Finished
179205,鏡音補完計画,"ヒーリン feat. 鏡音リン V4X (Unknown), 鏡音レン V4X (Unknown)",Original,2017-12-27T00:00:00Z,301,1,7,Finished
242431,ノットイコール,双葉鱈 feat. IA,Original,2017-06-24T00:00:00Z,180,0,0,Finished
240142,ナイトパレード,ヨーリヨーリ feat. 初音ミク,Original,2017-06-24T00:00:00Z,250,0,0,Finished
239135,ジェンガ,kuro510 feat. 重音テト,Cover,2017-06-24T00:00:00Z,303,1,3,Finished
236333,ぐるぐるポン！,Muufe feat. GUMI,Original,2017-06-24T00:00:00Z,182,0,0,Finished
235515,エンドレス冷やし中華,"unui, tatmos feat. 初音ミク",Original,2017-06-24T00:00:00Z,189,0,0,Finished
233169,おとぎの国のシーシュポス,[QAZ] feat. Fukase (Unknown),Original,2017-06-24T00:00:00Z,325,1,3,Finished
232444,Days,ryota01 feat. 重音テト,Original,2017-06-24T00:00:00Z,258,2,6,Finished
220387,名も無き流星,ユウ feat. GUMI,Original,2017-06-24T00:00:00Z,329,0,0,Finished
216547,八分音符のリズムで♪,ヒノキP feat. 初音ミク,Original,2017-06-24T00:00:00Z,157,0,0,Finished
193286,波澜情歌,Sheep feat. 洛天依,Original,2017-06-24T00:00:00Z,174,0,0,Finished
644035,ローファイ・タイムズ,時雨ゆん feat. 虎牙音おゆぽ,Cover,2017-08-12T00:00:00Z,216,0,0,Finished
623954,天使の腰掛,"Aポエット feat. 重音テト, 唄音ウタ",Original,2017-08-12T00:00:00Z,120,0,0,Finished
623303,Mii channel,IKawaiism feat. various,Cover,2017-08-12T00:00:00Z,101,1,3,Finished
565010,Lilium,Eaver feat. IA,Cover,2017-08-12T00:00:00Z,206,1,5,Finished
525214,Tell Your World,"はしにく, ちおん feat. 天月りよん",Cover,2017-08-12T00:00:00Z,283,0,0,Finished
429701,立方体のりっちゃんのテーマ,すぴぃちゃん feat. GUMI,Original,2017-08-12T00:00:00Z,254,0,0,Finished
408364,好きすぎて,"ラナレコP, 隼人 feat. 初音ミク",Original,2017-08-12T00:00:00Z,271,0,0,Finished
405898,無垢の花,"ヴェーラン feat. 鏡音レン, Oliver",Cover,2017-08-12T00:00:00Z,234,0,0,Finished
377763,すめてぃあ,カリバネム feat. 巡音ルカ,Original,2017-08-12T00:00:00Z,242,0,0,Finished
329430,journey,CtKa feat. 氷山キヨテル,Original,2017-08-12T00:00:00Z,332,0,0,Finished
171081,コントラバスを飛び越えて,なす feat. 初音ミク,Original,2017-10-19T00:00:00Z,100,0,0,Finished
171080,秋雨,優水Ｐ feat. KAITO V3 (Soft),Original,2017-10-19T00:00:00Z,206,0,0,Finished
171079,首,"蛸背あかり feat. GUMI, 音街ウナ Spicy",Original,2017-10-19T00:00:00Z,239,6,30,Finished
171078,魅惑の男子パンチラ,たかはっP feat. 初音ミク,Original,2017-10-19T00:00:00Z,150,0,0,Finished
171076,Montage,PLAMA feat. 鏡音レン V4X (Unknown),Original,2017-10-19T00:00:00Z,246,4,22,Finished
171075,Let it be,Guiano feat. IA,Original,2017-10-19T00:00:00Z,206,1,7,Finished
171059,ハルシネイト,ていくる feat. 初音ミク,Original,2017-10-19T00:00:00Z,309,1,11,Finished
171058,noise reduction,御所難P feat. 巡音ルカ V4X (Unknown),Original,2017-10-19T00:00:00Z,242,0,0,Finished
171057,イージス・リィーン,LEVEREVE feat. 初音ミク,Original,2017-10-19T00:00:00Z,233,1,5,Finished
171056,Ash,ぶっちん feat. 巡音ルカ V4X (Unknown),Original,2017-10-19T00:00:00Z,262,0,2,Finished
276068,Last Train,"kodakane feat. KAITO V3 (Unknown), 巡音ルカ",Original,2017-02-28T00:00:00Z,247,0,0,Finished
269937,again,MANATEE feat. 鏡音リン,Cover,2017-02-28T00:00:00Z,233,0,0,Finished
267173,ジュビリー,見切り発車P feat. 猫村いろは,Original,2017-02-28T00:00:00Z,302,0,0,Finished
265910,一人がいいや,F.Ocean feat. GUMI,Original,2017-02-28T00:00:00Z,320,0,0,Finished
254353,Blank-A,LuNaRhyThm feat. Mew,Original,2017-02-28T00:00:00Z,210,0,0,Finished
252822,傘と桜,DADA feat. 鏡音レン,Original,2017-02-28T00:00:00Z,263,0,0,Finished
252821,ぴえろとあそぼう,DADA feat. 鏡音リン,Original,2017-02-28T00:00:00Z,460,0,0,Finished
212438,流されて…,つうく=焼酎P feat. MEIKO V3 (Unknown),Original,2017-02-28T00:00:00Z,272,0,0,Finished
197302,告白,虎狐 feat. 鏡音リン,Original,2017-02-28T00:00:00Z,342,1,7,Finished
194968,Bang Bang,"Aaron Balboa feat. 櫻井歌音, 東北イタコ, アサ音さな",Cover,2017-02-28T00:00:00Z,206,2,6,Finished
177640,Wonderland,GR-M3 feat. 初音ミク V3 (English),Original,2017-12-09T00:00:00Z,345,0,0,Finished
177641,Moonchild,GR-M3 feat. 初音ミク V3 (English),Original,2017-12-09T00:00:00Z,242,0,0,Finished
177642,Play-Box War,GR-M3 feat. 初音ミク V3 (English),Original,2017-12-09T00:00:00Z,375,0,0,Finished
177643,Ma-La-Na,GR-M3 feat. 初音ミク V4X (Original),Original,2017-12-09T00:00:00Z,491,0,0,Finished
177405,quiet room,"minome feat. 鏡音リン V4X (Sweet), 鏡音リン V4X (Warm)",Cover,2017-12-09T00:00:00Z,222,2,8,Finished
177337,夢の国のシンデレラ,とんち feat. 夢眠ネム,Original,2017-12-09T00:00:00Z,124,0,0,Finished
177165,End Is Begin,Patyth feat. 初音ミク V4X (Unknown),Original,2017-12-09T00:00:00Z,201,0,2,Finished
177140,pa'l hogar (tell 'em),"el convexx feat. MAIKA, 巡音ルカ V4X English (Straight), Clara",Original,2017-12-09T00:00:00Z,230,2,6,Finished
177129,海に,デクーモ feat. 初音ミク,Original,2017-12-09T00:00:00Z,341,0,2,Finished
177128,为人君者,"海鲜面, 纳兰寻风 feat. various",Original,2017-12-09T00:00:00Z,301,2,8,Finished
409019,BYOBF,Rhatsody feat. 初音ミク V4X (Unknown),Original,2017-09-01T00:00:00Z,187,2,6,Finished
409018,Diez años de color,"VNane​P feat. 初音ミク V4X (Sweet), 初音ミク V4X (Dark)",Original,2017-09-01T00:00:00Z,253,1,3,Finished
351001,Happiness,Serenada Viana feat. Oliver,Cover,2017-09-01T00:00:00Z,20,0,0,Finished
330294,超常現象,華音3R feat. VY2,Cover,2017-09-01T00:00:00Z,229,0,0,Finished
315042,Great Days,Various artists,Cover,2017-09-01T00:00:00Z,240,1,3,Finished
306008,鏡の向こうの醜い私,":. feat. KAITO V3 (Straight), KAITO V3 (Soft), KAITO V3 (Whisper)",Cover,2017-09-01T00:00:00Z,310,0,0,Finished
276963,星見の祈り,maroki feat. 初音ミク,Original,2017-09-01T00:00:00Z,210,0,0,Finished
276469,舞い降りる紅葉のように,P.N.朝倉 feat. VY1,Original,2017-09-01T00:00:00Z,290,0,0,Finished
272040,AGAIN,"Ph.D Pepper, Sapphire Star feat. 鏡音リン V4X (Power)",Cover,2017-09-01T00:00:00Z,248,0,0,Finished
272039,AGAIN,"Ph.D Pepper, Sapphire Star feat. 鏡音レン V4X (Power)",Cover,2017-09-01T00:00:00Z,248,0,0,Finished
158133,オルカ,みじめ feat. 初音ミク,Original,2017-05-27T00:00:00Z,238,1,3,Finished
158020,ぬいぐるみダンスパーティー,あんどぅ feat. 初音ミク,Original,2017-05-27T00:00:00Z,243,0,0,Finished
158006,般若心経ハードコア,Cubialpha feat. 筆音クミ - Erase,Cover,2017-05-27T00:00:00Z,113,2,12,Finished
157998,Flowers in Bloom,"Karma Wears White Ties, ODDEEO feat. V3 GUMI (English)",Cover,2017-05-27T00:00:00Z,190,5,19,Finished
157999,Pavlo's Cues,"Karma Wears White Ties, ODDEEO feat. V3 GUMI (English)",Cover,2017-05-27T00:00:00Z,193,3,13,Finished
158000,Chinatown Blues,"Karma Wears White Ties, ODDEEO feat. V3 GUMI (English)",Cover,2017-05-27T00:00:00Z,215,13,61,Finished
158001,Valentina's Shoes,"Karma Wears White Ties, ODDEEO feat. V3 GUMI (English)",Cover,2017-05-27T00:00:00Z,175,3,13,Finished
158002,Polaroid Hues,"Karma Wears White Ties, ODDEEO feat. V3 GUMI (English)",Cover,2017-05-27T00:00:00Z,218,4,16,Finished
158003,Chinatown Blues (Jamie Paige Remix),"Jamie Paige feat. V3 GUMI (English), Karma Wears White Ties",Remix,2017-05-27T00:00:00Z,250,3,21,Finished
158004,Polaroid Hues (Circus Remix),"CircusP feat. 初音ミク V4 (English), 初音ミク V4X (Unknown)",Remix,2017-05-27T00:00:00Z,224,4,14,Finished
164600,ハッピークッキング！,砂川こうじ feat. 歌幡メイジ,Original,2017-01-28T00:00:00Z,397,1,3,Finished
163153,uNlock,うしお feat. 音街ウナ (Unknown),Original,2017-01-28T00:00:00Z,207,0,2,Finished
162747,weekend...,cellerP feat. 初音ミク Append (Sweet),Original,2017-01-28T00:00:00Z,317,1,3,Finished
161494,サリシノハラ,まひるの feat. Fukase (Soft),Cover,2017-01-28T00:00:00Z,273,0,0,Finished
161417,ラフ,新井さら feat. 初音ミク,Original,2017-01-28T00:00:00Z,342,0,0,Finished
159864,タイムマシン,マシュー feat. 鏡音リン,Cover,2017-01-28T00:00:00Z,199,1,5,Finished
159562,千秋一夜,ランドルト feat. 戯白メリー,Cover,2017-01-28T00:00:00Z,302,1,3,Finished
158984,粘着系男子の15年ネチネチ,pks feat. ハルオロイド・ミナミ,Cover,2017-01-28T00:00:00Z,356,1,3,Finished
156724,初桜,KJ feat. 初音ミク V3 (Original),Original,2017-01-28T00:00:00Z,273,0,0,Finished
154557,Shout in the Darkest World,そーいち feat. GUMI,Original,2017-01-28T00:00:00Z,244,5,21,Finished
152942,片想いサンバ,kuro510 feat. 重音テト,MusicPV,2017-04-01T00:00:00Z,181,2,6,Finished
152941,April Fool,ryuryu feat. 初音ミク,Remix,2017-04-01T00:00:00Z,270,4,16,Finished
152939,Alive,"DELA, 花儿不哭 feat. 乐正绫",Cover,2017-04-01T00:00:00Z,180,1,3,Finished
152938,天上天下,Yokomin feat. 結月ゆかり V4 (Unknown),Original,2017-04-01T00:00:00Z,249,4,34,Finished
152933,気化熱の向こう側,物煎餅 feat. 重音テト,Original,2017-04-01T00:00:00Z,213,1,3,Finished
152932,DEAD OR ALIVE,黒瓜丿美 feat. 結月ゆかり,Original,2017-04-01T00:00:00Z,242,1,9,Finished
152931,泣けど喚けど朝がきて,4ma15 feat. 重音テト,Original,2017-04-01T00:00:00Z,290,9,43,Finished
152930,水彩色の世界と滲む自意識,DJマキセクリス feat. 滲音かこい,Original,2017-04-01T00:00:00Z,174,1,5,Finished
152929,ラピスラズリの空,ナナミP feat. 鏡音リン,Original,2017-04-01T00:00:00Z,193,0,2,Finished
152928,a cloud,EMO feat. 初音ミク,Original,2017-04-01T00:00:00Z,270,0,4,Finished
967788,ORANGE LINE,"Murasaki Pan feat. Fukase (Unknown), 音街ウナ Sugar",Cover,2017-03-24T00:00:00Z,235,0,0,Finished
962736,カオス・メドレー ～ギガリミックス～,"Orepi feat. Fukase (Unknown), IA, 音街ウナ (Unknown)",Cover,2017-03-24T00:00:00Z,255,0,0,Finished
952283,光よ,AlexProKiller feat. Fukase (Unknown),Cover,2017-03-24T00:00:00Z,280,0,0,Finished
946494,しりたくない,Grey feat. アステロス,Cover,2017-03-24T00:00:00Z,209,0,0,Finished
918116,봄날,odotter feat. MIYOON,Cover,2017-03-24T00:00:00Z,37,0,0,Finished
866133,CopyCat,Synnibear03 feat. V3 GUMI (English),MusicPV,2017-03-24T00:00:00Z,46,0,0,Finished
840514,Circles,Hana Misaki feat. 小泉ミサキ,Cover,2017-03-24T00:00:00Z,260,0,0,Finished
834709,Closer,"Freya-Vhal feat. Sweet Ann, Big AL",Cover,2017-03-24T00:00:00Z,245,0,0,Finished
829318,Circles,Rianee feat. 城音アレス,Cover,2017-03-24T00:00:00Z,257,0,0,Finished
819681,いいのよ？,akayaka feat. 女声1 (AquesTalk),Original,2017-03-24T00:00:00Z,253,0,0,Finished
927605,ACUTE,Pika-P feat. various,Mashup,2017-02-16T00:00:00Z,281,0,0,Draft
920334,Question,浅漬け feat. 初音ミク,Original,2017-02-16T00:00:00Z,90,0,0,Finished
913837,GAME RULES,VNane​P feat. 初音ミク,Original,2017-02-16T00:00:00Z,189,0,0,Finished
896084,にんぎょ,さむろぼ feat. SF-A2 開発コード miki,Original,2017-02-16T00:00:00Z,215,0,0,Finished
895279,Injusto,VNane​P feat. 初音ミク V4X (Unknown),Original,2017-02-16T00:00:00Z,172,0,0,Finished
784279,臨界ダイバー,甘味 feat. 水音ラル,Cover,2017-02-16T00:00:00Z,197,0,0,Finished
745559,ゴーストルール,ジョニジョ feat. 鈍歌フィヨードッ,Cover,2017-02-16T00:00:00Z,209,0,0,Finished
682243,青空のラプソディ,"zuckey feat. 琴葉葵, 琴葉茜",Cover,2017-02-16T00:00:00Z,90,0,0,Finished
634738,なごり雪,くり feat. 初音ミク,Cover,2017-02-16T00:00:00Z,188,0,0,Finished
550539,ゴーストルール,ターコイズ feat. 初音ミク V4X (Unknown),MusicPV,2017-02-16T00:00:00Z,219,0,0,Finished
174865,Brilliant Scenery,シモーネ feat. 初音ミク,Original,2017-11-17T00:00:00Z,240,0,2,Finished
174843,IT'S OUR PLANET!,夜のロサンゼルス feat. IA,Original,2017-11-17T00:00:00Z,242,0,4,Finished
166186,Good Bye,8BitHero feat. V3 GUMI (English),Original,2017-11-17T00:00:00Z,307,0,0,Finished
998783,千本桜,加賀碧 feat. 東北きりたん (Unknown),Cover,2017-11-16T00:00:00Z,178,1,3,Finished
963585,ロクベル,HondaDeer feat. Fukase (Normal),Cover,2017-11-16T00:00:00Z,227,0,0,Finished
951006,ピカソパレット fullver,パロ feat. 初音ミク,Remix,2017-11-16T00:00:00Z,190,0,0,Finished
950026,キライ・キライ・ジガヒダイ！,Yoshikage F. feat. Squidward,Cover,2017-11-16T00:00:00Z,217,1,3,Finished
945502,生僻字,陈柯宇,Original,2017-11-16T00:00:00Z,216,0,0,Finished
924748,SPICE! (Español Latino),Brisko feat. Fukase (Unknown),Cover,2017-11-16T00:00:00Z,221,0,0,Finished
881850,The Joy Of Christmas,Steven Wagenheim feat. CYBER DIVA,Original,2017-11-16T00:00:00Z,156,0,0,Finished
168584,プレルーディオ,カミウラ feat. IA,Original,2017-09-07T00:00:00Z,235,0,0,Finished
167698,心空,哈士奇 feat. 初音ミク V4 (中文版),Cover,2017-09-07T00:00:00Z,275,0,0,Finished
167368,与你相遇奇迹,敌门 feat. 初音ミク V4 (中文版),Remix,2017-09-07T00:00:00Z,228,1,5,Finished
167366,自导自演,Sya feat. 洛天依,Original,2017-09-07T00:00:00Z,197,1,7,Finished
167361,だから,青い桜 feat. VY1V4 (Unknown),Original,2017-09-07T00:00:00Z,352,0,0,Finished
167360,The End Of The Rainbow,Steven Wagenheim feat. CYBER DIVA,Original,2017-09-07T00:00:00Z,277,1,3,Finished
167346,君を,荷戸眠しーた feat. 初音ミク,Original,2017-09-07T00:00:00Z,139,0,2,Finished
167347,溶けてなくなる,荷戸眠しーた feat. 滲音かこい,Original,2017-09-07T00:00:00Z,210,1,3,Draft
167348,ゆらゆらり,荷戸眠しーた feat. 滲音かこい,Unspecified,2017-09-07T00:00:00Z,293,1,5,Draft
167349,ずっと,荷戸眠しーた feat. 滲音かこい,Original,2017-09-07T00:00:00Z,166,1,5,Draft
850157,너 그리고 나,CinnamonBN feat. various,Cover,2017-01-27T00:00:00Z,193,0,0,Finished
817303,尘降,Unknown producer(s) feat. 耀皇,Cover,2017-01-27T00:00:00Z,489,0,0,Finished
794299,义勇军进行曲,Dengzhen Lu feat. 洛天依,Cover,2017-01-27T00:00:00Z,39,0,0,Finished
702271,シルキーアップル,アカシアキカズ feat. 初音ミク,Original,2017-01-27T00:00:00Z,301,0,0,Finished
684154,かけら,ムーナンド feat. 初音ミク,Original,2017-01-27T00:00:00Z,122,0,0,Finished
673855,『森の歌』より5.コムソモールは前進する,ルサルカ feat. various,Cover,2017-01-27T00:00:00Z,178,0,0,Finished
666994,妄想感傷代償連盟,羅威 feat. 狼音アロ,Cover,2017-01-27T00:00:00Z,270,0,0,Finished
634879,夜桜お七,ジョニー feat. OИE,Cover,2017-01-27T00:00:00Z,319,0,0,Draft
624063,故大陸,"Aポエット feat. 重音テト, 唄音ウタ",Original,2017-01-27T00:00:00Z,156,0,0,Finished
612906,デッドチェリーツリー,LeiYunWolfy feat. IA,Cover,2017-01-27T00:00:00Z,246,0,0,Finished
173372,風に乗って,ソタカ feat. 結月ゆかり,Original,2017-01-11T00:00:00Z,263,0,0,Finished
172681,恋は戦争 (Mwk Remix),chiyuun feat. 重音テト,Cover,2017-01-11T00:00:00Z,185,3,9,Finished
172411,ANSWER,こいたP feat. 初音ミク,Original,2017-01-11T00:00:00Z,320,0,0,Finished
171263,A Boy Loves A Boy,Once888 feat. 巡音ルカ,Original,2017-01-11T00:00:00Z,190,1,3,Finished
166486,Rain,IRLVenus feat. DEX,Original,2017-01-11T00:00:00Z,203,1,3,Finished
166487,Rain,IRLVenus,Instrumental,2017-01-11T00:00:00Z,203,1,3,Finished
164897,dark survival,Nihil feat. 初音ミク,Original,2017-01-11T00:00:00Z,253,0,0,Approved
160033,弈者,"靈風, 瞾天p feat. 洛天依",Original,2017-01-11T00:00:00Z,634,0,2,Finished
159065,媚びと餌付け,"IZ feat. 琴葉茜, 結月ゆかり V4 (凛)",Original,2017-01-11T00:00:00Z,210,1,3,Finished
159060,Tenohira,ムーナンド feat. 初音ミク,Original,2017-01-11T00:00:00Z,96,0,0,Finished
178205,Holy,"george, EastBell feat. 巡音ルカ V4X (Unknown)",Original,2017-12-19T00:00:00Z,303,0,0,Finished
178199,最後の約束,凜之形 feat. 巡音ルカ V4X (Unknown),Original,2017-12-19T00:00:00Z,299,1,5,Finished
178172,VOCALOID4 紲星あかり 開発中デモソング,Various artists,Other,2017-12-19T00:00:00Z,258,1,5,Finished
178055,HITORI,あさちか feat. IA,Original,2017-12-19T00:00:00Z,211,0,0,Finished
178047,Hello Mr.Colorful,Sora Ikami feat. 初音ミク V4X (Original),Cover,2017-12-19T00:00:00Z,263,2,6,Finished
178040,サンタとダンス,ぶぶぶ feat. IA,Original,2017-12-19T00:00:00Z,295,0,0,Finished
178025,千キロメートル,Naskey feat. 初音ミク V4X (Unknown),Original,2017-12-19T00:00:00Z,305,0,4,Finished
178023,YOLO,Ichitaro feat. various,Original,2017-12-19T00:00:00Z,212,3,11,Finished
178022,link - 2017 Remaster -,Re:nG feat. 初音ミク,Remaster,2017-12-19T00:00:00Z,304,6,26,Finished
178013,Happy Happy BirthDay,"優依, PHONON Music feat. 初音ミク",Original,2017-12-19T00:00:00Z,235,0,2,Finished
172916,Don't Look Down,ソンチョー feat. 夢眠ネム,Original,2017-09-13T00:00:00Z,210,1,3,Finished
171793,恋夏,混沌のKey feat. 鏡音リン,Original,2017-09-13T00:00:00Z,332,0,0,Finished
171546,君に幸あれ,Will P feat. 初音ミク,Original,2017-09-13T00:00:00Z,246,0,0,Finished
168928,ironuke,h-fghia feat. 初音ミク,Original,2017-09-13T00:00:00Z,155,0,0,Finished
168701,あのアトリエまで,森羅 feat. 初音ミク,Original,2017-09-13T00:00:00Z,219,0,0,Finished
167845,preces meæ (私の祈り),星花綺羅々,Instrumental,2017-09-13T00:00:00Z,144,0,0,Finished
167844,mysterium tremendum et fascinans,星花綺羅々,Instrumental,2017-09-13T00:00:00Z,316,0,0,Finished
167843,mysterium tremendum et fascinans,"Kirara Seika feat. MAIKA, 結月ゆかり, 巡音ルカ",Cover,2017-09-13T00:00:00Z,316,1,3,Finished
167718,つきの空とうさぎ,ごめんなさいが言えなくて feat. 鏡音リン,Original,2017-09-13T00:00:00Z,271,2,14,Finished
167711,ENDLESS DREAM -GC Mix-,SHIKI feat. 初音ミク,Remix,2017-09-13T00:00:00Z,141,2,8,Finished
155911,犯行前夜,時雨 feat. カゼヒキ,Original,2017-05-05T00:00:00Z,275,5,33,Finished
155910,余市にて,"choptopcube, ロボ feat. 初音ミク",Original,2017-05-05T00:00:00Z,297,2,10,Finished
155909,春は短し,こめだわら feat. 音街ウナ Sugar,Original,2017-05-05T00:00:00Z,247,1,9,Finished
155876,恋,"みきとP feat. 初音ミク V4X (Dark), 初音ミク V4X (Solid)",Remix,2017-05-05T00:00:00Z,104,1,9,Finished
155867,↑人生ゲーム↓,Yin-P feat. Sonata,Cover,2017-05-05T00:00:00Z,229,1,3,Finished
155852,Venus di Ujung Jari (Off Vocal),EGIHARU,Instrumental,2017-05-05T00:00:00Z,152,0,0,Finished
1010412,Sin amor,Echu G feat. MAIKA,Original,2017-05-04T00:00:00Z,53,0,0,Finished
989738,Love Me Too,"Spooky Crow feat. Oliver, 鏡音リン, 鏡音レン",Original,2017-05-04T00:00:00Z,282,0,0,Finished
962146,Fade Away,Qwáser feat. Fukase (English),Cover,2017-05-04T00:00:00Z,348,0,0,Finished
951564,残酷な天使のテーゼ (short ver.),VALKYRIO feat. Fukase (Unknown),Cover,2017-05-04T00:00:00Z,91,0,0,Finished
272483,イヤガール,Mimisan15 feat. 授受ニョウコ,Cover,2017-05-01T00:00:00Z,193,1,3,Finished
272482,너무너무너무,Mimisan15 feat. various,Cover,2017-05-01T00:00:00Z,205,1,3,Finished
253126,あしたのゆくえ,睦月 feat. Rana,Original,2017-05-01T00:00:00Z,174,0,0,Finished
230855,Giant's Gift,Fatal Exit feat. NATA (Alter/Ego),Original,2017-05-01T00:00:00Z,169,1,5,Finished
230476,とべ！ももんが,"PressureRain feat. 夢眠ネム, 兎眠りおん V4",Original,2017-05-01T00:00:00Z,160,0,0,Finished
224637,Only One,Stars feat. Trina Wylington,Cover,2017-05-01T00:00:00Z,191,1,3,Finished
224636,Would You Try,Stars feat. Ari Lambert,Cover,2017-05-01T00:00:00Z,209,1,3,Finished
223235,milk tea,宮比のん feat. 結月ゆかり,Original,2017-05-01T00:00:00Z,205,1,3,Finished
220252,ココロコンパス,ゆずあめ feat. 鏡音リン,Cover,2017-05-01T00:00:00Z,223,0,0,Finished
209593,010 (Maozon Bootleg),"Maozon feat. 巡音ルカ, tk％",Remix,2017-05-01T00:00:00Z,258,1,5,Finished
161154,sinking ghost ting ting,Elitetao feat. 初音ミク,Original,2017-07-07T00:00:00Z,256,1,3,Finished
161153,スキップ→ストレート!!,yuki feat. 初音ミク,Original,2017-07-07T00:00:00Z,234,0,0,Finished
161152,グッバイマンデー,ぽて feat. 初音ミク,Original,2017-07-07T00:00:00Z,238,2,12,Finished
161149,White,"*Luna, びび feat. 初音ミク",Cover,2017-07-07T00:00:00Z,269,7,45,Finished
161148,Let You Know,PLAMA feat. 初音ミク V4 (English),Original,2017-07-07T00:00:00Z,315,1,11,Finished
161131,あの日々には戻れない,丑三つ時 feat. 鏡音リン,Original,2017-07-07T00:00:00Z,262,0,0,Finished
161126,アンモナイト,Luriyakko feat. 巡音ルカ V4X (Unknown),Original,2017-07-07T00:00:00Z,312,0,2,Finished
160558,新星,"茶茶P, Digger feat. 乐正绫",Original,2017-07-07T00:00:00Z,0,0,0,Finished
160559,迷糊侦探,"希望索任合资, Digger feat. 乐正绫",Original,2017-07-07T00:00:00Z,0,0,0,Finished
160560,滴滴答答太阳雨,"天钦, 红糖 feat. 乐正绫",Cover,2017-07-07T00:00:00Z,0,0,0,Draft
174990,おわりのうた,sunneright feat. 初音ミク,Original,2017-11-12T00:00:00Z,83,0,0,Finished
174937,セッション,ヤヅキ,Original,2017-11-12T00:00:00Z,100,0,0,Finished
174938,ベース奏者の踊躍衝動,ヤヅキ feat. 結月ゆかり,Original,2017-11-12T00:00:00Z,217,0,0,Finished
174939,ベース奏者への狂騒催眠,ヤヅキ feat. 結月ゆかり,Original,2017-11-12T00:00:00Z,205,2,6,Finished
174886,Don't Tattle On Me!,"Sharkie-P feat. Fukase (Unknown), 心華 V4 日本語版 (Power)",Cover,2017-11-12T00:00:00Z,150,0,2,Finished
174823,ウレイ,ワイエヌ,Original,2017-11-12T00:00:00Z,0,0,0,Finished
174824,かけ橋のテーマ,ワイエヌ,Original,2017-11-12T00:00:00Z,0,0,0,Finished
174825,雨降り後のアーリマン,ワイエヌ,Original,2017-11-12T00:00:00Z,0,0,0,Finished
174826,ストレイディーヴァ,ワイエヌ,Original,2017-11-12T00:00:00Z,0,0,0,Finished
174827,流れ星をたどって,ワイエヌ feat. 鏡音リン,Original,2017-11-12T00:00:00Z,206,0,0,Finished
406533,望郷歌,KAZU feat. GUMI,Original,2017-02-09T00:00:00Z,233,0,0,Finished
402152,New World #3,やひろ feat. galaco,Original,2017-02-09T00:00:00Z,176,0,0,Finished
288088,愛WishBeマッチョ,チームひややっこ feat. 初音ミク,Original,2017-02-09T00:00:00Z,246,0,0,Finished
283791,アウターサイエンス (Teddyloid Remix),Pei feat. 廻音シュウ,Cover,2017-02-09T00:00:00Z,221,0,0,Finished
270902,惑星ループ,NAVILOID feat. ジレーネ,Cover,2017-02-09T00:00:00Z,195,1,3,Finished
256595,あたしの傍に居たいのなら,ぺぺるる feat. 雛乃木まや,Original,2017-02-09T00:00:00Z,286,0,0,Finished
250487,キレキャリオン,kumataku feat. 暗鳴ニュイ,Cover,2017-02-09T00:00:00Z,178,1,3,Finished
249017,深々スターリー,南南雲 feat. 巡音ルカ,Original,2017-02-09T00:00:00Z,165,0,0,Finished
238272,瑰焰灼心,"K。, 碳妖P feat. 乐正绫",Original,2017-02-09T00:00:00Z,270,0,0,Finished
235864,静止した日没,akari-A feat. 唄音ウタ,Original,2017-02-09T00:00:00Z,294,1,3,Finished
157277,エル・ザハードの案内人,"collt, rifia feat. 緋惺",Original,2017-04-14T00:00:00Z,230,1,5,Finished
156819,Hypnotist,Safi-P feat. DEX,Original,2017-04-14T00:00:00Z,160,0,0,Finished
156323,Memoirs of an Amnesiac,"Owlscillate, Cadd-E, Kuro Cure feat. Sonata",Original,2017-04-14T00:00:00Z,254,1,7,Finished
154983,地球最後の告白を,Cody Tailor feat. レガリア,Cover,2017-04-14T00:00:00Z,272,1,5,Finished
154837,how far you've come,LunarConstruct feat. Sonata,Original,2017-04-14T00:00:00Z,261,1,7,Finished
154538,アイムハイ,"Hez-kun feat. 波音リツ, 波音リツ キレ",Cover,2017-04-14T00:00:00Z,254,1,7,Finished
154525,Heal Me,*Luna feat. この子,Cover,2017-04-14T00:00:00Z,195,1,9,Finished
154308,End of Rain,しえみ feat. 鏡音リン Append (Warm),Cover,2017-04-14T00:00:00Z,323,0,0,Finished
154244,如絮,"溟葵儿, 月旖淅 feat. 星尘",Original,2017-04-14T00:00:00Z,204,0,4,Finished
154223,那就回家种田吧,"念, 冰山 feat. 洛天依",Original,2017-04-14T00:00:00Z,180,0,2,Finished
287676,Reflect,Fearnight Music feat. AVANNA,Original,2017-11-01T00:00:00Z,271,0,0,Finished
287675,Last Words Before Madness,Fearnight Music feat. AVANNA,Original,2017-11-01T00:00:00Z,261,2,6,Finished
287674,Darkening,Fearnight Music,Original,2017-11-01T00:00:00Z,121,0,0,Finished
279812,In My Dreams,kian feat. Fukase (English),Original,2017-11-01T00:00:00Z,164,1,3,Finished
275462,ディス・イズ・ラブソング,GraySlate feat. 美雪マサラ,Cover,2017-11-01T00:00:00Z,229,1,3,Finished
272060,シリョクケンサ,Ph.D Pepper feat. KAITO V3 (Straight),Cover,2017-11-01T00:00:00Z,329,0,0,Finished
264615,夜が明ける前に,ぶっちん,Original,2017-11-01T00:00:00Z,248,0,0,Finished
260422,The Witch's Apprentice,"Luckydog, Duck With a Knife feat. various",Original,2017-11-01T00:00:00Z,247,0,0,Finished
237198,心脏冰冻,46_P feat. 星尘,Original,2017-11-01T00:00:00Z,275,1,3,Finished
231609,クラリファナル,MoSaicPaleTTe feat. 鏡音レン,Original,2017-11-01T00:00:00Z,86,0,2,Finished
164523,City of Two (OneThoughtRemains Remix),FALSE KING feat. 鏡音レン V4 (English),Remix,2017-08-04T00:00:00Z,220,1,3,Finished
164448,未来探索少年,マルロ feat. GUMI,Original,2017-08-04T00:00:00Z,237,0,2,Finished
164277,雨天的未完待续,"玖玲P, 挨批熊, Boxstar feat. 元筱",Original,2017-08-04T00:00:00Z,262,1,7,Finished
164229,かぞくのうた,Various artists,Original,2017-08-04T00:00:00Z,268,0,0,Finished
164146,ベルカストレルカ,ハツカ feat. 初音ミク,Original,2017-08-04T00:00:00Z,265,0,0,Finished
164145,アリスとボブ,"えびあん, カイロリロン feat. GUMI",Original,2017-08-04T00:00:00Z,238,0,0,Finished
164136,Iridescent,"GHOST DATA feat. AVANNA, 巡音ルカ V4X (Unknown)",Original,2017-08-04T00:00:00Z,463,3,17,Finished
164125,恋愛フィロソフィア,チョコラテP feat. galaco (Unknown),Cover,2017-08-04T00:00:00Z,220,0,0,Finished
164123,niche,BCNO feat. 闇音レンリ,Original,2017-08-04T00:00:00Z,276,1,5,Finished
164121,Swimming High,BIGHEAD feat. 初音ミク,Original,2017-08-04T00:00:00Z,199,2,8,Finished
699520,PATHOS,Kazumi feat. UNI,Cover,2017-02-19T00:00:00Z,291,0,2,Finished
646707,Miku,MewKwota feat. 波音ツ,Cover,2017-02-19T00:00:00Z,159,0,0,Finished
634935,Far away,ジョニー feat. 緑咲香澄,Cover,2017-02-19T00:00:00Z,331,0,0,Draft
634930,君がいるだけで,ジョニー feat. 赤咲湊,Cover,2017-02-19T00:00:00Z,313,0,0,Draft
631930,ふるさと,Noriaki Nomoto feat. 初音ミク,Cover,2017-02-19T00:00:00Z,180,0,0,Finished
624043,雪兎,"Aポエット feat. 重音テト, 唄音ウタ",Original,2017-02-19T00:00:00Z,134,0,0,Finished
605337,リバーシブル・キャンペーン,Kasori Project feat. Kuroki Kasori,Cover,2017-02-19T00:00:00Z,173,1,3,Finished
583263,タイムマシン Full Version,Kiryuu Kaito CH feat. 鏡音レン V4X (Unknown),Cover,2017-02-19T00:00:00Z,249,1,7,Finished
574110,Night Escape ～Protect those who～,蒼髪P,DramaPV,2017-02-19T00:00:00Z,338,1,3,Finished
568318,Fantasy,"mvcucumber feat. 巡音ルカ, 初音ミク",Cover,2017-02-19T00:00:00Z,199,0,0,Finished
912568,마지막처럼,Kristian Dee feat. various,Cover,2017-07-05T00:00:00Z,214,0,0,Finished
787341, ,MARETU feat. 初音ミク,Original,2017-07-05T00:00:00Z,16,1,11,Finished
749340,Palette,ｎａｉｒｉｎ feat. 巡音ルカ,MusicPV,2017-07-05T00:00:00Z,209,0,0,Finished
690763,エヴィサレーション,"TheDarkFlygon feat. JULIETTE, SARAH",Cover,2017-07-05T00:00:00Z,213,1,3,Finished
687504,Bougainvillea,Adel feat. Yura Kumo,Cover,2017-07-05T00:00:00Z,176,0,0,Finished
687503,EYE,Adel feat. 若音ルーン,Cover,2017-07-05T00:00:00Z,229,0,0,Finished
592604,트윈테일 공주와 장대한 왕국,LIMITED DAYS feat. UNI,Original,2017-07-05T00:00:00Z,234,0,0,Finished
327583,39,蒼音 feat. 欲音ルコ♀,Cover,2017-07-05T00:00:00Z,219,0,0,Finished
314116,DECORATOR,rrom 77 feat. 初音ミク V4X (Original),Cover,2017-07-05T00:00:00Z,201,0,0,Finished
259885,それ以上でも、以下でもなく,涼介P feat. MEIKO,Original,2017-07-05T00:00:00Z,255,0,0,Finished
192783,Crom Hat Circus,CRAMSHELL＠ミク feat. 初音ミク,Original,2017-08-19T00:00:00Z,180,0,0,Finished
192271,千差万別,Red Eleven feat. 暗鳴ニュイ,Original,2017-08-19T00:00:00Z,180,1,3,Finished
187616,ナツフクロック,かっつん feat. 初音ミク,Original,2017-08-19T00:00:00Z,289,0,0,Finished
184342,涙と夏雨,ムラタシユウ feat. 初音ミク,Original,2017-08-19T00:00:00Z,213,0,0,Finished
178378,明鏡鬼童,"Eevie-P feat. 結月ゆかり V4 (Unknown), IA",Cover,2017-08-19T00:00:00Z,199,0,2,Finished
177025,打上花火,"Weiszer feat. 仄歌エリー, 廻音シュウ",Cover,2017-08-19T00:00:00Z,288,1,5,Finished
176405,Like A Magic,legata feat. 初音ミク,Original,2017-08-19T00:00:00Z,252,0,0,Finished
173580,ブルカニロとカンパネルラの[一字不明]祭,ぼを feat. GUMI,Original,2017-08-19T00:00:00Z,231,0,0,Finished
173172,昨日の君へ、花火の夜,さとねこ feat. 巡音ルカ V4X (Hard),Original,2017-08-19T00:00:00Z,272,0,2,Finished
173133,涙,青い桜 feat. VY1V4 (Unknown),Original,2017-08-19T00:00:00Z,237,0,0,Finished
918182,SOLO,しえみ feat. 鏡音リン Append (Sweet),Cover,2018-12-06T00:00:00Z,173,0,0,Finished
887604,Hard to say goodbye on X'mas night,Mario Takahashi feat. Amy,Original,2018-12-06T00:00:00Z,217,0,0,Finished
886110,Thinking About You,Kotoba Project feat. CYBER DIVA II,Original,2018-12-06T00:00:00Z,199,0,0,Finished
860152,大舜号,"残杨如血, 迁梦狸, 罗盘社 feat. 洛天依",Original,2018-12-06T00:00:00Z,261,0,0,Finished
845564,Sacrifice Of The One-Eyed Demon,"Meg Moore feat. Oliver, Fukase (English)",Remaster,2018-12-06T00:00:00Z,269,0,0,Finished
841242,Tune No Mar,水田安納 feat. 初音ミク,Original,2018-12-06T00:00:00Z,82,0,0,Finished
794476,ロキ,なの feat. 東北きりたん,Cover,2018-12-06T00:00:00Z,228,0,0,Finished
782245,Just Monika,ViihMel feat. various,Cover,2018-12-06T00:00:00Z,255,0,0,Finished
735003,琴葉茜サンタがエイリアンを撃退する謎ゲーム,moco78 feat. 琴葉茜,DramaPV,2018-12-06T00:00:00Z,335,0,0,Finished
678436,Judas,RyuSouta feat. Ruby,Cover,2018-12-06T00:00:00Z,252,0,0,Finished
190565,すなお,フカミハル feat. VY1V4 (Unknown),Original,2018-04-17T00:00:00Z,169,0,0,Finished
190564,Dodge You,呆 feat. 初音ミク,Remaster,2018-04-17T00:00:00Z,230,0,0,Finished
190563,latencyはまってくれない,"ねこむら, cat nap feat. 初音ミク",Original,2018-04-17T00:00:00Z,225,1,5,Finished
190562,クラヴィウス,"ねじ式, アルミーダ feat. 結月ゆかり",Original,2018-04-17T00:00:00Z,235,1,17,Finished
190561,シエレトワール,蝶々P feat. 初音ミク,Original,2018-04-17T00:00:00Z,194,8,52,Finished
190559,ODD&EVEN,"WintermintP, One Minute Winter feat. 初音ミク V4 (English)",Original,2018-04-17T00:00:00Z,261,1,5,Finished
190558,Melancholy∞Syndrome,"Kyaramel feat. 鏡音リン, 鏡音レン",Original,2018-04-17T00:00:00Z,220,0,2,Finished
977970,レプリカント,零羅 feat. 蒼湖マウ,Cover,2018-04-16T00:00:00Z,203,0,0,Finished
975809,パズル-arranged for Piano/Strings-,쿠모리 feat. ダーリン,Cover,2018-04-16T00:00:00Z,272,0,0,Finished
942828,我的大师兄,爱睡觉的阿宿 feat. 乐正龙牙 (Unknown),Cover,2018-04-16T00:00:00Z,176,0,0,Draft
787980,メリュー,アウクシ feat. 琴葉葵,Cover,2018-08-19T00:00:00Z,221,0,0,Finished
763421,Ai Kotoba II,Calico✻ feat. Eleanor Forte,Cover,2018-08-19T00:00:00Z,117,0,0,Finished
759281,人魚姫になれない,"烈火 feat. 巡音ルカ, 初音ミク",MusicPV,2018-08-19T00:00:00Z,220,0,0,Finished
759280,回る空うさぎ,過保護P(Techno) feat. various,Cover,2018-08-19T00:00:00Z,175,0,0,Finished
759274,アドベンチャー -L ondo mix.-,tsknes feat. 巡音ルカ,Remix,2018-08-19T00:00:00Z,316,0,0,Finished
759272,pie jesu,りりりP feat. 巡音ルカ,Cover,2018-08-19T00:00:00Z,261,0,0,Finished
759062,ベノム,塩分P feat. 一四一三,Cover,2018-08-19T00:00:00Z,201,0,0,Finished
749689,幼い幻,カメＶＳネコ feat. 鏡音リン,Original,2018-08-19T00:00:00Z,312,0,0,Finished
732814,きりたんが無限ループ階段を上る怖い話 #01,moco78 feat. 東北きりたん,DramaPV,2018-08-19T00:00:00Z,395,0,0,Finished
724897,The Night Begins To Shine,KeNu-P feat. Fukase (English),Cover,2018-08-19T00:00:00Z,213,0,0,Finished
236326,Shiny★Nova,Muufe feat. 鏡音リン,Original,2018-10-06T00:00:00Z,293,0,0,Finished
233051,innocent scar,しば漬け feat. 初音ミク,Original,2018-10-06T00:00:00Z,337,0,0,Finished
231920,go slow,ホシノミズキ feat. 重音テト,Original,2018-10-06T00:00:00Z,225,1,3,Finished
230623,たびびと,"yobi, 辺々あいら feat. 辺音ライア♀",Original,2018-10-06T00:00:00Z,364,1,3,Finished
226251,Auld Lang Syne,David K. feat. Eleanor Forte,Remix,2018-10-06T00:00:00Z,321,1,3,Finished
223723,バーチャル獨逸旅行,"Morry-P feat. メルリ, Marie Ork",Original,2018-10-06T00:00:00Z,269,1,3,Finished
221342,カルチャーショック,"サマリ feat. v flower, 初音ミク",Original,2018-10-06T00:00:00Z,190,0,0,Finished
216833,ストロベリー･ハンティング,"ノ狐図書 feat. 流音ヨゾラ, 雨歌エル",Original,2018-10-06T00:00:00Z,164,1,5,Finished
215655,君に会いたい,ゆゆゆ feat. 初音ミク,Original,2018-10-06T00:00:00Z,185,0,0,Approved
215346,心海,AJP feat. 初音ミク,Original,2018-10-06T00:00:00Z,301,0,0,Finished
938767,メランコリック,Aloofxi feat. 紲星あかり,Cover,2018-05-06T00:00:00Z,0,0,0,Finished
934155,アウトサイダー,资本P feat. Fukase (Unknown),Cover,2018-05-06T00:00:00Z,208,0,0,Finished
886948,Darkest Repression,Jesikats feat. CYBER DIVA,Original,2018-05-06T00:00:00Z,0,0,0,Finished
882811,RED GEM WINK,YumeGipsu feat. 初音ミク,Cover,2018-05-06T00:00:00Z,125,0,0,Finished
857150,忘れちゃうひととき,不燃物P feat. Fukase (Unknown),Cover,2018-05-06T00:00:00Z,238,0,0,Finished
855785,Suicide together,おこさませかい feat. DEX,Original,2018-05-06T00:00:00Z,228,0,0,Finished
824696,アカツキアライヴァル,"PSiCO, Project VOYAKILOID! feat. 初音ミク V4X (Original), 鏡音レン V4X (Power)",Cover,2018-05-06T00:00:00Z,285,0,2,Finished
811587,金曜日のライオン,Mr.Sebastian feat. 初音ミク V3 (Unknown),Cover,2018-05-06T00:00:00Z,345,0,0,Finished
756712,コネクト,"半兵衛ｐ feat. 初音ミク, IA, 巡音ルカ",Cover,2018-05-06T00:00:00Z,263,0,0,Finished
751051,鎖の少女,rev feat. 茅歌コナギ,Cover,2018-05-06T00:00:00Z,269,0,0,Finished
794247,マイナスレッテル,氷雨ハルカ feat. 初音ミク V3 (Unknown),Cover,2018-11-18T00:00:00Z,201,0,0,Finished
735856,In Seven Deadly Sins,島 斎雨 feat. 月代はくぽ,Cover,2018-11-18T00:00:00Z,213,0,0,Finished
727044,Once Upon a Dream,lilalulaberry feat. カゼヒキ,Cover,2018-11-18T00:00:00Z,64,0,0,Finished
701290,橙灯 [dawn/dusk core mix],cicada_sss feat. 初音ミク,Remix,2018-11-18T00:00:00Z,270,0,0,Finished
701289,まいちゃんのなやみ,cicada_sss feat. 初音ミク,Original,2018-11-18T00:00:00Z,169,0,0,Finished
701288,スカイフィッシュ・イン・ザ・ブレイン,cicada_sss feat. 初音ミク,Original,2018-11-18T00:00:00Z,229,0,0,Finished
701287,アイスを愛す,cicada_sss feat. 初音ミク,Original,2018-11-18T00:00:00Z,161,0,0,Finished
701286,ファストダンスはもう踊れない,cicada_sss feat. 初音ミク,Original,2018-11-18T00:00:00Z,225,0,0,Finished
701285,ストレンジ・スマイル,cicada_sss feat. 初音ミク,Original,2018-11-18T00:00:00Z,239,0,0,Finished
676017,星と僕らと,のうきん feat. 雫音ユキ,Cover,2018-11-18T00:00:00Z,426,0,0,Draft
230614,自我认知障碍（V4J）,米库喵 feat. 初音ミク V4X (Unknown),Original,2018-11-17T00:00:00Z,0,0,2,Draft
230613,笑疏狂,"米库喵, 汪仔 feat. 初音ミク V4 (中文版)",Original,2018-11-17T00:00:00Z,211,0,4,Finished
227562,I.M.I,米库喵 feat. 初音ミク V4 (中文版),Unspecified,2018-11-17T00:00:00Z,0,0,2,Draft
227561,十字街口（Remix）,"汪仔, 米库喵, Digifan feat. 初音ミク V4 (中文版)",Remix,2018-11-17T00:00:00Z,0,1,3,Draft
227206,白ゆき,"キリカ, Long Sleeper feat. 欲音ルコ♀",Cover,2018-11-17T00:00:00Z,262,2,6,Draft
227205,ビデオデッキ（2018 Ver.）,"HP, Long Sleeper feat. 欲音ルコ♀, 欲音ルコ♂",Cover,2018-11-17T00:00:00Z,190,2,6,Finished
223734,Blooming Smile☆,ちゅて feat. GUMI,Original,2018-11-17T00:00:00Z,0,0,0,Finished
220209,光の闇,SSS feat. 初音ミク,Original,2018-11-17T00:00:00Z,200,0,0,Finished
218318,さようなら,カニタマ feat. 初音ミク V4X (Unknown),Original,2018-11-17T00:00:00Z,260,0,0,Finished
217296,再不投稿我就要被遗忘了,"枫二, 杏仁, 无名社 feat. 洛天依",Original,2018-11-17T00:00:00Z,245,0,0,Finished
313329,Enter Sandman,Atama No Okashina feat. 鏡音リン V4 (English),Remix,2018-04-20T00:00:00Z,311,1,5,Finished
313327,Gasoline,Atama No Okashina feat. 波音リツ,Cover,2018-04-20T00:00:00Z,202,1,3,Finished
292875,夢醒メテ満チル,くもりら feat. 鏡音リン,Original,2018-04-20T00:00:00Z,259,1,3,Finished
290710,曖昧シンパシー,"evaP, ひよこみくる。 feat. 鏡音リン",Original,2018-04-20T00:00:00Z,303,0,0,Finished
288514,明日に帰る,alt-H feat. 鏡音レン,Original,2018-04-20T00:00:00Z,108,0,0,Finished
279669,A Million Laps Around the Globe 2018,RawBeansP feat. KAITO V3 (English),Remaster,2018-04-20T00:00:00Z,295,0,0,Draft
267610,Smile,"えび feat. GUMI, IA",Original,2018-04-20T00:00:00Z,388,0,0,Finished
266574,アドレッセントハート,ガルフィ feat. 初音ミク,Original,2018-04-20T00:00:00Z,236,0,0,Finished
260521,自堕落キャンパスライフ,ぽれあ feat. 結月ゆかり,Original,2018-04-20T00:00:00Z,181,0,0,Finished
250110,PSYCHOLOGY,本多健吾 feat. KYO,Original,2018-04-20T00:00:00Z,151,1,3,Finished
201651,コインランドリー,大沼パセリ feat. 初音ミク,Original,2018-07-16T00:00:00Z,238,1,7,Finished
201650,WALK,大沼パセリ feat. 初音ミク,Original,2018-07-16T00:00:00Z,234,1,5,Finished
201177,ブラックサマー・ラストウィンク 2018,ジェバンニP feat. 鏡音リン,Remaster,2018-07-16T00:00:00Z,245,0,0,Finished
201176,awesome,ジェバンニP feat. 鏡音リン,Original,2018-07-16T00:00:00Z,174,0,0,Finished
201174,一切れ,ジェバンニP feat. 鏡音リン,Original,2018-07-16T00:00:00Z,364,0,0,Finished
201175,夏船,ジェバンニP feat. 鏡音リン,Original,2018-07-16T00:00:00Z,411,0,0,Finished
200909,石になりたい,エディ・Ｋ・Ｃ feat. 重音テト,Original,2018-07-16T00:00:00Z,232,1,3,Finished
200742,double moon,喜兵衛 feat. 猫村いろは,Original,2018-07-16T00:00:00Z,261,0,0,Finished
200740,walking in the moon light,喜兵衛,Unspecified,2018-07-16T00:00:00Z,0,0,0,Draft
200202,愛は雨のように（ghost in rain drop remix）,ghostincake feat. 雪歌ユフ,Remix,2018-07-16T00:00:00Z,416,1,3,Finished
592106,楓橋,Cello feat. 奧斯卡,Original,2018-04-22T00:00:00Z,287,1,3,Finished
518155,デビルズフードケーキ,くらげUFO feat. 初音ミク,Original,2018-04-22T00:00:00Z,92,0,2,Finished
447816,すべてが終わってしまう前に -dolphine mix-,"Animloid feat. Hisaki, 水",Cover,2018-04-22T00:00:00Z,194,0,0,Finished
442438,イニシエノウタ/運命,QuietButHappy feat. Toyo Aya,Cover,2018-04-22T00:00:00Z,318,0,0,Draft
406391,Prism,じゃゔぁ@のあヲタ feat. 初音ミク,MusicPV,2018-04-22T00:00:00Z,296,0,0,Finished
403399,"City Of Money, City Of Love","Belzer-P feat. v4 flower, 神威がくぽ",Original,2018-04-22T00:00:00Z,206,0,0,Finished
399013,落雨聲,落雨 feat. 灰雨セン (袅袅),Cover,2018-04-22T00:00:00Z,297,0,2,Finished
398287,なんだこの人生w,FOG feat. v4 flower,Original,2018-04-22T00:00:00Z,257,0,0,Finished
394325,El Vals Del Recuerdo,Clefenbi feat. 唄音ウタ,Original,2018-04-22T00:00:00Z,183,0,0,Finished
343340,Diametric,Trerey-U feat. 歌愛ユキ,Original,2018-04-22T00:00:00Z,183,0,0,Finished
791399,Modern Souls,Oluca,Original,2018-10-28T00:00:00Z,370,0,0,Finished
791398,ライブハウス,市蔵 feat. 桃音モモ,Original,2018-10-28T00:00:00Z,325,0,0,Finished
791397,Roller,Clean Tears,Original,2018-10-28T00:00:00Z,400,0,0,Finished
791396,Wild Child (Conures Remix),Conures,Remix,2018-10-28T00:00:00Z,472,0,0,Finished
791395,Quatro (effe Remix),effe feat. Cuushe,Remix,2018-10-28T00:00:00Z,356,0,0,Finished
762228,Leia - Remind,ｎａｉｒｉｎ feat. 巡音ルカ,MusicPV,2018-10-28T00:00:00Z,265,0,0,Finished
759057,スプーキーと終わらないハロウィン,塩分P feat. various,Cover,2018-10-28T00:00:00Z,346,0,0,Finished
746171,雲になりたい,アレックス feat. 薪宮風季,Original,2018-10-28T00:00:00Z,369,0,2,Finished
736657,狩人ゆかりの死お新香　その１０,"ヤステル feat. 結月ゆかり, 琴葉葵",DramaPV,2018-10-28T00:00:00Z,552,0,0,Finished
735093,超低速青鬼,moco78 feat. 琴葉茜,DramaPV,2018-10-28T00:00:00Z,286,0,0,Finished
440795,EXCITE,"県の鳥 feat. 琴葉葵 (VOICEROID2), 琴葉茜 (VOICEROID2)",Cover,2018-06-10T00:00:00Z,185,0,0,Finished
418888,サイバーサンダーサイダー,bb1200 feat. 天羽ソラ,Cover,2018-06-10T00:00:00Z,233,0,0,Finished
404557,夏祭りですよ！,"加賀美 瀧 feat. 重音テト, さとうささら",Original,2018-06-10T00:00:00Z,241,1,3,Finished
387641,傘を分けよう,Mizuike feat. 初音ミク,Original,2018-06-10T00:00:00Z,215,0,0,Finished
387640,ひとりきりのうた,Mizuike feat. 初音ミク,Original,2018-06-10T00:00:00Z,197,0,0,Finished
384407,此刻,"战场原妖精, 豆腐P feat. 琥珀虚颜, 嫣汐 (MUTA)",Original,2018-06-10T00:00:00Z,271,1,3,Finished
366222,さんがつのあめ,chfor feat. 時雨ナオ,Cover,2018-06-10T00:00:00Z,280,1,3,Finished
361522,DEMO REEL【Junrou / PICHUPOID STANDARD】,シオ音楽 feat. 淳郎,Cover,2018-06-10T00:00:00Z,128,0,0,Finished
361518,Nostalogic,Stars feat. ヤグミ露,Cover,2018-06-10T00:00:00Z,241,1,3,Finished
344125,レイニークライ,〼Yacco〼 feat. 鏡音リン,Original,2018-06-10T00:00:00Z,245,0,0,Finished
216105,ファンレター,森羅 feat. 初音ミク,Original,2018-11-28T00:00:00Z,262,0,2,Finished
216103,朝食に君と幸福を,Nanasi feat. 初音ミク,Original,2018-11-28T00:00:00Z,123,0,2,Finished
216102,Bract,shima feat. VY1,Original,2018-11-28T00:00:00Z,177,2,12,Finished
216101,ネバーランド最後の朝に,"suna, Sally feat. 初音ミク",Cover,2018-11-28T00:00:00Z,394,1,5,Finished
216100,LABYRINTH,夕立P feat. 初音ミク,Remix,2018-11-28T00:00:00Z,320,0,4,Finished
216099,モアモア,canone feat. さとうささら,Original,2018-11-28T00:00:00Z,245,1,3,Finished
216097,"Hello,Morning (Pa's Lam System Remix)","Nor, cillia feat. 初音ミク",Cover,2018-11-28T00:00:00Z,242,3,21,Finished
216094,Cinta dari Hati,"A-sla, Rinoarashi-P feat. 初音ミク",Cover,2018-11-28T00:00:00Z,277,1,3,Finished
216090,Dunia yang Putih,Rinoarashi-P feat. 初音ミク,Original,2018-11-28T00:00:00Z,277,1,3,Finished
216089,Memandang Langit Biru,Rinoarashi-P feat. 初音ミク,Original,2018-11-28T00:00:00Z,286,1,3,Finished
198536,空を舞う花火見ながら,Syuu feat. 音街ウナ (Unknown),Original,2018-07-24T00:00:00Z,207,1,3,Finished
198535,PATCHWORK,ごーぶす feat. 結月ゆかり,Original,2018-07-24T00:00:00Z,262,0,6,Finished
198534,贖罪,傘村トータ feat. various,Original,2018-07-24T00:00:00Z,259,16,80,Finished
1007982,Regret Message,OblivEon feat. 鏡音リン,Cover,2018-07-23T00:00:00Z,232,0,0,Finished
990554,A note on the street,RNGSilvercraft feat. V3 GUMI (English),Original,2018-07-23T00:00:00Z,218,0,0,Finished
974077,初嵐 (Japanese Version),Chirasu feat. VY2,Cover,2018-07-23T00:00:00Z,234,0,0,Draft
967037,A Thousand Miles,A Vocaloid User Cheshire feat. Fukase (English),Cover,2018-07-23T00:00:00Z,269,0,0,Finished
958921,Colors,ivon feat. 鏡音レン V4X (Serious),Cover,2018-07-23T00:00:00Z,231,0,0,Finished
947545,果てなき空へ,"K-sk feat. 初音ミク, GUMI",Original,2018-07-23T00:00:00Z,246,0,0,Finished
946215,黙々,Grey feat. アステロス,Cover,2018-07-23T00:00:00Z,173,0,0,Finished
209160,ラワン (Album ver),Tokaya feat. 結月ゆかり,Remaster,2018-10-21T00:00:00Z,231,0,0,Finished
209158,春燈前夜 (Album ver),Tokaya feat. 初音ミク,Remaster,2018-10-21T00:00:00Z,252,0,0,Finished
209157,ナナイロ,Tokaya feat. 初音ミク,Original,2018-10-21T00:00:00Z,194,0,0,Finished
209154,ある日の夏模様,Tokaya feat. 初音ミク,Original,2018-10-21T00:00:00Z,339,0,0,Finished
209155,水槽,Tokaya feat. 結月ゆかり,Original,2018-10-21T00:00:00Z,274,0,0,Finished
209156,フェーブルアール・メルツ,Tokaya feat. 初音ミク,Original,2018-10-21T00:00:00Z,255,2,6,Finished
209152,忘れたくないこと,Tokaya feat. 初音ミク,Original,2018-10-21T00:00:00Z,120,0,0,Finished
209153,その声に僕は (Album ver),Tokaya feat. 初音ミク,Remaster,2018-10-21T00:00:00Z,269,0,0,Finished
209123,イワシがつちからはえてくるんだ,Crusher feat. 渡瀬マキ,Cover,2018-10-21T00:00:00Z,165,3,17,Finished
209119,Follow Your Way!!,らぷたそ feat. 音街ウナ Spicy,Original,2018-10-21T00:00:00Z,216,0,0,Finished
1009635,Swing-By (Remix Version),キセノンP feat. 巡音ルカ,Remix,2018-08-16T00:00:00Z,374,1,5,Draft
1009632,たまごかけごはん (Remix Version),キセノンP feat. 初音ミク,Remix,2018-08-16T00:00:00Z,217,0,2,Draft
1009616,まるくなる (Remix Version),キセノンP feat. 初音ミク,Remix,2018-08-16T00:00:00Z,254,0,2,Draft
1009599,Survive (Remix Version),"キセノンP feat. 鏡音リン, 初音ミク",Remix,2018-08-16T00:00:00Z,233,0,4,Draft
1009587,アノマロカリスのクリーム煮定食 (Remix Version),キセノンP feat. 初音ミク,Remix,2018-08-16T00:00:00Z,226,0,2,Draft
1009573,はやぶさ (Remix Version),キセノンP feat. 初音ミク,Remix,2018-08-16T00:00:00Z,427,1,5,Draft
1009404,911 -Battle to Stop the War- (Remix Version),キセノンP feat. 初音ミク,Remix,2018-08-16T00:00:00Z,284,1,3,Draft
1009403,NECO NECO ROCK'N ROLL (Remix Version),キセノンP feat. 鏡音レン,Remix,2018-08-16T00:00:00Z,239,0,2,Draft
1009402,涙雨～なみだあめ (Remix Version),"キセノンP feat. 初音ミク, 巡音ルカ",Remix,2018-08-16T00:00:00Z,286,1,3,Draft
1009400,Immortal Soul (ANTHEMS Revisited Version),キセノンP feat. 鏡音レン,Remix,2018-08-16T00:00:00Z,297,1,5,Draft
184727,ダテンシロンド,一ノ瀬イチタイラ feat. 初音ミク,Original,2018-01-12T00:00:00Z,162,0,0,Finished
184310,GAMESTART,"hinu(｀_´)ゞ feat. 初音ミク, IA",Original,2018-01-12T00:00:00Z,207,0,0,Finished
182839,絶滅志願偽装種,"lanttu, Ukkossiideri feat. LAIKA, Ruska",Cover,2018-01-12T00:00:00Z,226,1,3,Finished
182837,絶滅志願偽装種,"Ukkossiideri, lanttu feat. Lani, Sisu",Cover,2018-01-12T00:00:00Z,226,1,3,Finished
181889,POISON QUEEN,唯love燕子 feat. 星尘,Original,2018-01-12T00:00:00Z,158,2,6,Finished
181689,魚,なす feat. 初音ミク,Original,2018-01-12T00:00:00Z,271,0,0,Finished
181688,変わらないもの,irie feat. 初音ミク,Original,2018-01-12T00:00:00Z,233,0,2,Finished
181361,お酒,Nanasi feat. 初音ミク,Original,2018-01-12T00:00:00Z,224,0,0,Finished
181186,Madokapop,Club2Tokyo feat. 初音ミク,Original,2018-01-12T00:00:00Z,173,0,2,Finished
181052,Gumi,Yin-P feat. V3 GUMI (English),Cover,2018-01-12T00:00:00Z,152,1,5,Finished
290655,サギョライフ,甘水ルリ feat. SF-A2 開発コード miki,Original,2018-05-03T00:00:00Z,120,0,2,Finished
290553,新しい私,Asarima feat. 壮音スワ,Original,2018-05-03T00:00:00Z,232,1,3,Finished
283578,The Last Time,hiyimi feat. 初音ミク V4 (English),Cover,2018-05-03T00:00:00Z,215,1,3,Finished
283577,The Last Time,hiyimi feat. 初音ミク V3 (English),Original,2018-05-03T00:00:00Z,216,1,3,Finished
282062,君の知らない物語,DEKASEGI feat. OИE,Cover,2018-05-03T00:00:00Z,342,0,0,Finished
273539,世界一かしこい結月ゆかり,Rozmyal feat. 唄音ウタ,Original,2018-05-03T00:00:00Z,227,1,3,Finished
260035,偽物ペシミズム,あしおりか feat. 初音ミク,Original,2018-05-03T00:00:00Z,315,0,0,Finished
258010,Unknown Street,No.D feat. MEIKO,Original,2018-05-03T00:00:00Z,243,0,0,Finished
256768,教えてよ、いつになったら。,オレンジベリークラクション feat. 初音ミク,Original,2018-05-03T00:00:00Z,322,0,0,Finished
238930,箱入り娘,kuro510 feat. 重音テト,Cover,2018-05-03T00:00:00Z,222,1,3,Finished
201637,てんてーんすてーん,P OF THE WORLD feat. GUMI,Original,2018-08-25T00:00:00Z,211,0,4,Finished
201636,てんてーんすてーん,P OF THE WORLD feat. 初音ミク,Cover,2018-08-25T00:00:00Z,211,0,4,Finished
201635,熱帯魚,しゃべる帽子 feat. 初音ミク,Original,2018-08-25T00:00:00Z,194,3,21,Finished
201606,Rendez-Vous,ChiefMeat feat. 結月ゆかり,Original,2018-08-25T00:00:00Z,304,0,2,Finished
201603,Mr.Abp,"麥當叔勞勞, 奶牛组 feat. 洛天依",Original,2018-08-25T00:00:00Z,258,0,0,Finished
201602,たぶん、ミュージカル！,"ロンゲスト feat. 初音ミク V3 (Dark), 初音ミク V3 (Light), 初音ミク V3 (Sweet)",Original,2018-08-25T00:00:00Z,244,1,5,Finished
201601,新世界は何処に在るか,"あしおりか feat. 初音ミク, 鏡音リン",Original,2018-08-25T00:00:00Z,272,0,0,Finished
201600,Petit sunset,はた feat. 初音ミク,Original,2018-08-25T00:00:00Z,179,0,0,Finished
201596,Pelangi Pagi Ini,"EGIHARU, XH-37, Lucy Wijaya feat. 初音ミク V3 (Original)",Original,2018-08-25T00:00:00Z,186,1,7,Finished
201595,Ground,楽生 feat. 鏡音リン,Original,2018-08-25T00:00:00Z,206,0,0,Finished
644016,今をかける少女,"ゆずたん, 捨て犬A feat. 松尾ぼっち",Cover,2018-03-26T00:00:00Z,259,0,0,Finished
638050,Bramborové  Divadlo,Yuu Umeoka feat. 巡音ルカ,Original,2018-03-26T00:00:00Z,411,1,3,Finished
623849,遠望,"Aポエット feat. 重音テト, 唄音ウタ",Original,2018-03-26T00:00:00Z,144,0,0,Finished
614863,ジグソーパズル部へようこそ,万年青 feat. 鏡音レン,Remix,2018-03-26T00:00:00Z,165,1,9,Finished
571352,ELF Forestation!,白いハエ feat. 重音テト,Original,2018-03-26T00:00:00Z,130,0,0,Finished
558881,Queen Of The Glass,Antialergicx feat. v4 flower,Cover,2018-03-26T00:00:00Z,266,0,0,Finished
536034,Hi there!!,"村方凍二 feat. 初音ミク V4X (Unknown), 初音ミク V4 (English)",Original,2018-03-26T00:00:00Z,189,0,0,Finished
416874,それのこと,呆 feat. 琴葉葵,Original,2018-03-26T00:00:00Z,162,1,3,Finished
397807,龍田姫,てむんくるす feat. 猫村いろは,Cover,2018-03-26T00:00:00Z,272,0,0,Finished
391923,물망초,초코파슬리 feat. UNI,Original,2018-03-26T00:00:00Z,205,0,0,Finished
195602,金魚,あろえるじ feat. 鏡音レン,Original,2018-05-27T00:00:00Z,244,3,13,Finished
195535,ツユハレ,yuzane feat. IA,Original,2018-05-27T00:00:00Z,46,0,0,Finished
195534,君と夏を待っている,yuzane feat. IA,Original,2018-05-27T00:00:00Z,224,0,0,Finished
195533,Diving,yuzane feat. IA,Original,2018-05-27T00:00:00Z,174,1,3,Finished
195510,忘却心中,"sasatek feat. 結月ゆかり V4 (凛), 結月ゆかり V4 (純)",Cover,2018-05-27T00:00:00Z,257,0,0,Finished
195460,さよなら、僕の愛した人,つぐ feat. 初音ミク,Original,2018-05-27T00:00:00Z,277,0,0,Finished
195459,Cluster Amaryllis,スギアヤヒコ feat. 巡音ルカ V4X (Unknown),Original,2018-05-27T00:00:00Z,206,1,3,Finished
195405,うに,TORA_V4 feat. 紲星あかり,Cover,2018-05-27T00:00:00Z,158,1,3,Finished
195401,ハローディストピア,"suzurei feat. 塩音ルト, ゲキヤク-偽薬-",Cover,2018-05-27T00:00:00Z,207,1,5,Finished
195389,汐のトキメキ,"桐叶, キノコｐ feat. 洛天依 V4 日本語 (Unknown)",Cover,2018-05-27T00:00:00Z,322,0,0,Finished
185678,Snowball fight!,"Dech feat. 結月ゆかり, v flower",Original,2018-01-31T00:00:00Z,271,0,2,Finished
185525,Bitter Words,Cobalt feat. 初音ミク V4 (English),Original,2018-01-31T00:00:00Z,201,0,0,Finished
184074,ネットアイドルのすゝめ,"如月ましろ, 桜姫 feat. 夢眠ネム",Original,2018-01-31T00:00:00Z,200,0,0,Finished
183975,埋葬,OQQ君 feat. 洛天依 V4 (凝),Cover,2018-01-31T00:00:00Z,300,0,2,Finished
183946,Home,JVウタウ feat. 初音ミク V4 (English),Original,2018-01-31T00:00:00Z,269,1,3,Finished
183781,Time Bomb!,Simon Ton feat. 初音ミク V4 (English),Original,2018-01-31T00:00:00Z,218,4,18,Finished
183768,When Life Starts Slipping Away,ReDGE feat. 初音ミク V4 (English),Original,2018-01-31T00:00:00Z,267,0,0,Finished
183704,ラセン,岩瀬貴浩 feat. MEIKO,Original,2018-01-31T00:00:00Z,277,0,2,Finished
183201,月陽-ツキアカリ-,ragey feat. 電圧空,Cover,2018-01-31T00:00:00Z,240,2,8,Finished
183163,metallic morning,うしお feat. 音街ウナ Spicy,Original,2018-01-31T00:00:00Z,103,0,0,Finished
238925,ばけものぐるい,kuro510 feat. 重音テト,Cover,2018-09-02T00:00:00Z,196,1,3,Finished
234059,星の速度,curtain feat. IA,Original,2018-09-02T00:00:00Z,456,0,0,Finished
232493,ココロゴト,photaena feat. 初音ミク,Original,2018-09-02T00:00:00Z,261,0,0,Finished
232484,スイレン,CØRY/J PANDA feat. IA,Original,2018-09-02T00:00:00Z,210,1,3,Finished
229683,衝動的,あんだぁ♪ feat. 初音ミク,Original,2018-09-02T00:00:00Z,179,0,0,Finished
229004,星空フレイム,RoP feat. 初音ミク,Original,2018-09-02T00:00:00Z,336,1,3,Finished
226573,Fireworks,LE-ON feat. GUMI,Original,2018-09-02T00:00:00Z,302,0,0,Finished
223311,peek-a-boo,Suntaro8 feat. 初音ミク,Original,2018-09-02T00:00:00Z,214,0,0,Finished
221906,Forever dance,Unknown feat. 初音ミク,Original,2018-09-02T00:00:00Z,205,0,2,Finished
221820,Winds,ハピラビP feat. 蒼姫ラピス,Original,2018-09-02T00:00:00Z,343,0,0,Finished
184756,CHAOS,JUICE feat. 闇音レンリ,Original,2018-02-11T00:00:00Z,193,1,3,Finished
184577,「0512」,すあまくん feat. IA,Original,2018-02-11T00:00:00Z,242,0,0,Finished
184514,こんな晴れた日二度とない,Auzenismo feat. IA,Original,2018-02-11T00:00:00Z,256,0,0,Finished
184517,入道雲,Auzenismo feat. IA,Original,2018-02-11T00:00:00Z,245,0,0,Finished
184528,恋する街角,Auzenismo feat. IA,Original,2018-02-11T00:00:00Z,409,0,0,Finished
184529,煌く町並み,Auzenismo feat. IA,Original,2018-02-11T00:00:00Z,270,0,0,Finished
184188,心之旋,满口肉 feat. 心華,Original,2018-02-11T00:00:00Z,196,0,0,Finished
184142,きっとぼくはその場所が好きだった,mojo23 feat. 結月ゆかり,Original,2018-02-11T00:00:00Z,318,1,3,Finished
184101,シリョクケンサ,"GrandMasterFlames159, TS99 feat. 竜音闇",Cover,2018-02-11T00:00:00Z,265,1,3,Finished
184098,GLEAM NEON,"Ekkoberry feat. Fukase (Normal), Fukase (English)",Cover,2018-02-11T00:00:00Z,218,0,0,Finished
199149,娃娃脸,"周小蚕 feat. 初音ミク V4 (中文版), 洛天依, 言和",Cover,2018-07-24T00:00:00Z,210,0,0,Draft
198803,ケセラリズム,suzurei feat. ゲキヤク-偽薬-,Cover,2018-07-24T00:00:00Z,229,1,3,Finished
198636,The Problematic One,"Enoch XYZ feat. AVANNA, YOHIOloid (English)",Original,2018-07-24T00:00:00Z,261,1,5,Finished
198627,Pursuit of Happiness,MakushiFrequency feat. 初音ミク V3 (English),Original,2018-07-24T00:00:00Z,219,1,3,Finished
198579,サイダー,あお feat. 波音リツ,Original,2018-07-24T00:00:00Z,243,1,5,Finished
198575,ファッピーシューター,yama-dai feat. 結月ゆかり,Original,2018-07-24T00:00:00Z,173,0,0,Finished
198553,GREEN GREENS,うたたP feat. VY1V5,Remix,2018-07-24T00:00:00Z,172,0,4,Finished
198549,ODDS&ENDS,Unhappy Ice Cream feat. 初音ミク V3 (Unknown),Cover,2018-07-24T00:00:00Z,321,0,0,Finished
198548,Where ancient dragons reign,"Bakeneko, PJC feat. V3 GUMI (English)",Original,2018-07-24T00:00:00Z,245,1,3,Finished
198547,染まって往く,NIX feat. 雨歌エル,Original,2018-07-24T00:00:00Z,254,2,12,Finished
257410,朝も夜も来ないで,兎胎虚無子 feat. 初音ミク,Original,2018-09-21T00:00:00Z,178,1,3,Finished
250187,STRONG WOMAN DRIVER,"本多健吾 feat. CYBER DIVA, 結月ゆかり V4 (凛)",Original,2018-09-21T00:00:00Z,41,0,0,Finished
245701,ダブルディール・ヒロイン,Juudenki feat. 初音ミク,Original,2018-09-21T00:00:00Z,189,0,2,Finished
240800,URUSaaA愛,MeerkatQueen feat. OИE,Cover,2018-09-21T00:00:00Z,197,2,6,Finished
238202,うたのいろ,十日 feat. Fukase (Unknown),Original,2018-09-21T00:00:00Z,305,0,0,Finished
233407,音街ウナは風邪になりたい。(切実),小宮かふぃー feat. 音街ウナ (Unknown),Original,2018-09-21T00:00:00Z,248,1,3,Finished
233244,雨の日晴れの日　元気のキ,せんむ feat. 重音テト,Original,2018-09-21T00:00:00Z,237,1,3,Finished
232756,Berserk,Galvan Corroid feat. 初音ミク V4 (English),Original,2018-09-21T00:00:00Z,217,1,3,Finished
222525,足りない月とあなたと私,nowism feat. 閏月ナコ,Original,2018-09-21T00:00:00Z,306,1,3,Finished
220774,MASQUERADE,煉獄P feat. 初音ミク,Original,2018-09-21T00:00:00Z,276,0,0,Finished
353418,劇中歌『また会いに行くね』～『おはよう』,ホシミヤ feat. LUMi,Original,2018-09-21T00:00:00Z,78,0,0,Finished
325250,フラジール,柊 華久椰 feat. 歌水フア,Cover,2018-09-21T00:00:00Z,268,0,0,Finished
314816,肺胞柘榴,えのやま feat. 笹屋季,Original,2018-09-21T00:00:00Z,264,0,0,Finished
314239,Far Away,rrom 77 feat. 初音ミク V4X (Unknown),Cover,2018-09-21T00:00:00Z,186,0,2,Finished
298419,アディショナルメモリー,冰山 feat. v4 flower,Cover,2018-09-21T00:00:00Z,240,1,5,Finished
275519,アンチクロロベンゼン,PrincessP feat. 鏡音リン,Cover,2018-09-21T00:00:00Z,200,0,0,Finished
272414,Tune Again,Mimisan15 feat. 櫻花アリス,Cover,2018-09-21T00:00:00Z,203,1,3,Finished
270765,Pollyanna,"Peony Witch, IterHomini feat. Eleanor Forte",Cover,2018-09-21T00:00:00Z,223,0,0,Finished
261634,アシッドレインケミストリー,Taroon feat. 初音ミク,Original,2018-09-21T00:00:00Z,256,0,0,Finished
995067,スロウダウナー,"眞田昨 feat. 甚三, 二国宍",Cover,2018-09-02T00:00:00Z,230,0,0,Finished
980204,#好きなんだ,"ピッピキピィ～～～～♪ feat. 女性1_S, Male 1_U",Cover,2018-09-02T00:00:00Z,280,0,0,Finished
980203,#好きなんだ,ピッピキピィ～～～～♪ feat. 歌手音ピコ,Cover,2018-09-02T00:00:00Z,280,0,0,Finished
980202,#好きなんだ,ピッピキピィ～～～～♪ feat. Tonio,Cover,2018-09-02T00:00:00Z,280,0,0,Finished
980201,#好きなんだ,ピッピキピィ～～～～♪ feat. MEIKO,Cover,2018-09-02T00:00:00Z,280,0,0,Finished
980199,#好きなんだ,ピッピキピィ～～～～♪ feat. KAITO,Cover,2018-09-02T00:00:00Z,280,0,0,Finished
958931,キミのことが好きでゴメンナサイ,ivon feat. kokone,Cover,2018-09-02T00:00:00Z,222,0,0,Finished
904324,君と見てた花火,れつお feat. 初音ミク,Original,2018-09-02T00:00:00Z,396,0,0,Finished
886217,My Winter Sun,Big Void feat. Big AL,Original,2018-09-02T00:00:00Z,159,0,0,Finished
805649,涙が流れた星空に (E.Guitar追加),梁井柊汰 feat. 初音ミク Append (Dark),Remix,2018-09-02T00:00:00Z,178,0,0,Finished
785572,Be The One,"PANDORA, 小室哲哉, 浅倉大介 feat. Beverly",Original,2018-01-14T00:00:00Z,239,0,2,Finished
693200,パレットには君がいっぱい,mikayuuchann feat. 東北イタコ,Cover,2018-01-14T00:00:00Z,219,0,0,Finished
653666,君と見る夜景,hayabusaP feat. 初音ミク,Original,2018-01-14T00:00:00Z,229,0,0,Finished
643029,Lonely Rolling Star,T4LBO feat. V4 GUMI (Power),Remix,2018-01-14T00:00:00Z,347,2,8,Finished
615023,毒と罪と罰,Strawberry feat. Fukase (Normal),Cover,2018-01-14T00:00:00Z,219,0,0,Finished
592621,Circles,PonBon feat. MATCHA,Cover,2018-01-14T00:00:00Z,259,0,0,Finished
583302,SNOWDROP,Tsubasa feat. 初音ミク,Original,2018-01-14T00:00:00Z,170,0,0,Finished
574078,蒼色刹那  -Transitory Dream- (short.ver),蒼髪P feat. 巡音ルカ V4X (Unknown),Original,2018-01-14T00:00:00Z,39,0,0,Finished
571721,増殖するかたちたち,Ｃｕｂｅ３９ feat. 初音ミク,Original,2018-01-14T00:00:00Z,188,0,0,Finished
528970,合い鳴き,"梅干ろず feat. 猫村いろは, VY2",Cover,2018-01-14T00:00:00Z,238,0,2,Finished
726443,ピンクスパイダー,佐々木KすけP feat. 初音ミク,Cover,2018-05-02T00:00:00Z,276,0,0,Finished
711083,WHAT CAN I DO? (AGTC Ver),taka feat. 巡音ルカ,Cover,2018-05-02T00:00:00Z,235,0,0,Finished
678482,サラバイサラバイ,Wondere-chan feat. Ishibashi Keiko,Cover,2018-05-02T00:00:00Z,197,0,0,Finished
653744,やりたいことしかできない,hayabusaP feat. 結月ゆかり,Original,2018-05-02T00:00:00Z,174,0,0,Finished
607537,Shelter,AZIKA-C feat. galaco (Red),Cover,2018-05-02T00:00:00Z,217,0,0,Finished
497223,ロキ,"Ver.ロキ feat. 弦巻マキ, 薪宮風季",Cover,2018-05-02T00:00:00Z,226,0,0,Finished
447819,マインドブランド,Animloid feat. 水,Cover,2018-05-02T00:00:00Z,259,1,3,Finished
396068,No Dance,鈴木凹 feat. 初音ミク,Original,2018-05-02T00:00:00Z,160,0,0,Finished
370047,乳袋,PressureRain feat. 氷山キヨテル,Cover,2018-05-02T00:00:00Z,168,0,0,Finished
370046,乳袋,PressureRain feat. 鏡音レン,Cover,2018-05-02T00:00:00Z,168,0,2,Finished
185575,自称進学校にご注意を,ふるこんぼ feat. 鏡音リン,Original,2018-02-17T00:00:00Z,186,0,0,Finished
185278,Alive,せり feat. 巡音ルカ V4X (Unknown),Original,2018-02-17T00:00:00Z,424,0,0,Finished
185173,モノラル,きよ氏 feat. 初音ミク,Original,2018-02-17T00:00:00Z,277,0,0,Finished
185130,ナイフと私,有村紫 feat. 初音ミク,Original,2018-02-17T00:00:00Z,123,0,0,Finished
184975,12 fan club,"木変石 feat. 鏡音リン V4X (Unknown), 鏡音レン V4X (Unknown)",Cover,2018-02-17T00:00:00Z,238,0,2,Finished
184955,寒空の星歌,ゆうなぎ いく feat. KAITO,Original,2018-02-17T00:00:00Z,253,0,0,Finished
184952,One night stand,刹那P feat. KAITO,Original,2018-02-17T00:00:00Z,306,1,7,Finished
184951,僕が君の代わりに泣くから、君は僕の代わりに笑って,なゆじ feat. KAITO V3 (Unknown),Original,2018-02-17T00:00:00Z,313,0,0,Finished
184950,鳥籠sanctuary,acuzis feat. KAITO V3 (Unknown),Original,2018-02-17T00:00:00Z,244,1,3,Finished
184653,Progressive,"恋, Celestial Structures feat. 初音ミク, 結月ゆかり",Original,2018-02-17T00:00:00Z,199,0,0,Finished
692359,深昏睡,karasuhana feat. カゼヒキ,Cover,2018-04-21T00:00:00Z,245,0,0,Finished
653734,舞い上がる君への気持ち,hayabusaP feat. 初音ミク,Original,2018-04-21T00:00:00Z,190,0,0,Finished
623848,再会,"Aポエット feat. 重音テト, 唄音ウタ",Original,2018-04-21T00:00:00Z,148,0,0,Finished
553795,The Loner,ハァト民 feat. 巡音ルカ,Cover,2018-04-21T00:00:00Z,366,0,0,Finished
553500,Auther's Theme ~ The best that you can do,Wabisuke4989 feat. 巡音ルカ,Cover,2018-04-21T00:00:00Z,234,0,0,Finished
536027,Uta wo Utau Hito,ROLAND M-31 feat. 鏡音レン V4X (Unknown),Cover,2018-04-21T00:00:00Z,225,0,0,Finished
416809,Nebulaholic,CircusP,Instrumental,2018-04-21T00:00:00Z,0,0,0,Finished
414815,Nebulaholic,CircusP feat. EmpathP,Cover,2018-04-21T00:00:00Z,0,1,3,Finished
408815,I'm a failure,"あるせれ feat. 鏡音リン, 鏡音レン",Original,2018-04-21T00:00:00Z,227,1,3,Finished
404574,空に手をかざす,加賀美 瀧 feat. 重音テト,Original,2018-04-21T00:00:00Z,267,0,0,Finished
882054,ビターチョコデコレーション,Mortal feat. 初音ミク Append (Soft),MusicPV,2019-07-09T00:00:00Z,129,0,0,Finished
809164,朝洋,"望天, 文舞bin feat. 言和",Original,2019-07-09T00:00:00Z,261,0,0,Finished
805293,비올레타,"ゆんぼ feat. V4 GUMI (Unknown), VY1V4 (Unknown)",Cover,2019-07-09T00:00:00Z,204,0,0,Finished
741871,ミライスタート！,Mimori Azume feat. 重音テト,Cover,2019-07-09T00:00:00Z,251,1,5,Finished
715654,青春R18きっぷ,R&T factory feat. KYO,Original,2019-07-09T00:00:00Z,204,0,0,Finished
701008,クオウラル両成敗,朝霧唯 feat. カゼヒキ,Original,2019-07-09T00:00:00Z,196,0,0,Finished
700448,风屿,埋葬YJ feat. 洛天依,Original,2019-07-09T00:00:00Z,247,0,2,Finished
695301,Circles,Grizzber feat. MATCHA,Cover,2019-07-09T00:00:00Z,261,0,0,Finished
688274,愛して愛して愛して,"PSiCO, Project G-LOiD! feat. 初音ミク V4X (Solid)",Cover,2019-07-09T00:00:00Z,251,0,2,Finished
644738,愛して愛して愛して,"PSiCO, Zatsune Miku & Others feat. 初音ミク V4X (Solid)",Cover,2019-07-09T00:00:00Z,251,0,2,Finished
798396,メルト,"れむぜろ feat. 音街ウナ (Talk Ex), 東北きりたん",Cover,2019-09-01T00:00:00Z,306,0,0,Finished
792646,シンクロサイクロトロン・スピリチュアライザー。,メイビィ feat. 琴葉葵 (VOICEROID2),Cover,2019-09-01T00:00:00Z,287,0,2,Finished
791496,ユユユユゆづき,零雅海星.exe feat. 結月ゆかり,Cover,2019-09-01T00:00:00Z,219,0,0,Finished
788008,神曲,"Warabe feat. 琴葉茜, 紲星あかり",Cover,2019-09-01T00:00:00Z,286,0,0,Finished
785628,LUVORATORRRRRY!,"Kyo Matsumoto537 feat. UNI, SeeU (Korean)",Cover,2019-09-01T00:00:00Z,208,0,0,Draft
763082,melodies bloom,ごまあえP feat. 初音ミク,Original,2019-09-01T00:00:00Z,267,0,0,Finished
755384,ソラニン,犬神様 feat. KYE,Cover,2019-09-01T00:00:00Z,271,1,3,Finished
734665,琴葉茜の闇ゲー#80「この世の地獄のようなゲーム」,"moco78 feat. 琴葉茜, 結月ゆかり",DramaPV,2019-09-01T00:00:00Z,219,0,0,Finished
697262,American Miku!,Triple-Q feat. 初音ミク,Cover,2019-09-01T00:00:00Z,33,0,0,Finished
692873,炉心融解,shizy feat. 音街ウナ (Unknown),Cover,2019-09-01T00:00:00Z,327,0,0,Finished
262436,キズナ繋ぐスターリースカイ,もっちもち王国 feat. 巡音ルカ V4X (Unknown),Cover,2019-11-24T00:00:00Z,253,2,6,Finished
262435,Snow Flower,夕日 feat. 初音ミク,Original,2019-11-24T00:00:00Z,300,0,0,Finished
262434,キミトネナツノネ -アキ’s 80s Remix-,アキ feat. 初音ミク,Remix,2019-11-24T00:00:00Z,277,0,0,Finished
262432,歓楽街,アイオア feat. 初音ミク,Original,2019-11-24T00:00:00Z,164,0,2,Finished
262399,Low Memory,D.T.M.S feat. 初音ミク,Original,2019-11-24T00:00:00Z,116,0,0,Finished
262397,ラムレーズンアイス,かぴたろう feat. 初音ミク,Original,2019-11-24T00:00:00Z,199,0,2,Finished
262372,On Top of the Paradise,Luttii feat. 初音ミク V3 (English),Original,2019-11-24T00:00:00Z,218,0,0,Finished
262273,Afraid of Everything,PizzaLynne feat. Malory,Cover,2019-11-24T00:00:00Z,229,1,3,Finished
262239,Freaks of Nature,StardustLegend feat. Lucy,Original,2019-11-24T00:00:00Z,220,4,16,Finished
262229,Recycled Song no.2,xTwilight95x feat. unity-chan!,Original,2019-11-24T00:00:00Z,213,1,3,Finished
652627,散華抄,fkuukl feat. IA,Cover,2019-09-01T00:00:00Z,201,0,0,Finished
641327,The new Queen,"Mytholin  feat. 蒼姫ラピス, 徵羽摩柯, 洛天依 V4 日本語 (Normal)",DramaPV,2019-09-01T00:00:00Z,18,0,0,Finished
629044,ゆるふわ樹海ガール,夢乃途 feat. 雨歌エル,Cover,2019-09-01T00:00:00Z,204,0,4,Draft
617018,Suki Kirai,"Minnemi feat. SpongeBob SquarePants, Squidward Tentacles",Cover,2019-09-01T00:00:00Z,275,3,15,Finished
603804,ありふれたせかいせいふく,Ren-kitty Renzo feat. 初音ミク V3 (Unknown),Cover,2019-09-01T00:00:00Z,206,0,0,Finished
573402,一人称「わたし」縛りでラップを歌ってみやがれ,"tom-leo-zero feat. Kaori, Ken",Original,2019-09-01T00:00:00Z,245,0,0,Draft
556459,キーウィ,PozitivP feat. LUMi,Cover,2019-09-01T00:00:00Z,143,0,0,Finished
550138,リスキーゲーム,Liz San feat. 初音ミク,MusicPV,2019-09-01T00:00:00Z,213,0,0,Finished
232169,ブラパラ,mskun feat. 巡音ルカ,Original,2019-02-22T00:00:00Z,219,0,4,Finished
232023,Song for snow,higma feat. 初音ミク,Original,2019-02-22T00:00:00Z,184,1,7,Finished
229486,シスト,ユキノシタ feat. 初音ミク,Original,2019-02-22T00:00:00Z,281,0,0,Finished
228647,ナウ,e:chi feat. 初音ミク,Original,2019-02-22T00:00:00Z,258,0,0,Finished
228646,Half Moon,old-blanket feat. 初音ミク,Original,2019-02-22T00:00:00Z,362,0,0,Finished
228606,命に嫌われている。,DJ HIROHEI feat. 初音ミク,Remix,2019-02-22T00:00:00Z,173,0,0,Finished
228441,Monster,Stars feat. Trina Wylington,Cover,2019-02-22T00:00:00Z,215,1,3,Finished
228104,相合傘,BEN feat. 初音ミク,Original,2019-02-22T00:00:00Z,229,0,0,Finished
228061,ヘイバイバイ,Kyaramel feat. v4 flower,Original,2019-02-22T00:00:00Z,182,1,5,Finished
227853,不眠症とモノローグ,もち野 feat. 初音ミク,Original,2019-02-22T00:00:00Z,217,0,0,Finished
309265,あぶらぜみのなくころに,"raima feat. 重音テト, 唄音ウタ",Original,2019-04-28T00:00:00Z,183,3,10,Finished
308855,KO・TO・NO・HA!LIFE!!,"カイネ feat. 琴葉茜, 琴葉葵",Original,2019-04-28T00:00:00Z,101,0,0,Finished
305630,バレリーコ VR,lepuha feat. GUMI,MusicPV,2019-04-28T00:00:00Z,249,0,0,Finished
304610,千年の独奏歌,Star Palace feat. CYBER SONGMAN,Cover,2019-04-28T00:00:00Z,277,0,0,Finished
300114,カッシーニの間隙,いつつば feat. 鏡音リン,Original,2019-04-28T00:00:00Z,0,0,0,Finished
300111,時間の矢,いつつば feat. 鏡音リン,Original,2019-04-28T00:00:00Z,0,0,0,Finished
300112,形だけ,いつつば feat. 鏡音リン,Original,2019-04-28T00:00:00Z,0,0,0,Finished
299757,カラフル,...笛 feat. 初音ミク,Original,2019-04-28T00:00:00Z,198,0,0,Finished
295349,救命啊，房间有蟑螂QAQ,Vd14EX feat. 洛天依,Original,2019-04-28T00:00:00Z,81,0,0,Finished
295169,クレイジー・ビート,さつき が てんこもり,Instrumental,2019-04-28T00:00:00Z,228,0,0,Finished
240843,ゆめのなか,danzaway feat. 初音ミク,Original,2019-06-08T00:00:00Z,275,0,0,Finished
240842,Tonight,ぽとふ feat. 初音ミク,Original,2019-06-08T00:00:00Z,216,0,0,Finished
240841,追想と幻想の果てに,相川としのり feat. Rana,Original,2019-06-08T00:00:00Z,315,0,0,Finished
240840,ここにあるのは今だけだ,Elleα feat. v flower,Original,2019-06-08T00:00:00Z,189,0,0,Finished
240836,なにも変わらない,sk feat. 初音ミク,Original,2019-06-08T00:00:00Z,235,0,0,Finished
240835,錆びた花,"水無月水晶 feat. CYBER SONGMAN II, 巡音ルカ V4X (Unknown), IA",Original,2019-06-08T00:00:00Z,170,0,0,Finished
240833,夜花,めるんこ feat. 初音ミク,Original,2019-06-08T00:00:00Z,236,0,0,Finished
240832,crown,七海太輔 feat. 初音ミク,Original,2019-06-08T00:00:00Z,281,0,0,Draft
240831,海藻、また会おうね,あわのあゆむ feat. 初音ミク,Original,2019-06-08T00:00:00Z,273,0,0,Finished
240830,Still i,darken drive feat. 結月ゆかり,Original,2019-06-08T00:00:00Z,214,0,0,Finished
414827,Evergreen,"CircusP feat. SONiKA, DAINA",Cover,2019-03-21T00:00:00Z,0,1,7,Finished
397758,てるみい,"captor feat. 闇音レンリ, 波音リツ キレ",Cover,2019-03-21T00:00:00Z,244,0,0,Finished
387613,その手を掴め,Mizuike feat. 初音ミク,Original,2019-03-21T00:00:00Z,207,0,0,Finished
387612,いつまでも会いましょう,Mizuike feat. 初音ミク,Original,2019-03-21T00:00:00Z,227,0,0,Finished
379530,厭なヲツカイ,PoserP feat. エティエネートバートリー,Cover,2019-03-21T00:00:00Z,193,0,0,Finished
352452,縁,こどめろ feat. 四音,Original,2019-03-21T00:00:00Z,255,1,3,Finished
343839,ユキと一緒に踊っちゃおう！,YU☆KI feat. 歌愛ユキ,Remaster,2019-03-21T00:00:00Z,212,0,0,Finished
343838,ユキと一緒にチャレンジ・ダンス！,YU☆KI feat. 歌愛ユキ,Remaster,2019-03-21T00:00:00Z,211,0,0,Finished
343177,HAKUMEI,"雪剣士, 咲月 feat. 八十嶋柚子",Cover,2019-03-21T00:00:00Z,199,1,3,Finished
337910,you need to see a therapist 👁️👄👁️,TORA_V4 feat. 初音ミク,DramaPV,2019-03-21T00:00:00Z,25,0,2,Finished
231212,おはよう、おやすみ。,#hateno feat. 初音ミク,Original,2019-03-29T00:00:00Z,330,0,0,Finished
231199,鳴花,"小岩井ことり feat. 鳴花ヒメ, 鳴花ミコト",Remix,2019-03-29T00:00:00Z,242,6,30,Finished
231183,Boom Boom Boom,"Kaitsuko feat. KAITO V3 (Straight), 鏡音レン V4X (Power)",Cover,2019-03-29T00:00:00Z,197,1,5,Finished
231182,perfect white,レイガード feat. 雪歌ユフ,Original,2019-03-29T00:00:00Z,258,1,3,Finished
231181,マルベリー,万世いづき feat. 初音ミク,Original,2019-03-29T00:00:00Z,178,0,0,Finished
231180,ハゲマシノ唄,自動販売機 feat. VY1,Original,2019-03-29T00:00:00Z,220,0,0,Finished
231179,Broken...,LonePi feat. 初音ミク,Original,2019-03-29T00:00:00Z,276,1,7,Finished
231178,Kulaliする,tooka feat. 初音ミク,Original,2019-03-29T00:00:00Z,226,0,0,Finished
231177,甘い夜,有村紫 feat. 初音ミク,Original,2019-03-29T00:00:00Z,180,0,2,Finished
231176,さようなら,観世音マハ feat. 初音ミク,Original,2019-03-29T00:00:00Z,261,1,3,Finished
306815,Colchicum,いちいいず feat. 初音ミク,Original,2019-10-03T00:00:00Z,265,0,0,Finished
299190,この想いよ届け,小野瀬　光 feat. IA,Original,2019-10-03T00:00:00Z,277,0,0,Finished
299189,PROUD HERO,小野瀬　光 feat. IA,Original,2019-10-03T00:00:00Z,233,0,0,Finished
299188,大切な人に贈るそんな歌,小野瀬　光 feat. IA,Original,2019-10-03T00:00:00Z,262,0,0,Finished
292817,劣等上等,"でむちゃんねる feat. 歌愛ユキ V4, ガチャッポイド V3",Cover,2019-10-03T00:00:00Z,235,0,0,Finished
292816,白い雪のプリンセスは,でむちゃんねる feat. 歌愛ユキ V4,Cover,2019-10-03T00:00:00Z,261,0,0,Finished
285478,The Most Mysterious Song on the Internet,David K. feat. Bones,Cover,2019-10-03T00:00:00Z,184,1,7,Finished
280726,冀願唱頌,MR.XY feat. 初音ミク,Original,2019-10-03T00:00:00Z,64,0,2,Finished
280408,Manifest Dream,"NMKK feat. 蒼姫ラピス, v flower, Rana",Original,2019-10-03T00:00:00Z,121,5,19,Finished
280051,untitled answer,"TeddyAster feat. 海伊, 赤羽",Original,2019-10-03T00:00:00Z,223,1,3,Finished
286392,Disingenuous,Joshua Lie feat. Eleanor Forte,Original,2019-11-06T00:00:00Z,204,0,2,Finished
282132,美少女ならば,荒井ユーキ feat. 音街ウナ (Unknown),Original,2019-11-06T00:00:00Z,134,0,0,Finished
270125,こっち向いて Baby,Kaitsuko feat. KAITO V3 (Straight),Cover,2019-11-06T00:00:00Z,211,0,0,Finished
268643,鬼,23次元P feat. GUMI,Original,2019-11-06T00:00:00Z,169,0,2,Finished
267724,2142 ～悪魔を食べました～,"4O5人 feat. 音街ウナ (Unknown), v flower",Original,2019-11-06T00:00:00Z,265,0,0,Finished
266638,drops,紳士校 feat. 神威がくぽ,Cover,2019-11-06T00:00:00Z,279,1,5,Finished
265660,パウダースノウ,Uナギ feat. 初音ミク,Remix,2019-11-06T00:00:00Z,324,0,0,Finished
263831,翼をください,"なまにく feat. カゼヒキ, ゲキヤク",Remix,2019-11-06T00:00:00Z,251,0,0,Finished
262230,ぼかろころしあむ,suzurei feat. ゲキヤク-偽薬-,Cover,2019-11-06T00:00:00Z,153,0,0,Finished
261794,Jack and Gretel,SHUDDER feat. 名前シレズ【18-45】,Original,2019-11-06T00:00:00Z,208,1,3,Finished
386341,DO☆N☆GU☆RI,"たのしいマグロダンスＰ feat. 鏡音レン, 初音ミク",Original,2019-05-18T00:00:00Z,159,0,0,Finished
372319,マイルーム,ζ(zeta) feat. 結月ゆかり,Original,2019-05-18T00:00:00Z,216,0,0,Finished
334998,Snow halation,Urabe No Sekai feat. various,Cover,2019-05-18T00:00:00Z,254,0,0,Finished
328420,かなわなかった夢を語る場所,Kenji1205 feat. 初音ミク,Remix,2019-05-18T00:00:00Z,224,0,0,Finished
328419,地球のためにできること,Kenji1205 feat. 初音ミク,Original,2019-05-18T00:00:00Z,268,0,0,Finished
328418,もう一度,Kenji1205 feat. 初音ミク,Original,2019-05-18T00:00:00Z,231,0,0,Finished
328417,勇気を出して次の一歩を,Kenji1205 feat. 初音ミク,Original,2019-05-18T00:00:00Z,246,0,0,Finished
328416,故郷を見下ろす山々に,Kenji1205 feat. 初音ミク,Original,2019-05-18T00:00:00Z,247,0,0,Finished
328415,愛と力を受けとって,Kenji1205 feat. 初音ミク,Original,2019-05-18T00:00:00Z,246,0,0,Finished
328414,恋が君を臆病にして,Kenji1205 feat. 初音ミク,Original,2019-05-18T00:00:00Z,265,0,0,Finished
253421,輸廻転生歌 (Off Vocal),よしかい,Instrumental,2019-10-27T00:00:00Z,0,0,0,Draft
253420,逆巻ク蛍火 -Album Edit- ver. (Off Vocal),よしかい,Instrumental,2019-10-27T00:00:00Z,0,0,0,Draft
253419,Starlight Love (Off Vocal),よしかい,Instrumental,2019-10-27T00:00:00Z,0,0,0,Draft
253418,Just Believe it ! (Off Vocal),よしかい,Instrumental,2019-10-27T00:00:00Z,0,0,0,Draft
253316,カラフルデイズ -Album Edit- ver.,よしかい feat. GUMI,Cover,2019-10-27T00:00:00Z,0,0,0,Draft
253315,Determinated,よしかい feat. GUMI,Unspecified,2019-10-27T00:00:00Z,0,0,0,Draft
253313,逆巻ク蛍火 -Album Edit- ver.,よしかい feat. GUMI,Remix,2019-10-27T00:00:00Z,0,0,0,Draft
253314,輸廻転生歌,よしかい feat. GUMI,Unspecified,2019-10-27T00:00:00Z,0,0,0,Draft
253311,Just Believe it !,よしかい feat. GUMI,Unspecified,2019-10-27T00:00:00Z,0,0,0,Draft
253312,Starlight Love,よしかい feat. GUMI,Unspecified,2019-10-27T00:00:00Z,0,0,0,Draft
222589,ルートブレイク,ドリームロイドＰ feat. 結月ゆかり,Original,2019-01-15T00:00:00Z,167,0,0,Finished
222588,Mad Bad Sad Dance,そふきらﾋﾟ～ feat. 鏡音レン,Original,2019-01-15T00:00:00Z,279,0,0,Finished
222587,Isn't That Exciting？,legata feat. 初音ミク,Original,2019-01-15T00:00:00Z,220,0,0,Finished
222586,鈍色ワンダーランド,"夏山よつぎ feat. IA, Fukase (Normal)",Original,2019-01-15T00:00:00Z,135,2,8,Finished
222584,テレパシ,巫泥 feat. 結月ゆかり,Original,2019-01-15T00:00:00Z,132,0,2,Finished
222583,憂案-me-,スヤリノ feat. 初音ミク Append (Dark),Original,2019-01-15T00:00:00Z,310,0,0,Finished
222580,フェイント,ラングドシャ鈴木 feat. 初音ミク,Original,2019-01-15T00:00:00Z,44,0,0,Finished
222579,金木犀,nodio feat. 初音ミク,Original,2019-01-15T00:00:00Z,207,0,0,Finished
222545,おかえりアイリーン,no8xf feat. 初音ミク,Original,2019-01-15T00:00:00Z,210,0,2,Finished
222544,限界幸福保護区,でんの子P feat. 蒼姫ラピス,Original,2019-01-15T00:00:00Z,231,5,33,Finished
230849,最果て,メル feat. 初音ミク,Original,2019-03-27T00:00:00Z,0,2,8,Finished
230847,ピンク,メル feat. 初音ミク,Original,2019-03-27T00:00:00Z,0,2,8,Finished
230848,レクイエム,メル feat. 初音ミク,Original,2019-03-27T00:00:00Z,172,4,16,Finished
230845,夜の淵,メル feat. 初音ミク,Original,2019-03-27T00:00:00Z,0,2,10,Finished
230846,アフターアワーズ,メル feat. 初音ミク,Original,2019-03-27T00:00:00Z,0,2,6,Finished
981836,LONG HAIR GOODBYE,Miyi Nari feat. 破壊音マイコ,Cover,2019-03-26T00:00:00Z,207,0,2,Finished
897069,アカシジア,ひどろキノん feat. 歌愛ユキ,Original,2019-03-26T00:00:00Z,230,0,0,Finished
884259,キライ・キライ・ジガヒダイ！,飴山謳 feat. 音街ウナ Spicy,MusicPV,2019-03-26T00:00:00Z,137,0,0,Finished
860270,sweet_So_sweet,"Florageist feat. Ignatius Kadin, 佐緋村コラリン",Cover,2019-03-26T00:00:00Z,212,0,0,Finished
815257,ありふれたせかいせいふく,Urabe No Sekai feat. 蒼姫ラピス,Cover,2019-03-26T00:00:00Z,207,0,0,Finished
260325,星恋歌,LUNO feat. 初音ミク,Original,2019-07-07T00:00:00Z,119,0,0,Finished
257104,宇宙の片隅で,ょぅ feat. 初音ミク,Original,2019-07-07T00:00:00Z,238,0,0,Finished
253096,Primadonna,Kaylactic feat. Sweet Ann,Cover,2019-07-07T00:00:00Z,218,1,9,Finished
252355,時空花火,アオ feat. IA,Original,2019-07-07T00:00:00Z,270,1,3,Finished
252167,空中分解,ivylare feat. 盲音ガー,Cover,2019-07-07T00:00:00Z,61,1,3,Finished
251396,ふしぎ,SouthSoilHome feat. 鏡音リン,Original,2019-07-07T00:00:00Z,53,0,0,Finished
250582,スペースジャーニー,マリー feat. 初音ミク,Original,2019-07-07T00:00:00Z,285,1,3,Finished
250380,リフレイン,klage feat. 闇音レンリ,Original,2019-07-07T00:00:00Z,86,2,10,Finished
250291,星空DREAMS,本多健吾 feat. IA,Original,2019-07-07T00:00:00Z,168,0,0,Finished
247838,TITANIUM,Andrés Farías feat. IA English C (Unknown),Cover,2019-07-07T00:00:00Z,234,1,3,Finished
259431,Detroit Techno is Underground,無問 feat. 唄音ウタ,Original,2019-11-04T00:00:00Z,0,2,6,Finished
259429,back street,NIGHTMARE feat. キエン,Original,2019-11-04T00:00:00Z,0,0,0,Finished
259430,Be_connect,TLABOT feat. 星海ファルコン,Unspecified,2019-11-04T00:00:00Z,0,0,0,Draft
259427,夏は去る,さきた feat. 闇音レンリ,Original,2019-11-04T00:00:00Z,0,0,0,Finished
259418,エトワールとワールド。,霧島 feat. 逆音セシル,Original,2019-11-04T00:00:00Z,0,1,3,Finished
259416,cAt CuT,"阿澄沿線 feat. 閨都, 降音夙",Original,2019-11-04T00:00:00Z,0,0,0,Finished
259417,Too Much Sugar,CloA feat. 重音テト,Original,2019-11-04T00:00:00Z,0,1,3,Finished
259414,Dear,higura feat. 旭音エマ,Original,2019-11-04T00:00:00Z,254,1,3,Finished
259415,Alone,國分。 feat. el,Original,2019-11-04T00:00:00Z,0,1,3,Finished
259413,緋,シーラカンス feat. 虚詠羅カント,Original,2019-11-04T00:00:00Z,0,0,0,Finished
231229,春の華,"竹井士郎 feat. 鏡音リン, 鏡音レン",Original,2019-03-30T00:00:00Z,187,0,0,Finished
231228,肉棒教師,みちこ feat. 重音テト,Original,2019-03-30T00:00:00Z,258,4,12,Finished
231227,ちょっといいかな,ティズナウ feat. 初音ミク,Original,2019-03-30T00:00:00Z,234,0,0,Finished
231226,おたより,Red Eleven feat. 暗鳴ニュイ,Original,2019-03-30T00:00:00Z,264,1,3,Finished
231225,Aggression,Que feat. 鏡音リン,Original,2019-03-30T00:00:00Z,233,0,0,Finished
231222,ゆう闇さがし,"△○□× feat. 鳴花ヒメ, 鳴花ミコト",Cover,2019-03-30T00:00:00Z,167,3,25,Finished
231220,ゆう闇さがし,"△○□× feat. 鏡音リン V4X (Unknown), 鏡音レン V4X (Unknown)",Original,2019-03-30T00:00:00Z,166,2,6,Finished
231211,楽になんか死ねねえんだからさ,Arumani feat. 初音ミク,Original,2019-03-30T00:00:00Z,228,0,0,Finished
231210,フェイス・アンド・ボイス,TentaQle feat. 鏡音リン,Original,2019-03-30T00:00:00Z,245,0,4,Finished
231209,優しくはない世界,qwert1374 feat. 初音ミク,Cover,2019-03-30T00:00:00Z,217,0,0,Finished
243533,脳裏上のクラッカー,冰山 feat. v flower,Cover,2019-06-16T00:00:00Z,270,0,4,Finished
243531,超自我,沉林川 feat. 乐正绫,Original,2019-06-16T00:00:00Z,243,0,0,Finished
243336,Showbiz,"BlakusP, CatWithBeard feat. V4 GUMI (Native)",Original,2019-06-16T00:00:00Z,180,1,5,Finished
243337,Devil Drive,eyehateP feat. V3 GUMI (English),Original,2019-06-16T00:00:00Z,257,1,5,Finished
243338,Mi Mayor Tesoro,Chomuzke's Pathetic Orchestra feat. V3 GUMI (English),Original,2019-06-16T00:00:00Z,261,1,5,Finished
243335,ヨＬヨロＮロＲ,"WEM紫 feat. V3 GUMI (Whisper), 初音ミク V3 (Soft)",Original,2019-06-16T00:00:00Z,227,1,5,Finished
243332,Eres Mi Milagro,Chomuzke's Pathetic Orchestra feat. V3 GUMI (English),Original,2019-06-16T00:00:00Z,301,1,5,Finished
243333,Teleférico,"Lorenly, Yeshúa feat. V3 GUMI (Power), V4 GUMI (Sweet)",Original,2019-06-16T00:00:00Z,158,1,5,Finished
243331,La Danza De La Reina Amira,"BlakusP, CatWithBeard feat. V4 GUMI (NativeFat), V4 GUMI (Native)",Original,2019-06-16T00:00:00Z,194,1,5,Finished
242843,楽しい終末,田口十る feat. 闇音レンリ,Original,2019-06-16T00:00:00Z,175,1,3,Finished
720915,心に穴が空いた,みなみこに feat. 源音コニ,Cover,2019-08-10T00:00:00Z,267,0,0,Finished
674712,にじいろ。(Re-mix Edition),monaca:factory feat. 初音ミク,Remix,2019-08-10T00:00:00Z,0,0,0,Draft
657868,ショットガン・ラヴァーズ,のぼる↑ feat. 初音ミク,Remaster,2019-08-10T00:00:00Z,0,0,0,Finished
657867,白い雪のプリンセスは,のぼる↑ feat. 初音ミク V4X (Unknown),Remaster,2019-08-10T00:00:00Z,0,0,0,Finished
653866,右斜め上目線,hayabusaP feat. 初音ミク,Original,2019-08-10T00:00:00Z,199,0,0,Finished
652491,ユキちゃんと真夏真夏真夏真夏,⎝⍨⎞ feat. 歌愛ユキ,Original,2019-08-10T00:00:00Z,9,0,0,Finished
641332,Un-wind,"Mytholin  feat. Eleanor Forte, AVANNA",DramaPV,2019-08-10T00:00:00Z,33,0,0,Finished
640479,Tome na Pepeka,B'Jonas feat. various,Cover,2019-08-10T00:00:00Z,121,0,0,Finished
639965,DIARRHEA,Muffs feat. Number Bronze,Cover,2019-08-10T00:00:00Z,280,0,0,Finished
630897,Vampire’s ∞ pathoS,Setsuna-M feat. 巡音ルカ V4X (Unknown),Cover,2019-08-10T00:00:00Z,221,0,0,Finished
615203,僕の場所 僕の海,"Strawberry feat. Fukase (Normal), Fukase (Soft), 結月ゆかり V4 (純)",Cover,2019-11-15T00:00:00Z,291,0,0,Finished
604946,シャルル,Xendella-P feat. 鳴花ヒメ,Cover,2019-11-15T00:00:00Z,227,0,0,Finished
597914,连备胎也不是,士但P feat. 初音ミク,Cover,2019-11-15T00:00:00Z,247,0,0,Finished
560807,ヤミツキ,Eaver feat. VY2,Cover,2019-11-15T00:00:00Z,192,0,0,Finished
477309,미지수(x),Altair Werk feat. UNI,Original,2019-11-15T00:00:00Z,256,0,0,Finished
465929,Lunatic,Rinou feat. 重音テト,Original,2019-11-15T00:00:00Z,216,0,2,Finished
408851,流星サイクリング,たすないん feat. 初音ミク,Original,2019-11-15T00:00:00Z,292,0,0,Finished
388990,23日のクリスマス,紫陽花 feat. 重音テト,Original,2019-11-15T00:00:00Z,193,0,0,Finished
347349,39みゅーじっく！,Moony feat. な つ き め ろ ん,Cover,2019-11-15T00:00:00Z,267,1,3,Finished
337348,七月の雨,おたけ feat. 巡音ルカ,Original,2019-11-15T00:00:00Z,181,0,2,Finished
616025,くるくるぱぁ,Squidacious feat. 音街ウナ Sugar,Cover,2019-06-26T00:00:00Z,197,0,2,Finished
597460,幻想系世界修復少女,Last Note. feat. GUMI,Remix,2019-06-26T00:00:00Z,98,0,0,Finished
555889,-ERROR,rev feat. 湯鬱声からす,Remix,2019-06-26T00:00:00Z,232,2,6,Finished
504715,それは揺らめく心の調,kazuyan feat. GUMI,Original,2019-06-26T00:00:00Z,312,0,0,Finished
484187,飞鸟的轨迹,"墨梨 , HELPCCCC, 栀馥阁 feat. 东方栀子Blossom",Original,2019-06-26T00:00:00Z,186,1,3,Finished
459896,7/8,"M・O・K・A, CrimmyAngel feat. 猫村いろは",Cover,2019-06-26T00:00:00Z,227,1,7,Finished
437826,Door,"Mytholin  feat. MAYU, YOHIOloid (English)",DramaPV,2019-06-26T00:00:00Z,15,0,0,Finished
416639,プリンシパル,氷翠 feat. GUMI,Original,2019-06-26T00:00:00Z,93,0,0,Finished
416626,-ERROR,ｎａｉｒｉｎ feat. GUMI,MusicPV,2019-06-26T00:00:00Z,242,0,0,Finished
416624,グラーヴェ,ame。 feat. GUMI,Cover,2019-06-26T00:00:00Z,183,0,0,Finished
223097,Sealed Space,"國分。, 雨色神撫 feat. 風歌ハル (angel)",Unspecified,2019-01-27T00:00:00Z,0,1,3,Draft
223096,"exp,","ゆこなる, 國分。, 秋P feat. 無地歌",Unspecified,2019-01-27T00:00:00Z,0,1,3,Draft
223095,HiBiK!,"TLABOT, RO-D feat. 響震路",Unspecified,2019-01-27T00:00:00Z,0,1,3,Draft
223092,Steps,CloA feat. 葛駄夜音,Unspecified,2019-01-27T00:00:00Z,0,1,3,Draft
222712,Fatal Suspicion,Chilt feat. Female F1 (AquesTone),Original,2019-01-27T00:00:00Z,0,0,0,Draft
222711,Inanimate -MECHATSUYO Remix-,"國分。 feat. 篠目蕗, 猛撃アレグロ",Remix,2019-01-27T00:00:00Z,0,1,3,Draft
222710,Frenzy Crossover,秋P feat. フミキリーネ・クワン,Original,2019-01-27T00:00:00Z,0,1,3,Draft
222709,hypocrisy,NIGHTMARE feat. フミキリーネ・クワン,Original,2019-01-27T00:00:00Z,0,1,3,Draft
222708,"Reset, Never Miss the Light",Coelacanth feat. 戦場チェーンソー,Original,2019-01-27T00:00:00Z,0,2,6,Draft
222707,のーらいふらじお～無生物コンピ特別編～,ペカチ feat. various,Unspecified,2019-01-27T00:00:00Z,0,1,3,Draft
251682,Light Song,Kanerin feat. 初音ミク,Cover,2019-06-09T00:00:00Z,308,1,3,Finished
250801,ユートピア,非開人,Original,2019-06-09T00:00:00Z,252,0,0,Draft
250800,奈落へ...～ユートピアⅡ(または底無しの闇),非開人,Original,2019-06-09T00:00:00Z,142,0,0,Draft
250279,旅人,本多健吾 feat. 結月ゆかり V4 (凛),Original,2019-06-09T00:00:00Z,200,0,0,Finished
249319,今日も今日とて眠たいな,"Amefuri feat. 悪い子, 紗ナミ莉鈴",Original,2019-06-09T00:00:00Z,91,1,3,Finished
249033,天ノ弱,とめあ feat. 鼓破音トリン,Cover,2019-06-09T00:00:00Z,187,1,3,Finished
247603,飛べるフリをするのは,髭チワワ feat. 鏡音レン,Original,2019-06-09T00:00:00Z,229,0,0,Finished
247553,海の幽霊,"COBA x5884x, ともあれ feat. VY1, 初音ミク",Cover,2019-06-09T00:00:00Z,235,0,0,Finished
246922,REGRET,亜也希 feat. IA,Original,2019-06-09T00:00:00Z,271,0,0,Finished
246431,天使塵芥,"のば feat. 終音シュウヤ, 終音コトミ",Original,2019-06-09T00:00:00Z,284,1,3,Finished
653912,『進捗どうですか？』,富華 feat. KAITO,Original,2019-03-13T00:00:00Z,172,0,0,Finished
623646,ka絵ze,"Aポエット feat. 重音テト, 唄音ウタ",Original,2019-03-13T00:00:00Z,110,0,0,Finished
536312,Discord,RaccoonButler feat. 岩田太郎,Cover,2019-03-13T00:00:00Z,194,1,5,Finished
499171,BLOODY STREAM,FacundoFPS feat. 初音ミク,Cover,2019-03-13T00:00:00Z,94,0,0,Finished
489301,RE-OVERDOSE,Janus feat. 音街ウナ Sugar,Cover,2019-03-13T00:00:00Z,200,0,0,Finished
424186,千本桜,祈音結璃 feat. 桜音ユリ,Cover,2019-03-13T00:00:00Z,251,0,0,Finished
387617,三月の世界,Mizuike feat. 初音ミク,Original,2019-03-13T00:00:00Z,251,0,0,Finished
381373,ひつじひつじひつじ,おゆいくら feat. GUMI,Original,2019-03-13T00:00:00Z,91,0,0,Finished
341543,晴れと傘。,そーた feat. 音街ウナ (Unknown),Original,2019-03-13T00:00:00Z,184,0,0,Finished
337128,未来が来る,カルメネール feat. 巡音ルカ,Original,2019-03-13T00:00:00Z,242,0,0,Finished
258180,Secret World,LARKE feat. 初音ミク V4 (English),Original,2019-10-19T00:00:00Z,240,0,2,Finished
258002,VAMPYRA,S.O.U.L. feat. MEIKO V3 (English),Original,2019-10-19T00:00:00Z,209,3,13,Finished
257959,ラクヨウ,Osanzi feat. 初音ミク,Original,2019-10-19T00:00:00Z,181,4,24,Finished
257950,星空の下で,すみてつ feat. 重音テト,Original,2019-10-19T00:00:00Z,140,1,3,Finished
257949,恋,桜木るる feat. 初音ミク,Original,2019-10-19T00:00:00Z,238,0,0,Finished
257948,炸裂ナイトメア,やなと feat. 初音ミク,Original,2019-10-19T00:00:00Z,140,0,0,Finished
257656,妖精の独り言,坂田白P feat. GUMI,Original,2019-10-19T00:00:00Z,158,0,0,Finished
257652,思い出経由明日行き,とつれんず feat. 初音ミク,Original,2019-10-19T00:00:00Z,316,0,0,Finished
257651,Air,"imie, olin feat. 初音ミク",Original,2019-10-19T00:00:00Z,200,0,0,Finished
257650,僕とヒーローの君,LicoLa feat. 鏡音リン,Original,2019-10-19T00:00:00Z,185,0,0,Finished
260478,スコール,aki feat. 初音ミク,Original,2019-10-16T00:00:00Z,189,0,0,Finished
260385,モノクロームパレット,はなぽ feat. v4 flower,Cover,2019-10-16T00:00:00Z,248,0,2,Finished
260366,Winter Whisper (2019 remaster),梁井柊汰 feat. MATCHA,Cover,2019-10-16T00:00:00Z,198,0,0,Finished
259591,千葉の空にはモノレール,プリ feat. 初音ミク,Original,2019-10-16T00:00:00Z,201,0,0,Finished
259116,カプリッチョ ハロウィン マーチ,のば feat. various,Original,2019-10-16T00:00:00Z,236,1,3,Finished
259017,Hysteria,Various artists,Original,2019-10-16T00:00:00Z,245,2,12,Finished
258940,喪ノ貰い,"ともゆ feat. 鏡音リン, 鏡音レン",Remaster,2019-10-16T00:00:00Z,216,0,2,Finished
258939,日向咲く傍で,ともゆ feat. 初音ミク,Original,2019-10-16T00:00:00Z,235,0,0,Finished
258936,NOT ALIVE,Skye Blue Music feat. 初音ミク V4 (English),Original,2019-10-16T00:00:00Z,260,0,2,Finished
258814,僕のアンセム,ともゆ feat. 鏡音リン,Original,2019-10-16T00:00:00Z,253,0,8,Finished
258020,Left Behind,Wish Melodies feat. 巡音ルカ,Original,2019-10-01T00:00:00Z,200,0,2,Finished
257994,一夜限りの百鬼夜行,雪ん子マーシャ feat. various,Original,2019-10-01T00:00:00Z,281,1,3,Finished
257945,匍匐する精神,IDONO KAWAZU feat. 初音ミク,Original,2019-10-01T00:00:00Z,218,5,21,Finished
257325,しりとり,鴉椛 feat. 心華 V4 日本語版 (Unknown),Original,2019-10-01T00:00:00Z,228,1,3,Finished
257243,ナイトシティライナー,ペクちん feat. 初音ミク V4X (Unknown),Original,2019-10-01T00:00:00Z,261,0,0,Finished
257173,Hello World,5uFFoCaTe Mu5iC feat. 初音ミク V4 (English),Original,2019-10-01T00:00:00Z,216,1,3,Finished
256716,粉雪舞う街,ミニマル feat. 波音リツ,Original,2019-10-01T00:00:00Z,350,1,3,Finished
256442,オルテンシア,Prince Kuma feat. 鏡音レン V4X (Unknown),Cover,2019-10-01T00:00:00Z,239,2,10,Finished
256437,熠熠华光,"依溪禾YiSeho, Creuzer feat. various",Original,2019-10-01T00:00:00Z,208,2,10,Finished
255928,雷鳴,鳴無ヨタカ feat. IA,Original,2019-10-01T00:00:00Z,198,0,0,Finished
245528,シーサイドサイダー,きょお１ feat. 初音ミク,Original,2019-05-19T00:00:00Z,179,0,0,Finished
245501,DIVA,じゆんＰ feat. 初音ミク,Original,2019-05-19T00:00:00Z,268,0,0,Approved
245350,HiGHENERGY,Y.sato feat. V3 GUMI (English),Original,2019-05-19T00:00:00Z,244,1,5,Finished
245151,サイレント,Chapi32 feat. GUMI,Original,2019-05-19T00:00:00Z,246,0,0,Finished
244322,Sing Me to Sleep,DragonHound feat. 初音ミク V4 (English),Remaster,2019-05-19T00:00:00Z,185,0,0,Finished
243473,ウタカタノヒメ,転調の人 feat. 初音ミク,Original,2019-05-19T00:00:00Z,264,0,0,Finished
240793,斃レ,巫泥 feat. 結月ゆかり,Original,2019-05-19T00:00:00Z,153,0,2,Finished
239244,男女,ごるびー feat. various,Cover,2019-05-19T00:00:00Z,139,1,5,Finished
238845,ナイト・レイン,"ヒロひろ feat. 紲星あかり, 初音ミク",Original,2019-05-19T00:00:00Z,243,0,2,Finished
238840,エモーション,keito feat. 初音ミク,Original,2019-05-19T00:00:00Z,103,0,0,Finished
230515,ニセモノエンギ,トトナ feat. GUMI,Original,2019-03-23T00:00:00Z,192,0,0,Finished
230514,雨と桜,タクミ feat. 初音ミク,Original,2019-03-23T00:00:00Z,142,0,0,Finished
230513,雨の中が僕,アキノトウフ feat. 結月ゆかり,Cover,2019-03-23T00:00:00Z,259,1,5,Finished
230512,新しい朝に,nicoichi feat. 闇音レンリ,Original,2019-03-23T00:00:00Z,224,1,3,Finished
230511,Phosphorescence,みちこ feat. 重音テト,Original,2019-03-23T00:00:00Z,118,1,5,Finished
230510,明日という夢,ペルソナ feat. 初音ミク,Original,2019-03-23T00:00:00Z,87,0,0,Finished
230509,Revenger,petunia feat. 結月ゆかり,Original,2019-03-23T00:00:00Z,225,0,0,Finished
230508,夢中,色鳥っち feat. 初音ミク,Original,2019-03-23T00:00:00Z,239,0,0,Finished
230507,私の冬に雪は降らない,LicoLa feat. 鏡音リン,Original,2019-03-23T00:00:00Z,189,0,0,Finished
230506,弱者の詩,AJP feat. IA,Original,2019-03-23T00:00:00Z,231,0,0,Finished
265177,夏日放映室,"花之祭P feat. 洛天依, 心華",Original,2019-12-21T00:00:00Z,212,0,0,Finished
265176,オフェリー,北沢強兵 feat. GUMI,Original,2019-12-21T00:00:00Z,238,4,38,Finished
265174,じゃ、Bye Bye,凜之形 feat. 初音ミク Append (Dark),Original,2019-12-21T00:00:00Z,296,0,2,Finished
265173,Collection,ヴェーラン feat. Oliver,Original,2019-12-21T00:00:00Z,180,2,18,Finished
265169,コンピューターガール,Alpaca feat. 初音ミク,Original,2019-12-21T00:00:00Z,312,4,26,Finished
265160,アサシン4500,すみてつ feat. 重音テト,Original,2019-12-21T00:00:00Z,199,1,3,Finished
265159,ここで一緒に,Yuki Phonic feat. GUMI,Original,2019-12-21T00:00:00Z,473,0,0,Finished
265158,赤く赤く,"まき, 猫又れまの feat. 初音ミク, 重音テト",Original,2019-12-21T00:00:00Z,234,1,3,Finished
265157,合わせ鏡,N1N63N feat. v flower,Original,2019-12-21T00:00:00Z,192,5,27,Finished
265156,ハッピーエンド,"SouthSoilHome feat. 鏡音リン, 鏡音レン",Original,2019-12-21T00:00:00Z,307,1,7,Finished
641825,ECHO,le_temporaire feat. LEORA (Unknown),Cover,2019-11-18T00:00:00Z,241,0,2,Finished
623589,ki地異ke,"Aポエット feat. 重音テト, 唄音ウタ",Original,2019-11-18T00:00:00Z,117,0,0,Finished
461626,深昏睡,Lime feat. 闇音レンリ,Cover,2019-11-18T00:00:00Z,247,1,3,Finished
437657,被害妄想携帯女子（笑）,HoLLoW feat. 音街ウナ Spicy,Cover,2019-11-18T00:00:00Z,230,0,0,Finished
415287,RE I love FOX,kmrno feat. 巡音ルカ,Original,2019-11-18T00:00:00Z,130,0,0,Finished
408900,記憶の中で,カナザワ feat. 初音ミク,Original,2019-11-18T00:00:00Z,249,0,0,Finished
405574,紅蓮華,FmFm feat. IA,Cover,2019-11-18T00:00:00Z,243,0,0,Finished
389781,黄昏街の怪物,コンプレックス feat. GUMI,Original,2019-11-18T00:00:00Z,258,0,0,Finished
335526,Omae Wa Mou,Pacxy feat. AIYA,Cover,2019-11-18T00:00:00Z,119,1,3,Finished
334905,レノウ,地方老人 feat. ラギ,Cover,2019-11-18T00:00:00Z,184,0,0,Finished
326498,トリマ ワカレタホ インジャネ？,シラヌイハヤト feat. 巡音ルカ,Original,2020-05-23T00:00:00Z,254,0,2,Finished
325337,Dreams,"Deko, Osean feat. AVANNA",Original,2020-05-23T00:00:00Z,157,0,0,Finished
316677,夏綾目_34edit,34 feat. 桃音モモ,Remix,2020-05-23T00:00:00Z,104,2,8,Finished
313115,ドクタークーデター,ふなばら feat. 初音ミク,Original,2020-05-23T00:00:00Z,216,0,0,Finished
310660,Technicolour Beat,"眠いマシン feat. GUMI, AVANNA",Cover,2020-05-23T00:00:00Z,180,0,0,Finished
308846,Henceforth,めいらな feat. LUMi,Cover,2020-05-23T00:00:00Z,236,0,0,Finished
302711,ゆーとぴあっ,けんたあろは feat. 初音ミク,Original,2020-05-23T00:00:00Z,168,0,0,Finished
301897,新緑の出会い,キムラレス feat. VY2V5,Original,2020-05-23T00:00:00Z,292,0,0,Finished
300770,Birthday Song,PaleRoid feat. 初音ミク,Original,2020-05-23T00:00:00Z,59,0,0,Finished
296914,Pages,deeepiii feat. Eleanor Forte,Original,2020-05-23T00:00:00Z,249,1,3,Finished
297353,Starlight,藤末樹 feat. 初音ミク,Cover,2020-09-26T00:00:00Z,290,1,3,Finished
297213,ネツゲンハンノウ,メジャー☆ feat. 初音ミク,Original,2020-09-26T00:00:00Z,205,0,0,Finished
297037,ハルヨコイ,theta feat. 東北イタコ,Cover,2020-09-26T00:00:00Z,309,1,3,Finished
296998,NOCTURNE,JUICE feat. 闇音レンリ,Original,2020-09-26T00:00:00Z,195,1,3,Finished
296997,空蝉,イヅモ feat. 重音テト,Original,2020-09-26T00:00:00Z,234,1,5,Finished
296996,Hooooray!!バンジージャンプ,なおりん feat. 東北ずん子,Original,2020-09-26T00:00:00Z,198,1,3,Finished
296995,山もいずれ塵となる。,イズレヨハアケル feat. OИE,Original,2020-09-26T00:00:00Z,266,0,2,Finished
296994,胡蝶しのぶのうた,ぺいおん！ feat. IA,Original,2020-09-26T00:00:00Z,185,0,0,Finished
296993,カルネ,狂戦士づづ feat. 初音ミク,Original,2020-09-26T00:00:00Z,216,0,0,Finished
296990,だああああああああいすき！,mash01 feat. 初音ミク,Original,2020-09-26T00:00:00Z,207,0,0,Finished
287455,傲慢なブリティッシュローズ,佐々岡鷲 feat. VY2,Original,2020-07-06T00:00:00Z,244,1,3,Finished
287416,Hidden Key,ULTIMA feat. Amy,Original,2020-07-06T00:00:00Z,301,0,0,Finished
287270,從新,"烂兔子P, 復一 feat. 天碎瓷 (DeepVocal)",Original,2020-07-06T00:00:00Z,194,1,11,Finished
287267,Take It Off,"horsedisposal feat. Microsoft Sam, SAM (Chipspeech)",Remix,2020-07-06T00:00:00Z,260,2,6,Finished
287205,ソーラーカー,"Hetappi feat. 鏡音リン, 鏡音レン",Original,2020-07-06T00:00:00Z,167,0,2,Finished
287204,pluie,シド feat. 初音ミク,Original,2020-07-06T00:00:00Z,282,0,0,Finished
287203,夜型人間,荒井ユーキ feat. 音街ウナ (Unknown),Original,2020-07-06T00:00:00Z,77,0,2,Finished
287202,燃えろみんなの北九州,荒井ユーキ feat. 音街ウナ (Unknown),Cover,2020-07-06T00:00:00Z,93,1,3,Finished
287201,ウォータースカイ,RamunePop feat. IA,Original,2020-07-06T00:00:00Z,226,0,2,Finished
287200,FIESTA,"VNane​P feat. Bruno, Clara, MAIKA",Original,2020-07-06T00:00:00Z,187,6,34,Finished
355552,ワンダーゴーストアイビーワルツ,森バジル feat. 初音ミク,Original,2020-04-13T00:00:00Z,290,0,0,Finished
350490,Sky High,SH1ZUKΔ feat. 初音ミク,Cover,2020-04-13T00:00:00Z,134,0,0,Finished
348411,聴け！曲がゴミのようだ。,紫煮 染グ feat. 重音テト,Original,2020-04-13T00:00:00Z,163,0,0,Finished
338310,希望,おっチーぱいズ feat. 巡音ルカ,Original,2020-04-13T00:00:00Z,199,0,0,Finished
330553,結い傷な,くるくる数字 feat. ゲキヤク-丸薬-,Cover,2020-04-13T00:00:00Z,205,1,5,Finished
326687,エフェメラル,霄 feat. 唄音ウタ,Original,2020-04-13T00:00:00Z,221,2,6,Finished
321929,It Hurts Bad,TracyP feat. KAITO,Original,2020-04-13T00:00:00Z,133,1,3,Finished
317752,アンノウン・マザーグース,朝凪あず feat. 東北きりたん,Cover,2020-04-13T00:00:00Z,286,0,0,Finished
313754,海鳴りのワルツ,Hilma feat. 初音ミク,Original,2020-04-13T00:00:00Z,148,0,0,Finished
310590,カーネーション,"はる feat. ゲキヤク, 南極リョク",Cover,2020-04-13T00:00:00Z,187,0,0,Finished
370733,be lost...,MOROLY feat. Fukase (Normal),Original,2020-05-30T00:00:00Z,200,0,0,Finished
370732,ループ,MOROLY feat. 巡音ルカ,Original,2020-05-30T00:00:00Z,278,0,0,Finished
370731,ノスタルジックサマー,MOROLY feat. GUMI,Original,2020-05-30T00:00:00Z,194,0,0,Finished
370730,夢みてた,MOROLY feat. GUMI,Original,2020-05-30T00:00:00Z,281,0,0,Finished
370729,消えゆくのを,MOROLY feat. IA,Original,2020-05-30T00:00:00Z,316,0,0,Finished
370728,日差し,MOROLY feat. GUMI,Original,2020-05-30T00:00:00Z,246,0,0,Finished
370727,ＳＨＩＮＥ ＬＩＫＥ Ａ ＳＴＡＲ,MOROLY feat. GUMI,Original,2020-05-30T00:00:00Z,248,0,0,Finished
370725,value,MOROLY feat. Fukase (Normal),Original,2020-05-30T00:00:00Z,336,0,0,Finished
370724,巡る世界で,MOROLY feat. GUMI,Original,2020-05-30T00:00:00Z,240,0,0,Finished
370723,Miraculous night,MOROLY feat. GUMI,Original,2020-05-30T00:00:00Z,208,0,0,Finished
303001,地球をあげる,流期KiRin feat. 夏語遙,Cover,2020-07-04T00:00:00Z,278,0,0,Finished
302462,Indignant_Apple,巫鳥 feat. 東北きりたん,Cover,2020-07-04T00:00:00Z,145,0,0,Finished
301603,ワールド・イズ・スーパーノヴァ,くろぱーかー feat. 初音ミク,Original,2020-07-04T00:00:00Z,315,0,0,Finished
300872,change your lazy life,ペルソナ feat. 初音ミク,Original,2020-07-04T00:00:00Z,190,0,0,Finished
300602,リガール,天霧るお︎ feat. OИE,Original,2020-07-04T00:00:00Z,186,0,0,Finished
300145,クロッシィ,八代藤 feat. 初音ミク,Original,2020-07-04T00:00:00Z,236,0,0,Finished
298750,一分間舞踊曲,樫本鳴葉 feat. 重音テト,Original,2020-07-04T00:00:00Z,64,1,3,Finished
297138,world.execute(me);,Lavoka feat. ALYS,Cover,2020-07-04T00:00:00Z,221,1,5,Finished
295777,かくれんぼ,mahziel feat. 初音ミク,Original,2020-07-04T00:00:00Z,183,0,0,Finished
294055,恋色マスタースパーク,ルンバ feat. 東北きりたん,Cover,2020-07-04T00:00:00Z,120,0,0,Finished
968272,A Born Coward,HopeandJoy9 feat. 戯白メリー,Cover,2020-08-23T00:00:00Z,198,0,0,Finished
906839,ラグトレイン,じょかあき feat. 東北きりたん,Cover,2020-08-23T00:00:00Z,250,0,0,Finished
887485,things that could've been,UTOPIA feat. DAINA,Original,2020-08-23T00:00:00Z,69,0,0,Finished
879538,Pathetic Loser Boy,Russian-Abomination feat. various,Original,2020-08-23T00:00:00Z,207,0,0,Finished
876213,Heartland,"The Springfield feat. Fukase (Unknown), GUMI",Remix,2020-08-23T00:00:00Z,423,0,0,Finished
876194,MORE & MORE,OΠI SOUL feat. various,Cover,2020-08-23T00:00:00Z,203,1,3,Finished
865927,イカサマPaRaDoX,ちゃぺ feat. 初音ミク,Original,2020-08-23T00:00:00Z,180,0,0,Finished
838707,AO,のれり feat. Fukase (Unknown),Original,2020-08-23T00:00:00Z,117,0,0,Finished
823001,しんかいサカナロイド,はんごうすいはん feat. 初音ミク,Original,2020-08-23T00:00:00Z,296,0,0,Finished
800713,むかしむかしのきょうのぼく,ZON feat. 仄歌エリー,Cover,2020-08-23T00:00:00Z,337,0,0,Finished
268035,One Time Pass,TBLM feat. V3 GUMI (Power),Original,2020-01-11T00:00:00Z,105,0,0,Finished
268032,コットンキャンディ,メロリカ feat. 初音ミク,Original,2020-01-11T00:00:00Z,221,0,0,Finished
268031,Drive the night,NAAB feat. 桜乃そら (Unknown),Original,2020-01-11T00:00:00Z,331,0,0,Finished
268030,verseday,濡羽色 feat. 初音ミク,Original,2020-01-11T00:00:00Z,181,0,0,Finished
268000,Lime Colored Sky,サンペイタツロウ feat. 初音ミク,Original,2020-01-11T00:00:00Z,215,0,4,Finished
267999,花咲き乱れる浮世世界,ピーピP feat. 初音ミク,Original,2020-01-11T00:00:00Z,246,2,6,Finished
267998,ヴィルヘルムと悪夢,持平勇賢 feat. WIL,Original,2020-01-11T00:00:00Z,229,1,5,Finished
267313,感情の涙,失いP feat. IA,Original,2020-01-11T00:00:00Z,286,3,11,Finished
990413,papa johns interlude,nelward feat. Alex,Original,2020-01-10T00:00:00Z,50,0,0,Finished
990412,tribute to home depot,nelward,Original,2020-01-10T00:00:00Z,34,0,0,Finished
974891,Little Tokyo,Melodysheep feat. Unknown vocal synth(s),Original,2020-02-24T00:00:00Z,233,0,0,Finished
966809,WAVE,2cada feat. KYE,Cover,2020-02-24T00:00:00Z,196,0,0,Finished
966808,Satisfaction,"2cada feat. 鏡音リン V4X (Power), Kagamine Rin Utau",Cover,2020-02-24T00:00:00Z,50,0,0,Finished
965188,夏の扉,しまのゆ feat. 東北きりたん,Cover,2020-02-24T00:00:00Z,210,0,0,Finished
961757,We don't talk anymore,"樗儿 feat. Obamaloid, Trumploid",Cover,2020-02-24T00:00:00Z,238,0,0,Finished
909817,グラウンド・ゼロ,ミヲ feat. 初音ミク,Original,2020-02-24T00:00:00Z,201,0,0,Finished
887726,Soap,darlynn feat. 初音ミク V4X (Dark),Cover,2020-02-24T00:00:00Z,209,0,0,Finished
887487,Midsummer | Saudade,UTOPIA feat. Chris,Original,2020-02-24T00:00:00Z,221,0,0,Finished
886225,If I Could Forget All About You,"Big Void feat. Amy, 初音ミク",Original,2020-02-24T00:00:00Z,158,0,0,Finished
885710,五颜六色,"某三省, 結月林 feat. 初音ミク V4 (中文版)",Original,2020-02-24T00:00:00Z,229,0,0,Finished
292613,星がきれいだから,MAMIZU feat. 東北きりたん,Original,2020-08-07T00:00:00Z,203,0,0,Finished
291859,INDEPENDENT,Janus feat. 初音ミク Append (Solid),Original,2020-08-07T00:00:00Z,185,1,7,Finished
291858,Re:RE;,/* C.A.P. */ feat. 初音ミク,Original,2020-08-07T00:00:00Z,202,0,0,Finished
291697,Chain Escape,Duck With a Knife feat. 鏡音リン V4X (Unknown),Original,2020-08-07T00:00:00Z,313,0,0,Finished
291686,ソラに、藍に future bass.ver,しの抹茶 feat. 初音ミク,Remix,2020-08-07T00:00:00Z,251,0,0,Finished
291272,海之礼赞,陌生来访 feat. 星尘,Cover,2020-08-07T00:00:00Z,250,0,0,Finished
291247,El muchacho de los ojos tristes,NAVILOID feat. Saki,Cover,2020-08-07T00:00:00Z,200,1,3,Approved
291121,作劇,トリスタン feat. 初音ミク,Original,2020-08-07T00:00:00Z,256,0,0,Finished
291120,ふたたび,"SouthSoilHome feat. 鏡音リン, 鏡音レン",Original,2020-08-07T00:00:00Z,216,0,0,Finished
291119,Good Night Good Night,シルミシロン feat. さとうささら,Original,2020-08-07T00:00:00Z,273,0,4,Finished
606217,眠れない夜に,りな feat. 朝音花,Cover,2020-05-29T00:00:00Z,229,0,0,Finished
603593,Ceddin deden,"紅衛兵P feat. 洛天依, 鏡音リン, 鏡音レン",Cover,2020-05-29T00:00:00Z,145,0,0,Finished
579367,ビューティ・メドレー ～Glossy Mixture～,"Yoselin Montserrath feat. Lara Haruno, Cacahuate Cacao, Lavanda Tanori",Cover,2020-05-29T00:00:00Z,264,0,0,Finished
576141,ギワノネ,憂憂しいP feat. 初音ミク,Original,2020-05-29T00:00:00Z,312,0,0,Finished
571593,スカイフィールド大先生のアフター・ラヴ・コーラス,じょーじ feat. 重音テト,Original,2020-05-29T00:00:00Z,216,0,0,Finished
560554,Bad Apple,staccato feat. DEX,Cover,2020-05-29T00:00:00Z,215,0,0,Finished
553242,しう,"Miyi Nari feat. お姉さん, おばあさん, お嬢ちゃん",Cover,2020-05-29T00:00:00Z,278,6,30,Finished
550556,Overdose,Aaube feat. Eleanor Forte,Original,2020-05-29T00:00:00Z,234,0,0,Finished
522702,ダーリン,visceralremains feat. v4 flower,Cover,2020-05-29T00:00:00Z,227,0,0,Finished
515173,終わりのない僕らのジャーニー,Play Of Color feat. IA,Original,2020-05-29T00:00:00Z,231,0,0,Finished
1005912,システマティック・ラヴ,Steve feat. 桃音モモ連続音Passion,Cover,2020-11-17T00:00:00Z,299,0,0,Finished
968276,ウミユリ海底譚,緋色 feat. さめ,Cover,2020-11-17T00:00:00Z,239,0,0,Finished
950261,うた,el,Original,2020-11-17T00:00:00Z,101,0,0,Draft
935406,Black Mamba,Various artists,Original,2020-11-17T00:00:00Z,175,0,0,Finished
932284,終わらない夢を見てる様に,Shinkata feat. 初音ミク,Original,2020-11-17T00:00:00Z,210,0,0,Finished
903283,フカンショウ,Caranella feat. 鏡音リン V4X (Power),Cover,2020-11-17T00:00:00Z,222,0,0,Finished
898603,パラレルレイヤー,suzukiaen feat. 槌音ずも,Cover,2020-11-17T00:00:00Z,236,0,0,Finished
868611,ジャックポットサッドガール,"ShizumuRin feat. Fukase (Normal), v flower",Cover,2020-11-17T00:00:00Z,190,0,2,Finished
868259,HYPERDONTIA,potatosmiley feat. Fukase (English),Cover,2020-11-17T00:00:00Z,274,0,0,Finished
868258,The Faulty Feline Philosophy,potatosmiley feat. Fukase (Unknown),Cover,2020-11-17T00:00:00Z,233,0,0,Finished
303579,interroBUG,"nogi feat. 逆音セシル, 松田っぽいよ",Original,2020-11-21T00:00:00Z,59,1,3,Finished
303578,カルマイーター,茶都子 feat. v flower,Original,2020-11-21T00:00:00Z,216,0,0,Finished
303577,エンジェル,Glue feat. 初音ミク,Original,2020-11-21T00:00:00Z,188,2,10,Finished
303576,ニル・アドミラリに聞いてみた,manika feat. 初音ミク,Original,2020-11-21T00:00:00Z,116,1,3,Finished
303575,肯定しないで！,のうべんばあ feat. 初音ミク,Original,2020-11-21T00:00:00Z,204,0,0,Finished
303574,ウレイにまみれて,yura-9 feat. 初音ミク,Original,2020-11-21T00:00:00Z,175,0,0,Finished
303573,遊泳飛行,KaGi feat. 初音ミク,Original,2020-11-21T00:00:00Z,240,0,2,Finished
303572,azami,naya feat. v flower,Original,2020-11-21T00:00:00Z,168,2,10,Finished
303571,笑わないヨハネ,Minase feat. 初音ミク,Original,2020-11-21T00:00:00Z,252,2,6,Finished
303551,ナイトゲームアドバンス,イトマP feat. 初音ミク,Original,2020-11-21T00:00:00Z,201,0,8,Finished
307388,低温火傷,ヲヲタ feat. 初音ミク,Original,2020-12-17T00:00:00Z,180,0,0,Finished
307387,ナガレボシ,"リンム, 端倉鑛 feat. 初音ミク",Original,2020-12-17T00:00:00Z,207,1,3,Finished
307386,ねこ,kotore feat. 鏡音リン,Original,2020-12-17T00:00:00Z,254,0,0,Finished
307385,惑星,cellerP feat. 初音ミク Append (Sweet),Original,2020-12-17T00:00:00Z,250,1,3,Finished
307384,夕凪に手を,るい feat. 初音ミク,Original,2020-12-17T00:00:00Z,288,0,0,Finished
307383,今夜、街を出ます,のなめ feat. GUMI,Original,2020-12-17T00:00:00Z,235,0,2,Finished
307382,憫笑,湊みなみ feat. 初音ミク,Original,2020-12-17T00:00:00Z,186,0,0,Finished
307378,Finding My Way (Piano Ver.),Marvin Valentin,Remix,2020-12-17T00:00:00Z,469,0,4,Finished
307371,I Live Like This (2020 Ver.),Marvin Valentin feat. MAIKA,Remix,2020-12-17T00:00:00Z,241,1,5,Finished
307353,独りんぼエンヴィー,charcolor feat. 欲音ルコ♂,Cover,2020-12-17T00:00:00Z,218,0,0,Finished
279429,(aq),竹馬あお feat. 初音ミク,Original,2020-04-22T00:00:00Z,160,0,0,Finished
279426,Kedaruge Life,"marcloop feat. 初音ミク, 東北きりたん",Original,2020-04-22T00:00:00Z,96,1,3,Finished
279422,shelter,marcloop,Unspecified,2020-04-22T00:00:00Z,0,0,0,Draft
279421,時わたりの唄,marcloop,Unspecified,2020-04-22T00:00:00Z,0,0,0,Draft
279416,Day By Day,モノピク feat. 初音ミク,Original,2020-04-22T00:00:00Z,250,1,3,Finished
279415,いつか君と一緒にいたいんだ,杜山レイ feat. 音街ウナ Spicy,Original,2020-04-22T00:00:00Z,195,2,12,Finished
279414,angel,ぐらんびあ feat. 闇音レンリ,Original,2020-04-22T00:00:00Z,102,1,9,Finished
279411,ハッピーシンセサイザ,"Wail Moonlit feat. 音街ウナ Spicy, 紲星あかり",Cover,2020-04-22T00:00:00Z,259,0,0,Finished
279408,The Beast,Rexland feat. Okie Sandford,Cover,2020-04-22T00:00:00Z,181,0,0,Finished
279407,Malibu Daydream,Meltberry feat. 鏡音リン V4 (English),Original,2020-04-22T00:00:00Z,237,2,14,Finished
685110,The Secret Garden,LeonDariYT-P feat. LeonDari,Cover,2020-07-08T00:00:00Z,204,0,0,Finished
684595,RIP=RELEASE,"黒毛皮 feat. 重音テト, 重音テト 叫び",Cover,2020-07-08T00:00:00Z,259,0,0,Finished
684593,"Last Night, Good Night","黒毛皮 feat. MEIKO V3 (Dark), MEIKO V3 (Power), MEIKO V3 (Whisper)",Cover,2020-07-08T00:00:00Z,384,0,0,Finished
671029,Snobbism,BossSwagMaster feat. FELIX,Cover,2020-07-08T00:00:00Z,208,0,0,Finished
664136,人間が大好きなこわれた妖怪の唄,cicadidae feat. 茅歌コナギ,Cover,2020-07-08T00:00:00Z,297,0,0,Finished
652865,自缚自解,"喻川, 棉花P feat. 乐正龙牙 (Unknown)",Original,2020-07-08T00:00:00Z,215,0,0,Finished
645710,愛Dee,"Aitzu Arashi feat. 嵐アイツ, 愛咲ミツコ",MusicPV,2020-07-08T00:00:00Z,284,0,0,Finished
641108,Mystery Man,Mytholin  feat. various,DramaPV,2020-07-08T00:00:00Z,30,0,0,Finished
627772,ナゾカケ,"Lucifer feat. MEIKO V3 (Straight), MEIKO V3 (Dark)",Cover,2020-07-08T00:00:00Z,215,0,0,Draft
585038,ツラい,8R3m feat. 初音ミク,Original,2020-07-08T00:00:00Z,19,0,0,Finished
291592,さつきばれ,ゆずあめ feat. 鏡音レン,Original,2020-08-11T00:00:00Z,167,1,5,Finished
291591,A-mo,みにとま feat. IA,Original,2020-08-11T00:00:00Z,166,1,3,Finished
291589,asterism,Cöu feat. 初音ミク,Original,2020-08-11T00:00:00Z,229,0,0,Finished
291585,モス,Tagak feat. v flower,Original,2020-08-11T00:00:00Z,254,0,0,Finished
291582,心叫メイズ,-4℃ feat. 鳴花ヒメ,Original,2020-08-11T00:00:00Z,174,1,7,Finished
291579,とんでも発奮,スナハラサハラ feat. 鳴花ヒメ,Original,2020-08-11T00:00:00Z,205,0,2,Finished
291572,一番遠い夏,7na* feat. 初音ミク,Original,2020-08-11T00:00:00Z,223,0,0,Finished
291571,トーラス1968,ハヤカワP feat. OИE,Original,2020-08-11T00:00:00Z,216,1,3,Finished
291569,微炭酸リメンバー,磯の香りP feat. IA,Original,2020-08-11T00:00:00Z,201,0,0,Finished
291567,VOCALOID GRAVEYARD,くゆ太子 feat. 音街ウナ (Unknown),Original,2020-08-11T00:00:00Z,213,0,0,Finished
304976,眠れない午前2時,MEZZONeLOID feat. 重音テト,Original,2020-12-02T00:00:00Z,214,1,3,Finished
304959,すべてはこの瞬間に,KSTY feat. Lily,Original,2020-12-02T00:00:00Z,220,0,0,Finished
304958,Long Long Ago,888雅俊 feat. Lily,Original,2020-12-02T00:00:00Z,124,0,0,Finished
304957,anda solea,sheeplibra feat. Lily,Original,2020-12-02T00:00:00Z,318,0,0,Finished
304954,霖雨,初等 feat. Lily,Original,2020-12-02T00:00:00Z,384,1,3,Finished
304953,我がままな夜,かみたん feat. Lily,Original,2020-12-02T00:00:00Z,314,1,5,Finished
304950,夢幻夏,Reizu.P feat. IA,Original,2020-12-02T00:00:00Z,244,0,0,Finished
304948,Dearly Deserted,Kinoshita Crazy feat. Lily,Original,2020-12-02T00:00:00Z,378,0,2,Finished
304947,軌道衛星の恋,Yono feat. 結月ゆかり,Original,2020-12-02T00:00:00Z,234,2,12,Finished
304946,最後尾の手紙,佐々岡鷲 feat. various,Original,2020-12-02T00:00:00Z,243,0,0,Finished
320886,◘ ◘,ポリエチレン feat. 唄音ウタ,Remix,2020-08-21T00:00:00Z,108,1,3,Finished
320344,Senpai Notice Me,v3xman feat. 初音ミク V4 (English),Cover,2020-08-21T00:00:00Z,244,0,0,Finished
317782,予言屋さん,"巫女風味 feat. 唄音ウタ, 重音テト",Remaster,2020-08-21T00:00:00Z,180,1,3,Finished
317326,シャーデンフロイデ,月灯ケイジ feat. 쿠라야미 아이즈,Cover,2020-08-21T00:00:00Z,225,1,5,Finished
314515,狂者の行進,"沙緒 feat. 金盞花, 杜若庵",Cover,2020-08-21T00:00:00Z,267,1,3,Finished
313590,贖罪,まぢえ feat. 初音ミク,Original,2020-08-21T00:00:00Z,197,0,2,Finished
311309,乙女のモットー,マサキりたんP feat. 四国めたん,Original,2020-08-21T00:00:00Z,210,0,0,Finished
310440,星のなら,luxu5 feat. 東北きりたん,Original,2020-08-21T00:00:00Z,298,0,0,Finished
308894,இ,二マス feat. 重音テト,Original,2020-08-21T00:00:00Z,166,1,5,Finished
308622,In a blackhole,乱数P feat. 鏡音レン,Original,2020-08-21T00:00:00Z,317,0,0,Finished
336239,es_[,Fmt0 feat. CUL,Original,2020-03-11T00:00:00Z,210,0,0,Finished
336238,暮光の幻想曲,初等 feat. CUL,Original,2020-03-11T00:00:00Z,344,0,2,Finished
336237,走り出す,micgreen feat. CUL,Original,2020-03-11T00:00:00Z,216,0,0,Finished
336236,希望,micgreen feat. CUL,Original,2020-03-11T00:00:00Z,195,0,0,Finished
336147,idiot,蛸背あかり feat. 音街ウナ Spicy,Original,2020-03-11T00:00:00Z,100,1,15,Finished
334352,鬼KYOKAN,"鯵野刺美 feat. 朱糖恋, 燦歌ダイヤ",Cover,2020-03-11T00:00:00Z,209,1,3,Finished
331902,桜ノ雨,れむぜろ feat. 東北きりたん,Cover,2020-03-11T00:00:00Z,390,0,0,Finished
331901,Rainbow Girl,MegRo_Kawazaki feat. 東北きりたん,Cover,2020-03-11T00:00:00Z,143,0,0,Finished
331874,大きなイチモツをください,"空気雲 feat. 東北きりたん, 重音テト",Remix,2020-03-11T00:00:00Z,276,1,3,Finished
331024,Otome Dissection,HB-Squiddy feat. 初音ミク,MusicPV,2020-03-11T00:00:00Z,223,0,0,Finished
273447,Mångata,ぱるふ feat. 猫村いろは,Original,2020-02-26T00:00:00Z,235,1,7,Finished
273444,歌ってみせますよ,ばらっげ feat. 東北きりたん,Original,2020-02-26T00:00:00Z,191,2,24,Finished
273442,与你's Ashiato,REMIDO feat. 洛天依,Original,2020-02-26T00:00:00Z,196,0,2,Finished
273427,オオカミ少年,コーヒー豆 feat. 雨歌エル,Original,2020-02-26T00:00:00Z,176,1,3,Finished
273426,やさしいじごく,砂上電力 feat. IA,Original,2020-02-26T00:00:00Z,98,1,3,Finished
273425,Coconuts Liqueur,Flightrec feat. 初音ミク,Original,2020-02-26T00:00:00Z,386,0,0,Finished
273424,魔法をかけてやる,azumaya feat. 初音ミク,Original,2020-02-26T00:00:00Z,144,1,3,Finished
273423,がり勉ピエロ,azumaya feat. 初音ミク,Original,2020-02-26T00:00:00Z,171,0,0,Finished
273422,Farside,暘 弥涼 feat. AVANNA,Original,2020-02-26T00:00:00Z,197,1,3,Finished
273421,ラブリーラズベリー,caffeinfes feat. 初音ミク,Original,2020-02-26T00:00:00Z,247,0,0,Finished
269959,手袋は片方だけ落ちている,レッドカードP feat. 初音ミク,Original,2020-01-22T00:00:00Z,237,0,0,Finished
269957,劣性ポップ,シシド feat. 初音ミク,Original,2020-01-22T00:00:00Z,189,1,9,Finished
269956,ロストマザー,芳並京 feat. 闇音レンリ,Original,2020-01-22T00:00:00Z,192,0,2,Finished
269955,Just stop a moment,コンセント feat. 鏡音リン,Original,2020-01-22T00:00:00Z,345,0,0,Finished
269954,ラストティーン,ココタロ feat. 初音ミク,Original,2020-01-22T00:00:00Z,203,0,0,Finished
269953,ブランニューワード,やまぶどう feat. 初音ミク,Original,2020-01-22T00:00:00Z,231,0,0,Finished
269952,アロネ,jon-YAKITORY feat. 音街ウナ (Unknown),Original,2020-01-22T00:00:00Z,202,2,12,Finished
269951,Shining Days,ぐんじょういろ feat. 星尘,Original,2020-01-22T00:00:00Z,204,1,3,Finished
269929,鈍色Sparkle,銀河マトイ feat. IA,Original,2020-01-22T00:00:00Z,270,0,0,Finished
269928,変わることが怖くて,amuriruma feat. 波音リツ,Original,2020-01-22T00:00:00Z,202,1,3,Finished
276886,視界,NONAKA. feat. 初音ミク,Original,2020-04-01T00:00:00Z,180,0,0,Finished
276885,D-F-A-P,ワイクン feat. 初音ミク,Remix,2020-04-01T00:00:00Z,210,1,5,Finished
276883,D-F-A-P,ワイクン feat. 巡音ルカ,Original,2020-04-01T00:00:00Z,203,3,13,Finished
276882,初陽、四畳半の水槽にて,宮坂明 feat. GUMI,Original,2020-04-01T00:00:00Z,171,0,0,Finished
276881,胎児の夢,水都 feat. 初音ミク,Original,2020-04-01T00:00:00Z,212,1,11,Finished
276879,エバーアフター,ドーテン feat. v flower,Original,2020-04-01T00:00:00Z,281,0,8,Finished
276878,Reach Out,Anh Duy feat. 重音テト 英語,Original,2020-04-01T00:00:00Z,229,4,18,Finished
276877,慇懃さ蟇道中,"IDONO KAWAZU feat. 初音ミク, v flower",Original,2020-04-01T00:00:00Z,212,4,14,Finished
276876,春雷,hikaru so feat. 赤咲湊,Cover,2020-04-01T00:00:00Z,286,2,10,Finished
276874,薄翅の国へと至る道,物煎餅 feat. 重音テト,Original,2020-04-01T00:00:00Z,267,1,5,Finished
925241,Manic,ゆとりキャンディー feat. 初音ミク V4X (Unknown),Original,2020-09-17T00:00:00Z,166,0,0,Finished
898250,最敵,村那津 feat. 初音ミク,Original,2020-09-17T00:00:00Z,61,0,0,Finished
893135,Ties,Kizumine feat. AVANNA,Original,2020-09-17T00:00:00Z,196,0,0,Finished
865801,ワールズエンド・ダンスホール,"ROLLTON feat. VY2V3 (Standard), 初音ミク V3 (Original)",Cover,2020-09-17T00:00:00Z,217,0,0,Finished
861953,magnet,"Obake feat. 黒田, 大音クノ",Cover,2020-09-17T00:00:00Z,253,0,0,Finished
857170,終愁,A'sk feat. Fukase (Unknown),Original,2020-09-17T00:00:00Z,0,0,0,Finished
848841,I'm So Very Angry!,Edgy P feat. Fukase (Normal),Original,2020-09-17T00:00:00Z,112,0,0,Finished
805502,Tiny Light,Julius Rey Calderon feat. 初音ミク V4X (Unknown),Cover,2020-09-17T00:00:00Z,89,0,0,Finished
783074,さみしいかみさま,おわ田ぴこ助 feat. サイコティック・サイコ,Cover,2020-09-17T00:00:00Z,181,0,0,Finished
782818,KING,Morry feat. v flower,Cover,2020-09-17T00:00:00Z,134,0,2,Draft
295047,ノーモアラヴ・ネヴァーザレスラヴ,"あき@受講生 feat. 鏡音リン Append (Unknown), 鏡音レン Append (Unknown)",Unspecified,2020-10-06T00:00:00Z,0,0,0,Draft
968009,KING,緋色 feat. いるか,Cover,2020-10-05T00:00:00Z,135,0,0,Finished
939128,LA DI DA,MUSICLOID feat. various,Cover,2020-10-05T00:00:00Z,220,0,0,Finished
938858,Magnet,"AwesomeAC Covers feat. VY1V4 (Natural), VY2V5",Cover,2020-10-05T00:00:00Z,240,0,0,Finished
934025,Ready Steady,"BlackedMoon92 feat. Fukase (Unknown), 音街ウナ (Unknown), v flower",Cover,2020-10-05T00:00:00Z,210,0,0,Finished
930215,プリムラの食べ方,Hana Misaki feat. 小泉ミサキ,Cover,2020-10-05T00:00:00Z,221,0,0,Finished
923333,曖昧アプリコット,Salica feat. GUMI,Original,2020-10-05T00:00:00Z,225,2,8,Finished
865699,傀儡,Near feat. Liliiflora,Cover,2020-10-05T00:00:00Z,108,0,0,Finished
863138,The Dusklit Carnival,kian feat. V3 GUMI (English),Cover,2020-10-05T00:00:00Z,286,0,0,Finished
856276,예쁜 게 죄,N.Zo feat. various,Cover,2020-10-05T00:00:00Z,205,0,0,Finished
456103,ジャンキーナイトタウンオーケストラ,"viinilla feat. VY2V3 (Standard), VY2V3 (Falsetto)",Cover,2020-09-10T00:00:00Z,214,0,0,Finished
447108,Flutter,TonTenKhan feat. V4 神威がくぽ (Unknown),Original,2020-09-10T00:00:00Z,235,0,0,Finished
447004,Beat It,TonTenKhan feat. V4 神威がくぽ (Unknown),Cover,2020-09-10T00:00:00Z,207,0,0,Finished
393489,The Zombie Disease,ウゾガムゾル feat. 初音ミク,Original,2020-09-10T00:00:00Z,235,0,2,Finished
357887,スキキライ,Urabe No Sekai feat. 初音ミク V4X (Unknown),Cover,2020-09-10T00:00:00Z,303,0,0,Finished
354149,Scarlet Riding Hood,songs.by.ivan feat. Eleanor Forte,Original,2020-09-10T00:00:00Z,271,1,3,Finished
354148,Star Catcher,songs.by.ivan feat. Eleanor Forte,Original,2020-09-10T00:00:00Z,220,1,3,Finished
354147,Palace,songs.by.ivan feat. Eleanor Forte,Original,2020-09-10T00:00:00Z,284,1,3,Finished
347541,７時間目の道徳,まるっちP feat. 初音ミク,Original,2020-09-10T00:00:00Z,208,0,0,Finished
332760,讽刺的情书,剑旺仁 feat. 陈水若,Cover,2020-09-10T00:00:00Z,91,1,3,Finished
280772,歪んだ闇の狭間で,Kaku S feat. 巡音ルカ V4X (Unknown),Original,2020-05-03T00:00:00Z,417,0,0,Finished
280771,流れ雨,Whitebell feat. IA,Original,2020-05-03T00:00:00Z,174,0,0,Finished
280770,三日月のギミック,くまっち feat. GUMI,Original,2020-05-03T00:00:00Z,338,0,0,Finished
280769,意識,URAMAAT feat. 初音ミク,Original,2020-05-03T00:00:00Z,195,0,2,Finished
280768,Rumor,環ネコ feat. 巡音ルカ V4X (Unknown),Cover,2020-05-03T00:00:00Z,180,0,2,Finished
280767,カイン,ささみ feat. v flower,Original,2020-05-03T00:00:00Z,178,0,0,Finished
280766,僕らのIdeal！,"結野P, マユズミ feat. 鏡音レン",Original,2020-05-03T00:00:00Z,269,0,0,Finished
280765,Ichigo cider,ふくらふわP feat. 鏡音リン,Original,2020-05-03T00:00:00Z,108,0,2,Finished
280764,カタツムリ,"meipy, Kan Sano feat. 初音ミク",Original,2020-05-03T00:00:00Z,261,0,0,Finished
280763,風に吹かれて,チータラの精霊 itsuki feat. 初音ミク,Original,2020-05-03T00:00:00Z,331,0,0,Finished
953723,深昏睡,winwx feat. ヨザネ イーモ,Cover,2020-07-16T00:00:00Z,159,0,0,Finished
914096,In Verbatim,"zimtroeschen feat. Theresa, Meruna Uchu",Cover,2020-07-16T00:00:00Z,213,0,0,Finished
866975,FIESTA,Jessica viba feat. 重音テト,Cover,2020-07-16T00:00:00Z,225,0,0,Finished
804028,Light Up!,"狐P feat. 初音ミク, v flower",Original,2020-07-16T00:00:00Z,236,0,0,Finished
804017,We Like Djent (Nope),狐P,Original,2020-07-16T00:00:00Z,204,0,0,Finished
804016,Paint Me Perfect,狐P feat. GUMI,Original,2020-07-16T00:00:00Z,200,0,0,Finished
804015,We Will Survive,狐P feat. 巡音ルカ,Original,2020-07-16T00:00:00Z,308,0,0,Finished
804014,Red,狐P feat. GUMI,Original,2020-07-16T00:00:00Z,260,0,0,Finished
804013,Burn It Down,狐P feat. 初音ミク,Original,2020-07-16T00:00:00Z,194,0,0,Finished
804012,The Sun Rises,狐P feat. GUMI,Original,2020-07-16T00:00:00Z,290,0,0,Finished
271613,White Season,"はるかそう, Spectrick feat. 初音ミク",Original,2020-02-02T00:00:00Z,280,0,0,Finished
271612,キミの歩んだ道,甘水ルリ feat. MAYU,Original,2020-02-02T00:00:00Z,175,0,0,Finished
271611,ネバーランドから帰ったウェンディが気づいたこと,"じょるじん feat. 初音ミク, 鏡音レン V4X (Power)",Original,2020-02-02T00:00:00Z,247,14,72,Finished
271610,Andromeda In Your Eyes,かい feat. KAITO V3 (English),Original,2020-02-02T00:00:00Z,325,0,2,Finished
271609,TOOMEI星人,"猫内れふと feat. v flower, 初音ミク",Original,2020-02-02T00:00:00Z,211,1,9,Finished
271608,FOUND♡FRIENDS♡FOREVER,"蛸背あかり feat. 音街ウナ Spicy, 初音ミク",Original,2020-02-02T00:00:00Z,195,3,23,Finished
271596,イワシがつちからはえてくるんだ,"Nebula Meadow, JAE VOCAL PROJECT feat. Canary",Cover,2020-02-02T00:00:00Z,172,1,3,Approved
270756,WONDERERS,ALUVI feat. 初音ミク,Remix,2020-02-02T00:00:00Z,237,0,2,Finished
270757,REFORM [ALUVI REMIX],ALUVI feat. 初音ミク,Remix,2020-02-02T00:00:00Z,176,0,2,Finished
270754,BIRTH DAY,ALUVI feat. 初音ミク,Remaster,2020-02-02T00:00:00Z,145,0,4,Finished
561736,スノーマン,Profesor Pokemon feat. 歌手音ピコ,Cover,2020-01-06T00:00:00Z,230,0,0,Finished
555826,Satisfaction,PozitivP feat. various,Cover,2020-01-06T00:00:00Z,196,0,0,Finished
548297,Circles,synthvoice feat. Eleanor Forte,Cover,2020-01-06T00:00:00Z,261,0,0,Finished
538878,千本桜,SirVillager feat. various,Cover,2020-01-06T00:00:00Z,219,0,2,Finished
517267,Lonely Throne,Spores-P feat. V3 GUMI (English),Original,2020-01-06T00:00:00Z,0,0,0,Finished
508708,EVERRISE,メジャー☆ feat. 初音ミク,Original,2020-01-06T00:00:00Z,218,0,0,Finished
462634,ヤドナシヤドカリ,CØRY/J PANDA feat. v4 flower,Original,2020-01-06T00:00:00Z,176,0,0,Finished
454440,ワタシソラニ 2020,AM-p feat. 音街ウナ (Unknown),Remaster,2020-01-06T00:00:00Z,314,0,0,Finished
424509,命,"さねとみ feat. 枉音ゼロアイ, 枉音シト",Cover,2020-01-06T00:00:00Z,222,0,0,Finished
408040,メイメツ・シティライツ,3104 feat. GUMI,Original,2020-01-06T00:00:00Z,175,0,0,Finished
326747,アンチジョーカー,マイキP,Instrumental,2020-09-06T00:00:00Z,241,1,3,Finished
324326,季節が千切れていく,いおぎりょう feat. 松田っぽいよ,Original,2020-09-06T00:00:00Z,277,0,0,Finished
324325,黒百合の呪い,FD feat. 東北きりたん,Original,2020-09-06T00:00:00Z,273,0,0,Finished
321665,ちがう!!!,"シゲノゴロー feat. 東北きりたん, 音街ウナ Spicy",Cover,2020-09-06T00:00:00Z,270,0,0,Finished
313807,スターラスター,夕立P feat. 紲星あかり,Original,2020-09-06T00:00:00Z,228,0,0,Finished
312304,We are the クマムシ,unui feat. 初音ミク,Original,2020-09-06T00:00:00Z,163,0,0,Finished
311734,ピアノ×フォルテ×スキャンダル,リオン feat. 鈴音スズ,Cover,2020-09-06T00:00:00Z,234,1,3,Finished
311576,Rêve,576P feat. 初音ミク,Original,2020-09-06T00:00:00Z,113,0,0,Finished
311029,dreamin',fizfelis feat. 初音ミク,Original,2020-09-06T00:00:00Z,244,0,0,Finished
308864,渓山明月,かずのすけ feat. ゲンブ,Original,2020-09-06T00:00:00Z,159,0,0,Finished
288058,白雨,Rumiya feat. 初音ミク,Original,2020-05-27T00:00:00Z,281,0,2,Finished
283418,Canvas,Cubialpha feat. 筆音クミ,Cover,2020-05-27T00:00:00Z,208,1,3,Finished
283352,The Stars Collide (Vocals Only),Flanger Moose feat. IA English C (Unknown),Other,2020-05-27T00:00:00Z,255,1,3,Finished
283351,The Stars Collide,Flanger Moose,Instrumental,2020-05-27T00:00:00Z,255,1,3,Finished
283350,The Stars Collide,Flanger Moose feat. IA English C (Unknown),Original,2020-05-27T00:00:00Z,255,2,8,Finished
283239,Crocodile Tears,Meltberry feat. DEX,Original,2020-05-27T00:00:00Z,221,2,24,Finished
283214,花が咲いているよ,evaP feat. 重音テト,Original,2020-05-27T00:00:00Z,245,1,3,Finished
283213,君に会えると信じてる,"pinkish feat. 東北きりたん, 初音ミク",Original,2020-05-27T00:00:00Z,195,0,0,Finished
283212,勿忘月,"blukan, タルト feat. 初音ミク V4X (Unknown)",Original,2020-05-27T00:00:00Z,250,0,0,Finished
283211,うらしま。,かなやりみ feat. 結月ゆかり,Original,2020-05-27T00:00:00Z,59,0,0,Finished
1026504,You are not alone,Alphaliu feat. CYBER SONGMAN,Cover,2021-12-29T00:00:00Z,285,0,0,Finished
1026368,dear you,"潮目ツクヨミ, リトルノヴァーズ feat. 初音ミク",Original,2021-12-29T00:00:00Z,102,0,0,Finished
1023178,フリコドウル,千秋 feat. UTAU (Unknown),Cover,2021-12-29T00:00:00Z,268,0,0,Finished
1021096,Girls Just Want To Have Fun,あさのだよ feat. CYBER DIVA II,Cover,2021-12-29T00:00:00Z,247,0,0,Finished
1010785,Bing Bang,"MIKITANII, Project Futuresight feat. GIN KOE",Cover,2021-12-29T00:00:00Z,115,0,0,Draft
1000675,都合のいい筋書,くさぞうし feat. Rana,Original,2021-12-29T00:00:00Z,227,0,2,Finished
1000087,Lemon,Seizuka Vincenta feat. Romano,Cover,2021-12-29T00:00:00Z,260,0,0,Finished
985372,Super Idol,Me lon feat. v flower,Cover,2021-12-29T00:00:00Z,15,1,5,Finished
975663,熟／甘蕉,Agave-san! feat. 星水晶,Cover,2021-12-29T00:00:00Z,215,0,0,Finished
957911,フォニイ,私はあなたの犬です。 feat. ゲキヤク-カプセル剤-,Cover,2021-12-29T00:00:00Z,189,0,0,Finished
371018,アグノスチク,オープィト feat. 足立レイ,Original,2021-12-10T00:00:00Z,84,1,3,Finished
370968,Ain't No,山本いろは feat. 初音ミク,Original,2021-12-10T00:00:00Z,258,0,0,Finished
370967,いつか見る少女の話,梁井柊汰 feat. v flower,Original,2021-12-10T00:00:00Z,192,0,0,Finished
370966,凹面黙示録,"びーすけ feat. 初音ミク, 鏡音リン",MusicPV,2021-12-10T00:00:00Z,202,0,0,Finished
370965,アマレーナ,白昼つづき feat. 心華 V4 日本語版 (Unknown),Original,2021-12-10T00:00:00Z,231,0,2,Finished
370964,毒性UP！,メロリカ feat. 音街ウナ (Unknown),Original,2021-12-10T00:00:00Z,144,0,0,Finished
370963,路上生活,故やす子 feat. 月読アイ,Original,2021-12-10T00:00:00Z,123,0,0,Finished
370962,落下、海より,やまぐち feat. v flower,Original,2021-12-10T00:00:00Z,279,0,2,Finished
370961,表と裏,syatiku224 feat. 重音テト,Remaster,2021-12-10T00:00:00Z,261,0,0,Finished
370959,どうかしてるよ,atokata feat. 根音ネネ,Original,2021-12-10T00:00:00Z,126,0,2,Finished
680014,のみのみ,NMKK feat. Unknown vocal synth(s),Original,2021-02-09T00:00:00Z,114,0,2,Finished
679124,Mise-en-Scène,Mimisan15 feat. various,Cover,2021-02-09T00:00:00Z,202,1,3,Finished
677718,Teto Kasane Teto,Persephone-P feat. 初音ミク V4X (Unknown),Cover,2021-02-09T00:00:00Z,34,0,0,Finished
677716,桜ノ雨,Persephone-P feat. 巡音ルカ V4X (Unknown),Cover,2021-02-09T00:00:00Z,239,0,0,Finished
664908,Electric Chair (GUMI ver.),TORA_V4 feat. V3 GUMI (English),Cover,2021-02-09T00:00:00Z,292,2,6,Finished
649153,FADE,"Sabishi-i, Fractured hope co. feat. Kaj Llingvam, Hatori Longshadow",Cover,2021-02-09T00:00:00Z,259,0,0,Finished
646865,キャットフード,LeonnNeed feat. うミャ氏ら -PREMIERE-,Cover,2021-02-09T00:00:00Z,287,0,0,Finished
627227,GETCHA!,"Lynsneakers feat. 春歌ナナ, 重音テト",Cover,2021-02-09T00:00:00Z,233,0,0,Finished
601801,阿吽のビーツ,江齐 feat. 中村麟,Cover,2021-02-09T00:00:00Z,207,1,3,Finished
595225,The Kingdom Of Sea Lights,"Sachidanand, SoundIron feat. Audrey",Original,2021-02-09T00:00:00Z,120,0,2,Draft
367499,また行きたいね、遊園地,Sanaka feat. VY1,Original,2021-04-24T00:00:00Z,252,0,0,Finished
365048,パピーポップ,BaLi feat. 初音ミク,Original,2021-04-24T00:00:00Z,185,0,0,Finished
363482,カエルの歌!!,吉田階段 feat. 結月ゆかり,Original,2021-04-24T00:00:00Z,208,0,0,Finished
363352,split,村国イアリ feat. GUMI,Original,2021-04-24T00:00:00Z,220,0,0,Finished
362455,灰ハ灰ニ,キリエルイ feat. 小春六花 (Unknown),Original,2021-04-24T00:00:00Z,313,0,0,Finished
362454,SASA,レッドブルー feat. 小春六花 (Unknown),Original,2021-04-24T00:00:00Z,210,0,0,Finished
362451,君の笑顔が好きだから！,とぅあ feat. 琴葉茜・葵,Original,2021-04-24T00:00:00Z,268,0,0,Finished
362450,カラー・パレット,"きこりん feat. Saki AI, 小春六花 AI",Original,2021-04-24T00:00:00Z,259,1,3,Finished
362449,同一人物,"SHOKO, SugiMusica, 凸凹-PuZZle- feat. various",Original,2021-04-24T00:00:00Z,287,1,3,Finished
362364,インコンプリート,"時流 絆, IRUMiO, ハロウィンP feat. 神威がくぽ",Original,2021-04-24T00:00:00Z,195,0,0,Finished
320352,桃色テレパス -kotonoha -ver.-,"あわあわP feat. 琴葉茜・葵, 琴葉茜",Cover,2021-03-26T00:00:00Z,198,1,3,Finished
966763,I Won't Listen!,artistic Avie feat. 猫村いろは,Original,2021-03-25T00:00:00Z,124,0,0,Finished
949176,神のまにまに,"波乃 feat. 杜若レ二, 水遊せらぎ, 食并さく",Cover,2021-03-25T00:00:00Z,273,0,0,Finished
941454,라일락,Various artists,Original,2021-03-25T00:00:00Z,215,1,3,Finished
939848,grEAT Journey,PsySoubi feat. various,Cover,2021-03-25T00:00:00Z,291,0,0,Finished
930186,再演,"Hana Misaki, Darily97 feat. 小泉ミサキ",Cover,2021-03-25T00:00:00Z,214,0,0,Finished
916423,いけないボーダーライン,りあの feat. various,Cover,2021-03-25T00:00:00Z,281,0,0,Finished
913015,あなたが悼んでくれたから,"Kiavik5005 feat. 小泉ミサキ, 洸巨兵",Cover,2021-03-25T00:00:00Z,263,0,0,Finished
907773,Scattered Glass,Anomachi feat. 凛音ユイ,Cover,2021-03-25T00:00:00Z,254,0,0,Finished
861785,"Ahh, This is So Stupid","bar feat. 心華, v4 flower",Cover,2021-03-25T00:00:00Z,197,0,0,Finished
700688,コーラ,リュカ feat. 重音テト,Original,2021-01-11T00:00:00Z,199,0,0,Finished
693173,人造エネミー,mikayuuchann feat. せいこ,Cover,2021-01-11T00:00:00Z,241,0,0,Finished
661300,右肩の蝶,"RewoundClockwork, Tomoku Shimotutakutemo feat. 鏡音リン V4X (Unknown)",Cover,2021-01-11T00:00:00Z,276,0,0,Finished
657662,歌舞伎町ナイトクラスター,acros feat. 初音ミク,Original,2021-01-11T00:00:00Z,175,0,0,Finished
652790,ダーリン,SupernovaDad feat. ウエインっぽいど,Cover,2021-01-11T00:00:00Z,226,0,0,Finished
646587,ポンコツディストーカー,MewKwota feat. Player2,Cover,2021-01-11T00:00:00Z,194,0,0,Finished
630958,Behind Moon,"巫女風味 feat. x0o0x_, 華玲カレイ, こと",Cover,2021-01-11T00:00:00Z,110,0,2,Finished
605308,木枯 Remix,ファミファロ feat. 唄音ウタ,Remix,2021-01-11T00:00:00Z,339,0,0,Finished
594754,singing with my own utau cuz no one loves me lmao,Minnemi feat. Minnemi,Cover,2021-01-11T00:00:00Z,29,2,6,Finished
594264,死人の海をただよう,浅野和成 feat. 初音ミク,Cover,2021-01-11T00:00:00Z,361,0,0,Draft
341242,waterfall,ais:re feat. 初音ミク,Original,2021-04-18T00:00:00Z,235,0,0,Finished
340487,薫風,"月 涼夜 feat. Fukase (Normal), 初音ミク",Original,2021-04-18T00:00:00Z,223,0,2,Finished
339939,ジェネレーション,姫山咲太 feat. 東北きりたん,Original,2021-04-18T00:00:00Z,143,1,3,Finished
338768,高速スピン,えれといP feat. 初音ミク,Original,2021-04-18T00:00:00Z,211,0,0,Finished
337305,"Our Little Heads, in the Clouds",mako feat. 初音ミク V4 (English),Original,2021-04-18T00:00:00Z,236,1,3,Finished
334944,Lost Parade,梁井柊汰 feat. 初音ミク Append (Dark),Original,2021-04-18T00:00:00Z,196,0,0,Finished
334256,wonder maker,take967 feat. 初音ミク,Original,2021-04-18T00:00:00Z,215,0,2,Finished
334183,冷蔵庫に愛込めといたよ,兎胎虚無子 feat. 初音ミク,Original,2021-04-18T00:00:00Z,200,1,5,Finished
333864,the Witch in Love,esachi001 feat. 巡音ルカ,Original,2021-04-18T00:00:00Z,344,1,5,Finished
333863,未来永遠,esachi001 feat. 巡音ルカ,Original,2021-04-18T00:00:00Z,331,0,2,Finished
436949,YONA YONA DANCE,"ちょこいか feat. 結月ゆかり 麗, 東北きりたん, 東北ずん子",Cover,2021-09-21T00:00:00Z,226,0,0,Finished
431964,꿈길행진곡,Maro Note feat. UNI,Original,2021-09-21T00:00:00Z,215,0,0,Finished
431729,地球をあげる,영 feat. KAITO V3 (Unknown),Cover,2021-09-21T00:00:00Z,278,0,0,Finished
415428,ハイイロ,成瀬　伍 feat. 闇音レンリ,Original,2021-09-21T00:00:00Z,167,0,0,Finished
411781,コウカツ,"wakanameko feat. 重音テト, 欲音ルコ♂",Cover,2021-09-21T00:00:00Z,227,0,0,Finished
411780,イワシがつちからはえてくるんだ,"wakanameko feat. ゆっくり, ゆっくり魔理沙",Cover,2021-09-21T00:00:00Z,172,1,3,Finished
411779,ウミガメのなみだはしおらしい,"wakanameko feat. 重音テト, ゆっくり",Cover,2021-09-21T00:00:00Z,195,1,3,Finished
411778,うみたがり,wakanameko feat. ゆっくり,Cover,2021-09-21T00:00:00Z,224,1,3,Finished
411777,えれくとりっく・えんじぇぅ,wakanameko feat. ゆっくり,Cover,2021-09-21T00:00:00Z,193,1,3,Finished
411776,オートファジー,wakanameko feat. ゆっくり,Cover,2021-09-21T00:00:00Z,218,1,3,Finished
309177,午前0時のシンデレラ,群咲 拓海 feat. 初音ミク,Original,2021-01-01T00:00:00Z,265,0,2,Finished
309176,夢幻,Various artists,Original,2021-01-01T00:00:00Z,69,1,3,Finished
309175,君想フことで生ヲする,"hinayukki feat. KAITO, MEIKO",Original,2021-01-01T00:00:00Z,270,6,52,Finished
308252,NEWS,Dasu,Original,2021-01-01T00:00:00Z,41,1,3,Finished
308129,Synecdoche,"Dasu feat. GUMI, 鏡音リン",Original,2021-01-01T00:00:00Z,181,3,7,Finished
307406,逐光之路,喻川 feat. 苍穹,Cover,2021-01-01T00:00:00Z,323,0,0,Draft
305352,水瓶座,PoKeR feat. 洛天依 V4 (萌),Original,2021-01-01T00:00:00Z,248,1,3,Finished
305351,摩羯座,PoKeR feat. 洛天依 V4 (萌),Original,2021-01-01T00:00:00Z,219,1,3,Finished
305350,射手座,PoKeR feat. 洛天依 V4 (凝),Original,2021-01-01T00:00:00Z,244,1,5,Finished
305349,天秤座,PoKeR feat. 洛天依 V4 (萌),Original,2021-01-01T00:00:00Z,261,1,5,Finished
630250,夜道怪,ATUYA feat. 初音ミク,Original,2021-07-31T00:00:00Z,189,0,0,Finished
609809,Levitating,Infoholic feat. Eleanor Forte,Cover,2021-07-31T00:00:00Z,203,0,0,Finished
608056,MJSC VCRP,そふきらﾋﾟ～ feat. 初音ミク,Original,2021-07-31T00:00:00Z,102,0,0,Finished
606733,脳内革命ガール,"ツキミヤ, ニチク＆日生 feat. Prototype -シオン-",Cover,2021-07-31T00:00:00Z,219,0,0,Finished
603861,FAKE,"PSiCO, Project G-LOiD! feat. 初音ミク V4X (Solid)",Cover,2021-07-31T00:00:00Z,224,0,0,Finished
594877,マリーゴールド,季節おくれ feat. 巡音ルカ,Cover,2021-07-31T00:00:00Z,296,0,0,Finished
586147,Starlight Memory,yamato feat. 初音ミク,Original,2021-07-31T00:00:00Z,235,0,0,Finished
581696,FREELY TOMORROW,zaiakuri feat. 闇音レンリ,Cover,2021-07-31T00:00:00Z,164,0,0,Finished
581170,Tall Tales,"Mytholin  feat. 赤羽, 海伊, Oliver",DramaPV,2021-07-31T00:00:00Z,112,0,0,Finished
570194,FAKE,"PSiCO, Zatsune Miku & Others feat. V4 神威がくぽ (Power)",Cover,2021-07-31T00:00:00Z,224,0,0,Finished
837699,フラッシュバックアンビエンス,Unknown producer(s) feat. 水遊せらぎ,Cover,2021-09-30T00:00:00Z,240,0,0,Finished
829284,鲸落,"ZClear_P, 卢克艾特 feat. 海伊",Original,2021-09-30T00:00:00Z,187,0,0,Finished
796865,Never Gonna Give You Up,SoraFuon-P feat. MAYU,Cover,2021-09-30T00:00:00Z,214,0,2,Finished
763253,groovin LoVE,紫草 feat. 琴葉茜・葵,Original,2021-09-30T00:00:00Z,186,0,0,Finished
744052,溶けない,hisa5 feat. ナクモ,Original,2021-09-30T00:00:00Z,125,0,0,Finished
741874,カーニバル,CoffeeCat12 feat. 欲音ルコ♂,Cover,2021-09-30T00:00:00Z,218,0,2,Finished
734463,琴葉茜と結月ゆかりと広告の線で助ける脱衣ゲーム,"moco78 feat. 琴葉茜, 結月ゆかり",DramaPV,2021-09-30T00:00:00Z,400,0,0,Finished
729058,Main Theme,イトナンジ feat. 初音ミク,Remix,2021-09-30T00:00:00Z,20,0,0,Finished
708187,ヴィラン,"かたつむり観光客 feat. 茅歌コナギ, 唯月杏花, 泡沫紬",Cover,2021-09-30T00:00:00Z,199,0,0,Finished
696486,あの夏の記憶だけ,mikasamu feat. V4 GUMI (SoftWhisper),Cover,2021-09-30T00:00:00Z,148,0,0,Finished
368788,bruh,可愛いパステル,Original,2021-01-04T00:00:00Z,62,0,2,Finished
368787,Colorful Glitter (House Remix),可愛いパステル feat. 音街ウナ (Unknown),Remix,2021-01-04T00:00:00Z,218,0,2,Finished
359443,ワーワーワールド,"Lotus Leaf, Yko feat. 望音憂",Cover,2021-01-04T00:00:00Z,209,0,0,Finished
359296,小さな1が0になる日。,mii feat. 初音ミク,Original,2021-01-04T00:00:00Z,237,0,0,Finished
356096,Nightride,Plab997 feat. 巡音ルカ V4X (Unknown),Original,2021-01-04T00:00:00Z,168,0,0,Finished
349979,なきむしなきみは,あいとくん feat. 鏡音リン,Original,2021-01-04T00:00:00Z,176,1,5,Finished
342615,Stronger Together,LittleMusic Boy feat. Eleanor Forte,Original,2021-01-04T00:00:00Z,425,2,8,Finished
340644,恋のセンソウ,syumi feat. 初音ミク,Original,2021-01-04T00:00:00Z,142,0,0,Finished
328127,7 Colors Adventure,576P feat. 初音ミク,Unspecified,2021-01-04T00:00:00Z,0,0,0,Draft
328126,Bright Stairs,576P feat. 初音ミク,Unspecified,2021-01-04T00:00:00Z,0,0,0,Draft
351724,アンサー,hаnоn. feat. 初音ミク,Original,2021-09-04T00:00:00Z,209,0,0,Finished
351723,赤眼,おすず feat. 初音ミク,Original,2021-09-04T00:00:00Z,149,0,0,Finished
351722,Invariant,氷正P feat. 初音ミク,Original,2021-09-04T00:00:00Z,246,0,0,Finished
351720,流浪の旅人,かもにされるねぎお feat. 東北きりたん,Original,2021-09-04T00:00:00Z,215,0,0,Finished
351655,フィクションばっか,kyiku feat. 初音ミク,Original,2021-09-04T00:00:00Z,150,0,0,Finished
351641,つまらないのうた,すしおー feat. 可不,Original,2021-09-04T00:00:00Z,176,0,0,Finished
351636,怖がり屋,inomy feat. 可不,Original,2021-09-04T00:00:00Z,196,0,0,Finished
351635,銀木犀,Takatsu feat. 可不,Original,2021-09-04T00:00:00Z,210,0,0,Finished
351634,ラグランジュポイント,川﨑ノーチラス feat. 可不,Original,2021-09-04T00:00:00Z,226,0,0,Finished
351585,このままずっと,kenji P feat. 初音ミク,Original,2021-09-04T00:00:00Z,270,0,2,Finished
330704,夜が引いていく 2021,r-906 feat. 初音ミク V4X (Original),Remaster,2021-05-14T00:00:00Z,300,7,39,Finished
330703,202102250144,r-906,Original,2021-05-14T00:00:00Z,161,2,18,Finished
330702,パノプティコン 2021,r-906 feat. 初音ミク V4X (Original),Remaster,2021-05-14T00:00:00Z,263,17,105,Finished
330701,A rainy dancer 2021,"r-906 feat. 初音ミク V4X (Soft), 初音ミク V4X (Original)",Remaster,2021-05-14T00:00:00Z,283,5,29,Finished
330700,haraRe: 2021,r-906 feat. 初音ミク V4X (Original),Remaster,2021-05-14T00:00:00Z,264,6,30,Finished
330699,museum,r-906,Original,2021-05-14T00:00:00Z,155,3,19,Finished
330698,Möbius 2021,r-906 feat. 初音ミク V4X (Original),Remaster,2021-05-14T00:00:00Z,274,3,29,Finished
330697,-ize 2021,r-906 feat. 初音ミク V4X (Original),Remaster,2021-05-14T00:00:00Z,197,3,31,Finished
330696,夢遊病ダンサー 2021,r-906 feat. 初音ミク V4X (Original),Remaster,2021-05-14T00:00:00Z,186,5,39,Finished
997396,霧裡,姚六一,Original,2021-05-13T00:00:00Z,253,0,0,Finished
336145,ラストエスケープ,フィン feat. 鏡音リン,Original,2021-05-24T00:00:00Z,230,0,0,Finished
336144,スタートライン,ペルソナ feat. KAITO V3 (Unknown),Original,2021-05-24T00:00:00Z,207,0,0,Finished
335930,恋京町,キムラレス feat. Ken,Original,2021-05-24T00:00:00Z,263,0,0,Finished
335906,アンラックバンケット,ふぉぐ feat. 初音ミク,Original,2021-05-24T00:00:00Z,183,0,0,Finished
335905,罪と静寂,わちゃぴ feat. 初音ミク,Original,2021-05-24T00:00:00Z,253,0,2,Finished
335904,Endless World,"IKD-works feat. MEIKO, VY1",Original,2021-05-24T00:00:00Z,311,0,4,Finished
335903,寂色灯,糴姫干支 feat. v flower,Original,2021-05-24T00:00:00Z,90,0,2,Finished
335902,"I love you, Tuesday",babab feat. Amy,Original,2021-05-24T00:00:00Z,254,0,2,Finished
335884,Promised End,Myu feat. 巡音ルカ V4X (Unknown),Original,2021-05-24T00:00:00Z,216,0,0,Finished
335861,碳酸味宇宙,"髅髅, 钴蓝, 潜水荷叶 feat. 洛天依",Original,2021-05-24T00:00:00Z,179,0,2,Finished
342699,コトノハ☆エキゾチックナイト,赤兎かい feat. 琴葉茜・葵,Original,2021-07-08T00:00:00Z,274,1,11,Finished
342698,サンセットエンジェル,にわぞめにかか feat. 初音ミク,Original,2021-07-08T00:00:00Z,189,0,2,Finished
342697,まぼろし子守歌,螻津 愛 feat. 初音ミク,Original,2021-07-08T00:00:00Z,240,0,0,Finished
342692,宇宙のFO,"yanagamiyuki feat. さとうささら, 初音ミク",Original,2021-07-08T00:00:00Z,136,2,12,Finished
342691,失った感覚の証明よ,Syuu feat. 音街ウナ (Unknown),Original,2021-07-08T00:00:00Z,191,0,2,Finished
342689,ちょっとあざとい,才歌 feat. 可不,Original,2021-07-08T00:00:00Z,121,2,36,Finished
342688,エンブレム,ATOLS feat. 初音ミク,Original,2021-07-08T00:00:00Z,249,16,102,Finished
342687,涙雨,SaU feat. 巡音ルカ,Original,2021-07-08T00:00:00Z,235,0,2,Finished
342686,遥,あおや feat. No.7,Original,2021-07-08T00:00:00Z,258,1,9,Finished
342683,エレクトリック,マチダユウヤ feat. 可不,Original,2021-07-08T00:00:00Z,235,0,0,Finished
396472,衝動と、海風,アトロピン feat. 東北きりたん,Original,2021-06-16T00:00:00Z,202,0,0,Finished
396002,折合,巫女風味 feat. 唄音ウタ,Original,2021-06-16T00:00:00Z,253,0,0,Finished
390348,Ⓜ,精子置き場 feat. 唄音ウタ,Original,2021-06-16T00:00:00Z,91,1,3,Finished
387317,Me abandona,Chris no Akumu feat. 歌手音ピコ,Original,2021-06-16T00:00:00Z,79,0,0,Finished
385499,Deep Blue,Thomas Cotton feat. GUMI,Original,2021-06-16T00:00:00Z,217,0,0,Finished
383322,アウトオブエデン,arvo feat. 重音テト,Cover,2021-06-16T00:00:00Z,319,0,0,Finished
375130,間違ったまま生きている,八代一世 feat. v flower,MusicPV,2021-06-16T00:00:00Z,221,0,0,Finished
368198,なんちゃってアイドル,トントゥ feat. 初音ミク NT (Original＋),Original,2021-06-16T00:00:00Z,272,0,0,Finished
363495,末世,NoRu feat. 艾可,Original,2021-06-16T00:00:00Z,104,0,0,Finished
363494,神木村之詠,NoRu feat. 闇音レンリ,Original,2021-06-16T00:00:00Z,69,0,0,Finished
335017,旭日 行進 唄,Esp feЯ feat. 初音ミク,Original,2021-05-16T00:00:00Z,139,0,0,Finished
334652,嫌気性ワルツ,はぎの feat. v flower,Original,2021-05-16T00:00:00Z,169,0,0,Finished
334651,BAIKAI 2,MONOTONE feat. VY1,Original,2021-05-16T00:00:00Z,226,0,0,Finished
334648,夏空に夢,あん feat. 東北きりたん,Original,2021-05-16T00:00:00Z,146,0,0,Finished
334647,Hell Song,骨粉歌P feat. 鏡音リン,Original,2021-05-16T00:00:00Z,211,0,2,Finished
334646,ヒールズ,cottown feat. v flower,Original,2021-05-16T00:00:00Z,173,0,0,Finished
334645,インビジブル・キャッスル,FEVER fuh feat. 初音ミク,Original,2021-05-16T00:00:00Z,217,0,2,Finished
334644,日常,Fuko* feat. 初音ミク,Original,2021-05-16T00:00:00Z,217,0,0,Finished
334642,コネクト,"NAIIKa feat. IA, 初音ミク",Original,2021-05-16T00:00:00Z,278,0,0,Finished
334641,タルト・オ・フレーズ,足達杏 feat. 鳴花ヒメ,Original,2021-05-16T00:00:00Z,221,0,0,Finished
367962,exist.,AkirA feat. 初音ミク,Original,2021-11-21T00:00:00Z,211,0,0,Finished
367961,Inchoate Artificial Emotions,isiya feat. 初音ミク,Original,2021-11-21T00:00:00Z,207,1,3,Finished
367960,瞳の風花,ラグナルミムミム feat. KAITO V3 (Soft),Original,2021-11-21T00:00:00Z,180,0,0,Finished
367959,徒花ピリオド,ほろゐ feat. v flower,Original,2021-11-21T00:00:00Z,216,0,0,Finished
367958,また会おう,Floweraft feat. 鳴花ヒメ,Original,2021-11-21T00:00:00Z,234,0,0,Finished
367935,王城,"すぎやまこういち, キク☆マスP feat. 初音ミク V4X (Soft)",Original,2021-11-21T00:00:00Z,208,1,3,Finished
367934,もでれーしょん,なっち feat. IA,Original,2021-11-21T00:00:00Z,146,0,0,Finished
367933,物語合,hotaru feat. Saki AI,Original,2021-11-21T00:00:00Z,203,1,3,Finished
367898,ライカ,Nuz feat. 初音ミク,Original,2021-11-21T00:00:00Z,209,0,0,Finished
367707,無限∞VISION,Đ.H.Giang feat. Mushiria,Cover,2021-11-21T00:00:00Z,284,0,2,Finished
476036,ハイマートシュタット Remix,とばり feat. 重音テト,Remix,2021-11-12T00:00:00Z,229,1,3,Finished
476031,人間失格,東秀吉 feat. 初音ミク,Original,2021-11-12T00:00:00Z,169,0,0,Finished
469012,THE WINNER,"神北クドリャフカ feat. 東北ずん子, 東北イタコ, 東北きりたん",Cover,2021-11-12T00:00:00Z,243,0,0,Finished
460540,piece,mochy feat. 初音ミク,Original,2021-11-12T00:00:00Z,154,0,0,Finished
459063,주인공,PEM feat. UNI,Original,2021-11-12T00:00:00Z,230,0,0,Finished
458401,Sk8er Boi,ささり～ぬ feat. IA English (CeVIO AI),Cover,2021-11-12T00:00:00Z,205,0,0,Finished
458272,ショウタイム・ルーラー,雨宮たね feat. 環音ラキ,Cover,2021-11-12T00:00:00Z,213,0,0,Finished
458172,島唄,JEM777 feat. ナクモ,Cover,2021-11-12T00:00:00Z,294,0,0,Finished
457819,レジが代,よんぺい feat. 東北きりたん,Cover,2021-11-12T00:00:00Z,70,0,0,Finished
453205,傘クラゲ,nokken feat. 初音ミク,Cover,2021-11-12T00:00:00Z,238,0,0,Finished
364448,この青い空に溶ける,"Side Dish feat. めろう, 東北きりたん",Original,2021-10-16T00:00:00Z,324,0,0,Finished
364436,君の街へ,fire and snow feat. Kaori,Original,2021-10-16T00:00:00Z,111,0,0,Finished
364430,鐘は鳴り止まない,あるが feat. 鏡音リン,Original,2021-10-16T00:00:00Z,140,0,0,Finished
364429,ライプニッツ,Slow Leopard feat. 初音ミク,Original,2021-10-16T00:00:00Z,268,0,0,Finished
364428,ぶいふらわわわ,sui feat. v flower,Original,2021-10-16T00:00:00Z,55,0,0,Finished
364421,ユメノチトベルヤ,アルク feat. v flower,Original,2021-10-16T00:00:00Z,228,0,0,Finished
364420,Vocation,つうく=焼酎P feat. 猫村いろは V4 (Natural),Original,2021-10-16T00:00:00Z,258,0,0,Finished
364416,金魚の檻,honana feat. 初音ミク,Original,2021-10-16T00:00:00Z,298,0,2,Finished
364415,渇望,お乾燥わかめ feat. 鏡音リン V4X (Unknown),Original,2021-10-16T00:00:00Z,245,0,0,Finished
364414,夏陰の向こう,oct feat. 闇音レンリ,Original,2021-10-16T00:00:00Z,225,0,0,Finished
714338,栖凰,蜜瓜lmy feat. 十瑚,Cover,2021-08-02T00:00:00Z,216,0,0,Finished
712104,舵をとれ,"KIWISAUCE feat. 東北きりたん, HolynnC",Remix,2021-08-02T00:00:00Z,320,0,0,Finished
706441,キュートなカノジョ,Kasuga_Uchu feat. きょくせん∩,Cover,2021-08-02T00:00:00Z,131,0,0,Finished
682590,この夢が醒めるまで,"Funky Dog feat. MEIKO, 巡音ルカ",Cover,2021-08-02T00:00:00Z,250,0,0,Finished
651307,アリサマ,捉 feat. 院長さん,Cover,2021-08-02T00:00:00Z,223,0,0,Finished
645492,EYE,Kadohiko feat. 鳴花ヒメ,Cover,2021-08-02T00:00:00Z,133,0,0,Finished
644410,コールボーイ,Eno feat. 矩歌やらお,Cover,2021-08-02T00:00:00Z,209,0,0,Finished
641984,ホワイトナイト,CoolJoule feat. Octavia,Cover,2021-08-02T00:00:00Z,248,0,0,Finished
641619,ロミオとシンデレラ (Rock ver.),Jose V4 feat. 音街ウナ Spicy,Cover,2021-08-02T00:00:00Z,295,0,0,Finished
598701,レイニーブーツ,黒テロ feat. ビンコン,Cover,2021-08-02T00:00:00Z,197,0,0,Finished
397911,星屑になって,水咲あくあ feat. 初音ミク,Original,2021-12-13T00:00:00Z,296,0,0,Finished
395119,Blood Is Thinner Than Gasoline,DigiCherub feat. ANRI,Original,2021-12-13T00:00:00Z,53,1,3,Finished
390470,パンチラ,すぅ feat. 初音ミク,Original,2021-12-13T00:00:00Z,86,0,0,Finished
385173,Save Your Tears,Astrophysics feat. 初音ミク V4 (English),Cover,2021-12-13T00:00:00Z,218,2,14,Finished
382502,呪,Mitsuka feat. 初音ミク,Original,2021-12-13T00:00:00Z,226,0,0,Finished
381700,ウシロジカン,全て零時の所為です。 feat. 重音テト,Original,2021-12-13T00:00:00Z,184,0,0,Finished
381548,ハト,たくひあいさん feat. 唄音ウタ,Original,2021-12-13T00:00:00Z,129,0,0,Finished
381520,Ave Errante (2021 Remaster),"Luk. feat. 初音ミク V4X (Dark), 初音ミク V4X (Solid)",Remaster,2021-12-13T00:00:00Z,231,0,2,Finished
381473,Aizu～会津～,Yorith feat. 御丹宮くるみ (NNSVS),Cover,2021-12-13T00:00:00Z,289,0,0,Finished
380786,AKANE IRO,balzoi feat. ついなちゃん AI,Original,2021-12-13T00:00:00Z,201,0,0,Finished
541594,ダブルラリアット,"ToriTeru, St. Derp feat. 音街ウナ (Unknown)",Cover,2021-01-26T00:00:00Z,207,0,2,Finished
499033,ナンデディストラクション,nierr feat. 初音ミク,Original,2021-01-26T00:00:00Z,131,0,0,Finished
475921,憧憬と東京,"M1K1A feat. UNI, 初音ミク, IA",Original,2021-01-26T00:00:00Z,255,0,0,Finished
471345,チカっとチカ千花っ♡,Kei feat. IA TALK,Cover,2021-01-26T00:00:00Z,97,0,0,Finished
470154,I Miss You Already,神戸遊人 feat. Amy,Original,2021-01-26T00:00:00Z,239,0,0,Finished
468835,Re:ンゴから始める山形生活2　‐Realize‐,去り際香る子 feat. 東北きりたん,Cover,2021-01-26T00:00:00Z,189,0,0,Finished
453349,메아리 없는 그리움,뽀도리 feat. 카일린,Original,2021-01-26T00:00:00Z,173,0,2,Finished
433643,Midnight Sensation,藤原りおん feat. 東北きりたん,Original,2021-01-26T00:00:00Z,166,0,0,Finished
405896,魂の救済者：翼の折れた天使〜ルシファー別伝,カーティス・Ｎ feat. 初音ミク,Remaster,2021-01-26T00:00:00Z,240,0,0,Finished
400420,Love Song探して,1cham feat. 初音ミク,Remix,2021-01-26T00:00:00Z,167,0,0,Finished
348868,Endlessworld,"今宵茉露 feat. IA, OИE",Original,2021-08-24T00:00:00Z,197,2,10,Finished
348867,MirroR WorlD,NAIIKa feat. 初音ミク,Original,2021-08-24T00:00:00Z,134,1,3,Finished
348866,410,七取秕 feat. 初音ミク,Original,2021-08-24T00:00:00Z,250,0,0,Finished
348865,なんかそういうアレ,Folder feat. 初音ミク,Original,2021-08-24T00:00:00Z,167,0,0,Finished
348863,Addict,naya feat. v flower,Original,2021-08-24T00:00:00Z,151,1,7,Finished
348862,Last War,NagisaRio feat. 初音ミク,Original,2021-08-24T00:00:00Z,156,0,0,Finished
348861,Summer Breeze,文京ちるだ feat. 初音ミク,Original,2021-08-24T00:00:00Z,357,0,0,Finished
348860,フレイリー,アタリ feat. v4 flower,Original,2021-08-24T00:00:00Z,192,2,6,Finished
348854,わっしょいshowいっ,アピ feat. 初音ミク,Original,2021-08-24T00:00:00Z,214,0,0,Finished
348846,戻して。,the cabos feat. 初音ミク,Remaster,2021-08-24T00:00:00Z,239,0,2,Finished
315766,耳のあるロボットの唄,"Star Palace feat. KAITO V3 (Straight), KAITO V3 (Soft), KAITO V3 (Whisper)",Cover,2021-02-17T00:00:00Z,220,1,5,Finished
315765,エトランゼ,遠間リク feat. 初音ミク,Original,2021-02-17T00:00:00Z,264,0,0,Finished
315764,恋情コントラスト,餅月ぺた feat. 重音テト,Original,2021-02-17T00:00:00Z,283,1,7,Finished
315763,雪解け,ゆう feat. 初音ミク,Original,2021-02-17T00:00:00Z,328,0,0,Finished
315760,波に名前をつけること、僕らの呼吸に終わりがあること。,狐狛 feat. KAITO,Cover,2021-02-17T00:00:00Z,278,0,0,Finished
315759,Re:Quiz,怒鳴ルゼ feat. KAITO,Original,2021-02-17T00:00:00Z,274,2,12,Finished
315758,夏空月歩,伊佐治守 feat. KAITO V3 (Unknown),Cover,2021-02-17T00:00:00Z,223,0,0,Finished
315757,いつまでもそばにいてよ,ひるくれ みお feat. KAITO V3 (Straight),Original,2021-02-17T00:00:00Z,289,0,2,Finished
315756,雨,ido feat. KAITO V3 (Unknown),Original,2021-02-17T00:00:00Z,189,0,2,Finished
315755,雨葬,みゅう feat. KAITO V3 (Unknown),Cover,2021-02-17T00:00:00Z,282,0,0,Finished
346916,ピクチャピクチャインピクチャ,あいまい天気予報 feat. IA,Original,2021-08-06T00:00:00Z,233,0,0,Finished
346915,emma,daikonspiders feat. 闇音レンリ,Original,2021-08-06T00:00:00Z,225,1,3,Finished
346914,"たったの36,500。",ハン feat. 鏡音レン,Original,2021-08-06T00:00:00Z,195,0,2,Finished
346913,ココロライト,OPUS feat. 初音ミク,Original,2021-08-06T00:00:00Z,241,0,0,Finished
346912,紫色の街,m9m9 feat. 東北きりたん,Original,2021-08-06T00:00:00Z,284,0,2,Finished
346911,fog,玄白 feat. 初音ミク,Original,2021-08-06T00:00:00Z,350,0,4,Finished
346910,アーカイブ,"KISAMI39, Hiroki feat. GUMI",Original,2021-08-06T00:00:00Z,282,0,0,Finished
346909,welcome!,"ran, AM-p feat. 初音ミク",Original,2021-08-06T00:00:00Z,218,0,0,Finished
346908,36℃,夏目咲希 feat. 初音ミク,Original,2021-08-06T00:00:00Z,204,0,2,Finished
346907,ココロレプリカ,カンパニュラ feat. ゲキヤク,Original,2021-08-06T00:00:00Z,302,0,2,Finished
358638,ワールズエンド・ダンスホール (RADART Inc remix),"RADART Inc feat. 巡音ルカ, 初音ミク",Remix,2021-05-06T00:00:00Z,218,1,5,Finished
356887,Meltdown,Urabe No Sekai feat. 松田っぽいよ,Cover,2021-05-06T00:00:00Z,329,0,0,Finished
354494,骸骨楽団とリリア,Uinya feat. 闇音レンリ,Remix,2021-05-06T00:00:00Z,216,0,0,Finished
353071,Realise,AyumiU feat. Ruby,Cover,2021-05-06T00:00:00Z,233,0,0,Finished
352798,Blue hour,Leu feat. 初音ミク,Original,2021-05-06T00:00:00Z,188,1,3,Finished
348799,千年の独奏歌,DIego Shiruvira feat. DIシル,Cover,2021-05-06T00:00:00Z,203,0,0,Finished
337857,PUEDO VOLAR,Ele Serfstone feat. Clara,Original,2021-05-06T00:00:00Z,221,1,3,Finished
335070,未練だよ,shallow0802 feat. YUU,Original,2021-05-06T00:00:00Z,231,0,2,Finished
334285,How I Miss The Autumn Rains,sati feat. MEIKO V3 (English),Original,2021-05-06T00:00:00Z,135,0,0,Finished
334276,WolfEyes,くらのまる feat. 初音ミク,Original,2021-05-06T00:00:00Z,247,0,0,Finished
334280,HAPPY ENDING STORY,DNC feat. 初音ミク,Original,2021-05-07T00:00:00Z,299,0,0,Finished
334279,prayer,"おたけ feat. 初音ミク, 巡音ルカ",Original,2021-05-07T00:00:00Z,234,0,0,Finished
334278,モフモフ感,プチヒコ feat. 初音ミク,Original,2021-05-07T00:00:00Z,166,0,0,Finished
334277,Shooting Star!!!☆ミ,hizuki feat. 初音ミク,Original,2021-05-07T00:00:00Z,124,0,0,Finished
333952,Nothing,藤末樹 feat. 初音ミク,Original,2021-05-07T00:00:00Z,264,0,0,Finished
333951,Ms.Monster,asuka feat. 初音ミク,Original,2021-05-07T00:00:00Z,162,0,0,Finished
333939,夜に駆ける,VirVox Project feat. ガロ,Cover,2021-05-07T00:00:00Z,266,1,7,Finished
333766,スカイスケーター,Yuma Shinozaki feat. 初音ミク,Original,2021-05-07T00:00:00Z,289,0,0,Finished
333594,霧なりに,つすい feat. 初音ミク,Original,2021-05-07T00:00:00Z,90,0,0,Finished
333044,ただ一輪の花,蒸留ノボレ feat. Rana,Original,2021-05-07T00:00:00Z,203,0,0,Finished
372839,「A.I.VOICE 紲星あかり」2021年12月発売開始！,"株式会社エーアイ feat. 紲星あかり, 紲星あかり (蕾)",Other,2021-11-12T00:00:00Z,107,1,5,Finished
370060,The Heroes' Last Breath (DISC VER),"WintermintP, One Minute Winter feat. 初音ミク V4 (English), KAITO V3 (English)",Remix,2021-11-12T00:00:00Z,162,0,2,Finished
370059,Carbon Fibre Recon Squad (DISC VER),"WintermintP, One Minute Winter feat. CYBER DIVA II",Original,2021-11-12T00:00:00Z,219,2,8,Finished
370058,ISAO (DISC VER),"WintermintP, One Minute Winter feat. various",Remaster,2021-11-12T00:00:00Z,266,1,3,Finished
370057,Progressopaedia (DISC VER),"WintermintP, One Minute Winter feat. Eleanor Forte",Remaster,2021-11-12T00:00:00Z,206,0,2,Finished
370055,Powder Snow (DISC VER),"WintermintP, One Minute Winter feat. CYBER DIVA II",Original,2021-11-12T00:00:00Z,160,1,5,Finished
370054,R/E/S/O/N/A/N/C/E (DISC VER),"WintermintP, One Minute Winter feat. CYBER DIVA II",Remaster,2021-11-12T00:00:00Z,186,1,3,Finished
370052,Hydro Pump (DISC VER),"WintermintP, One Minute Winter feat. CYBER DIVA II",Remaster,2021-11-12T00:00:00Z,168,0,2,Finished
370051,Sylvia RE-RECORD (DISC VER),"WintermintP, One Minute Winter feat. 初音ミク V4 (English)",Remaster,2021-11-12T00:00:00Z,258,1,3,Finished
370050,Detoxicants (DISC VER),"WintermintP, One Minute Winter feat. CYBER DIVA II, AVANNA",Remaster,2021-11-12T00:00:00Z,243,0,2,Finished
954964,春恋,夜空 凍夏 feat. 初音ミク,Original,2021-11-29T00:00:00Z,105,0,0,Finished
954963,夕麗,夜空 凍夏 feat. 初音ミク,Original,2021-11-29T00:00:00Z,133,0,0,Finished
952558,Gimme×Gimme,"Moraloit feat. v4 flower, Fukase (Unknown)",Cover,2021-11-29T00:00:00Z,220,0,0,Finished
952462,フラジール,"aro8 feat. Fukase (Normal), Fukase (Soft)",Cover,2021-11-29T00:00:00Z,270,0,0,Finished
948774,Lovin' you,たくにゃ feat. 鏡音リン,Original,2021-11-29T00:00:00Z,247,0,0,Finished
860610,感と情,Ten feat. Fukase (Unknown),Original,2021-11-29T00:00:00Z,117,0,0,Finished
843284,The Faulty Feline Philosophy,"PSiCO, Project VOYAKILOID! feat. DEX",Cover,2021-11-29T00:00:00Z,237,0,0,Finished
832272,アンノウン・マザーグース,Various artists,Cover,2021-11-29T00:00:00Z,286,0,0,Finished
824478,マトリョシカ,"MOiMi feat. 小春六花 AI, 弦巻マキ AI (Japanese)",Cover,2021-11-29T00:00:00Z,201,0,0,Finished
813078,携帯恋話,"sugikahun feat. 闇の音, 傷跡亮治",Cover,2021-11-29T00:00:00Z,139,0,0,Finished
311409,추상화,"일육, 하프 feat. UNI",Original,2021-01-06T00:00:00Z,206,1,3,Finished
310784,スコール,오묘 feat. 松田っぽいね,Cover,2021-01-06T00:00:00Z,250,1,3,Finished
310753,ちいさな星の子守唄,＊橘＊ feat. 初音ミク,Original,2021-01-06T00:00:00Z,204,1,3,Finished
310425,君はデバイス,ponyoyo feat. 初音ミク NT (Original＋),Original,2021-01-06T00:00:00Z,175,1,5,Finished
310424,粉雪,藤末樹 feat. 初音ミク,Original,2021-01-06T00:00:00Z,209,0,0,Finished
310423,No Thank You,Patyth feat. 初音ミク,Original,2021-01-06T00:00:00Z,194,0,0,Finished
310386,PCが壊れた,空き缶 feat. 初音ミク,Original,2021-01-06T00:00:00Z,220,0,0,Finished
310383,Miku needs tomodachis!!!!,sayako898 feat. 初音ミク,Original,2021-01-06T00:00:00Z,64,1,3,Finished
310378,DREAM,SILiA Production feat. 初音ミク,Original,2021-01-06T00:00:00Z,243,0,2,Finished
310377,New world synchro,ミクをみよ!!ｐ feat. 初音ミク,Original,2021-01-06T00:00:00Z,102,0,0,Finished
421394,≣[short],ネジマキ feat. 唄音ウタ,Original,2022-07-14T00:00:00Z,104,3,11,Finished
421382,籠城,kmrno feat. 巡音ルカ,Original,2022-07-14T00:00:00Z,285,0,0,Finished
999134,夕暮れ墓参,現実逃避くん feat. 現実音トーヒ,Original,2022-07-13T00:00:00Z,139,0,0,Finished
989533,Scattered Glass,MAyoNAka-P feat. Saki AI,Cover,2022-07-13T00:00:00Z,253,0,0,Finished
972869,《66CCFF》《追光使者》《千年食谱颂》歌曲串烧,Various artists,Mashup,2022-07-13T00:00:00Z,321,0,0,Finished
961638,JO如止水,"嫌儿, 三国杀绿帽 feat. 星尘Infinity",Cover,2022-07-13T00:00:00Z,185,0,0,Finished
952728,カナデトモスソラ,Saita feat. Fukase (Unknown),Cover,2022-07-13T00:00:00Z,260,0,0,Finished
948773,友達のLINEの口癖を波音リツに歌ってもらった。,かるかる feat. 波音リツ,Original,2022-07-13T00:00:00Z,45,0,0,Finished
946917,Summertime SAMness,Lepus Music feat. SAM (Chipspeech),Remix,2022-07-13T00:00:00Z,265,0,0,Finished
946866,最伟大的作品,MirroredVoid feat. 初音ミク V4 (中文版),Cover,2022-07-13T00:00:00Z,307,0,0,Finished
388350,魔法少女とチョコレゐト,雪银 feat. Ryo,Cover,2022-02-26T00:00:00Z,187,1,3,Finished
388340,造花,mayoi feat. 初音ミク,Original,2022-02-26T00:00:00Z,205,2,14,Finished
388325,ベノム,星辉 feat. 星尘Infinity,Cover,2022-02-26T00:00:00Z,198,0,2,Finished
388296,日常と地球の額縁,"ImaiP feat. 巡音ルカ, 鏡音レン",Cover,2022-02-26T00:00:00Z,244,0,2,Finished
388293,tender passion,eb2_fu2 feat. 巡音ルカ,Cover,2022-02-26T00:00:00Z,219,0,0,Finished
388291,tender passion,eb2_fu2 feat. 巡音ルカ,Remaster,2022-02-26T00:00:00Z,218,0,0,Finished
388289,法螺吹きの狂気女子,K.マキアート feat. 鏡音リン,Original,2022-02-26T00:00:00Z,194,0,0,Finished
388263,DEAR BROTHER,"IMPOSTOR feat. DEX, YOHIOloid (English)",Original,2022-02-26T00:00:00Z,200,2,8,Finished
388261,くそざこ日記.arrange,うつのき feat. v flower,Remix,2022-02-26T00:00:00Z,19,0,0,Finished
388260,ハローストロボ.arrange,うつのき feat. v flower,Remix,2022-02-26T00:00:00Z,112,0,0,Finished
449984,Sick Hack,高橋優河 feat. 可不,Original,2022-10-08T00:00:00Z,238,0,0,Finished
449982,夜だけが,"林檎スコップ, にっくきゆう feat. 初音ミク",Original,2022-10-08T00:00:00Z,233,0,0,Finished
449978,Yellow Crocus,mikitouma feat. 初音ミク,Original,2022-10-08T00:00:00Z,250,0,0,Finished
449928,雨上がりのマーチ,Trioneer feat. 初音ミク,Original,2022-10-08T00:00:00Z,234,0,0,Finished
449923,期待していると言われて応えないわけにはいかないねえ,環シロノ feat. 唄音ウタ,Original,2022-10-08T00:00:00Z,89,0,0,Finished
449921,再侵攻,Choryu feat. 初音ミク,Original,2022-10-08T00:00:00Z,128,0,0,Finished
449919,ナイトタウン,エトワール feat. 可不,Original,2022-10-08T00:00:00Z,70,0,0,Finished
449918,nEc_RO_mancE,zer0h feat. v flower,Original,2022-10-08T00:00:00Z,120,1,3,Finished
449917,あなたと空飛ぶ,Marigold Carnival feat. 初音ミク V4X (Original),Original,2022-10-08T00:00:00Z,215,0,0,Finished
449913,夜の魔力,おとせな feat. 初音ミク,Original,2022-10-08T00:00:00Z,219,0,0,Finished
693310,All Eyes On Me (Outtakes Ver.),Akihito-P feat. ASTERIAN,Cover,2022-12-02T00:00:00Z,158,0,0,Finished
690510,努力できない,irutae50 feat. 裏命,Original,2022-12-02T00:00:00Z,152,0,0,Finished
689260,クイーンオブハート,Rhatsody feat. ASTERIAN,Cover,2022-12-02T00:00:00Z,235,0,0,Finished
684803,Dr. Sunshine Is Dead,Milk in the Microwave feat. 初音ミク V4 (English),Cover,2022-12-02T00:00:00Z,282,0,0,Finished
684577,ODDS&ENDS,黒毛皮 feat. くろ,Cover,2022-12-02T00:00:00Z,355,0,0,Finished
683099,毒林檎,A2clip feat. 裏命,Cover,2022-12-02T00:00:00Z,156,0,0,Finished
683097,可愛くてごめん,A2clip feat. 裏命,Cover,2022-12-02T00:00:00Z,226,0,0,Finished
680906,HEART BEAT,GALVOGUE feat. SOLARIA,Original,2022-12-02T00:00:00Z,80,0,0,Finished
677077,OUTTA MY MIND,odotter feat. ASTERIAN,Cover,2022-12-02T00:00:00Z,228,0,0,Draft
677028,ふてね,残響project feat. 裏命,Original,2022-12-02T00:00:00Z,157,0,0,Finished
449240,ハロウィン,wewewe feat. 初音ミク,Original,2022-10-28T00:00:00Z,106,0,0,Finished
449139,ついなちゃんが来た！,蒸留ノボレ feat. ついなちゃん (Unknown),Original,2022-10-28T00:00:00Z,96,0,0,Finished
449125,と,HALKA feat. 鏡音リン V4X (Sweet),Original,2022-10-28T00:00:00Z,111,3,13,Finished
449120,抑圧アンビバレント,雨魚ヨリ feat. 初音ミク,Original,2022-10-28T00:00:00Z,147,0,4,Finished
449119,静寂,全て過去の所為です。 feat. 唄音ウタ,Remaster,2022-10-28T00:00:00Z,188,0,0,Finished
449118,黒塗り世界宛て書簡,Exorcism feat. 知声,Remix,2022-10-28T00:00:00Z,133,1,3,Finished
449111,忘れないで,全てこれらの所為です。 feat. 唄音ウタ,Remix,2022-10-28T00:00:00Z,392,1,3,Finished
449073,サンゲリラ,T0S feat. v4 flower,Original,2022-10-28T00:00:00Z,180,1,7,Finished
449051,ハッピーノイジーハロウィン,DAIS feat. 初音ミク,Original,2022-10-28T00:00:00Z,141,0,0,Finished
449023,遣い手の掛減りまで,ファミファロ feat. 唄音ウタ,Original,2022-10-28T00:00:00Z,220,1,3,Finished
687724,Beat Eater,Akemi Koroshi feat. Souzou Tana,Cover,2022-12-16T00:00:00Z,215,0,0,Finished
681191,トンデモワンダーズ,"どと, Mimisan15 feat. various",Cover,2022-12-16T00:00:00Z,128,0,0,Finished
679624,so free... (12ki's Freestyle Remix),Nursery Rhymes* feat. kokone,Remix,2022-12-16T00:00:00Z,367,0,0,Draft
679621,Un Lapin Criant -Don't Leave Me Alone-,Nursery Rhymes* feat. 初音ミク,Original,2022-12-16T00:00:00Z,363,0,0,Draft
679619,Remember -Don't Leave Me Alone-,Nursery Rhymes* feat. 初音ミク,Original,2022-12-16T00:00:00Z,363,0,0,Draft
679618,Farewell Kiss,Nursery Rhymes* feat. 初音ミク,Original,2022-12-16T00:00:00Z,428,0,0,Draft
679617,fairy snow,Nursery Rhymes* feat. 初音ミク,Original,2022-12-16T00:00:00Z,415,0,0,Draft
676626,やってらんねぇわ！,"Satsuki, 等価交換 feat. 裏命",Cover,2022-12-16T00:00:00Z,233,0,0,Finished
674977,Sweater Weather (PMJ Arrangement),raidergale feat. 从铮,Cover,2022-12-16T00:00:00Z,192,0,0,Draft
669796,いのちの名前,オサキハン feat. 鸾明,Cover,2022-12-16T00:00:00Z,277,0,0,Finished
420160,Poppin' Summer,kohacola feat. 初音ミク,Original,2022-07-08T00:00:00Z,123,0,0,Finished
420159,恋ハートブレイク,"yun feat. 初音ミク, Fukase (Unknown)",Original,2022-07-08T00:00:00Z,141,0,0,Finished
420158,続ク禍患,水月やまと feat. 星界,Original,2022-07-08T00:00:00Z,156,1,3,Finished
420087,シュレーディンガー,pizuya feat. 可不,Original,2022-07-08T00:00:00Z,190,0,2,Finished
420071,ラムネ色のあの空を今日も探して,Aviy feat. 夏色花梨,Original,2022-07-08T00:00:00Z,217,1,3,Finished
420064,60秒間,水野あつ feat. 可不,Original,2022-07-08T00:00:00Z,60,1,7,Finished
420037,For a dead girl+(Ac),Cat Cross feat. 巡音ルカ,Cover,2022-07-08T00:00:00Z,169,0,2,Finished
420027,生,星叶鹿蹊麋 feat. 露西维娅,Cover,2022-07-08T00:00:00Z,186,0,0,Finished
420024,ひまわりと飛行機雲,"est feat. 初音ミク, GUMI",Original,2022-07-08T00:00:00Z,192,0,0,Finished
420023,炭酸,shimehebi feat. 初音ミク,Original,2022-07-08T00:00:00Z,295,0,0,Finished
903032,弱虫モンブラン (Acoustic Version),Chee-shep feat. 初音ミク V4X (Soft),Cover,2022-11-02T00:00:00Z,241,0,0,Finished
903027,Last Friday Night,Chee-shep feat. 初音ミク V4X (Original),Cover,2022-11-02T00:00:00Z,230,0,0,Finished
901523,鎮魂歌 Requiem,たけぽん feat. 初音ミク,Original,2022-11-02T00:00:00Z,216,0,0,Finished
861527,天使,冬宮紀沙 feat. 四国めたん,Cover,2022-11-02T00:00:00Z,186,0,0,Finished
859527,あさはかな,"再信十夜, Pei feat. 1102",Cover,2022-11-02T00:00:00Z,247,0,0,Finished
856566,Circles,Shioyo feat. DEX,Remix,2022-11-02T00:00:00Z,261,0,0,Finished
852196,Not Afraid To Love Again Synthwave Version,Kona Haruka feat. IA English C (Unknown),Remix,2022-11-02T00:00:00Z,267,0,0,Finished
852195,Not Afraid To Love Again Less Lyrics Version,Kona Haruka feat. IA English C (Unknown),Cover,2022-11-02T00:00:00Z,257,0,0,Finished
849054,The Chattering Lack of Common Sense,"KittenBri feat. 松田っぽいね, 松田っぽいよ",Cover,2022-11-02T00:00:00Z,215,0,2,Finished
849053,骸骨楽団とリリア,KittenBri feat. 松田っぽいね,Cover,2022-11-02T00:00:00Z,200,0,0,Finished
407544,First Creation,Mishi feat. 初音ミク,Original,2022-01-10T00:00:00Z,223,0,2,Finished
407456,Familial Love B Network,"kkassiopeia feat. Saki, ANRI",Original,2022-01-10T00:00:00Z,84,1,3,Finished
406081,ELEGY,ましおじ feat. 初音ミク,Original,2022-01-10T00:00:00Z,250,0,0,Finished
404969,SLASH/ER,Rita Leader feat. Merodi Ongaku,Cover,2022-01-10T00:00:00Z,115,0,0,Finished
404102,アイスアイビー,もぎもぎ feat. 初音ミク,Original,2022-01-10T00:00:00Z,228,0,0,Finished
403151,away,Valendar feat. Eleanor Forte AI,Original,2022-01-10T00:00:00Z,144,2,14,Finished
398036,月の番人,Egtved Girl feat. 鏡音リン,Original,2022-01-10T00:00:00Z,169,0,0,Finished
397661,想愛,玉子焼 feat. 初音ミク,Original,2022-01-10T00:00:00Z,168,0,0,Finished
396398,ボカロP OK！,ゆう feat. 東北ずん子,Original,2022-01-10T00:00:00Z,90,0,0,Finished
395450,リモコン (N-Driver's Cutup Remix),"ねじドライバー feat. 鏡音レン, 鏡音リン",Remix,2022-01-10T00:00:00Z,315,0,0,Finished
748517,I'm Happy But You Don't Like Me,NaR feat. 歌愛ユキ,Cover,2022-11-05T00:00:00Z,148,0,0,Finished
744935,エゴロック,speedywater feat. 速水ハラ,Cover,2022-11-05T00:00:00Z,171,0,0,Finished
737384,激闘！！セルVSフリーザ！？,"Dr.poco2世 feat. 琴葉茜, 琴葉葵",DramaPV,2022-11-05T00:00:00Z,740,0,0,Finished
736034,死んだら初期化、激ムズすぎて初のクリア者？Good End_#6『13 Steps』,"しまねげーむず feat. 結月ゆかり, 紲星あかり",DramaPV,2022-11-05T00:00:00Z,1055,0,0,Finished
731538,IAちゃんが語るスーパーGT【2022年 第5戦 鈴鹿 決勝 】,toro feat. IA TALK,DramaPV,2022-11-05T00:00:00Z,912,0,0,Finished
731515,IAちゃんが語るスーパーGT【2022年 最終戦 もてぎ 予選前 】,toro feat. IA TALK,DramaPV,2022-11-05T00:00:00Z,128,0,0,Finished
724057,エス,Aovii feat. 弦巻マキ AI (Japanese),Cover,2022-11-05T00:00:00Z,205,0,0,Finished
723618,ブロードウェイ,岩鳶ハジメ feat. Yuma,Cover,2022-11-05T00:00:00Z,191,0,0,Finished
713431,その唇は上等なり,＊嵐山 feat. 夢音けいら,Cover,2022-11-05T00:00:00Z,188,0,2,Finished
710169,You're Just Like Pop Music,Blumb feat. 恐竜,Remix,2022-11-05T00:00:00Z,246,0,0,Finished
388259,月,うつのき feat. v flower,Original,2022-02-26T00:00:00Z,31,2,6,Finished
388257,Din Don Dan,V1sualMus1cThre3 feat. Eleanor Forte,Remix,2022-02-26T00:00:00Z,189,1,3,Finished
388229,カルネイジ,"Sumia feat. 初音ミク, v flower",Original,2022-02-26T00:00:00Z,143,3,41,Finished
388228,Mourning Gloaming,Zyla Zo. feat. AVANNA,Original,2022-02-26T00:00:00Z,161,1,3,Finished
388226,ジッタードール,Beli feat. Re,Cover,2022-02-26T00:00:00Z,237,0,0,Finished
429841,君に負けちゃう,Touma feat. 鏡音リン,Original,2022-05-29T00:00:00Z,258,1,3,Finished
421760,夏恋エンジェル,夕川なひ feat. 初音ミク,Original,2022-05-29T00:00:00Z,184,0,0,Finished
419251,宿根草,今村糸 feat. 歌愛ユキ,Original,2022-05-29T00:00:00Z,150,2,6,Finished
418658,君はイエスマン,のいど feat. 初音ミク,Original,2022-05-29T00:00:00Z,163,0,0,Finished
418528,幸せの１ページ,セロリ feat. 初音ミク,Remix,2022-05-29T00:00:00Z,333,0,0,Finished
418289,Gotta Get Away,Bryn Day feat. SOLARIA,Original,2022-05-29T00:00:00Z,227,0,0,Finished
417730,人生堕涙,k6子 feat. 初音ミク,Original,2022-05-29T00:00:00Z,184,0,0,Finished
416202,走れ未来へ,mic33 feat. 初音ミク,Original,2022-05-29T00:00:00Z,232,0,0,Finished
416200,赤い羽根ひらり,Norisada feat. 初音ミク,Original,2022-05-29T00:00:00Z,240,0,0,Finished
415810,Dream sunshine,Coyuki feat. 初音ミク V4X (Unknown),Original,2022-05-29T00:00:00Z,212,1,5,Finished
416536,春告げ龍,松夲小豆 feat. 初音ミク,Original,2022-06-25T00:00:00Z,74,0,0,Finished
416535,深遠の玄,ちゃまたく☆ feat. 初音ミク,Original,2022-06-25T00:00:00Z,168,0,0,Finished
416534,Rowiger,keme☆ feat. 初音ミク,Original,2022-06-25T00:00:00Z,97,0,0,Finished
416533,Rowiger,ロキ feat. 知声,Original,2022-06-25T00:00:00Z,87,0,0,Finished
416532,春告げ龍,K-chi feat. 初音ミク,Original,2022-06-25T00:00:00Z,155,0,0,Finished
416531,春告げ龍,KOKORO NO SUKE feat. No.7,Original,2022-06-25T00:00:00Z,120,0,0,Finished
416530,春告げ龍,"maoration feat. めろう, IA (CeVIO AI)",Original,2022-06-25T00:00:00Z,90,0,0,Finished
416529,深遠の玄,K-chi feat. 初音ミク,Original,2022-06-25T00:00:00Z,148,0,0,Finished
416528,深遠の玄,"KOKORO NO SUKE feat. No.7, 東北イタコ, 東北きりたん",Original,2022-06-25T00:00:00Z,64,0,0,Finished
416527,朱一閃,satoshi feat. 初音ミク,Original,2022-06-25T00:00:00Z,72,0,0,Finished
403546,ねるねるねるね(Lo-Fi Remix),nogi feat. 初音ミク,Remix,2022-04-23T00:00:00Z,116,0,0,Finished
403544,シャーク,メルメト feat. v flower,Original,2022-04-23T00:00:00Z,159,0,0,Finished
403541,うんこと一緒に流されろ,木村わいP feat. 初音ミク,Original,2022-04-23T00:00:00Z,12,0,0,Finished
403540,ゆきどけ,究極無敵銀河最強無職 feat. 初音ミク,Original,2022-04-23T00:00:00Z,187,0,0,Finished
403539,アーニャーニ,不女P feat. 重音テト,Original,2022-04-23T00:00:00Z,85,0,0,Finished
403537,入道雲と秘密基地,涼憂 feat. 初音ミク,Original,2022-04-23T00:00:00Z,203,0,0,Finished
403536,メルフォート,Yu-suke Romantic feat. 初音ミク,Original,2022-04-23T00:00:00Z,259,0,0,Finished
403535,すたーとらいん！,ふたりんご feat. 初音ミク,Original,2022-04-23T00:00:00Z,210,0,0,Finished
403534,雪解雨,小鳥遊絃都 feat. IA,Original,2022-04-23T00:00:00Z,255,0,2,Finished
403533,ディスコード,forute feat. 初音ミク Append (Dark),Original,2022-04-23T00:00:00Z,204,2,8,Finished
447898,Life is a trap,"freebyte feat. V3 GUMI (English), 巡音ルカ V4X (Unknown)",Original,2022-10-23T00:00:00Z,127,0,2,Finished
447848,私また平気な顔してた,のいど feat. 初音ミク,Original,2022-10-23T00:00:00Z,189,0,2,Finished
447808,親指姫,コロッケ屋 feat. 巡音ルカ,Original,2022-10-23T00:00:00Z,230,1,7,Finished
447802,Falling Down,Y.sato feat. 初音ミク V4 (English),Original,2022-10-23T00:00:00Z,251,1,5,Finished
447801,美容生活,ぐにょ feat. 初音ミク,Original,2022-10-23T00:00:00Z,183,1,7,Finished
447799,まわる,Dera feat. 星界,Original,2022-10-23T00:00:00Z,198,2,8,Finished
447781,|||,五十嵐 日和 feat. 名前シレズ,Remaster,2022-10-23T00:00:00Z,292,0,0,Finished
447780,銀幕,"グミ山, N-Roach, キツネリ feat. 可不",Cover,2022-10-23T00:00:00Z,238,1,7,Finished
447779,ネム[short],五十嵐 日和 feat. 名前シレズ,Original,2022-10-23T00:00:00Z,118,1,3,Finished
447771,日记,sam feat. 黒音コル,Original,2022-10-23T00:00:00Z,45,0,0,Finished
391990,ねえ、ニュートン,"Harry the little feat. 初音ミク, 音街ウナ Sugar",Original,2022-03-12T00:00:00Z,290,2,8,Finished
391987,豚,ノリソン feat. 初音ミク,Original,2022-03-12T00:00:00Z,250,1,5,Finished
391844,アイディアル・イグノリアル 〜空想連鎖〜,Kuroneko Lounge feat. 琴葉茜・葵,Original,2022-03-12T00:00:00Z,265,1,5,Finished
961301,燕子,度娘你要闹哪样 feat. 赤羽,Cover,2022-03-11T00:00:00Z,219,0,0,Finished
957312,ミ・アモーレ,K&B feat. IA,Cover,2022-03-11T00:00:00Z,220,0,0,Finished
955208,ハウトゥー世界征服,"HopeandJoy9 feat. 松田っぽいよ, 戯白メリー",Cover,2022-03-11T00:00:00Z,215,0,0,Finished
927244,Fool,Rukoilijasirkka feat. Eleanor Forte,Original,2022-03-11T00:00:00Z,323,0,0,Finished
921566,きみを想う,Rotty feat. VY1,Cover,2022-03-11T00:00:00Z,390,0,0,Finished
916537,被害妄想,Wad Leaf feat. v flower,Original,2022-03-11T00:00:00Z,123,0,0,Finished
865192,カノン,いぬいぬMusic feat. 知声,Cover,2022-03-11T00:00:00Z,167,0,0,Finished
382133,LIMEWIRE JUTSU,"Osean, Deko feat. AVANNA, CYBER SONGMAN",Original,2022-01-29T00:00:00Z,87,1,3,Finished
382132,ヒロイン,くいーん feat. 初音ミク,Original,2022-01-29T00:00:00Z,244,0,0,Finished
382131,ショートストーリー,アピ feat. 初音ミク,Original,2022-01-29T00:00:00Z,211,0,0,Finished
382130,ストロベリー・ウィーク,Rubi feat. 可不,Original,2022-01-29T00:00:00Z,221,1,3,Finished
382129,samidare,daikonspiders feat. 花撫シア,Original,2022-01-29T00:00:00Z,182,2,6,Finished
382085,Easy Drop Monster,EEEM feat. 鏡音リン,Original,2022-01-29T00:00:00Z,254,0,0,Finished
382084,守銭奴ライクミー,nyanyannya feat. 鏡音レン,Original,2022-01-29T00:00:00Z,171,7,33,Finished
382082,"Good bye, My street.","DAICHI, 5いつか feat. 初音ミク",Original,2022-01-29T00:00:00Z,266,2,6,Finished
382076,クエスチョン¿?ガール,Yo-SK feat. 鏡音リン,Original,2022-01-29T00:00:00Z,229,1,5,Finished
382075,タイカトサンカ,安藤なれど feat. v flower,Original,2022-01-29T00:00:00Z,222,1,3,Finished
486098,Get Lucky,step stone feat. 鏡音レン,Cover,2022-10-16T00:00:00Z,248,0,2,Finished
480006,Ever Lights,ぎょーざ feat. 初音ミク,Original,2022-10-16T00:00:00Z,102,0,0,Finished
478755,ヤミナベ!!!!,おけみみ feat. 女声1 (AquesTalk),Cover,2022-10-16T00:00:00Z,131,1,3,Finished
478176,₱ђ๏єռɨӼ,"MALIKEENA, J3ZR3ALM feat. CYBER DIVA",Original,2022-10-16T00:00:00Z,146,0,0,Finished
469671,熱異常,rato feat. 透音,Cover,2022-10-16T00:00:00Z,241,0,0,Finished
468283,光卉,"四海, 凌忍 feat. 海伊",Original,2022-10-16T00:00:00Z,201,0,0,Finished
467505,飛行艇とマトリョーシカ,夏終了介 feat. 結月ゆかり,Remaster,2022-10-16T00:00:00Z,232,0,0,Finished
465554,自殺はダメだって言うから,315 feat. Fukase (Normal),Original,2022-10-16T00:00:00Z,159,0,0,Finished
463734,Fly Me To The Moon,Joey feat. Natalie,Cover,2022-10-16T00:00:00Z,272,0,0,Finished
463473,ETERNAL WIND〜ほほえみは光る風の中〜,らぱん feat. IA (CeVIO AI),Cover,2022-10-16T00:00:00Z,288,0,0,Finished
654806,カメレオン,darkninjavn2011 feat. ついなちゃん AI,Cover,2022-06-04T00:00:00Z,182,0,0,Finished
643067,BitCrushe,"magnumloid feat. 唄音ウタ, 桃音モモ",Cover,2022-06-04T00:00:00Z,212,0,0,Finished
642474,PINK BITCH CLUB,Greta Haff and Hawf feat. 重音テト,Cover,2022-06-04T00:00:00Z,84,2,8,Finished
617952,Heart Sutra Hardcore,RokkuP feat. 結月ゆかり V4 (Unknown),Cover,2022-06-04T00:00:00Z,112,0,0,Finished
606640,意味不明 02,杜夢 feat. Saki AI,Original,2022-06-04T00:00:00Z,344,0,0,Finished
603721,祓詞－Song of The Harae kotoba－,チューハイP feat. 初音ミク,Remaster,2022-06-04T00:00:00Z,170,0,0,Finished
586327,KING,わたはね.mp4 feat. 可不,Cover,2022-06-04T00:00:00Z,135,0,0,Finished
579068,アニマル,sding feat. 딩캣,Cover,2022-06-04T00:00:00Z,151,0,0,Finished
569892,笑いあおうよ,Motsu feat. 初音ミク,Original,2022-06-04T00:00:00Z,188,0,0,Finished
568443,ダークシアター,NatsunoP feat. 鏡音リン,Original,2022-06-04T00:00:00Z,139,0,0,Finished
507437,ホルトルム,桜木冬 feat. 初音ミク,Original,2022-12-29T00:00:00Z,136,0,2,Finished
507339,KICK BACK,"razznikoz feat. 兵士合成, 兵士合成 SONIC",Cover,2022-12-29T00:00:00Z,87,0,0,Finished
506444,眠らせ姫からの贈り物,CHAOS!! feat. SF-A2 開発コード miki V4,Cover,2022-12-29T00:00:00Z,296,0,0,Finished
501830,ファンサ,Hataori feat. 重音テト,Cover,2022-12-29T00:00:00Z,251,0,0,Draft
499085,壊れた時計、まだそばにいて,nierr feat. 知声,Original,2022-12-29T00:00:00Z,223,0,0,Finished
495597,害虫,"G0966 feat. 破壊音マイコ, 初音ミク",Cover,2022-12-29T00:00:00Z,234,1,5,Finished
495147,Awake Now,Navy Kasu feat. 拡音シャノン,Cover,2022-12-29T00:00:00Z,199,0,0,Finished
492558,Be my guest,"枕くらげ feat. 初音ミク, 歌愛ユキ",Cover,2022-12-29T00:00:00Z,126,0,0,Finished
490661,時を超える少女,ネルフ feat. 小春六花 (Unknown),Original,2022-12-29T00:00:00Z,107,0,0,Finished
489449,ビバハピ,Jakua-P feat. Chisai Nyanko,Cover,2022-12-29T00:00:00Z,102,0,2,Draft
445245,電脳SPRINTER,マジカルチキン feat. 音街ウナ (Unknown),Original,2022-10-10T00:00:00Z,143,0,0,Finished
445241,音楽を愛するということ,いーつ feat. v flower,Original,2022-10-10T00:00:00Z,167,0,0,Finished
445235,サナトリウム+,ナツカ feat. 初音ミク,Original,2022-10-10T00:00:00Z,245,0,0,Finished
445232,ネオ・ムーンライト,僕野 feat. 初音ミク,Original,2022-10-10T00:00:00Z,237,0,0,Finished
445228,白玉じゃないよ！ミクだよ！,kyusu feat. 初音ミク,Original,2022-10-10T00:00:00Z,154,1,3,Finished
445222,運動会あるある,"おゆまる feat. 鏡音リン, ずんだもん",Original,2022-10-10T00:00:00Z,49,0,0,Finished
445213,あなたへ,たんたるそーす feat. 鏡音リン,Original,2022-10-10T00:00:00Z,194,0,0,Finished
445211,Juste comme ça,水鏡 feat. MATCHA,Original,2022-10-10T00:00:00Z,196,0,0,Finished
445209,Labyrinth,"kaami feat. 星尘Infinity, 夏色花梨",Original,2022-10-10T00:00:00Z,177,0,0,Finished
445206,DEN-EN,ジュージロー feat. 初音ミク,Original,2022-10-10T00:00:00Z,294,0,0,Finished
394667,Ievan Polkka,Mak音すぃずぃ feat. 阿久女イク,Cover,2022-03-19T00:00:00Z,150,1,3,Finished
394167,Alice in 冷凍庫,"K90 feat. 凛音ツバサ, 歌水フア",Cover,2022-03-19T00:00:00Z,343,0,0,Finished
393973,9 BIT,Led Heroes feat. 鳴花ヒメ,Original,2022-03-19T00:00:00Z,186,0,0,Finished
393969,Negative Days,六葉 feat. 重音テト,Original,2022-03-19T00:00:00Z,286,0,2,Finished
393968,4月の朝,KnJ feat. Kaori,Original,2022-03-19T00:00:00Z,288,0,0,Finished
393863,STOPSPRING,まれっふぃ feat. リズカ,Original,2022-03-19T00:00:00Z,241,0,0,Finished
393862,ほしがりミクさんの楽しミクの日！,Naoto feat. 初音ミク,Original,2022-03-19T00:00:00Z,189,1,3,Finished
393861,なんか,Various artists,Original,2022-03-19T00:00:00Z,240,0,0,Finished
393860,桜と涙と坂道と,タイラ feat. 初音ミク NT (Unknown),Original,2022-03-19T00:00:00Z,361,0,0,Finished
393859,オレンジ熱気球,フェゲテリカ feat. 琴葉茜・葵,Original,2022-03-19T00:00:00Z,244,0,0,Finished
455574,青く声は,かよのは feat. 初音ミク,Original,2022-10-07T00:00:00Z,176,0,0,Finished
455573,Wing of Revenge,犬神 feat. IA,Original,2022-10-07T00:00:00Z,270,0,0,Finished
455572,応援花,あのにむ feat. 初音ミク,Original,2022-10-07T00:00:00Z,321,0,0,Finished
455571,ALL SOOOO LOVE!!!,いち feat. various,Original,2022-10-07T00:00:00Z,247,0,0,Finished
455570,ホムンクルス・トーク,ヨソ筥 feat. 初音ミク,Original,2022-10-07T00:00:00Z,143,0,0,Finished
455569,代わりに生きれますか,NiLBana feat. GUMI,Original,2022-10-07T00:00:00Z,244,0,0,Finished
455486,ζ,"arrow feat. 初音ミク, 歌愛ユキ",Original,2022-10-07T00:00:00Z,235,0,0,Finished
455485,Counter Attack,ムラミィ feat. 初音ミク,Original,2022-10-07T00:00:00Z,198,0,0,Finished
455484,秋縹,ねこぷりん feat. 可不,Original,2022-10-07T00:00:00Z,240,0,0,Finished
455482,生きろ,sei feat. 可不,Original,2022-10-07T00:00:00Z,109,0,0,Finished
425176,Theme of Bloom Balancer,堀次郎 feat. 初音ミク,Unspecified,2022-07-03T00:00:00Z,0,0,0,Draft
425171,limited,堀次郎 feat. 初音ミク,Unspecified,2022-07-03T00:00:00Z,0,0,0,Draft
425169,Reunion -再会-,堀次郎 feat. 初音ミク,Unspecified,2022-07-03T00:00:00Z,0,0,0,Draft
425168,Night Around,堀次郎 feat. 初音ミク,Unspecified,2022-07-03T00:00:00Z,0,0,0,Draft
425167,Me To You...,堀次郎 feat. 初音ミク,Unspecified,2022-07-03T00:00:00Z,0,0,0,Draft
423890,waaaaaa,はい、すみませんでした,Original,2022-07-03T00:00:00Z,26,0,0,Finished
423528,encounter period,lain feat. 初音ミク,Original,2022-07-03T00:00:00Z,0,0,0,Finished
423527,海の向こうからやってきたのは,しらい,Original,2022-07-03T00:00:00Z,0,0,0,Finished
423526,ゼロに還る,しらい feat. 歌愛ユキ,Original,2022-07-03T00:00:00Z,244,0,2,Finished
423525,ドラッグストア,しらい feat. 歌愛ユキ,Original,2022-07-03T00:00:00Z,240,0,2,Finished
769354,By My Side,Synthion feat. Yuuna Nini,Original,2022-12-10T00:00:00Z,202,0,0,Finished
769346,Blue Lemonade,"YUC'e, Nor",Original,2022-12-10T00:00:00Z,205,0,0,Finished
769315,To My Dearest Friend,Jun Kuroda feat. 初音ミク,Original,2022-12-10T00:00:00Z,186,0,0,Finished
754281,おやすみ世界,ぎあらせんまい feat. KAITO,Original,2022-12-10T00:00:00Z,184,0,0,Finished
749923,アイデンティティ,"むしう feat. 足立レイ, 唄音ウタ",Cover,2022-12-10T00:00:00Z,156,0,2,Finished
747014,恋のコリーダ,上寺シアン feat. 琴葉葵,Cover,2022-12-10T00:00:00Z,153,1,3,Draft
739883,Life,ペルソナ feat. 初音ミク,Original,2022-12-10T00:00:00Z,161,0,0,Finished
737972,やぶ蛇採用型ラビュリンスデッキ～破壊ウイルスを添えて～,"Dr.poco2世 feat. 琴葉茜, 琴葉葵",DramaPV,2022-12-10T00:00:00Z,625,0,0,Finished
736011,ストーカーと迷宮に閉じ込められる最低のクリスマス_前編『Crimson Snow』,"しまねげーむず feat. 紲星あかり, 結月ゆかり",DramaPV,2022-12-10T00:00:00Z,1272,0,0,Finished
732421,きりたんがおもちゃ工場で心霊現象の監視する,moco78 feat. 東北きりたん,DramaPV,2022-12-10T00:00:00Z,337,0,0,Finished
389975,PINK BITCH CLUB,Greta Greenteeth feat. 欲音ルコ♀,Cover,2022-02-17T00:00:00Z,84,0,0,Finished
389974,PINK BITCH CLUB,Greta Greenteeth feat. 欲音ルコ♀,Cover,2022-02-17T00:00:00Z,84,0,0,Finished
388737,OTOMEROID,blueblossomsP feat. 鳴花ヒメ,Cover,2022-02-17T00:00:00Z,104,1,3,Finished
388729,偏食,Andy7th feat. KAITO V3 (Soft),Cover,2022-02-17T00:00:00Z,224,0,2,Finished
388416,COPYCAT,caspian feat. SOLARIA,Cover,2022-02-17T00:00:00Z,288,0,0,Finished
388414,ノンブレス・オブリージュ,caspian feat. 東北ずん子,Cover,2022-02-17T00:00:00Z,209,0,0,Finished
387901,蝶,てぇれ feat. 初音ミク,Original,2022-02-17T00:00:00Z,216,0,0,Finished
387826,Rosas,Mar Smaae feat. MAIKA,Cover,2022-02-17T00:00:00Z,238,0,4,Finished
387430,ワールドワイドワンダー,紳士校 feat. KAITO,Cover,2022-02-17T00:00:00Z,224,0,2,Finished
387429,パラサイト,ハロ森 feat. KAITO V3 (Unknown),Cover,2022-02-17T00:00:00Z,166,0,0,Finished
419023,暗闇で,"Biito feat. 初音ミク, 神威がくぽ",Original,2022-06-05T00:00:00Z,266,0,2,Finished
418655,ペルソナ,のいど feat. 初音ミク,Original,2022-06-05T00:00:00Z,175,0,2,Finished
418283,カジノ,aster feat. 歌手音ピコ,Cover,2022-06-05T00:00:00Z,146,0,0,Finished
418277,I'll do me,ことP feat. SOLARIA,Original,2022-06-05T00:00:00Z,121,1,3,Finished
418271,My Great Desires,TralaAelaZeta feat. SOLARIA,Original,2022-06-05T00:00:00Z,194,0,0,Finished
416506,you can't get me while i'm here,"LNsynth feat. Sweet Ann, Oliver, YOHIOloid (English)",DramaPV,2022-06-05T00:00:00Z,16,0,0,Finished
415704,躑躅,市井ヒロノ feat. 初音ミク,Original,2022-06-05T00:00:00Z,300,0,2,Finished
415487,Broken heart,-4℃ feat. 結月ゆかり,Cover,2022-06-05T00:00:00Z,175,0,0,Finished
415195,HOUSEWIFE RADIO,"6laughterhouse feat. Amy, DEX",Cover,2022-06-05T00:00:00Z,226,0,0,Finished
415056,とこしずめ,くろね feat. 初音ミク,Remix,2022-06-05T00:00:00Z,57,0,2,Finished
430968,ライトブルーゆっくん,ゆっくん feat. 鏡音レン,Original,2022-08-05T00:00:00Z,149,0,2,Finished
430965,Massive Power!!,ろっくうぇる feat. 小春六花 (Unknown),Original,2022-08-05T00:00:00Z,136,0,0,Finished
430964,微熱,ユレリル feat. 初音ミク,Original,2022-08-05T00:00:00Z,202,0,0,Finished
430962,惜夏,りせか feat. 初音ミク,Original,2022-08-05T00:00:00Z,215,1,3,Finished
430959,暑中見舞い 2022,フルナギネヲ feat. 初音ミク,Original,2022-08-05T00:00:00Z,105,0,0,Finished
430958,延々,べぺ feat. 初音ミク,Original,2022-08-05T00:00:00Z,213,0,0,Finished
430957,千本桜 (コP's Electric Fireworks remix),コＰ feat. 初音ミク,Remix,2022-08-05T00:00:00Z,249,0,0,Finished
430955,可惜夜と,namino feat. 可不,Original,2022-08-05T00:00:00Z,206,0,0,Finished
430954,孤毒が叫んでいる,Nagare* feat. 鏡音リン,Original,2022-08-05T00:00:00Z,183,0,0,Finished
430953,死んじゃうよ,今夜 feat. 可不,Original,2022-08-05T00:00:00Z,168,0,0,Finished
423873,MELANCHOLY　SHEEP,真白　蚕 feat. 初音ミク,Original,2022-01-30T00:00:00Z,129,0,0,Finished
423511,ゆめかわレインボウ,くすのせ feat. Rana,Original,2022-01-30T00:00:00Z,208,0,0,Finished
423470,Angie baby,りりりP feat. 巡音ルカ,Cover,2022-01-30T00:00:00Z,213,0,0,Finished
423469,BOTH SIDES NOW,さなぎ粉 feat. 巡音ルカ V4X (Unknown),Cover,2022-01-30T00:00:00Z,302,0,0,Finished
423468,YONA YONA DANCE,かねイルカ feat. 巡音ルカ,Cover,2022-01-30T00:00:00Z,226,0,0,Finished
423467,誕生日の仕事,天野霧彦 feat. 巡音ルカ,Original,2022-01-30T00:00:00Z,180,0,0,Finished
423399,雪にひまわり,優羽 feat. 鼎唄シノ,Cover,2022-01-30T00:00:00Z,218,0,0,Finished
423310,ミルククラウン・オン・ソーネチカ,ゆみゆゆゆ feat. 巡音ルカ,Cover,2022-01-30T00:00:00Z,215,0,0,Finished
422112,Snow halation,ビビア feat. 巡音ルカ,Cover,2022-01-30T00:00:00Z,259,0,0,Finished
419037,Outland,Biito feat. 初音ミク,Original,2022-01-30T00:00:00Z,202,0,0,Finished
681124,Baka Mitai,Oten feat. 知声,Cover,2022-02-28T00:00:00Z,100,0,2,Finished
670129,瞳はダイアモンド,Mimisan15 feat. 闇音レンリ,Cover,2022-02-28T00:00:00Z,258,0,0,Finished
669508,Roadstar,Unknown producer(s) feat. V3 GUMI (Power),Unspecified,2022-02-28T00:00:00Z,172,0,0,Draft
668745,いのちの名前,オサキハン feat. ついなちゃん AI,Cover,2022-02-28T00:00:00Z,249,0,0,Finished
653267,不良品,転生 feat. 初音ミク,Original,2022-02-28T00:00:00Z,181,0,0,Finished
652081,Your Melody,synvo feat. 初音ミク V4 (English),Original,2022-02-28T00:00:00Z,88,0,0,Finished
651005,1925,すずく feat. 舞歌エミ,Cover,2022-02-28T00:00:00Z,200,0,0,Finished
641957,僕がモンスターになった日,"PSiCO, Project VOYAKILOID! feat. Fukase (Normal)",Cover,2022-02-28T00:00:00Z,201,0,0,Finished
641324,ヴァンパイア,_KoKo_ feat. F.S.,Cover,2022-02-28T00:00:00Z,181,0,0,Finished
640422,Bom Dia Pessoal (Versão estendida),Lux Magnes feat. 初音ミク NT (Unknown),Remaster,2022-02-28T00:00:00Z,74,1,3,Finished
675843,So Am I,Andyfined - P feat. Mai,Cover,2022-11-14T00:00:00Z,187,0,0,Finished
674503,レコード・レド,Lumiose feat. 夏色花梨,Cover,2022-11-14T00:00:00Z,199,0,0,Finished
669849,カジノ,音知P feat. KAITO V3 (Unknown),Cover,2022-11-14T00:00:00Z,149,0,2,Finished
661983,目指シタ場所ヘ,なないろ feat. 初音ミク,Original,2022-11-14T00:00:00Z,126,0,0,Finished
659260,Lycoris,七篠 feat. 結月ゆかり,Original,2022-11-14T00:00:00Z,151,0,0,Finished
655638,CRYSTAL SHORES,STOOPIDHED feat. Mai,Original,2022-11-14T00:00:00Z,258,0,0,Draft
627779,ANOTHER: ロミオとシンデレラ,Disneyloid feat. 初音ミク V3 (Unknown),MusicPV,2022-11-14T00:00:00Z,288,0,0,Finished
627547,What I've Done,SUSHI feat. Mai,Cover,2022-11-14T00:00:00Z,207,0,0,Finished
626868,桜ノ雨,ソーダウェーブ feat. Mai,Cover,2022-11-14T00:00:00Z,351,0,0,Finished
613598,ナンセンス･コモンセンス,叶芽 feat. 鏡音リン,Original,2022-11-14T00:00:00Z,228,0,0,Finished
444224,秋点マキアート,nogi feat. 初音ミク,Original,2022-10-08T00:00:00Z,152,1,11,Finished
444222,ジャックマン,師子 feat. 初音ミク,Original,2022-10-08T00:00:00Z,161,0,0,Finished
444219,Precious Sound,ska feat. 初音ミク,Original,2022-10-08T00:00:00Z,244,0,0,Finished
444218,Miss Blue,ジョニー feat. すずきつづみ (CeVIO AI),Original,2022-10-08T00:00:00Z,254,0,0,Finished
444216,二つ流れ星,Du-na feat. 結月ゆかり,Original,2022-10-08T00:00:00Z,349,0,0,Finished
444214,クラリス,SEEK feat. 初音ミク,Original,2022-10-08T00:00:00Z,224,1,3,Finished
444213,ワガママ非ューマン,UtopiaLyric feat. 可不,Original,2022-10-08T00:00:00Z,191,1,5,Finished
444212,ヴィクティム,のいざん feat. OИE,Original,2022-10-08T00:00:00Z,171,0,2,Finished
444211,映画好きのふたり,BCNO feat. 初音ミク,Remix,2022-10-08T00:00:00Z,160,0,4,Finished
444207,生きてる意味がわからない,神様うさぎ feat. 初音ミク,Original,2022-10-08T00:00:00Z,141,1,5,Finished
485163,海底蓄音譚,dama feat. 知声,Original,2023-03-19T00:00:00Z,219,3,15,Finished
485161,┯⊂┼⋃┥┑⊂═⊂,中井三十一 feat. パラウイ13号,Original,2023-03-19T00:00:00Z,678,4,14,Finished
485128,Cerebro,RabbitEye-P feat. マクネナナ (日本語),Original,2023-03-19T00:00:00Z,197,1,3,Finished
485121,ラグトレイン（DJ moriking mix）,DJ moriking feat. 歌愛ユキ,Remix,2023-03-19T00:00:00Z,219,0,2,Finished
485120,ストレスガール,だら feat. 初音ミク,Original,2023-03-19T00:00:00Z,211,0,0,Finished
485117,おねだりウィッチ,FunnyMirror feat. 狐子,Original,2023-03-19T00:00:00Z,205,0,0,Finished
485116,404xx,いさふしイチイ feat. 結月ゆかり,Original,2023-03-19T00:00:00Z,190,0,0,Finished
485112,ANEMONE (夜抒remix),夜抒 feat. LUMi,Remix,2023-03-19T00:00:00Z,128,0,0,Finished
485109,つばさ,aro feat. 夏色花梨,Original,2023-03-19T00:00:00Z,301,0,0,Finished
485107,プルケリマ,カミヨラユイ feat. 初音ミク,Original,2023-03-19T00:00:00Z,201,1,3,Finished
514446,Agony,Kuma feat. 初音ミク V4 (English),Original,2023-07-02T00:00:00Z,142,0,2,Finished
513370,妄想感伤代偿联盟,小娜鸽子 feat. unity-chan!,Cover,2023-07-02T00:00:00Z,271,0,0,Finished
513360,FREELY TOMORROW,小娜鸽子 feat. unity-chan!,Cover,2023-07-02T00:00:00Z,245,0,0,Finished
513344,期待通り,Heimatlos feat. HALC@LOID (NNSVS),Cover,2023-07-02T00:00:00Z,178,1,3,Finished
513224,來夏,MixNight feat. 星尘,Original,2023-07-02T00:00:00Z,129,0,0,Finished
513055,例の場所2023,ワイblo. feat. 知声,Original,2023-07-02T00:00:00Z,156,0,0,Finished
512714,Halo,みかも feat. Ci flower,Original,2023-07-02T00:00:00Z,189,1,7,Finished
512707,バイポーラ,"藤花あき feat. 鏡音リン, 初音ミク",Original,2023-07-02T00:00:00Z,110,0,0,Finished
512479,地球最後の告白を,オサキハン feat. 重音テトSV,Cover,2023-07-02T00:00:00Z,264,0,0,Finished
512449,ダリア,aoien feat. 初音ミク,Original,2023-07-02T00:00:00Z,162,0,0,Finished
483111,いつもどおり,フルナギネヲ feat. 初音ミク,Original,2023-03-12T00:00:00Z,46,0,0,Finished
483003,零號OverDose,"NUBruss, HBp feat. 鏡音リン",Original,2023-03-12T00:00:00Z,253,0,2,Finished
482998,Into The Twilight,"Magical Maybe feat. Ninezero, Eleanor Forte AI",Original,2023-03-12T00:00:00Z,175,0,2,Finished
482885,この恋が終わる日,りゅー♪ feat. 初音ミク,Original,2023-03-12T00:00:00Z,225,0,0,Finished
482884,Days,りゅー♪ feat. 初音ミク,Original,2023-03-12T00:00:00Z,208,0,0,Finished
482883,春風を待つ,ニテト feat. 可不,Original,2023-03-12T00:00:00Z,257,0,0,Finished
482460,青春なんて嘘つきだ,はるな。 feat. 初音ミク,Original,2023-03-12T00:00:00Z,195,0,0,Finished
482458,メルト,"wasavi feat. 初音ミク, 音街ウナ (Unknown)",Remix,2023-03-12T00:00:00Z,89,0,0,Finished
482420,Precious,Wide Blue feat. 京町セイカ (Unknown),Original,2023-03-12T00:00:00Z,258,0,0,Finished
482397,夕懐路,Tetoru feat. 初音ミク,Original,2023-03-12T00:00:00Z,228,0,0,Finished
708443,デーモンロード,キノコｐ feat. 重音テトSV,Cover,2023-07-08T00:00:00Z,159,0,2,Finished
703757,まっくらクラクラ,Galliraptor feat. T-50,Cover,2023-07-08T00:00:00Z,220,0,0,Draft
700840,絆ノ奇跡,みくれれP feat. 初音ミク,Cover,2023-07-08T00:00:00Z,156,0,0,Finished
698642,Tarantula,みよ feat. 韵泉,Cover,2023-07-08T00:00:00Z,219,0,0,Finished
696097,likers,"preciousbee feat. 鏡音レン V4 (English), 徵羽摩柯",DramaPV,2023-07-08T00:00:00Z,32,0,0,Finished
683379,DRAGON GAMBLE,"シオン feat. v flower, 戯歌ラカン, 翠乃",Original,2023-07-08T00:00:00Z,199,0,0,Finished
680898,Cien Años,GALVOGUE feat. SOLARIA,Cover,2023-07-08T00:00:00Z,177,0,0,Finished
676011,海に降る雪,のうきん feat. 重音テトSV,Cover,2023-07-08T00:00:00Z,262,0,0,Finished
672649,極彩色の回顧,木目調のヤト feat. 裏命,Original,2023-07-08T00:00:00Z,166,0,0,Finished
668291,My Eternity,"Vee Bee, Vane Lily feat. VEE",Cover,2023-07-08T00:00:00Z,257,0,0,Finished
650284,全然大丈夫じゃない,陣羽たすく feat. 可不,Original,2023-04-05T00:00:00Z,153,0,0,Finished
650138,マーシャル・マキシマイザー,ぺんたろう feat. 重音テト,Cover,2023-04-05T00:00:00Z,25,0,0,Draft
646523,NIGHT DANCER,MIA:KO feat. ついなちゃん AI,Cover,2023-04-05T00:00:00Z,103,0,0,Finished
645758,淡雪ノ詩,Sing a night-海里- feat. 知声,Original,2023-04-05T00:00:00Z,248,0,0,Finished
643873,何故だろうか,takowasu feat. 初音ミク,Original,2023-04-05T00:00:00Z,141,0,0,Finished
640182,きゅんっ！ヴァンパイアガール,KAISKE feat. POPY,Cover,2023-04-05T00:00:00Z,128,0,0,Finished
636047,アカツキアライヴァル,"OΠI SOUL feat. MEIKO, KAITO",Cover,2023-04-05T00:00:00Z,205,0,0,Finished
627764,Cute Medley,bananyacatty feat. v4 flower,Cover,2023-04-05T00:00:00Z,257,0,0,Finished
627754,Alluring Secret ~Black Vow~,bananyacatty feat. 唄音ウタ,Cover,2023-04-05T00:00:00Z,256,0,0,Finished
627569,マトリョシカ,"STELLAR✰WINTER feat. Lucky47, Fukase (Normal)",Cover,2023-04-05T00:00:00Z,201,1,3,Finished
526026,御招キ日和,Kuratu feat. 初音ミク,Original,2023-09-02T00:00:00Z,187,0,0,Finished
526004,愛がめんどくさい,海遊魚 feat. 巡音ルカ,Original,2023-09-02T00:00:00Z,192,0,0,Finished
525978,夏の終わりに,佳花 feat. 小春六花 (Unknown),Original,2023-09-02T00:00:00Z,220,0,0,Finished
525969,人間は人間を嫌い,POCO feat. 巡音ルカ V4X (Unknown),Original,2023-09-02T00:00:00Z,69,0,0,Finished
525962,Rain of Tears,Riz feat. 巡音ルカ,Original,2023-09-02T00:00:00Z,190,1,5,Finished
525926,9月の雨,EAST BEAR HOUSE feat. 巡音ルカ,Original,2023-09-02T00:00:00Z,229,0,2,Finished
525920,何時かの夏、君は綺麗だった。,RuLu feat. 重音テトSV,Cover,2023-09-02T00:00:00Z,223,0,4,Finished
523967,ずんだエビフライ (現役JK Remix),"現役JK feat. ずんだもん, ずんだもん (Seiren Voice), 琴葉茜",Remix,2023-09-02T00:00:00Z,196,0,0,Finished
523965,ずんだエビフライ (DUB),"TAMEYO DUB DESIGN WORKS feat. ずんだもん, ずんだもん (Seiren Voice), 琴葉茜",Remix,2023-09-02T00:00:00Z,202,0,0,Finished
523963,ずんだエビフライ (128 food additive Remix),"赤モ屑ヒツハ feat. ずんだもん, ずんだもん (Seiren Voice), 琴葉茜",Remix,2023-09-02T00:00:00Z,161,0,0,Finished
510372,心中なら名画座で,超新星爆発 feat. 波音リツ AI,Cover,2023-07-03T00:00:00Z,220,0,0,Finished
510369,ウゴウ,この力 feat. 鳴花ヒメ,Original,2023-07-03T00:00:00Z,145,0,0,Finished
510368,mama,めざこ feat. 結月ゆかり,Original,2023-07-03T00:00:00Z,240,0,0,Finished
508872,I am Psychopath (Album Version),"EGIHARU feat. GUMI, V3 GUMI (English)",Cover,2023-07-03T00:00:00Z,392,4,12,Approved
508867,TOXIC LOVE (Blast Version),"EGIHARU feat. GUMI, V3 GUMI (English)",Remix,2023-07-03T00:00:00Z,242,2,6,Finished
1017828,loid finally confessing to yor LETS GOOOOO‼️ (real) ☺️,BerniceDoodles feat. 初音ミク,MusicPV,2023-07-02T00:00:00Z,10,0,0,Finished
1008027,傷つけど、愛してる。,明瞭ふあん feat. 星界,Cover,2023-07-02T00:00:00Z,100,0,0,Finished
981581,馬と鹿,ひだまりこころ feat. ナクモ,Cover,2023-07-02T00:00:00Z,266,0,0,Finished
963333,オワカレ,ルギ・ココノエ feat. 初音ミク,Original,2023-07-02T00:00:00Z,154,0,0,Finished
958121,"I MISSED ""THE SHOCK""",KashTone feat. 花隈千冬,Cover,2023-07-02T00:00:00Z,242,0,0,Finished
709499,深海少女 -deep sea girl-,"竹野そうまつ feat. Benjamin (SoftBF), Boyfriend",Cover,2023-08-06T00:00:00Z,217,0,0,Finished
709340,ANNA,ナキ / ネイロ feat. 初音ミク,Remix,2023-08-06T00:00:00Z,244,0,0,Finished
709276,シロガラス,岬． feat. 初音ミク,Original,2023-08-06T00:00:00Z,173,0,0,Finished
708867,Songbird,Ternox feat. Po-uta,Original,2023-08-06T00:00:00Z,231,1,3,Finished
708643,はいからさんが通る,昆布Ｐ feat. Rana,Cover,2023-08-06T00:00:00Z,284,0,0,Finished
708595,にせものせかい,並木道 feat. v flower,Original,2023-08-06T00:00:00Z,278,0,0,Finished
708556,ヴァンパイア,Earthwyrm-P feat. 健音テイ,Cover,2023-08-06T00:00:00Z,179,0,0,Finished
706022,アンサー,Riku. feat. 初音ミク,Original,2023-08-06T00:00:00Z,230,0,0,Finished
699544,死と腐敗,cicada_sss feat. 初音ミク,Original,2023-08-06T00:00:00Z,320,0,2,Finished
697459,Awoken,Candlesplace feat. 鏡音レン,Cover,2023-08-06T00:00:00Z,276,0,0,Finished
737921,あまいマスク形態とかいう隙まみれレイダー,"Dr.poco2世 feat. 琴葉茜, 琴葉葵",DramaPV,2023-01-24T00:00:00Z,559,0,0,Finished
737498,恋愛裁判,KasaNier feat. 重音テト,Cover,2023-01-24T00:00:00Z,224,0,0,Finished
735978,母親の虐待で狂った主人公のホラーゲーム_前編『Find Yourself』,"しまねげーむず feat. 紲星あかり, 結月ゆかり",DramaPV,2023-01-24T00:00:00Z,944,0,0,Finished
733959,自己紹介,ENcHo feat. 可不,Original,2023-01-24T00:00:00Z,34,0,0,Finished
733430,琴葉茜の警察になって街の治安を守るゲーム,moco78 feat. 琴葉茜,DramaPV,2023-01-24T00:00:00Z,404,0,0,Finished
718953,Right to the Ways and the Rules of the World,ReneSkunk777MC feat. GUMI,Cover,2023-01-24T00:00:00Z,290,0,0,Finished
709873,ラヴラグ,アトリ科ヒワ属のゲン feat. UTA内藤,Cover,2023-01-24T00:00:00Z,133,0,0,Finished
706258,ラグトレイン,ふさなん feat. ゆっくり,Cover,2023-01-24T00:00:00Z,251,0,0,Finished
694000,P.h.,鯨ヶ崎. feat. ねこのティーチくん,Cover,2023-01-24T00:00:00Z,157,0,0,Finished
677169,Flowers,AMA feat. Eleanor Forte AI,Cover,2023-01-24T00:00:00Z,222,0,0,Finished
911409,侍,昴 feat. 初音ミク,Original,2023-07-28T00:00:00Z,235,0,0,Finished
906575,无惑,"梓文Sola, 绝爵子p, 酋长p feat. 星尘",Original,2023-07-28T00:00:00Z,114,0,2,Finished
898347,I'm Just Len,KawaiiRiceBalls feat. 鏡音レン V4 (English),Cover,2023-07-28T00:00:00Z,223,1,5,Finished
893643,petals,"yx2, Kotori feat. 重音テトSV",Original,2023-07-28T00:00:00Z,197,0,2,Draft
886055,FUTURE FUMO DISCO GULAG (Bukkake Baka Remix),Bukkake Baka feat. GUMI,Remix,2023-07-28T00:00:00Z,258,0,0,Finished
886053,Anime Girl,Bukkake Baka,Original,2023-07-28T00:00:00Z,170,0,0,Finished
886052,SF-UR Taipu Beat,Bukkake Baka feat. 鏡音リン,Original,2023-07-28T00:00:00Z,195,0,0,Finished
886051,gay sex is fine,Bukkake Baka feat. 初音ミク,Original,2023-07-28T00:00:00Z,275,0,0,Finished
886050,not breakcore,Bukkake Baka,Original,2023-07-28T00:00:00Z,183,0,0,Finished
886049,cummies,Bukkake Baka feat. GUMI,Original,2023-07-28T00:00:00Z,202,0,0,Finished
677836,Yuzuki Yukari talking in english,Harriet. feat. 結月ゆかり (Unknown),DramaPV,2023-01-08T00:00:00Z,7,0,0,Finished
675100,留守番,DOGGY feat. AKITA INU,Cover,2023-01-08T00:00:00Z,217,0,0,Finished
674938,Why Don't You Do Right,LoverBoy feat. Natalie,Cover,2023-01-08T00:00:00Z,184,1,3,Finished
674683,Let It Go,agohiza feat. 从铮,Cover,2023-01-08T00:00:00Z,222,0,0,Finished
661987,music train,なないろ feat. 初音ミク,Original,2023-01-08T00:00:00Z,172,0,0,Finished
660181,ヒカリ,"PSiCO, Project VOYAKILOID! feat. 鏡音レン V4X (Power), 鏡音リン V4X (Power)",Cover,2023-01-08T00:00:00Z,222,0,0,Finished
653885,my happy time,hayabusaP feat. 初音ミク,Original,2023-01-08T00:00:00Z,88,0,0,Finished
648576,ブライトナイト,浅瀬 feat. 可不,Original,2023-01-08T00:00:00Z,222,0,0,Finished
643718,ミク,Starrii.ust feat. 黒音妖精,Cover,2023-01-08T00:00:00Z,155,0,0,Finished
642125,PaⅢ.SENSATION,"水桃 feat. 無地歌, 足立レイ, 唄音ウタ",Cover,2023-01-08T00:00:00Z,233,0,0,Finished
475201,手紙,九段時雨,Unspecified,2023-02-19T00:00:00Z,0,0,0,Draft
475200,魔王,九段時雨,Unspecified,2023-02-19T00:00:00Z,0,0,0,Draft
475199,Last Dramatic,九段時雨,Unspecified,2023-02-19T00:00:00Z,0,0,0,Draft
475198,葛藤の中で,九段時雨,Unspecified,2023-02-19T00:00:00Z,0,0,0,Draft
475197,花 in the concrate,九段時雨,Unspecified,2023-02-19T00:00:00Z,0,0,0,Draft
475195,こぼればなし,camel-leon feat. 初音ミク,Original,2023-02-19T00:00:00Z,246,0,2,Finished
475094,あとがき,無期懲役 feat. 重音テト,Unspecified,2023-02-19T00:00:00Z,0,0,0,Draft
475091,虚構の世界を巡る。溺れるように翼を広げる貴方を、見つめる,夜風見,Unspecified,2023-02-19T00:00:00Z,0,0,0,Draft
475090,まえがき,溜息吐う feat. 初音ミク,Original,2023-02-19T00:00:00Z,0,0,0,Draft
475089,聖域、謌、舞踊──台本なき演目,夜風見 feat. 重音テト,Original,2023-02-19T00:00:00Z,0,0,0,Finished
806379,Beat Eater,恵奈鳥天 feat. 伊織弓鶴,Cover,2023-01-06T00:00:00Z,218,0,0,Finished
789219,月中天,"梓醴Zly, 桃李醉春风 feat. 洛天依AI",Cover,2023-01-06T00:00:00Z,193,0,0,Draft
781886,ワールズエンド・ダンスホール,"Mark Pacpaco feat. 初音ミク, 巡音ルカ",Remix,2023-01-06T00:00:00Z,214,0,0,Finished
776178,Mai ★Mai ★Night Fever,Heart Roll feat. Mai,Cover,2023-01-06T00:00:00Z,243,0,0,Finished
768363,夜明けの暗号,cage_ feat. 小春六花 AI,Original,2023-01-06T00:00:00Z,142,0,0,Finished
768030,ゴールライン,しゅれふぁんと feat. 重音テト,Cover,2023-01-06T00:00:00Z,254,0,0,Finished
767810,最後の日,saisai feat. 初音ミク,Original,2023-01-06T00:00:00Z,134,0,0,Finished
760422,く〇たしげたかがまどからみている -LONG VER-,藤原ハガネ feat. 唄音ウタ,Remix,2023-01-06T00:00:00Z,156,1,3,Finished
747206,大吉くん,ぶかうっど feat. 初音ミク,Original,2023-01-06T00:00:00Z,110,0,0,Finished
735994,蜘蛛女と美女の出てくるお色気ホラーゲーム_#1『Spider Queen cave』,"しまねげーむず feat. 紲星あかり, 結月ゆかり",DramaPV,2023-01-06T00:00:00Z,976,0,0,Finished
511856,エイタクシー,インターネット温泉 feat. 初音ミク,Original,2023-07-09T00:00:00Z,155,0,0,Finished
511854,梅雨と罪,わにざめ feat. 重音テト,Original,2023-07-09T00:00:00Z,108,0,0,Finished
511853,その刹那,慧 feat. 初音ミク,Original,2023-07-09T00:00:00Z,109,0,0,Finished
511850,blue,Rain Doe feat. GUMI,Original,2023-07-09T00:00:00Z,168,0,0,Finished
511848,アンチテーゼ,夏凪 feat. 初音ミク,Original,2023-07-09T00:00:00Z,146,0,0,Finished
1025626,春を想う,あろあ feat. 初音ミク,Original,2023-07-08T00:00:00Z,148,0,2,Finished
1014097,羊は草原の夢を見る,"とろける豚, Luxel feat. 星界",Original,2023-07-08T00:00:00Z,358,0,0,Finished
1001506,ハイド・アンド・シーク,ツミキ feat. みきまりあ,Original,2023-07-08T00:00:00Z,195,0,4,Finished
974425,365日の紙飛行機,potato boy feat. various,Cover,2023-07-08T00:00:00Z,284,0,0,Finished
959418,セパレイト,不思議の国 feat. MEIKO V3 (Unknown),Cover,2023-07-08T00:00:00Z,213,0,0,Finished
473800,寝ている時が1番幸せ,おいしい無糖。 feat. 夢眠ネム,Original,2023-02-03T00:00:00Z,143,0,0,Finished
473797,Miserable Angel,Digital Rock feat. 初音ミク,Original,2023-02-03T00:00:00Z,240,0,0,Finished
473537,触れど消えないシャボン玉,"ねりきり, ブブゼラ feat. 初音ミク",Original,2023-02-03T00:00:00Z,261,1,3,Finished
473511,ふとんがふっとんだ！,-4℃ feat. 初音ミク,Original,2023-02-03T00:00:00Z,164,0,0,Finished
473501,オナカヘッコメ,はったー feat. 初音ミク,Original,2023-02-03T00:00:00Z,194,1,3,Finished
473462,カレシのジュード,ksm feat. アルスロイド,Cover,2023-02-03T00:00:00Z,133,1,5,Finished
473431,手、洗いましたか？,プレジデント山田 feat. 雨晴はう,Original,2023-02-03T00:00:00Z,76,0,2,Finished
473426,キミの正体,Ms. feat. 初音ミク,Original,2023-02-03T00:00:00Z,244,0,2,Finished
473425,君に朝が来るまで,Ka0717 feat. 初音ミク,Original,2023-02-03T00:00:00Z,270,0,0,Finished
473423,最後の一秒まで,Chiu芽 feat. 初音ミク,Original,2023-02-03T00:00:00Z,175,0,0,Finished
884830,ぽっぴっぽー,A1shat feat. 初音ミク,Remix,2023-12-10T00:00:00Z,235,0,0,Finished
882771,Seguir Viviendo Sin Tu Amor,LUVI feat. 初音ミク V4X (Original),Cover,2023-12-10T00:00:00Z,164,0,0,Finished
871177,虹の橋にて,maho feat. めろう,Original,2023-12-10T00:00:00Z,176,0,0,Finished
868912,マインドブランド,紫川悠也_ feat. Fukase (Unknown),Cover,2023-12-10T00:00:00Z,263,0,0,Finished
860325,In your rainbow,darken drive feat. Mai,Original,2023-12-10T00:00:00Z,230,0,0,Finished
853057,オリジナリティが足りない,加賀美 瀧 feat. Fukase (Unknown),Original,2023-12-10T00:00:00Z,203,0,0,Finished
840330,いかないで,隅上もぐら feat. 形見彼世,Cover,2023-12-10T00:00:00Z,192,0,0,Finished
838214,君は宇宙人,供養 feat. 重音テト,Original,2023-12-10T00:00:00Z,325,1,3,Finished
837130,プラネテス (氷夏 Remix),氷夏 feat. 初音ミク,Remix,2023-12-10T00:00:00Z,148,0,0,Finished
835006,地獄の番人,MA2Ri. feat. 小春六花 AI,Original,2023-12-10T00:00:00Z,202,0,0,Finished
646167,꺼림칙한 아이의 달걀,승하로이드 feat. UTAU (Unknown),Cover,2023-10-01T00:00:00Z,226,0,0,Draft
641732,Coocoo For CocoPPa,Zonnne feat. V3 GUMI (English),Original,2023-10-01T00:00:00Z,126,0,0,Finished
639770,Happy Tetober,"MaddyTheHuman ! feat. 重音テトSV, ANRI, Eleanor Forte",DramaPV,2023-10-01T00:00:00Z,41,0,0,Finished
636557,人マニア,Crayon-P feat. ヒドラ 無限,Cover,2023-10-01T00:00:00Z,129,1,3,Finished
631524,スヂ,keirokeer feat. KEIRO AI (DiffSinger),Cover,2023-10-01T00:00:00Z,213,2,8,Finished
623205,忘却心中,bananyacatty feat. KAITO V3 (Straight),Cover,2023-10-01T00:00:00Z,191,0,0,Finished
622829,スコール,軒下 feat. 花隈千冬,Original,2023-10-01T00:00:00Z,249,0,0,Finished
619425,Grey.,DoraibinP feat. 言和AI,Original,2023-10-01T00:00:00Z,286,0,0,Finished
619189,pumpkin world,きとこ feat. 初音ミク,Original,2023-10-01T00:00:00Z,206,0,0,Finished
610675,耳のあるロボットの唄,BrinnTDS feat. Neko Nakigoe,Cover,2023-10-01T00:00:00Z,215,0,0,Finished
635215,明鏡鬼童,"KittenBri feat. Saki AI, 从铮",Cover,2023-04-30T00:00:00Z,199,0,0,Finished
632845,枯れるまで,air feat. 初音ミク,Original,2023-04-30T00:00:00Z,264,0,0,Finished
631493,スター☆ (M'Lacquer. remix),嵐山潤木 feat. 初音ミク,Remix,2023-04-30T00:00:00Z,220,0,0,Finished
631492,ここんとこあ (俗物 remix),俗物 feat. 初音ミク,Remix,2023-04-30T00:00:00Z,267,0,0,Finished
631491,The SQUALL,foi,Original,2023-04-30T00:00:00Z,0,0,0,Finished
631490,路地,俗物 feat. 初音ミク,Original,2023-04-30T00:00:00Z,0,0,0,Finished
631489,UNLEASH,foi,Original,2023-04-30T00:00:00Z,0,0,0,Finished
631488,熱暴走,俗物 feat. 初音ミク,Original,2023-04-30T00:00:00Z,0,0,0,Finished
631487,つぶつぶ・ポップ,嵐山潤木,Original,2023-04-30T00:00:00Z,0,0,0,Finished
631486,にどれに,嵐山潤木 feat. 可不,Original,2023-04-30T00:00:00Z,0,0,0,Finished
582743,ナイトルール,なたね feat. 木枯くるり,Cover,2023-12-25T00:00:00Z,250,0,0,Finished
582348,毎々舞々幸吹雪,きゅおんママ feat. Synthesizer V AI Megpoid,Cover,2023-12-25T00:00:00Z,271,0,0,Finished
582148,テオ,Kemurine Neko feat. 符色,Cover,2023-12-25T00:00:00Z,216,0,0,Finished
581999,頬が乾くまで,ディファレス feat. Dr.誰か,Cover,2023-12-25T00:00:00Z,201,0,0,Finished
581703,CORUSCATE -DNA-,りりててて feat. ROSE,Cover,2023-12-25T00:00:00Z,119,0,0,Finished
581048,鬱色なガール,"狼ナツヨ🐾 feat. 可不, ずんだもん",Original,2023-12-25T00:00:00Z,119,1,5,Finished
579248,あっち向いてホイ,あまね゜ feat. v flower,Original,2023-12-25T00:00:00Z,221,0,0,Finished
578817,HYBRID,どと feat. DOHAN Mori,Cover,2023-12-25T00:00:00Z,203,0,0,Finished
577994,べっくかの〜ぷす,無名れも feat. 軽無オクタ,Original,2023-12-25T00:00:00Z,91,0,0,Finished
577681,氷水色,鯖と颯天は腐りかけが美味い feat. 白冷コオリ,Cover,2023-12-25T00:00:00Z,197,1,3,Finished
735609,古い屋敷で化け物に追われる昭和の田舎ホラー『ウツロマユ』#2,"しまねげーむず feat. 紲星あかり, 結月ゆかり",DramaPV,2023-12-08T00:00:00Z,1793,0,0,Finished
733053,琴葉茜と紲星あかりとサーモンがうまそうな寿司ゲー,"moco78 feat. 琴葉茜, 紲星あかり",DramaPV,2023-12-08T00:00:00Z,444,0,0,Finished
733052,琴葉茜と紲星あかりとサーモンがうまそうな寿司ゲー,"moco78 feat. 琴葉茜, 紲星あかり",DramaPV,2023-12-08T00:00:00Z,444,0,0,Finished
733048,結月ゆかりと紲星あかりがバニー雑談する動画,"moco78 feat. 紲星あかり, 結月ゆかり",DramaPV,2023-12-08T00:00:00Z,117,0,0,Finished
732444,Still Monster,narukka feat. 星尘Infinity,Cover,2023-12-08T00:00:00Z,190,0,0,Finished
731456,サンシャイン頑張る紲星 #009,ごま feat. 紲星あかり,DramaPV,2023-12-08T00:00:00Z,605,0,0,Finished
726988,Sleepwalk,なとり,Original,2023-12-08T00:00:00Z,149,0,0,Finished
724849,Rainbow Girl,KBeats feat. 花隈千冬,Remix,2023-12-08T00:00:00Z,129,0,0,Finished
712132,眠れる王子,たんたるそーす feat. 鏡音レン,Original,2023-12-08T00:00:00Z,150,0,2,Finished
710519,飛願,MokuzMusic feat. 可不,Original,2023-12-08T00:00:00Z,260,0,0,Finished
768004,お呪い,ଳ feat. ねこのティーチくん,Cover,2023-02-15T00:00:00Z,116,0,0,Finished
767615,ビターチョコデコレーション,柠布不是one feat. ねこのティーチくん,Cover,2023-02-15T00:00:00Z,198,0,0,Finished
761943,愛が灯る,MIMI feat. にんじん,Original,2023-02-15T00:00:00Z,200,0,2,Finished
755313,デビルじゃないもん,"解剖長 feat. 木場津戀糸, 津井スミ",Cover,2023-02-15T00:00:00Z,164,0,0,Finished
749054,バンディリア旅行団,HolynnC feat. 天川セイ,Cover,2023-02-15T00:00:00Z,306,0,0,Finished
743524,メランコリア,未来P feat. 初音ミク,Original,2023-02-15T00:00:00Z,96,0,0,Finished
741771,ハイパーインフレーション・マーセナリースクラッパー,CoffeeCat12 feat. 欲音ルコ♂,Cover,2023-02-15T00:00:00Z,144,0,0,Finished
738178,幾望の月,Chekolatoso feat. 結月ゆかり V4 (Unknown),Cover,2023-02-15T00:00:00Z,294,0,0,Finished
735965,ヤンデレヒロインの正体が判明、バッドエンドが多すぎるホラーゲーム END3&5_#5『ラブラブスクールデイズ』,"しまねげーむず feat. 紲星あかり, 結月ゆかり",DramaPV,2023-02-15T00:00:00Z,1225,0,0,Finished
731769,呼噜噜火箭科学！！！,"南极老飞禽, 九清灯 feat. 洛天依AI",Original,2023-02-15T00:00:00Z,214,0,2,Finished
493946,File:01,"夏目咲希 feat. 初音ミク, Fukase (Unknown)",Original,2023-04-20T00:00:00Z,86,1,7,Finished
493945,w/o U,ごめんなさいが言えなくて feat. 鏡音リン,Remix,2023-04-20T00:00:00Z,281,0,6,Finished
493944,清清青春物語,こめぬか.bit feat. 初音ミク,Original,2023-04-20T00:00:00Z,119,0,0,Finished
493943,Future Tonight!!,Mou'd feat. 初音ミク,Original,2023-04-20T00:00:00Z,249,0,0,Finished
493928,エンヴィーベイビー,carryingstarlightinherwake feat. JUN,Cover,2023-04-20T00:00:00Z,137,0,2,Finished
493896,めめしぃ,"RIKKIRIK feat. 奏兎める, 遙",Cover,2023-04-20T00:00:00Z,188,0,2,Finished
493876,花よ,ろくでなし feat. Ci flower,Original,2023-04-20T00:00:00Z,192,0,2,Finished
493796,インターフェース,"Albionne feat. 鏡音レン V4X (Unknown), Oliver",Cover,2023-04-20T00:00:00Z,239,1,7,Finished
493780,Lies,"noki P feat. 初音ミク, 初音ミク V4 (English)",Original,2023-04-20T00:00:00Z,245,0,0,Finished
493770,パラソルサイダー,"Colorful Palette feat. 巡音ルカ, MEIKO",Cover,2023-04-20T00:00:00Z,91,1,9,Finished
484657,STAR BLUE,あたる feat. IA (CeVIO AI),Original,2023-03-19T00:00:00Z,252,0,0,Finished
484621,弾丸ライナー,siruba feat. GUMI,Original,2023-03-19T00:00:00Z,131,1,3,Finished
484616,セーラー服とみかんジュース,ベコネネ feat. 鏡音レン,Original,2023-03-19T00:00:00Z,159,1,5,Finished
484601,witch,"みつばちぼっち, びび feat. 鏡音リン, 鏡音レン",Original,2023-03-19T00:00:00Z,203,2,20,Finished
484599,フィクション・ワンダーアリス,"ぽんず feat. 初音ミク, 夏色花梨",Original,2023-03-19T00:00:00Z,185,0,0,Finished
484587,Candy Kiss -10th Anniv. Remix-,環ネコ feat. KAITO V3 (English),Remix,2023-03-19T00:00:00Z,242,0,4,Finished
484585,カルト,kook feat. 初音ミク,Original,2023-03-19T00:00:00Z,193,1,5,Finished
484584,孤雲にて,ryuryu feat. 初音ミク,Original,2023-03-19T00:00:00Z,283,3,15,Finished
484581,リパロディ,Yes feat. 可不,Original,2023-03-19T00:00:00Z,187,0,0,Finished
484580,狂っちまうよ。,川﨑ノーチラス feat. 可不,Original,2023-03-19T00:00:00Z,194,1,3,Finished
493744,ノンブレス・オブリージュ,Urabe No Sekai feat. MEIKO V3 (Unknown),Cover,2023-04-20T00:00:00Z,209,0,0,Finished
493741,平凡で,甘草 feat. 重音テト,Original,2023-04-20T00:00:00Z,160,1,3,Finished
493740,君はできない子,arvo feat. 鏡音レン,Cover,2023-04-20T00:00:00Z,261,0,2,Finished
493729,Heart of Gold,Various artists,Original,2023-04-20T00:00:00Z,181,5,25,Finished
493725,SUSHI-GO-ROUND,Yin-P feat. 知声,Cover,2023-04-20T00:00:00Z,190,0,0,Finished
738381,SCAPEG​♾​AT,TeionLeeIRL feat. various,Cover,2023-01-20T00:00:00Z,267,1,3,Finished
737923,クソ真面目にセルのコツを解説するだけのクソつまらん動画,"Dr.poco2世 feat. 琴葉茜, 琴葉葵",DramaPV,2023-01-20T00:00:00Z,374,0,0,Finished
737505,テオ,KasaNier feat. 重音テト,Cover,2023-01-20T00:00:00Z,211,0,0,Finished
734398,琴葉茜、DLC最強武器の代償がヤバすぎて散る,"moco78 feat. 琴葉茜, 琴葉葵",DramaPV,2023-01-20T00:00:00Z,434,0,0,Finished
722218,Begin Again,Keelo79 feat. Natalie,Cover,2023-01-20T00:00:00Z,175,0,0,Finished
714833,マザーデイズ,ぬぷぬ feat. 初音ミク,Cover,2023-01-20T00:00:00Z,214,0,0,Finished
714416,星与心向,洛雨尘风L feat. 洛天依AI,Original,2023-01-20T00:00:00Z,221,0,0,Finished
710819,フロートプレイ,HAI-D feat. Mai,Cover,2023-01-20T00:00:00Z,243,0,2,Finished
692172,フォニイ,lulul feat. 欲音ルコ♂,Cover,2023-01-20T00:00:00Z,188,0,0,Finished
686961,栀子和琦萱祝大家新年快乐~,"绎塔 feat. 东方栀子Era, 绮萱",DramaPV,2023-01-20T00:00:00Z,42,0,0,Finished
521727,マーシャル・マキシマイザー,ケンタウロス feat. 花隈千冬,Remix,2023-08-05T00:00:00Z,164,0,0,Finished
521725,強風オールバック,星海 feat. 紲星あかり,Remix,2023-08-05T00:00:00Z,122,0,2,Finished
521724,砂上の歩き方,ぐちり feat. 初音ミク V4X (Unknown),Remix,2023-08-05T00:00:00Z,223,0,2,Finished
521723,ホシアイ,TKN feat. GUMI,Remix,2023-08-05T00:00:00Z,240,0,0,Finished
521722,アンノウン・マザーグース,カナン feat. 初音ミク,Remix,2023-08-05T00:00:00Z,310,0,2,Finished
521721,一千光年,qqぃqq feat. various,Remix,2023-08-05T00:00:00Z,186,0,2,Finished
521718,なんてね,Xack feat. 重音テトSV,Remix,2023-08-05T00:00:00Z,80,2,6,Finished
521717,キャットラビング / Hardstyle Remix,音無あふ feat. 初音ミク,Remix,2023-08-05T00:00:00Z,141,0,8,Finished
521715,Tell Your World,あかちゃん・シティ・ポップ feat. 初音ミク,Remix,2023-08-05T00:00:00Z,314,0,4,Finished
521712,おくすり飲んで寝よう,ながそば feat. 葛駄夜音,Remix,2023-08-05T00:00:00Z,161,0,2,Finished
472896,青春アミーゴ,"ゆずごしょう feat. 双葉湊音, すずきつづみ (CeVIO AI)",Cover,2023-02-02T00:00:00Z,277,0,0,Finished
472893,humming,レイ feat. 初音ミク,Original,2023-02-02T00:00:00Z,207,0,0,Finished
472892,とある少女の物語,ペルソナ feat. 初音ミク,Original,2023-02-02T00:00:00Z,245,0,0,Finished
472885,アネモネ,藍 feat. 初音ミク,Original,2023-02-02T00:00:00Z,88,0,0,Finished
472870,EDGELORD,вездещящий feat. 音街ウナ Spicy,Original,2023-02-02T00:00:00Z,235,0,0,Finished
472867,That Is Okay,Syori feat. 鏡音リン V4 (English),Original,2023-02-02T00:00:00Z,140,0,4,Finished
472865,Just For Tonight,"SomeRandomDraws feat. Ogata Masato, 狼歌アズマ",Cover,2023-02-02T00:00:00Z,222,1,3,Finished
472859,G⁶⁴(710),全てこれらの所為です。 feat. 唄音ウタ,Original,2023-02-02T00:00:00Z,267,1,3,Finished
472849,Parasuicide,Alissi-P feat. 小春六花 Standard,Cover,2023-02-02T00:00:00Z,190,0,0,Finished
472847,╵╵,月毛 feat. 唄音ウタ,Original,2023-02-02T00:00:00Z,131,1,3,Finished
488276,ココロワカラナイ,きのみはどんぐり feat. 足立レイ,Original,2023-03-18T00:00:00Z,218,0,0,Finished
488275,だってボクはおひめさまっ♡,"A1shat feat. 春歌ナナ, MEIKO V3 (Unknown), 栗田まろん",Original,2023-03-18T00:00:00Z,245,1,3,Finished
488274,量産型砂糖少女,筑紫 椿 feat. 春歌ナナ,Original,2023-03-18T00:00:00Z,336,0,0,Finished
488272,暗ノウン,心気楼 feat. 東北きりたん,Original,2023-03-18T00:00:00Z,185,0,0,Finished
488270,モラトリアム,shima feat. GUMI,Original,2023-03-18T00:00:00Z,246,0,0,Finished
488268,エレクトリック・エレキギター,ヌマタ feat. 初音ミク,Original,2023-03-18T00:00:00Z,154,0,0,Finished
488265,ナイタリウム,らむぴろ feat. 初音ミク,Original,2023-03-18T00:00:00Z,221,1,3,Finished
488264,kingyo,あめあられ feat. 初音ミク,Original,2023-03-18T00:00:00Z,178,0,2,Finished
488261,バーズアイ・ビュー,Fuuuu feat. 初音ミク,Original,2023-03-18T00:00:00Z,154,0,0,Finished
488260,くだらない,PureTipe feat. 初音ミク,Original,2023-03-18T00:00:00Z,133,0,0,Finished
572032,アイラブチュ〜,アァ虫 s feat. 初音ミク,Remaster,2023-05-27T00:00:00Z,112,0,0,Finished
569675,あさやけもゆうやけもないんだ,まおたん feat. 可不,Cover,2023-05-27T00:00:00Z,187,0,0,Finished
569088,湯の町エレジー,ヒロとルカ feat. 巡音ルカ,Cover,2023-05-27T00:00:00Z,216,0,0,Finished
569087,あなたと共に,ヒロとルカ feat. 巡音ルカ,Cover,2023-05-27T00:00:00Z,195,0,0,Finished
567530,Honey I'm Home,Impko-P feat. ANRI,Cover,2023-05-27T00:00:00Z,217,0,0,Finished
560205,バイバイ大会,櫻糀あめ feat. 初音ミク,Original,2023-05-27T00:00:00Z,161,0,0,Finished
560119,アイに夢を,"ぼいどす feat. 可不, 東北きりたん",Original,2023-05-27T00:00:00Z,300,0,0,Finished
558788,アイドル,風見嬢句 feat. 星界,Cover,2023-05-27T00:00:00Z,213,0,0,Finished
557483,Midsummer,kaimas feat. Mai,Original,2023-05-27T00:00:00Z,267,0,0,Finished
556068,大変やかましい小夜ミコTTの漫才耳かき,"しらたき feat. 小夜, ナースロボ＿タイプＴ, 櫻歌ミコ",DramaPV,2023-05-27T00:00:00Z,576,0,0,Finished
770623,電波未来,アマガサ feat. 初音ミク,Original,2023-08-05T00:00:00Z,244,0,0,Finished
770622,AIになりたい,yamori feat. 初音ミク,Original,2023-08-05T00:00:00Z,216,0,0,Finished
770621,僕らの水彩は卑屈なまま消える,Massy / まっしー feat. 初音ミク,Original,2023-08-05T00:00:00Z,264,0,0,Finished
770608,パーツエンパーツ・イン・バース,新見凶犬 feat. 初音ミク,Original,2023-08-05T00:00:00Z,152,0,0,Finished
770607,1805,6ИOl∀ feat. 初音ミク,Original,2023-08-05T00:00:00Z,202,0,0,Finished
770606,ゴーストアップル,しゅばりゃんせ feat. 初音ミク,Original,2023-08-05T00:00:00Z,137,0,0,Finished
770605,セイ！,にわか雨 feat. 初音ミク,Original,2023-08-05T00:00:00Z,106,0,0,Finished
770604,雑食動物,"DOS, 懵逼的函数P feat. 初音ミク",Original,2023-08-05T00:00:00Z,167,0,0,Finished
770603,アカイイト,ゲツジツ feat. 初音ミク,Original,2023-08-05T00:00:00Z,131,0,0,Finished
770601,あざといっくがーる,紅奏エダン feat. 初音ミク,Original,2023-08-05T00:00:00Z,113,0,0,Finished
517100,うみなおし,Kemurine Neko feat. 重音テトSV,Cover,2023-07-05T00:00:00Z,249,0,0,Finished
517093,失敗作少女,Kemurine Neko feat. 初音ミク V4X (Original),Cover,2023-07-05T00:00:00Z,190,0,0,Finished
515926,可愛くてごめん,セブヶ崎詠人 feat. 京町セイカ (Unknown),Cover,2023-07-05T00:00:00Z,217,0,0,Finished
515925,私はライト版,BB feat. 京町セイカ AI,Original,2023-07-05T00:00:00Z,201,0,0,Finished
515924,ネオセイカ,とりごや feat. 京町セイカ AI,Original,2023-07-05T00:00:00Z,169,3,11,Finished
515919,精華町のいちご,水っぽいスープ feat. 京町セイカ (Unknown),Original,2023-07-05T00:00:00Z,64,0,0,Finished
515918,世界は恋に落ちている,ゆいんぐらげ feat. 京町セイカ AI,Cover,2023-07-05T00:00:00Z,312,0,0,Finished
515908,コンディション・グリーン～緊急発進～,KashTone feat. 京町セイカ AI,Cover,2023-07-05T00:00:00Z,234,0,0,Finished
515907,ワンダーランド,horihori feat. 京町セイカ AI,Cover,2023-07-05T00:00:00Z,244,0,0,Finished
515902,アオに溺れる,MIG feat. 京町セイカ (Unknown),Cover,2023-07-05T00:00:00Z,289,0,0,Finished
566137,サヨナラはイヴに置いてきます,ヲタ乙 feat. 結月ゆかり,Original,2023-12-22T00:00:00Z,321,0,0,Finished
566136,ラビットホール,Buncha feat. 結月ゆかり 麗,Cover,2023-12-22T00:00:00Z,166,0,2,Finished
566135,LIFE,"Stella feat. 紲星あかり, 結月ゆかり V4 (Unknown)",Cover,2023-12-22T00:00:00Z,216,0,0,Finished
566133,Girls,"君臨徳雷克, Mrwhite0093 feat. 結月ゆかり, 紲星あかり",Cover,2023-12-22T00:00:00Z,240,0,2,Finished
566130,All That I Needed (Was You),"Moge feat. 結月ゆかり, 紲星あかり",Cover,2023-12-22T00:00:00Z,172,0,0,Finished
566125,ねぇねぇねぇ,"於菟 feat. 結月ゆかり, 紲星あかり",Cover,2023-12-22T00:00:00Z,208,0,0,Finished
566124,クーネル・エンゲイザー,"みやま feat. 結月ゆかり 麗, 紲星あかり",Cover,2023-12-22T00:00:00Z,230,0,0,Finished
1003593,歩くことを止めたくないんだ,Lapisp feat. 蒼姫ラピス,Original,2023-12-21T00:00:00Z,210,0,0,Finished
1001044,invisible,"Hex Automata feat. Metamorph, Memz",Cover,2023-12-21T00:00:00Z,219,0,0,Finished
997207,8番出口,シャチ feat. ゲキヤク,Cover,2023-12-21T00:00:00Z,75,0,0,Finished
723536,genesis,Huuvi feat. 初音ミク,Original,2024-12-17T00:00:00Z,111,0,0,Finished
721940,イタキャク,クロワナ feat. 鏡音リン,Original,2024-12-17T00:00:00Z,221,0,0,Finished
721223,BUTCHER VANITY,TheCipherEffect feat. ゲキヤク,Cover,2024-12-17T00:00:00Z,188,0,0,Finished
720862,Amazing Love！,とらい feat. Synthesizer V AI Megpoid,Original,2024-12-17T00:00:00Z,153,0,0,Finished
720428,VOiCE,Hitogirai-P feat. 欲音ルコ♂,Cover,2024-12-17T00:00:00Z,277,2,6,Finished
720014,モニタリング,たじ feat. 京音ロン,Cover,2024-12-17T00:00:00Z,181,0,0,Finished
719941,再,全て創られたものです。 feat. ナースロボ＿タイプＴ,Original,2024-12-17T00:00:00Z,103,1,3,Finished
719517,Miss Death's Idol,"Rosie feat. 気球音アイコ, 波音ツ",Cover,2024-12-17T00:00:00Z,172,0,0,Finished
718480,Nosy,かみかげ feat. 重音テトSV,Cover,2024-12-17T00:00:00Z,105,0,0,Finished
718298,見ないで。,"深之 feat. 可不, 歌愛ユキ",Original,2024-12-17T00:00:00Z,138,0,2,Finished
782916,break time,さめこうもり,Unspecified,2024-09-09T00:00:00Z,90,0,0,Draft
782915,It's freezing cold outside.,Hatahata,Unspecified,2024-09-09T00:00:00Z,300,0,0,Draft
782914,Yukkrit,兎角菫 feat. various,Unspecified,2024-09-09T00:00:00Z,137,0,0,Draft
782913,あなたにモカチーノ,Ririwo,Unspecified,2024-09-09T00:00:00Z,178,0,0,Draft
782912,Non-Sense Paraerede,Unseen Driver,Unspecified,2024-09-09T00:00:00Z,94,0,0,Draft
782911,快哉コンフリクト,Various artists,Original,2024-09-09T00:00:00Z,223,0,0,Draft
782910,ranunculus,右角,Unspecified,2024-09-09T00:00:00Z,191,0,0,Draft
782909,From Here,FlowFox,Original,2024-09-09T00:00:00Z,275,0,0,Draft
780738,Twisting,Melocactus feat. various,Cover,2024-09-09T00:00:00Z,115,0,0,Finished
778378,今日が増えた今に喜ぼう,"ねぴのしん, z-lab Fantasia feat. 重音テトSV",Original,2024-09-09T00:00:00Z,227,0,0,Finished
662693,Pink Pic Peak,INuya feat. 初音ミク,Original,2024-08-15T00:00:00Z,192,0,2,Finished
662586,ネコと胡桃のキャビネット,ジャガタロイモ feat. 小夜,Original,2024-08-15T00:00:00Z,57,0,0,Finished
662562,かいじゅうの子,浅香傘 feat. GUMI,Original,2024-08-15T00:00:00Z,233,0,0,Finished
662560,夜、移りゆく,淡雪こだま feat. 初音ミク,Original,2024-08-15T00:00:00Z,104,0,4,Finished
662557,空瓶にヘデラを生けて,あじさい feat. 初音ミク,Original,2024-08-15T00:00:00Z,213,0,0,Finished
662555,夏に漕ぐ,iofy feat. 初音ミク,Original,2024-08-15T00:00:00Z,224,0,0,Finished
662554,ブラック・グラスホッパー,"三滝三零 feat. 鏡音リン, 鏡音レン",Original,2024-08-15T00:00:00Z,197,0,2,Finished
662550,じゃない。,"PSQUARE feat. 夏色花梨, 重音テトSV",Original,2024-08-15T00:00:00Z,203,0,0,Finished
662463,360,marciesss feat. 重音テトSV,Cover,2024-08-15T00:00:00Z,132,1,3,Finished
662422,te源n,"Aポエット feat. 唄音ウタ, 重音テト",Original,2024-08-15T00:00:00Z,311,0,0,Finished
648902,8番出口,Astrophel feat. リング・スズネ,Cover,2024-05-09T00:00:00Z,75,1,3,Finished
648707,ミセエネン,상어 feat. 型番不明,Cover,2024-05-09T00:00:00Z,285,0,0,Finished
646462,butcher vanity,ensoua feat. 桃音モモ,Cover,2024-05-09T00:00:00Z,188,0,0,Finished
646043,言い訳づくりと五月病,"saretra05 feat. 重音テトSV, 唄音ウタ",DramaPV,2024-05-09T00:00:00Z,102,0,0,Finished
644247,Pero Me Acuerdo de Ti,Mar Smaae feat. MAIKA,Cover,2024-05-09T00:00:00Z,265,0,0,Finished
642303,スノーマン,Urabe No Sekai feat. 重音テトSV,Cover,2024-05-09T00:00:00Z,226,0,2,Finished
642167,Mesmerizer,"harukoshi feat. 鳴花ヒメ, 水琴",Cover,2024-05-09T00:00:00Z,157,0,0,Finished
640438,DESTROY‼️,daisychannel feat. 鏡音リン V4X (Unknown),Cover,2024-05-09T00:00:00Z,129,0,0,Finished
640288,テストパターン,"DJ WILDPARTY, フロクロ feat. 重音テト",Original,2024-05-09T00:00:00Z,169,2,18,Finished
639161,通り雨,Rei feat. 重音テトSV,Original,2024-05-09T00:00:00Z,151,0,0,Finished
934580,作った,カゲノソラ feat. v flower,Original,2024-06-29T00:00:00Z,21,0,0,Finished
934036,サンドリヨン,"Jose V4 feat. Fukase (Unknown), 初音ミク",Cover,2024-06-29T00:00:00Z,282,0,0,Finished
928934,366日,"らむら feat. 虚音イフ, 有響シロ",Cover,2024-06-29T00:00:00Z,347,0,0,Finished
926042,ガラクタ,KABOCHAN feat. 鏡音リン,Original,2024-06-29T00:00:00Z,253,0,2,Finished
907434,Blind,Sec: feat. 初音ミク,Original,2024-06-29T00:00:00Z,264,0,0,Finished
907395,あなたを鳴らせるように。,"3p4P feat. IA, 結月ゆかり, GUMI",Original,2024-06-29T00:00:00Z,152,0,2,Finished
904699,Welcome to Illusonia,"MagicCat feat. MICHELLE, HARUKA",Original,2024-06-29T00:00:00Z,283,0,0,Finished
898835,黒色ライフ,Rhino feat. 初音ミク,Original,2024-06-29T00:00:00Z,70,0,0,Finished
879858,Convolvulus,kamokage feat. VY1V4 (Unknown),Original,2024-06-29T00:00:00Z,296,0,0,Finished
876380,鏡面の波,"HaloPiece feat. Yuma, 猫村いろは",Cover,2024-06-29T00:00:00Z,267,0,0,Finished
809734,歌うbot,flansix feat. 重音テト,Cover,2024-05-16T00:00:00Z,124,0,0,Finished
806685,ふんわりディスコード,"江一_tsnookrmn feat. タクメ, 厨音咲夜",Cover,2024-05-16T00:00:00Z,194,0,0,Finished
804367,迷路,旅人 feat. 初音ミク,Original,2024-05-16T00:00:00Z,204,0,0,Finished
798978,shitty-miku-song,"joedozer469 feat. 初音ミク, 鏡音リン",Original,2024-05-16T00:00:00Z,45,0,2,Finished
798051,고민중독,취미생활 趣味生活 feat. 카논 매그놀리아,Cover,2024-05-16T00:00:00Z,76,0,0,Finished
796879,すーぱー☆あふぇくしょん,"焙煎kakao feat. 小春六花 AI, 小春六花 Standard",Cover,2024-05-16T00:00:00Z,100,0,0,Finished
796314,炉心融解 (FAIZ & Ichii BOOTLEG),"Ichii, FAIZ feat. 鏡音リン",Remix,2024-05-16T00:00:00Z,251,0,0,Finished
792955,迷っているあなたへ,Yaban feat. 初音ミク,Original,2024-05-16T00:00:00Z,211,0,0,Finished
792387,ロベリア,ドクチクワ feat. フィーちゃん,Cover,2024-05-16T00:00:00Z,288,0,0,Finished
784612,逆火,Taisuei feat. Ninezero,Original,2024-05-16T00:00:00Z,205,0,4,Finished
575727,Petit bour,アイスクリーム食べ太郎 feat. 初音ミク,Original,2024-01-18T00:00:00Z,224,0,0,Finished
575726,雨と花瓶,Walker feat. 裏命,Original,2024-01-18T00:00:00Z,139,0,0,Finished
1029225,世末积雨云,Hatu_ feat. 洛天依AI (X Studio),Cover,2024-01-17T00:00:00Z,286,0,0,Finished
1016019,寂しさを抱いて,Takahiro Kanata feat. 初音ミク,Original,2024-01-17T00:00:00Z,225,0,0,Finished
1004471,Oh Happy Day,"Z.J Kendic feat. Fukase (English), 初音ミク V4 (English), KAITO V3 (English)",Cover,2024-01-17T00:00:00Z,270,0,0,Finished
1003592,ブレインキャンドル,ナノチャート feat. 蒼姫ラピス,Original,2024-01-17T00:00:00Z,186,0,0,Finished
989199,名前,"ゲスト feat. さとうささら, すずきつづみ, タカハシアマト",DramaPV,2024-01-17T00:00:00Z,21,0,0,Finished
983134,登録者が１人か２人でも、最新曲で再生回数が５０００００回あったら、君に釣り合うといいな。,ぃるすぴ〜 feat. various,Original,2024-01-17T00:00:00Z,66,0,0,Finished
947604,ハザード,霜湯 feat. ナースロボ＿タイプＴ,Original,2024-01-17T00:00:00Z,194,0,0,Finished
908863,こっち向いて Baby,cale_404 feat. Squid Act 2,Cover,2024-01-17T00:00:00Z,212,0,0,Finished
642658,见,ミ瑞 feat. 汎用式概念χ,Original,2024-06-21T00:00:00Z,228,2,12,Finished
642657,バイタリティ,0o feat. v flower,Original,2024-06-21T00:00:00Z,254,0,0,Finished
642656,セイハロー,aliceBlue feat. 初音ミク,Original,2024-06-21T00:00:00Z,166,0,2,Finished
642643,フアンテイム,絶海 feat. 初音ミク,Original,2024-06-21T00:00:00Z,271,4,16,Finished
642641,恐怖！破綻！暴力性！,兎胎虚無子 feat. 鏡音リン,Original,2024-06-21T00:00:00Z,116,37,175,Finished
642639,マグノーリア,Mused feat. 鳴花ヒメ,Original,2024-06-21T00:00:00Z,201,0,6,Finished
642635,スカッと爽快,罪草 feat. 初音ミク,Original,2024-06-21T00:00:00Z,143,2,20,Finished
642634,曇天の蝉,Kuratu feat. 初音ミク,Original,2024-06-21T00:00:00Z,243,0,0,Finished
642626,㋰責任集合体,Optikaros feat. David Balloons,Cover,2024-06-21T00:00:00Z,209,0,0,Finished
642625,プレシャス・ラブ,Yab. feat. Synthesizer V AI Megpoid,Cover,2024-06-21T00:00:00Z,228,1,7,Finished
797094,少女レイ,衣更着ミサキ feat. 水奈瀬リト,Cover,2024-08-25T00:00:00Z,288,1,5,Finished
797058,Emote: Liar Dancer (Extended Mix),"remi, KasaneGunner feat. 重音テトSV",Remix,2024-08-25T00:00:00Z,26,0,2,Finished
796573,トゥトゥトゥ・ホテル,いち/1g feat. 初音ミク,Original,2024-08-25T00:00:00Z,54,1,3,Finished
790556,湿度67%,y4ttaze feat. ナクモ,Original,2024-08-25T00:00:00Z,172,0,0,Finished
786712,プリズム,Mass feat. 結月ゆかり V4 (穏),Original,2024-08-25T00:00:00Z,219,0,2,Finished
780471,ワンダラー,もち feat. 雪歌ユフ,Cover,2024-08-25T00:00:00Z,201,0,0,Finished
777121,生きがい,Charo feat. 重音テトSV,Original,2024-08-25T00:00:00Z,158,0,0,Finished
777120,幸せになれたら,Charo feat. 重音テトSV,Original,2024-08-25T00:00:00Z,199,0,0,Finished
776026,Alice,娯楽の犬 feat. 初音ミク,Original,2024-08-25T00:00:00Z,242,0,0,Finished
775927,サッドガール・ダンス,DECO*27 feat. 初音ミク,MusicPV,2024-08-25T00:00:00Z,25,0,0,Finished
822572,化けの花,Circled Quadrat feat. 春歌ナナ,Cover,2024-11-04T00:00:00Z,118,0,2,Finished
821902,weathergirl,Chrysoprase feat. Kevin,Cover,2024-11-04T00:00:00Z,263,1,3,Finished
819713,遺骸を背負って果てまでも,385 feat. 四国めたん (Unknown),Cover,2024-11-04T00:00:00Z,232,0,0,Finished
817897,IF,"torogu feat. 雪歌ユフ, 滲音かこい",Original,2024-11-04T00:00:00Z,110,0,0,Finished
817476,ロキ,"やなぎば一樹 feat. V4 神威がくぽ (Unknown), フリモメン",Cover,2024-11-04T00:00:00Z,230,0,0,Finished
808530,Color of Drops,Hime feat. MEIKO V3 (Unknown),Cover,2024-11-04T00:00:00Z,286,0,0,Finished
805943,電子の海を漂流するLoveletter,梁井柊汰 feat. ROSE,Original,2024-11-04T00:00:00Z,128,0,0,Finished
801683,化けの花,ea feat. 重音テト,Cover,2024-11-04T00:00:00Z,117,0,0,Finished
800791,HOMOpH1/Homophone（谐音）,GeeserGSR feat. 足立レイ,Original,2024-11-04T00:00:00Z,113,0,0,Finished
798825,春夏秋冬Let'sパーリーなう！！,"幻愛 feat. 練桃ノノ, 花咲ウメ, 幻声カナ",Cover,2024-11-04T00:00:00Z,240,0,0,Finished
799063,逃げられない,わたあめ feat. 結月ゆかり,Original,2024-02-07T00:00:00Z,63,0,0,Finished
795295,MEIKOのあたまのたいそう,"MerryCherry feat. MEIKO V3 (Straight), MEIKO V3 (Power)",Cover,2024-02-07T00:00:00Z,301,0,2,Finished
791280,WHITE NIGHT,Nobooru feat. 悪戯セト,Cover,2024-02-07T00:00:00Z,140,0,0,Finished
791279,WHITE NIGHT,Nobooru feat. MENGTAI,Cover,2024-02-07T00:00:00Z,141,0,0,Finished
788734,チョコレイト・ディスコ,coffeemilk feat. POPY,Cover,2024-02-07T00:00:00Z,230,0,0,Finished
775835,Diaspora,richaux feat. ALLEN,Original,2024-02-07T00:00:00Z,136,0,0,Finished
770635,洞窟,呵呵兔纸_ feat. 重音テト,Original,2024-02-07T00:00:00Z,58,0,0,Finished
769612,人間の顔をした敗北主義,ウンターデンリンデン feat. 初音ミク,Original,2024-02-07T00:00:00Z,179,0,0,Finished
747459,ピエロワルツ,ふぁむ。 feat. 初音ミク,Original,2024-02-07T00:00:00Z,112,2,6,Finished
739165,咳紀行,お花 feat. 歌愛ユキ,Original,2024-02-07T00:00:00Z,181,0,0,Finished
648312,指切り,Leleo feat. Mai,Cover,2024-07-03T00:00:00Z,165,1,3,Finished
647990,The Things I Deserve,gaydexvocaloid feat. Yuma,Cover,2024-07-03T00:00:00Z,244,0,2,Finished
647729,どうして、僕たちは...,狐珀 feat. Kaori,Original,2024-07-03T00:00:00Z,284,0,0,Finished
647243,漣アクアリウム,"細井健太, kick feat. POPY, ROSE",Original,2024-07-03T00:00:00Z,185,0,0,Finished
647224,パンこげこげになっちゃった,taipan霊 feat. 白蛇アイリ,Cover,2024-07-03T00:00:00Z,45,1,3,Finished
647101,你是我的那盏灯火,"FNS__ feat. 洛天依, 洛天依AI (X Studio)",Original,2024-07-03T00:00:00Z,199,0,2,Finished
646996,scarlet desire,lime feat. v flower,Original,2024-07-03T00:00:00Z,167,1,7,Finished
646924,いーあるふぁんくらぶ (8-Bit Instrumental),"Hitogirai-P feat. 初音ミク V4X (Solid), MEIKO V3 (Power)",Remix,2024-07-03T00:00:00Z,236,0,0,Finished
646921,Vete Ya,Hitogirai-P feat. 巡音ルカ V4X (Hard),Cover,2024-07-03T00:00:00Z,163,0,0,Finished
646917,Voice of No Return,JaimeSynth feat. Mimosa AI (DiffSinger),Cover,2024-07-03T00:00:00Z,171,0,0,Finished
730823,悪者のラブソング,憶月フィーカ feat. 可不,Original,2024-11-23T00:00:00Z,0,0,0,Finished
730822,I'll be with you.,憶月フィーカ feat. 可不,Cover,2024-11-23T00:00:00Z,0,0,0,Finished
730615,SLEUTHIN’,zipbat feat. SOLARIA,Original,2024-11-23T00:00:00Z,151,0,0,Finished
730605,走れ,みつる feat. 水音ラル,Cover,2024-11-23T00:00:00Z,209,0,0,Finished
730424,つくよみちゃんで苦悩 恐怖や不安に対して,朦朧 feat. つくよみちゃん (COEIROINK),DramaPV,2024-11-23T00:00:00Z,220,0,0,Finished
730342,ありふれたせかいせいふく,졘 feat. 足立レイ,Cover,2024-11-23T00:00:00Z,205,0,0,Finished
727472,HErr GOtt himmlischer Vater,てくね feat. 初音ミク,Cover,2024-11-23T00:00:00Z,68,0,0,Finished
726956,灯火,FUGUteaP feat. 重音テトSV,Original,2024-11-23T00:00:00Z,228,0,0,Finished
726858,DUCK DUCK,BONES.,Instrumental,2024-11-23T00:00:00Z,147,0,0,Draft
725969,モニタリング,アしゃいヤ feat. 重音テト,Cover,2024-11-23T00:00:00Z,182,0,0,Finished
643413,現代の戦,"taxichan💛, ティスア feat. No.7",Original,2024-06-24T00:00:00Z,214,0,2,Finished
643379,エンパープル,"MudaiP, Cosmoto feat. 重音テト",Cover,2024-06-24T00:00:00Z,181,0,0,Finished
643373,Virus,Astron2L feat. 巡音ルカ,Original,2024-06-24T00:00:00Z,184,0,2,Finished
643353,Should've Known Better,"SAISEI, MelonDaina feat. SF-A2 開発コード miki V4",Original,2024-06-24T00:00:00Z,122,5,15,Finished
643342,とがびとごろし,"kagarin feat. 初音ミク, 巡音ルカ",Cover,2024-06-24T00:00:00Z,258,0,2,Finished
1022858,[pudding],みーてぃあ feat. 新瀬ライト,Cover,2024-06-23T00:00:00Z,91,0,0,Finished
998112,あの娘にドロップキック,OwMyBoring17 feat. ずんだもん,Cover,2024-06-23T00:00:00Z,92,0,0,Finished
996858,アガリ症,シャチ feat. ゲキヤク,Cover,2024-06-23T00:00:00Z,194,0,0,Finished
996398,ジッタードール,deadbyte feat. エセフ,Cover,2024-06-23T00:00:00Z,242,0,0,Finished
992416,i wish that i could wear hats,brn:0 feat. 澄宵,Cover,2024-06-23T00:00:00Z,89,0,0,Finished
731087,億万長者より整地したい#09,すとれぇじぼっくす feat. フィーちゃん,DramaPV,2024-12-22T00:00:00Z,2708,0,0,Finished
730700,ﾔｼﾞｭｾﾝﾊﾟｲｲｷｽｷﾞﾝｲｸｲｸｱｯｱｯｱｯｱｰﾔﾘﾏｽﾈ.Queen Never Cry,Emotabby feat. 初音ミク,Original,2024-12-22T00:00:00Z,67,0,0,Finished
730251,歪コンフューズ [una_mod],うしお feat. Synthesizer V AI 音街ウナ,Cover,2024-12-22T00:00:00Z,180,0,0,Finished
729568,ウォーキングデッドシンドローム,G0966 feat. オーロク＆小六郎,Cover,2024-12-22T00:00:00Z,180,0,0,Finished
729506,きょう柴又いく,"モノクロ子 feat. 唄音ウタ, 三色れいかPalette",Remix,2024-12-22T00:00:00Z,242,0,0,Finished
728496,"To Thou who view, I bid Adieu",Nova feat. 重音テトSV,Original,2024-12-22T00:00:00Z,33,0,0,Finished
728444,ラーメン大好き,綾瀬ごんた feat. 初音ミク,Remix,2024-12-22T00:00:00Z,29,0,0,Finished
728440,ポテトがSしか…？ (梨緒Arrange),梨緒 feat. OИE,Remix,2024-12-22T00:00:00Z,52,0,0,Finished
727885,Fearless,Echoes-P feat. 翎婉,Cover,2024-12-22T00:00:00Z,246,0,0,Finished
727884,Noëlの灯火,AnshRi feat. 翎婉,Original,2024-12-22T00:00:00Z,265,0,0,Finished
760491,Alice in 冷凍庫,星河ナル feat. narU,Cover,2024-10-31T00:00:00Z,343,0,0,Finished
759385,トンネルより愛をこめて,マロンくん feat. 知声,Original,2024-10-31T00:00:00Z,217,0,0,Finished
758637,新調声ミクでゆめゆめ,DECO*27 feat. 初音ミク,Cover,2024-10-31T00:00:00Z,28,0,0,Draft
758565,Pumpkin Hill,Sonic Stuff feat. 重音テトSV,Cover,2024-10-31T00:00:00Z,280,0,0,Draft
757770,邪魔,Utaeru feat. 結音見ひとの,Cover,2024-10-31T00:00:00Z,210,0,0,Finished
756638,Save My Heart,mako feat. 初音ミク V4 (English),Original,2024-10-31T00:00:00Z,247,0,2,Finished
756636,今世永延,太郎家邪 feat. MEIKO V3 (Unknown),Original,2024-10-31T00:00:00Z,166,0,4,Finished
756531,鳴鳴,mikuha feat. 初音ミク,Original,2024-10-31T00:00:00Z,197,0,0,Finished
752895,魔法騒動のハロウィンナイト,以为yiwei feat. 歌愛ユキ,Original,2024-10-31T00:00:00Z,147,0,0,Finished
750532,Fear Love,PekoP feat. AI 音街ウナ Sugar,Original,2024-10-31T00:00:00Z,224,0,4,Finished
684955,Miku Miku Ni Shite Ageru,ShortKing feat. 初音ミク,Cover,2024-08-31T00:00:00Z,100,0,0,Finished
684739,しあわせになって！,あんまれいと feat. 初音ミク,Original,2024-08-31T00:00:00Z,353,0,0,Finished
684235,あしたがたのしみ,まがお feat. 琴葉茜・葵,Original,2024-08-31T00:00:00Z,54,0,0,Finished
682499,pain,daisychannel feat. 初音ミク V4X (Sweet),Cover,2024-08-31T00:00:00Z,87,2,6,Approved
682115,三分間の憂さ晴らし,砂糖の缶詰 feat. 唄音ウタ,Original,2024-08-31T00:00:00Z,181,11,51,Finished
681850,臨んだ未来,黒点 feat. 初音ミク,Original,2024-08-31T00:00:00Z,72,0,0,Finished
681839,てんてっててててーん,午前5時55分 feat. 初音ミク,Cover,2024-08-31T00:00:00Z,124,0,0,Finished
681770,ネクサス,"スイセイライダー, ぽぽち feat. 初音ミク",Original,2024-08-31T00:00:00Z,191,0,0,Finished
681749,Necromancers wish,Shokupanw feat. 重音テトSV,Original,2024-08-31T00:00:00Z,201,0,0,Finished
681718,ガラス越しの朝日,水河響 feat. 初音ミク,Original,2024-08-31T00:00:00Z,34,0,0,Finished
741662,アメイジングハッピーハロウィンナイト,Erre_och-o feat. v flower,Cover,2024-10-13T00:00:00Z,217,0,0,Finished
739400,星に願いを,John Doe feat. 小春六花 (Unknown),Original,2024-10-13T00:00:00Z,248,0,0,Finished
737010,非対称型対戦ゲームの最高傑作テキサスチェーンソーのすゝめ,"Dr.poco2世 feat. 琴葉茜, 琴葉葵",DramaPV,2024-10-13T00:00:00Z,561,0,0,Finished
736937,深海少女,Jose V4 feat. 洛天依 V4 日本語 (Normal),Cover,2024-10-13T00:00:00Z,220,0,0,Finished
736838,イノセント,ここここ特許許可局 feat. 重音テト,Original,2024-10-13T00:00:00Z,129,0,2,Finished
736462,都会・de・ロマンチック!!,ベトベンだったらいいのに feat. 音街ウナ (Unknown),Original,2024-10-13T00:00:00Z,278,0,0,Finished
736239,エルデンでんでんゆかりさん その56,"ヤステル feat. 結月ゆかり, 琴葉葵, 紲星あかり",DramaPV,2024-10-13T00:00:00Z,1335,0,0,Finished
735332,醜いマスコットが巣食う廃墟モール！ホラーゲーム『The Fox Hare Disaster: Chapter One』_前編,"しまねげーむず feat. 紲星あかり, 結月ゆかり",DramaPV,2024-10-13T00:00:00Z,896,0,0,Finished
732225,東北きりたんと最強マシンも突破されるカードショップ,moco78 feat. 東北きりたん,DramaPV,2024-10-13T00:00:00Z,429,0,0,Finished
731190,Ulterior Motives,Moonlit Star feat. 重音テトSV,Cover,2024-10-13T00:00:00Z,228,1,3,Finished
600365,Whose___@？,"雌雄解離 feat. 小春六花 (Unknown), 初音ミク",Original,2024-02-22T00:00:00Z,138,0,0,Finished
600364,電蝕トラジェディ,吉岡大地 feat. 小春六花 (Unknown),Original,2024-02-22T00:00:00Z,174,0,0,Finished
600363,つなぐ,類歌 feat. 小春六花 (Unknown),Original,2024-02-22T00:00:00Z,272,0,0,Finished
600362,何度だって,LyRe: feat. 小春六花 (Unknown),Original,2024-02-22T00:00:00Z,255,0,0,Finished
600361,革命オセロ,ふみん feat. 小春六花 (Unknown),Original,2024-02-22T00:00:00Z,261,0,0,Finished
600360,ソメイユ,あひるP feat. 小春六花 (Unknown),Original,2024-02-22T00:00:00Z,119,0,0,Finished
600359,追憶のレイニー・ジャズ,宵月。 feat. 小春六花 (Unknown),Original,2024-02-22T00:00:00Z,291,0,0,Finished
600358,Quantum,Oni☆Hey feat. 小春六花 (Unknown),Original,2024-02-22T00:00:00Z,222,0,0,Finished
600357,メレンゲ航海記,緑なつき feat. 小春六花 (Unknown),Original,2024-02-22T00:00:00Z,307,0,0,Finished
600356,ラブリィ・ドラッグ,ないきすと！ feat. 小春六花 (Unknown),Original,2024-02-22T00:00:00Z,166,2,12,Finished
638867,Not my cup of tea,バグキムチ feat. 初音ミク V4 (English),Original,2024-06-06T00:00:00Z,189,0,0,Finished
638779,花言葉,如月青藍 feat. 双葉湊音,Original,2024-06-06T00:00:00Z,142,0,0,Finished
638774,ちりぺっぱー♡らぶ♡も～しょん☆,A1shat feat. 春歌ナナ,Original,2024-06-06T00:00:00Z,212,0,0,Finished
638767,にゃまくら,すぴぃちゃん feat. 可不,Original,2024-06-06T00:00:00Z,135,0,0,Finished
638763,深夜耐久,獺 feat. 重音テトSV,Original,2024-06-06T00:00:00Z,163,0,0,Finished
638758,ハッピーキラー,"えう, にこにこもかれー feat. AiSuu",Original,2024-06-06T00:00:00Z,238,1,7,Finished
638742,幼気なシャイニングジャーニー,はるしゅたP feat. 可不,Original,2024-06-06T00:00:00Z,235,0,0,Finished
638734,はっぴい あいすくりーむ,DJ moriking feat. 初音ミク,Original,2024-06-06T00:00:00Z,202,0,0,Finished
638677,キラキラ夢,ミズガメ feat. 初音ミク,Original,2024-06-06T00:00:00Z,146,0,2,Draft
638599,별별 별똥별,"Maro Note, 피오테오 feat. UNI",Original,2024-06-06T00:00:00Z,216,0,0,Finished
698272,アンチノミーキラー,miru feat. v flower,Remaster,2024-11-23T00:00:00Z,0,0,2,Finished
698270,僕たちは最低最悪だった,miru feat. 重音テトSV,Remaster,2024-11-23T00:00:00Z,0,0,0,Finished
698269,トラウノイド,miru feat. 重音テトSV,Remaster,2024-11-23T00:00:00Z,0,0,0,Finished
698268,オールフィクション,miru feat. 重音テトSV,Remaster,2024-11-23T00:00:00Z,0,0,0,Finished
697744,フェアウェル,たこやきそば feat. 初音ミク,Original,2024-11-23T00:00:00Z,233,0,0,Finished
697741,キズアト,たこやきそば feat. 初音ミク,Original,2024-11-23T00:00:00Z,0,0,0,Draft
697573,Ending,,Unspecified,2024-11-23T00:00:00Z,0,0,0,Draft
697572,Malb,花隈千冬,Original,2024-11-23T00:00:00Z,0,0,0,Draft
697571,"Bad day, Forget",,Original,2024-11-23T00:00:00Z,0,0,0,Draft
697570,virus!,Mi7s3 feat. 足立レイ,Original,2024-11-23T00:00:00Z,157,3,17,Finished
826099,island to thyself,"BREAD !!!!!!! feat. ゲキヤクV, カゼヒキV",Cover,2024-09-26T00:00:00Z,228,0,0,Finished
821119,狐の嫁入り,紫雨にゃ feat. 可不,Original,2024-09-26T00:00:00Z,75,0,0,Finished
816019,天ノ弱,フミ feat. 宮舞モカ,Cover,2024-09-26T00:00:00Z,189,0,0,Finished
807121,カガリビト,TVXY feat. 諸葛イエロー,Cover,2024-09-26T00:00:00Z,312,0,0,Finished
803589,エブリデイライフ,黒川詞楽 feat. 宮舞モカ,Original,2024-09-26T00:00:00Z,177,0,0,Finished
798258,風景,IZUME feat. 初音ミク,Original,2024-09-26T00:00:00Z,165,0,0,Finished
796687,メズマライザー,"Domiyu, arvo feat. 宮舞モカ, Rana V4",Cover,2024-09-26T00:00:00Z,158,0,0,Finished
795305,おにぎりのうた,Megu feat. 初音ミク,Original,2024-09-26T00:00:00Z,33,0,0,Finished
780458,19,Raichu feat. 鏡音レン,MusicPV,2024-09-26T00:00:00Z,270,0,0,Finished
778656,そして僕にできるコト,七海 feat. 宮舞モカ,Cover,2024-09-26T00:00:00Z,259,0,0,Finished
816998,ひつじがいっぴき,ルシエル feat. 祥音マガリ,Cover,2024-07-24T00:00:00Z,183,0,0,Finished
804360,若鏡,旅人 feat. 初音ミク,Original,2024-07-24T00:00:00Z,80,0,0,Finished
803984,Close to you,grushagrusha feat. 快晴アンコ,Cover,2024-07-24T00:00:00Z,293,0,2,Draft
803580,ガイ,黒川詞楽 feat. 重音テトSV,Original,2024-07-24T00:00:00Z,114,0,0,Finished
795398,save(2),Wearyrains feat. SONiKA,Original,2024-07-24T00:00:00Z,62,0,0,Finished
789926,ライラック,부추왕 feat. KAITO V3 (Unknown),Cover,2024-07-24T00:00:00Z,107,0,0,Finished
787145,Kopyacı,Emure feat. GUMI,Cover,2024-07-24T00:00:00Z,287,0,0,Finished
785590,僕達は天使だっ,FUMI feat. 初音ミク,Cover,2024-07-24T00:00:00Z,240,0,0,Finished
785478,ソフトウェアボイス！,青トキエ feat. 金苗ママ,Cover,2024-07-24T00:00:00Z,127,0,0,Draft
776569,Waltz of Malice,Roaming feat. スズ,Cover,2024-07-24T00:00:00Z,252,0,0,Finished
637230,world sad,"iv, 神遛儿 feat. 洛天依AI",Original,2024-04-04T00:00:00Z,320,1,3,Finished
637223,無意義封筒,"PaperP, 神遛儿 feat. 重音テトSV",Original,2024-04-04T00:00:00Z,206,0,0,Finished
637220,兼容模块,志麻 feat. 初音ミク V4 (中文版),Original,2024-04-04T00:00:00Z,250,0,0,Finished
635310,why aren't we dating yet (acoustic instrumental),"lappy, Koyang Jae",Instrumental,2024-04-04T00:00:00Z,168,0,0,Finished
635309,flowers (acoustic instrumental),"lappy, Koyang Jae",Instrumental,2024-04-04T00:00:00Z,181,0,0,Finished
635308,white glove service (acoustic instrumental),"lappy, Koyang Jae",Instrumental,2024-04-04T00:00:00Z,155,0,0,Finished
635307,if tomato is a fruit (acoustic instrumental),"lappy, Koyang Jae",Instrumental,2024-04-04T00:00:00Z,156,0,0,Finished
635306,balls (acoustic instrumental),"lappy, Koyang Jae",Instrumental,2024-04-04T00:00:00Z,193,0,0,Finished
635305,why aren't we dating yet (acoustic),"lappy, Koyang Jae feat. 奧斯卡 AI",Remix,2024-04-04T00:00:00Z,168,0,2,Finished
635304,flowers (acoustic),"lappy, Koyang Jae feat. 奧斯卡 AI",Remix,2024-04-04T00:00:00Z,181,0,4,Finished
677839,大脳的なランデブー,haru0l feat. 紅,Cover,2024-08-24T00:00:00Z,134,0,0,Finished
677818,終焉思い出,"DEmolto, 怀归, saiqomo feat. 重音テトSV",Original,2024-08-24T00:00:00Z,201,0,6,Finished
677817,ただ夏バテ,"神遛儿, 河中子申 feat. 重音テト",Original,2024-08-24T00:00:00Z,330,0,6,Finished
677816,Can't Hear,"小都toko, 神遛儿 feat. 重音テトSV",Original,2024-08-24T00:00:00Z,223,1,9,Finished
677815,FALL,"PaperP, 神遛儿 feat. 重音テトSV",Original,2024-08-24T00:00:00Z,241,0,2,Finished
677814,指針,DEmolto feat. 重音テトSV,Original,2024-08-24T00:00:00Z,365,1,7,Finished
677813,誌,"河中子申, 神遛儿 feat. 重音テトSV",Original,2024-08-24T00:00:00Z,242,1,3,Finished
677811,水循環について,神遛儿 feat. 重音テト,Original,2024-08-24T00:00:00Z,463,1,5,Finished
677810,時の壁に,神遛儿 feat. 重音テト,Original,2024-08-24T00:00:00Z,138,1,7,Finished
677358,KING,Roland-P feat. ローランド 花波,Cover,2024-08-24T00:00:00Z,30,0,0,Finished
707063,メンタル詐欺師,Maruha feat. 重音テトSV,Original,2024-11-12T00:00:00Z,118,0,0,Finished
706986,メズマライザー,"誠蓮セレン feat. こじょぬん, フィス",Cover,2024-11-12T00:00:00Z,155,0,0,Finished
706619,ふわふわマジック,パルチーノ feat. 知声,Original,2024-11-12T00:00:00Z,186,0,0,Finished
705677,404f,ira feat. 東北ずん子 V4 ナチュラル,Cover,2024-11-12T00:00:00Z,114,0,0,Finished
705467,bebo swordfights his significant other rpg style while gravity man plays in the background,Clover-P feat. various,DramaPV,2024-11-12T00:00:00Z,78,2,6,Finished
704979,The Secret Garden,Lomo-P feat. BAI-F0,Cover,2024-11-12T00:00:00Z,200,0,0,Finished
704415,カルディア,twstruggie feat. 鳴花ヒメ,Cover,2024-11-12T00:00:00Z,171,0,0,Finished
703716,ほんとうは！！！,"beige feat. VY1, IA, 初音ミク",Original,2024-11-12T00:00:00Z,203,0,0,Finished
703519,明日のために,Mikey feat. トパーズ,Original,2024-11-12T00:00:00Z,256,0,0,Finished
702965,バトル・オブ・バトラー！,シロハトP feat. 夏色花梨,Cover,2024-11-12T00:00:00Z,307,0,0,Draft
775212,Star of the show,Mayoo feat. 鏡音リン Append (Power),Cover,2024-11-23T00:00:00Z,250,0,2,Draft
774238,カワズウタ,"黒文字 feat. 琴葉茜, 琴葉葵",Cover,2024-11-23T00:00:00Z,79,0,0,Finished
772325,目を覚ませ！,あだちかすか,Cover,2024-11-23T00:00:00Z,0,0,0,Draft
772324,僕が悪いんですか。,あだちかすか,Cover,2024-11-23T00:00:00Z,201,0,0,Finished
769786,アリア,AruNo feat. 初音ミク,Original,2024-11-23T00:00:00Z,158,0,0,Finished
769572,7つ数えて,ナルネア feat. 初音ミク,Original,2024-11-23T00:00:00Z,151,0,0,Finished
767943,恋愛サーキュレーション,こゆきアトラ feat. ねこのティーチくん,Cover,2024-11-23T00:00:00Z,140,0,0,Finished
767766,Moon Phase,イトマP,Original,2024-11-23T00:00:00Z,87,1,5,Finished
767764,Sun Phase,イトマP,Original,2024-11-23T00:00:00Z,132,0,0,Finished
763199,過客の唄,宵街企画 feat. 鏡音リン,Original,2024-11-23T00:00:00Z,228,0,0,Finished
724594,バンディリア旅行団,Dr.マカロニ feat. 初音ミク,Cover,2024-03-03T00:00:00Z,320,0,0,Finished
722281,Pitter-Patter,aiuralu feat. 弦巻マキ AI (English),Original,2024-03-03T00:00:00Z,275,0,2,Finished
720024,ローカルオーソドキシー,nyoki feat. 可不,Original,2024-03-03T00:00:00Z,254,0,0,Finished
719733,不登校ってクズなの？,ハン feat. ナースロボ＿タイプＴ,Original,2024-03-03T00:00:00Z,146,0,0,Finished
719363,A Tight Spot During a Fire Drill,"MLPFun, SiIvaGunner",Mashup,2024-03-03T00:00:00Z,66,0,0,Finished
712649,ソリトン,CLAYMORE feat. さとうささら (CeVIO AI),Cover,2024-03-03T00:00:00Z,200,0,0,Finished
712446,クローニング苦労人ガール,Keikoloid feat. 重音テト,Original,2024-03-03T00:00:00Z,138,0,0,Finished
712088,MOTHER,凵庭師 feat. GUMI,Cover,2024-03-03T00:00:00Z,277,0,0,Finished
712025,狐子どこ？,ちふねあ feat. 狐子 (VOICEPEAK),DramaPV,2024-03-03T00:00:00Z,18,0,0,Finished
710553,ソーラ・レイ,Uchiwax feat. 重音テトSV,Remix,2024-03-03T00:00:00Z,185,0,2,Finished
752435,幽霊みたい,ふぃじー feat. ゆっくり魔理沙,Cover,2024-09-15T00:00:00Z,174,0,0,Finished
750704,宵闇幻燈,きりれい feat. ツロガ,Cover,2024-09-15T00:00:00Z,233,0,0,Finished
743753,卧室森林,46_P feat. 诗岸,Original,2024-09-15T00:00:00Z,223,0,0,Finished
743179,HITOHA☆NAGUTRA☆SHINU,Fanu feat. #kzn,Original,2024-09-15T00:00:00Z,160,0,0,Finished
742941,明急ぐ,"Lattey, Nagy feat. 花隈千冬",Original,2024-09-15T00:00:00Z,157,0,0,Finished
741942,やりますねぇのうた,"ミアシマ feat. 四国めたん, ずんだもん",Cover,2024-09-15T00:00:00Z,246,0,0,Finished
737710,天つ空に問う,"幸木あう feat. 小春六花 (Unknown), 花隈千冬",Cover,2024-09-15T00:00:00Z,272,0,0,Finished
737709,宇宙に舞う組曲,"れとろまっすぃーん feat. 小春六花 AI, 花隈千冬, 夏色花梨",Remix,2024-09-15T00:00:00Z,1663,0,0,Finished
737104,牙を抜かれたドスケベゴリラによる究極の脱出劇,"Dr.poco2世 feat. 琴葉茜, 琴葉葵",DramaPV,2024-09-15T00:00:00Z,552,0,0,Finished
737100,微妙過ぎて誰も使わない蘇生技、一時撤退で味方を引きずり回してみた！,"Dr.poco2世 feat. 琴葉茜, 琴葉葵",DramaPV,2024-09-15T00:00:00Z,640,0,0,Finished
721400,どうなるかな,一発ヤ feat. 重音テトSV,Original,2024-12-15T00:00:00Z,251,0,0,Finished
721315,星での旅,やしろ feat. 初音ミク,Original,2024-12-15T00:00:00Z,208,0,0,Finished
721276,エピローグゼロ,吉尾常陸 feat. 花隈千冬,Original,2024-12-15T00:00:00Z,223,1,3,Finished
720418,デザート・シアター,Hitogirai-P feat. 欲音ルコ♂,Cover,2024-12-15T00:00:00Z,248,0,0,Finished
719970,矛盾,全て数学の所為です。 feat. 唄音ウタ,Original,2024-12-15T00:00:00Z,224,0,0,Finished
719872,メズマライザー,"LOSTLOIDchannel feat. 初音ミク, 重音テト",Remix,2024-12-15T00:00:00Z,52,2,6,Finished
719436,sakana,Tuno feat. 名前シレズ,Original,2024-12-15T00:00:00Z,114,1,5,Finished
718855,VOCALOID OPENING,Minnemi feat. 初音ミク,MusicPV,2024-12-15T00:00:00Z,95,1,3,Finished
718765,"Hello,Worker",KURO feat. KAITO,Cover,2024-12-15T00:00:00Z,236,0,0,Finished
718635,命ばっかり,FirMusic feat. 松田っぽいよ,Cover,2024-12-15T00:00:00Z,253,0,0,Finished
792281,"In My World, In Yours",日々乃日々 feat. ROSE,Original,2024-10-18T00:00:00Z,148,0,0,Finished
792244,Kill All the ファッション百合厨,卯月由羽 feat. 重音テトSV,Original,2024-10-18T00:00:00Z,253,0,0,Finished
792243,寝不足ループ,Noms feat. 初音ミク,Original,2024-10-18T00:00:00Z,68,0,0,Finished
792242,死者の華車,4:30 feat. 鏡音リン,Original,2024-10-18T00:00:00Z,84,0,0,Finished
792240,僕のいない所で幸せになって。,深夜の人 feat. Yuma,Original,2024-10-18T00:00:00Z,166,0,0,Finished
792239,魔女の試練,Darkss feat. 四国めたん,Original,2024-10-18T00:00:00Z,201,0,0,Finished
792238,拝啓、26の俺へ,志無 feat. ナクモ,Original,2024-10-18T00:00:00Z,114,0,0,Finished
792236,ずんだもんは女の子なのだ,卯月由羽 feat. ずんだもん,Original,2024-10-18T00:00:00Z,150,0,0,Finished
790048,シナリオ,フェゲテリカ feat. POPY,Original,2024-10-18T00:00:00Z,198,0,0,Finished
790047,朝への旅,"ブレンド, フェゲテリカ feat. POPY",Original,2024-10-18T00:00:00Z,187,0,0,Finished
701582,MORNING POP PARTY,Node feat. 初音ミク,Original,2024-09-13T00:00:00Z,166,0,0,Finished
701232,Keserű Méz,VEL feat. 初音ミク V4X (Original),Cover,2024-09-13T00:00:00Z,23,2,6,Finished
697551,少女と古代ロボット,아직 이름이 없습니다. feat. IA,Original,2024-09-13T00:00:00Z,197,0,0,Finished
695697,ジグソーパズル,Juntarhenogu feat. Chomby 83114,Cover,2024-09-13T00:00:00Z,210,0,2,Finished
693868,曖昧な態度について,新見凶犬 feat. 歌愛ユキ,Original,2024-09-13T00:00:00Z,116,0,0,Finished
693510,バーン マーク,aimirucha feat. 花隈千冬,Original,2024-09-13T00:00:00Z,279,0,0,Finished
692990,Toy,"OCHITAS feat. 初音ミク, 鏡音リン",Original,2024-09-13T00:00:00Z,51,0,0,Finished
690648,夢想少女,いなだもんP feat. 初音ミク,Original,2024-09-13T00:00:00Z,239,0,0,Finished
689125,地獄行きのバス,"永久恋愛ととと feat. とと音エクハル, 道標キロ",Original,2024-09-13T00:00:00Z,256,0,0,Finished
686052,Len君なう！,"ANNO feat. KAITO, 鏡音レン, 神威がくぽ",MusicPV,2024-09-13T00:00:00Z,167,0,0,Finished
829511,☺︎☺︎☺︎,赤髪ではない。 feat. 初音ミク,Original,2025-02-25T00:00:00Z,57,0,0,Draft
822130,中途半端,あいと feat. Fukase (Unknown),Original,2025-02-25T00:00:00Z,32,0,0,Finished
820038,黒塗り世界宛て書簡,真暗そう feat. 月蔵心電,Cover,2025-02-25T00:00:00Z,130,0,0,Finished
816360,夏夜回响,夏見月_NatsumiRuna feat. 洛天依AI,Original,2025-02-25T00:00:00Z,260,0,0,Finished
815126,魂のふる里,Dr.マカロニ feat. v flower,Cover,2025-02-25T00:00:00Z,340,0,2,Finished
813708,ODD,社畜P feat. 初音ミク,Original,2025-02-25T00:00:00Z,115,0,0,Finished
809269,火ノ要鎮,"平田義久, 七滝今",Cover,2025-02-25T00:00:00Z,207,0,0,Finished
805981,Winter without you,梁井柊汰 feat. Synthesizer V AI 音街ウナ,Original,2025-02-25T00:00:00Z,99,0,0,Finished
799728,The Wizard and I (Wicked Movie Vers.),vibking feat. Felicia,Cover,2025-02-25T00:00:00Z,337,0,0,Finished
797501,メルト,AEG Thomas  feat. ラジカセに変形,Cover,2025-02-25T00:00:00Z,238,0,0,Finished
773225,Little Dreams,speKtrichor feat. Kevin,Original,2025-04-05T00:00:00Z,137,0,0,Finished
773220,アンノウン・マザーグース,"LICHT feat. 猫村いろは V4 (Soft), 猫村いろは V4 (Natural)",Cover,2025-04-05T00:00:00Z,286,0,0,Finished
773188,BLUE HOUR!,Dichotomy_Trichotomy feat. 宮舞モカ,Original,2025-04-05T00:00:00Z,196,0,0,Finished
773187,"YES, I COULD STOP TALKING, BUT I REALLY DON'T KNOW HOW,",shuffleRan feat. 重音テトSV,Original,2025-04-05T00:00:00Z,175,0,2,Finished
773124,non-diegetic,kyokurangi feat. 鏡音レン V4X (Power),Original,2025-04-05T00:00:00Z,204,0,0,Finished
773117,Let Go,Anemonie feat. VERIA,Original,2025-04-05T00:00:00Z,130,0,2,Finished
773115,the bunny rabbit song,Sach feat. Synthesizer V AI 音街ウナ,Original,2025-04-05T00:00:00Z,95,1,7,Finished
773113,Goodbye,儀式-P feat. Synthesizer V 2 AI miki,Original,2025-04-05T00:00:00Z,279,0,0,Finished
773104,Regarding the Fishily Frequent As(fish)xiations and Fully Fundamental Evidence of Foul Play,SINDALOS feat. IA English (VoiSona),Original,2025-04-05T00:00:00Z,148,0,4,Finished
773092,CARNATION VENERATION,Eclipse Penumbra feat. V3 GUMI (English),Original,2025-04-05T00:00:00Z,317,0,0,Finished
854218,罪の名前,Leleo feat. 猫村いろは AI,Cover,2025-10-22T00:00:00Z,389,0,0,Finished
854214,Purgatory,jadziajan feat. ASTERIAN,Cover,2025-10-22T00:00:00Z,223,0,0,Finished
854212,小悪魔だってかまわない！,I don't kn ow what to put feat. 鏡音レン NT (Original+),Cover,2025-10-22T00:00:00Z,209,0,0,Finished
854210,十面相,鰐とP feat. various,Cover,2025-10-22T00:00:00Z,222,0,6,Finished
854117,恋の歌謡日,"トワージ feat. 猫村いろは, 猫村いろは V4 (Natural)",Cover,2025-10-22T00:00:00Z,259,0,0,Finished
854101,Astral Eyes,GR-M3 feat. 初音ミク V4 (English),Original,2025-10-22T00:00:00Z,263,0,0,Draft
854100,Don't Drop the Toys,"GR-M3 feat. 初音ミク V4 (English), 鏡音リン V4 (English), 鏡音レン V4 (English)",Original,2025-10-22T00:00:00Z,262,0,0,Draft
854099,Drone,"GR-M3 feat. 初音ミク V4 (English), 巡音ルカ V4X English (Straight)",Original,2025-10-22T00:00:00Z,188,0,0,Draft
854098,Gloating Joy,"GR-M3 feat. 初音ミク V4 (English), 鏡音リン V4 (English), 鏡音レン V4 (English)",Original,2025-10-22T00:00:00Z,194,0,0,Draft
854097,Up and Down,"GR-M3 feat. 初音ミク V4 (English), 鏡音リン V4 (English), 鏡音レン V4 (English)",Original,2025-10-22T00:00:00Z,142,0,0,Draft
775907,界隈の動物園 - CXXXII Remix.,E-RAM feat. 唄音ウタ,Remix,2025-04-11T00:00:00Z,79,0,0,Finished
775906,命短し恋せよお前,はるな。 feat. 重音テトSV,Original,2025-04-11T00:00:00Z,146,0,0,Finished
775896,永遠に幸せになる方法、見つけました。,"Sabishi-i, Fractured hope co. feat. An:ho Sonca, Deu sTory",Cover,2025-04-11T00:00:00Z,309,0,0,Finished
775881,Luxury Opulence,Desert Mokey feat. 可不,Original,2025-04-11T00:00:00Z,199,1,7,Finished
775879,病み垢ステロイド,phi_pea feat. Han'ei Xi,Cover,2025-04-11T00:00:00Z,166,3,11,Finished
775877,切断 (キリサキ) ★舞踏会 (CARNIVAL),"ねじ式, そよぎフラクタル feat. 梵そよぎ",Cover,2025-04-11T00:00:00Z,326,1,3,Finished
775871,ユメミ,SCHIDADDLE feat. Synthesizer V 2 AI miki,Cover,2025-04-11T00:00:00Z,204,1,3,Finished
775870,最後の闘い,MMMM feat. 結月ゆかり,Cover,2025-04-11T00:00:00Z,104,0,0,Finished
775868,色彩電気,内臓がないぞ feat. 白音テレミ,Cover,2025-04-11T00:00:00Z,257,0,0,Finished
775867,The Contradictory Grim The End,Glitterbee feat. Kevin,Cover,2025-04-11T00:00:00Z,310,0,0,Finished
855167,ビアロール,鎹メイ feat. ゲキヤク,Original,2025-10-01T00:00:00Z,201,0,2,Finished
854664,orange sunset,GrimBot feat. 琪亚娜,Original,2025-10-01T00:00:00Z,136,0,0,Draft
854663,partners in orbit (SCRAPPED DEMO),"GrimBot feat. 琪亚娜, Synthesizer V AI 音街ウナ",Original,2025-10-01T00:00:00Z,272,0,0,Draft
854662,oilspill,GrimBot feat. 琪亚娜,Original,2025-10-01T00:00:00Z,101,0,0,Finished
854661,pink sunrise,GrimBot feat. 琪亚娜,Original,2025-10-01T00:00:00Z,237,0,0,Finished
854619,Memories Of Me -B SIDE-,RE3ZE feat. 重音テトSV,Remaster,2025-10-01T00:00:00Z,286,0,0,Finished
853850,Phantom Reflection,SmokyP feat. V3 GUMI (English),Original,2025-10-01T00:00:00Z,334,1,3,Finished
853119,タピュ,garakuta kuraku feat. 初音ミク,Original,2025-10-01T00:00:00Z,206,0,2,Finished
852368,"Fairytale, [reunion]",白牙アヤト feat. フリモメン,Cover,2025-10-01T00:00:00Z,298,0,0,Finished
852089,春告人魚,詩音楽団 feat. 詩音マコト,Original,2025-10-01T00:00:00Z,238,1,3,Finished
831655,Delete/Delete/Delete,GloHsticks feat. 重音テトSV,Original,2025-08-19T00:00:00Z,248,1,5,Finished
831472,サマーナイト,AZMiL feat. 初音ミク,Original,2025-08-19T00:00:00Z,231,0,0,Finished
830869,カシオピア係留所,クロスズ feat. 紲星あかり,Cover,2025-08-19T00:00:00Z,375,0,0,Finished
830204,夜空ト共ニ,Pまくら🦈 feat. 重音テト,Original,2025-08-19T00:00:00Z,221,0,0,Finished
829471,TWINFLAME,Vanilla Cherie feat. 重音テトSV,Cover,2025-08-19T00:00:00Z,207,0,6,Draft
829391,You'll Be In My Heart,AMA feat. Eleanor Forte AI,Cover,2025-08-19T00:00:00Z,256,0,0,Draft
829237,アイコイ.zip,COBA x5884x feat. 初音ミク,Original,2025-08-19T00:00:00Z,197,0,0,Finished
829159,最終電車,Capelin feat. 初音ミク,Original,2025-08-19T00:00:00Z,77,0,0,Finished
829149,Leia,pasettri feat. Synthesizer V AI 花響琴,Cover,2025-08-19T00:00:00Z,242,0,2,Finished
828963,Toxic Luv,スモッグ・夢 feat. Fukase (Unknown),Cover,2025-08-19T00:00:00Z,152,0,0,Draft
854968,踊っチャイナ,"pupaのdump feat. ずんだもん, 春歌ナナ",Cover,2025-07-25T00:00:00Z,157,0,0,Finished
854175,Vampire,Hirohide Ave feat. Unknown vocal synth(s),Original,2025-07-25T00:00:00Z,197,0,0,Finished
854174,ふたりぼっち逃避行,璃宙 feat. 初音ミク,Original,2025-07-25T00:00:00Z,188,0,0,Finished
854159,在ル,もなす feat. 小春六花 (Unknown),Original,2025-07-25T00:00:00Z,158,0,0,Finished
854150,ハレバレ,Shouchan feat. 雨衣,Original,2025-07-25T00:00:00Z,291,0,0,Finished
853154,02:58,h. feat. 初音ミク,Original,2025-07-25T00:00:00Z,178,0,0,Finished
852843,Still Day One,Johnson Vincent feat. SOLARIA,Original,2025-07-25T00:00:00Z,198,0,0,Finished
851909,Sweeping Victory,"Memmy, SiIvaGunner feat. various",Remix,2025-07-25T00:00:00Z,92,0,0,Finished
851733,アンダードッグナイトウォーク,雪❄️ feat. 初音ミク,Original,2025-07-25T00:00:00Z,229,0,0,Finished
851525,Ievan Polkka,Rabrettylo feat. 筆音クミ,Cover,2025-07-25T00:00:00Z,151,0,0,Finished
776457,モニタリング,ARIA feat. Makoto Rina,Cover,2025-02-26T00:00:00Z,185,0,0,Finished
775536,Bad Apple,"Shoiha., VocaMyou feat. Synthesizer V AI Megpoid",Remix,2025-02-26T00:00:00Z,285,0,0,Finished
774737,キャンドハート,ホシミ feat. 初音ミク,Original,2025-02-26T00:00:00Z,197,0,0,Finished
774679,枝分かれ,ちょらほに feat. 初音ミク,Original,2025-02-26T00:00:00Z,139,0,0,Finished
770244,サヨナラ・グッバイ,Luca feat. POPY,Cover,2025-02-26T00:00:00Z,176,0,0,Finished
770185,短いストーリー,胡桃沢優 feat. 初音ミク,Original,2025-02-26T00:00:00Z,159,0,0,Finished
766814,テレパシ,Erre_och-o feat. 鏡音レン,Cover,2025-02-26T00:00:00Z,138,0,0,Finished
766702,ロスト・デリュージョン,"笹崎 feat. 宙宇クウタ, 天守ツバサ",Cover,2025-02-26T00:00:00Z,186,0,0,Finished
766294,アンダーカバー,l4byrinthine feat. various,Cover,2025-02-26T00:00:00Z,209,0,0,Finished
765579,カメレオン,OmochiΩ feat. 初音ミク,Original,2025-02-26T00:00:00Z,158,0,0,Finished
878545,キグルミハグミー,いる feat. KAITO,Original,2025-12-01T00:00:00Z,219,0,0,Finished
878543,君の笑顔を見たい,レンアイ feat. 闇音レンリ,Original,2025-12-01T00:00:00Z,120,0,0,Finished
878538,Happy December,昆布とっぴい feat. Synthesizer V AI Megpoid,Original,2025-12-01T00:00:00Z,237,0,0,Finished
878537,逃亡,藤野 藥 feat. 知声,Original,2025-12-01T00:00:00Z,194,0,0,Finished
878515,November Has Come,"MsZsc feat. 桃音モモ, 亞北ネル NEO 2.0, ころんば4号",Cover,2025-12-01T00:00:00Z,223,0,2,Finished
878510,11月の幽霊,あるかに feat. 重音テト,Original,2025-12-01T00:00:00Z,257,0,6,Finished
878505,花蟷螂,ria feat. Miel,Cover,2025-12-01T00:00:00Z,136,0,0,Finished
878481,マトリョシカ,"VenusP, Yammy-P feat. V4 マクネナナ (Unknown), 音街ウナ Spicy",Cover,2025-12-01T00:00:00Z,201,0,0,Approved
878477,いつか晴れる。,Haniwa feat. various,Original,2025-12-01T00:00:00Z,235,2,14,Finished
878451,今日という名の、小さな歌,かえで_Kaede feat. 夏色花梨,Original,2025-12-01T00:00:00Z,85,0,0,Finished
860851,テトリス,冬宮紀沙 feat. 結月ゆかり (雫),Cover,2025-02-28T00:00:00Z,142,0,0,Finished
859800,倒瞰清白,"郑子文ZIIN, Creuzer feat. 洛天依AI",Original,2025-02-28T00:00:00Z,203,1,5,Finished
859538,パレット,なたでここ feat. Synthesizer V AI 音街ウナ,Original,2025-02-28T00:00:00Z,137,0,0,Finished
856089,GhosteedMeee,"ありすがわ, ハルカル, メリーバットエンド feat. 初音ミク",Original,2025-02-28T00:00:00Z,187,0,6,Finished
855029,KICKBACK,Mikuroさいな(Xina) feat. 足立レイ,Remix,2025-02-28T00:00:00Z,192,0,0,Finished
853947,Collide,"Soleil Lunatique feat. 默辰, ASTERIAN, Eleanor Forte AI",Original,2025-02-28T00:00:00Z,159,0,0,Finished
851818,ホールオブケーキ,JRxStellar feat. ニャオニクス,Cover,2025-02-28T00:00:00Z,276,0,0,Finished
850969,彼岸幻想,八乙女作楽 feat. 東北ずん子,Original,2025-02-28T00:00:00Z,255,0,0,Finished
842523,ことばのおばけがまどからみている,石墨 feat. KAITO,Cover,2025-02-28T00:00:00Z,186,0,0,Finished
841773,宇宙、窓辺、深夜11時,新見凶犬 feat. 歌愛ユキ,Original,2025-02-28T00:00:00Z,139,0,0,Finished
885025,Misery,"neet, HowlingVulpeoRouko feat. 狼狐ッポイド",Cover,2025-05-18T00:00:00Z,226,0,0,Finished
882630,Calling,メタルマン feat. ROSE,Cover,2025-05-18T00:00:00Z,379,0,0,Draft
879583,勇気のわっ！,PLP feat. 初音ミク,Original,2025-05-18T00:00:00Z,88,0,0,Finished
876233,私は雨,ぽめ feat. 花声ジュナ,Cover,2025-05-18T00:00:00Z,223,0,0,Finished
875581,恋する心達のために,文逆p feat. 初音ミク,Cover,2025-05-18T00:00:00Z,274,0,0,Finished
874748,D/N/A,"Sebas ♤ feat. V4 GUMI (Native), V4 GUMI (SoftWhisper), V4 GUMI (MellowAdult)",Cover,2025-05-18T00:00:00Z,129,0,0,Finished
867791,FLOWERS,ImperfectNORE feat. Eleanor Forte AI,Original,2025-05-18T00:00:00Z,95,0,0,Finished
867717,偏食,ロニ feat. NANAO,Cover,2025-05-18T00:00:00Z,230,0,0,Finished
861529,ワールズエンド・ダンスホール,"足立レイ, 重音テト",Cover,2025-05-18T00:00:00Z,217,0,0,Draft
860811,ゲンチアナ,ㅊㅋ feat. 唄音ウタ,Cover,2025-05-18T00:00:00Z,270,0,2,Finished
870025,艶梅に舞う,"とりぴよ feat. 鳴花ヒメ, 鳴花ミコト",Original,2025-11-29T00:00:00Z,239,0,0,Finished
870024,もうあった,とりぴよ feat. 足立レイ,Original,2025-11-29T00:00:00Z,174,0,2,Finished
870023,ジャンク・ジャーク・ジャッド,とりぴよ feat. Synthesizer V AI Megpoid,Original,2025-11-29T00:00:00Z,148,0,2,Finished
870022,RE.かるみあどーるず,とりぴよ feat. 鳴花ミコト,Remaster,2025-11-29T00:00:00Z,180,0,2,Finished
869909,果て、月,落合一十 feat. urumeiwashi,Original,2025-11-29T00:00:00Z,70,1,3,Finished
869908,Ut゛naヨmoriaris;myth?cal,"落合一十 feat. urumeiwashi, 初音ミク",Original,2025-11-29T00:00:00Z,137,2,6,Finished
869907,日,落合一十 feat. ナースロボ＿タイプＴ (Unknown),Original,2025-11-29T00:00:00Z,20,1,3,Finished
869906,環,落合一十 feat. カゼヒキ,Original,2025-11-29T00:00:00Z,63,1,5,Finished
869905,形而上,落合一十 feat. 初音ミク,Original,2025-11-29T00:00:00Z,52,1,3,Finished
869904,きっとそうやって死んでいく,落合一十 feat. 初音ミク,Original,2025-11-29T00:00:00Z,76,2,6,Finished
829799,グリーンライツ・セレナーデ [BIGHEAD REMIX],BIGHEAD feat. 初音ミク,Remix,2025-08-23T00:00:00Z,223,0,2,Finished
829798,成長の病,椿 feat. 歌愛ユキ V4,Original,2025-08-23T00:00:00Z,227,7,45,Finished
829797,さよならメロがある𓍯⊹₊⟡⋆,"音絵, 窓辺リカ feat. 初音ミク",Original,2025-08-23T00:00:00Z,189,10,48,Finished
829796,花弁、それにまつわる音声 (*Yuu & Nyacktas Remix),"Nyacktas, *Yuu feat. 初音ミク",Remix,2025-08-23T00:00:00Z,144,0,0,Finished
829795,Devil,OTIKA feat. 初音ミク,Original,2025-08-23T00:00:00Z,186,0,2,Finished
829794,ダイダイダイダイダイキライ BuonoRemix,"ぼぉの feat. 初音ミク, 重音テトSV",Remix,2025-08-23T00:00:00Z,174,0,0,Finished
829792,"Fairytale, - adomiori Remix",adomiori feat. Synthesizer V AI 音街ウナ,Remix,2025-08-23T00:00:00Z,243,2,12,Finished
829791,echo (SEE Remix),SEE feat. 初音ミク,Remix,2025-08-23T00:00:00Z,258,1,3,Finished
829790,讐怨ノ魔王,縷川アルマ feat. 氷山キヨテル V4 (Unknown),Original,2025-08-23T00:00:00Z,135,2,6,Finished
829789,宇宙のみなしご,世界電力 feat. 足立レイ,Original,2025-08-23T00:00:00Z,220,5,23,Finished
824879,ハイドアンド・シーク,ヴェナ feat. 氷山キヨテル AI,Cover,2025-04-13T00:00:00Z,265,0,0,Finished
817848,白緑ディスコ,イワシ好きのひかる feat. ずんだもん,Remix,2025-04-13T00:00:00Z,32,0,0,Finished
817633,Gen Z,パインラグビー feat. 鏡音リン,Original,2025-04-13T00:00:00Z,284,0,0,Finished
817524,Cemetery Network,charcolor feat. AVANNA,Original,2025-04-13T00:00:00Z,244,0,0,Finished
816822,花に風,Maaya feat. various,MusicPV,2025-04-13T00:00:00Z,126,0,0,Finished
816602,Machine Love,Superbox feat. Neuro-sama (RVC AI),Cover,2025-04-13T00:00:00Z,293,0,0,Finished
814056,orange,tpko66 feat. 歌手音ピコ,Cover,2025-04-13T00:00:00Z,236,1,5,Finished
813855,ごみのひ,まがお feat. 唄音ウタ,Original,2025-04-13T00:00:00Z,52,0,0,Finished
812563,3分40秒,taulin feat. 黄咲愛里,Original,2025-04-13T00:00:00Z,159,0,0,Finished
812047,Get Relaxed,"co-ta, Future Link Sound feat. 初音ミク",Original,2025-04-13T00:00:00Z,91,0,0,Finished
904217,Murasame,ceresP feat. KAITO V3 (Unknown),Remaster,2025-12-06T00:00:00Z,263,0,0,Finished
903872,タマシイグロッキー,んだやか feat. 初音ミク,Original,2025-12-06T00:00:00Z,62,0,0,Finished
903804,冬の時代,arec feat. 小春六花 AI,Original,2025-12-06T00:00:00Z,233,0,0,Finished
903517,バーナー,CoralLoom feat. 重音テトSV,Original,2025-12-06T00:00:00Z,128,0,0,Finished
903344,ラストエリクサーシンドローム,自炊 feat. 東北きりたん,Original,2025-12-06T00:00:00Z,134,0,0,Finished
902669,Nearly equal love,深夜の人 feat. 初音ミク,Original,2025-12-06T00:00:00Z,294,0,2,Finished
902661,もう何も,kocorono feat. 初音ミク,Original,2025-12-06T00:00:00Z,239,1,7,Finished
901382,備忘録理論,midale feat. 鏡音レン,Original,2025-12-06T00:00:00Z,227,0,0,Finished
901251,White Period.,samayurie feat. 初音ミク,Cover,2025-12-06T00:00:00Z,319,0,0,Finished
901192,愛をください,かみやさん feat. 初音ミク,Original,2025-12-06T00:00:00Z,360,0,0,Finished
960269,三不粘をエロい目で見るな,無℃ feat. 水瀬みずし,Cover,2025-09-19T00:00:00Z,147,0,0,Finished
952120,바다의 왕자,테토스스테론포테토칩 feat. 重音テト,Cover,2025-09-19T00:00:00Z,132,0,0,Draft
951803,風は秋色,Cakewalk feat. 花隈千冬,Cover,2025-09-19T00:00:00Z,261,0,0,Finished
947143,林檎売りの泡沫少女,sillythesilly!☆ feat. 春歌ナナ,Cover,2025-09-19T00:00:00Z,365,0,0,Finished
946680,雨とネオン,ゆけむりおねこ。 feat. 初音ミク,Original,2025-09-19T00:00:00Z,186,0,0,Finished
945630,シュリンク_プリンセス,菓子 feat. 小春六花 (Unknown),Original,2025-09-19T00:00:00Z,184,0,0,Finished
945479,I'm So Tired,846P feat. Synthesizer V AI 音街ウナ,Original,2025-09-19T00:00:00Z,42,0,0,Finished
944478,カミナリヲタズサエルアメ[short],全て霰の所為です。 feat. 唄音ウタ,Original,2025-09-19T00:00:00Z,89,0,0,Finished
942769,どりーむ（仮）らんど,焙じ炉 feat. VY1,Original,2025-09-19T00:00:00Z,159,0,0,Finished
941873,ECHO,That Gay Kay feat. CiderTalk’84,Cover,2025-09-19T00:00:00Z,226,0,0,Finished
773061,KALEIDOSCOPE,Pandora-P feat. 重音テトSV,Original,2025-04-05T00:00:00Z,321,1,9,Finished
773057,LOG OFF,Staircatte feat. 重音テトSV,Original,2025-04-05T00:00:00Z,105,28,118,Finished
773050,1H473Y0U1H473Y0U1H473Y0U1H473Y0U1H473Y0U1H473Y0U1H473Y0U1H473Y0U,B100D1U57-P feat. 澄宵,Original,2025-04-05T00:00:00Z,220,1,3,Finished
773046,BETRAYAL,Ghostie Q feat. various,Original,2025-04-05T00:00:00Z,226,0,2,Finished
773043,PROBLEM SOLVER,Saturn Candies feat. v4 flower,Original,2025-04-05T00:00:00Z,254,0,0,Finished
773042,Suncursed,"noroikikku feat. 重音テトSV, SOLARIA",Original,2025-04-05T00:00:00Z,206,0,2,Finished
773037,UR COOKED!!,"Pomegranola, 𒊹, DENEV feat. Yuma, Eri",Original,2025-04-05T00:00:00Z,174,1,13,Finished
773034,Piano Eyes,"RE3ZE feat. 可不, 闇音レンリ",Original,2025-04-05T00:00:00Z,272,0,2,Finished
773033,Picking Sides🔄,"Witches with Glitches, 11vein feat. Ayame",Original,2025-04-05T00:00:00Z,205,1,7,Finished
773029,春天没有……,潮汐逃逸 feat. 诗岸,Remix,2025-04-05T00:00:00Z,123,0,0,Finished
725330,ウミガメのなみだはしおらしい,永遠希望 feat. 大海クリナ,Cover,2025-01-01T00:00:00Z,196,0,0,Finished
725203,テトルテトテ,あやめろん feat. 重音テトSV,Original,2025-01-01T00:00:00Z,180,0,6,Finished
725185,ニャン,fffanii feat. 足立レイ,Cover,2025-01-01T00:00:00Z,205,0,2,Finished
725002,遮断機,ビグマ feat. 唄音ウタ,Remix,2025-01-01T00:00:00Z,214,1,3,Finished
724947,テトリス × フォニイ,"アイロ・ヘランメ feat. 重音テトSV, 可不",Mashup,2025-01-01T00:00:00Z,155,0,0,Finished
724943,また誰もいない部屋に辿りついてしまった,"中性石鹸 feat. 九重来音, 九重柊音",Cover,2025-01-01T00:00:00Z,167,0,0,Finished
724871,スターゲイザー,犬目線 feat. 初音ミク,Original,2025-01-01T00:00:00Z,135,0,0,Finished
724835,きゅびずむ,붕어 feat. 警告音思案,Cover,2025-01-01T00:00:00Z,141,0,0,Finished
724468,Juicy Honey (Full Version Mix),Sound Papa P feat. 初音ミク,Original,2025-01-01T00:00:00Z,224,0,0,Finished
724437,神っぽいな,"Ocean Eyes feat. 佐緋村コラリン, Mahalia Paz Kadin",Cover,2025-01-01T00:00:00Z,205,1,3,Draft
883721,藍時雨,"Agate feat. ゲキヤク-偽薬-, ゲキヤク-カプセル剤-",Cover,2025-11-06T00:00:00Z,186,0,0,Finished
882063,マシュマロ,Sleepy Sitrus feat. MEIKO V3 (Power),Cover,2025-11-06T00:00:00Z,173,0,0,Finished
881555,Sinner of the World,Ays feat. 重音テトSV,Original,2025-11-06T00:00:00Z,219,0,2,Finished
878798,おとまりさん,LiMp feat. ナースロボ＿タイプＴ (Unknown),Original,2025-11-06T00:00:00Z,192,0,0,Finished
878690,カミュ,くびれ音楽 feat. ゲキヤク,Original,2025-11-06T00:00:00Z,181,1,5,Finished
878659,hollow (原口沙輔 remix),"原口沙輔 feat. VOCALOID (Unknown), Nujioh",Remix,2025-11-06T00:00:00Z,398,1,7,Finished
878047,仮装狂騒曲,"シロハトP feat. Rana, 結月ゆかり, 夢眠ネム",Cover,2025-11-06T00:00:00Z,195,0,2,Finished
877915,Queen of Ice,"Zynthesiren feat. SOLARIA, HXVOC, GALENAIA",Original,2025-11-06T00:00:00Z,251,8,44,Finished
877555,memeしい,飴喰い feat. 排気音カララ,Cover,2025-11-06T00:00:00Z,158,0,2,Draft
875938,Magnolia,bobaerror feat. various,Cover,2025-11-06T00:00:00Z,152,0,0,Finished
776594,チェチェ・チェック・ワンツー！,Two Caoscience Percent feat. まっくろちゃん,Cover,2025-04-13T00:00:00Z,201,0,6,Finished
776593,LOOK@,Know1 feat. 巡音ルカ,Original,2025-04-13T00:00:00Z,62,0,0,Finished
776590,僕らの手には何もないけど、,"onttann feat. 巡音ルカ, KAITO",Cover,2025-04-13T00:00:00Z,266,0,0,Finished
776589,虚荣屠夫,VOCABADDIES Inc. feat. galaco BLACK,Cover,2025-04-13T00:00:00Z,188,0,0,Finished
776583,Beat,スタジオ まきちゃん feat. 初音ミク,Original,2025-04-13T00:00:00Z,341,0,2,Finished
776577,Outer Liner,シャジガ feat. Kaori,Original,2025-04-13T00:00:00Z,195,0,0,Finished
776576,Hi-Fiテレパシック,"市瀬るぽ, gaogao feat. 鏡音リン",Original,2025-04-13T00:00:00Z,174,1,9,Finished
776574,Symphomuse,umbrabyte feat. MAYU,Original,2025-04-13T00:00:00Z,179,5,35,Finished
776561,UNDEAD,"山本幹也, 藍月なくる feat. 無來",Remix,2025-04-13T00:00:00Z,188,0,4,Finished
776558,mint tears,"あぶなえびな feat. 琴葉葵, 琴葉葵 (囁)",Cover,2025-04-13T00:00:00Z,112,0,0,Finished
917136,Easy,"Sam Haft, Andrew Underberg feat. Stephanie Beatriz, Erika Henningsen",Original,2025-11-14T00:00:00Z,106,0,2,Draft
914949,みんなそういう時期あるよね。いやある。あるはず。ないわけない。いや、ないのか。いやあるね。絶対。ないはずがない。おい、あるんだろ。もうそんな歳なのか。そろそろ...,EACH。 feat. 初音ミク,Original,2025-11-14T00:00:00Z,88,0,0,Finished
912249,好きになって、よかった,EightThunder306 feat. 小夜,Cover,2025-11-14T00:00:00Z,272,0,0,Finished
911657,"Una, Miko, Yuki y Nana van al Port D'aventura",Ameki49 feat. various,DramaPV,2025-11-14T00:00:00Z,254,0,0,Finished
909635,身勝手,ヒューズ feat. IA,Original,2025-11-14T00:00:00Z,222,0,0,Finished
909025,σ_σ,石墨 feat. 月読アイ,Cover,2025-11-14T00:00:00Z,75,0,0,Finished
907140,TYQOON,景路 feat. 唄音ウタ,Cover,2025-11-14T00:00:00Z,142,0,0,Finished
907018,i guess we doin circles now,The SongKeeper feat. 星尘Infinity,Cover,2025-11-14T00:00:00Z,248,0,0,Finished
906370,MONSTROUS MIRAGE & DEAD RINGER​,"luke_goji feat. 重音テトSV, HXVOC, Hayden",Cover,2025-11-14T00:00:00Z,281,0,0,Finished
903894,麻衣,anocath2k20 feat. 花響琴,Original,2025-11-14T00:00:00Z,387,0,0,Finished
778811,クロノヤカタ,SweetPoet feat. 巡音ルカ,Cover,2025-04-17T00:00:00Z,304,1,3,Finished
778799,存在しない,皮肉骨 feat. v4 flower,Original,2025-04-17T00:00:00Z,41,0,0,Finished
778791,Perfumed With Gasoline,text_to_death feat. GALENAIA,Original,2025-04-17T00:00:00Z,224,2,14,Finished
778789,Desculpe O Auê,KAISKE feat. 苍穹 Synthesizer V 2 Plus,Cover,2025-04-17T00:00:00Z,175,0,0,Finished
778784,逃避行,Roca feat. 可不,Original,2025-04-17T00:00:00Z,190,0,0,Finished
778783,舛ﾛ牆犂舛ﾛ牆犂,Amethystis feat. 唄音ウタ,Cover,2025-04-17T00:00:00Z,232,0,0,Finished
778782,タイムリミット,姫宮瑠理香 feat. 花之宮月歌,Cover,2025-04-17T00:00:00Z,97,0,0,Finished
778781,Misery Loves Company,Yin-P feat. HXVOC,Cover,2025-04-17T00:00:00Z,235,0,2,Finished
778773,ここが青い星らしいんだ,ヲヲタ feat. 初音ミク,Original,2025-04-17T00:00:00Z,175,0,2,Finished
778765,Round and Round,"Sanar Animator feat. ISISちゃん, 健音テイ",Cover,2025-04-17T00:00:00Z,65,0,0,Finished
744175,ディア,Nyarla-p feat. 巡音ルカ,Cover,2025-02-01T00:00:00Z,175,0,0,Finished
744167,呪詛ヲ孵ス,IDONO KAWAZU feat. 足立レイ,Original,2025-02-01T00:00:00Z,187,2,22,Finished
744161,procrastination,The__Professional feat. 桃音モモ,Original,2025-02-01T00:00:00Z,5,0,0,Finished
744150,An Ocean in my Mind,Pomme feat. Synthesizer V AI Megpoid,Original,2025-02-01T00:00:00Z,124,0,2,Finished
744128,ミライガール,YuA feat. 初音ミク,Original,2025-02-01T00:00:00Z,221,0,0,Finished
741192,天霞,"乃々野ねね feat. 花隈千冬, 重音テトSV",Cover,2025-02-01T00:00:00Z,0,0,0,Finished
741178,コトノハ ／ リコネクション,uboar,Instrumental,2025-02-01T00:00:00Z,0,0,0,Finished
741165,Openseam,uboar feat. 花隈千冬,Original,2025-02-01T00:00:00Z,324,0,0,Finished
741164,ENGINE,uboar feat. various,Original,2025-02-01T00:00:00Z,235,0,0,Finished
1029800,She Loved Him a Little Too Much,Andy Garrett feat. ASTERIAN,Original,2025-01-31T00:00:00Z,148,0,0,Finished
758712,Love Love Beam,"CLP feat. 重音テトSV, Saki AI",Remix,2025-03-03T00:00:00Z,87,0,0,Finished
758708,Queen of Venus,carmenxsleepy feat. NYL,Cover,2025-03-03T00:00:00Z,268,0,0,Finished
758707,少女A,aidenP feat. MEIKO V3 (Dark),Cover,2025-03-03T00:00:00Z,244,0,0,Finished
758705,ヒガン,ThePipofDespair feat. 海伊 AI,Cover,2025-03-03T00:00:00Z,215,0,0,Finished
758704,トニーの夏色レモネード,"CLP feat. 夏色花梨, ASTERIAN",Remix,2025-03-03T00:00:00Z,78,0,0,Finished
758694,推しごと☆ぐらでぃえーたー！,"よじね feat. 琴葉葵, 琴葉茜",Original,2025-03-03T00:00:00Z,252,0,0,Finished
758693,四月朔日（April）,CLP feat. 小春六花 AI,Remix,2025-03-03T00:00:00Z,99,0,0,Finished
758687,Whisper a name I do not remember.,皮肉骨 feat. ずんだもん (Unknown),Original,2025-03-03T00:00:00Z,191,1,3,Finished
758684,ミツバチの色,"ままま feat. Synthesizer V AI Megpoid, 小春六花 AI",Remix,2025-03-03T00:00:00Z,158,0,0,Finished
758682,ゴチャゴチャうるせー！,BBUNG feat. various,Cover,2025-03-03T00:00:00Z,61,1,5,Finished
744724,ミライに届け,k0yuk! feat. 初音ミク,Original,2025-01-20T00:00:00Z,191,0,0,Finished
744217,ネヴァエン・ディーヴァ,テンタクル忍者 feat. 初音ミク V4X (Original),Original,2025-01-20T00:00:00Z,212,0,0,Finished
743619,Abuse Pattern,"Pistachio Chipmunk feat. 林籁, 韵泉",Original,2025-01-20T00:00:00Z,236,0,0,Finished
743593,Moves Like Jagger,Xiao Pingguo feat. Llane Crow (DiffSinger),Cover,2025-01-20T00:00:00Z,80,0,0,Finished
742198,Disco,HyeZ Beat feat. ANRI Arcane,Original,2025-01-20T00:00:00Z,106,0,0,Finished
742136,I Can't Find You,Saccharina feat. Mai,Original,2025-01-20T00:00:00Z,125,0,0,Finished
742089,嘘，她正在光合作用。,"萤失Hinano, 李云飞 feat. 洛天依AI",Original,2025-01-20T00:00:00Z,314,0,0,Finished
742034,嘘憑きスネーク,otori feat. 初音ミク,Original,2025-01-20T00:00:00Z,121,0,0,Finished
741712,祝福に抱かれて,日々乃日々 feat. ROSE,Original,2025-01-20T00:00:00Z,208,0,0,Finished
741298,re:creation,Cybersonus feat. Fιφne,Original,2025-01-20T00:00:00Z,123,0,0,Finished
795728,インプレゾンビ,fawnty feat. 初音ミク,Cover,2025-05-31T00:00:00Z,157,0,0,Finished
795725,YES NO,絹玉 feat. 琴葉葵,Cover,2025-05-31T00:00:00Z,236,0,0,Finished
795723,Agoraphobia,"PekoP, Lynk.EXE feat. 重音テトSV, 初音ミク V4 (English)",Original,2025-05-31T00:00:00Z,280,4,34,Finished
795720,レム,K3RA feat. Po-uta,Cover,2025-05-31T00:00:00Z,200,1,3,Finished
795713,つれない夜空,Masayoshi_n feat. 初音ミク,Original,2025-05-31T00:00:00Z,190,0,0,Finished
795712,TAG,slayrrc feat. various,Original,2025-05-31T00:00:00Z,223,2,10,Finished
795710,月に叢雲華に風,Wail Moonlit feat. 初音ミク V4X (Original),Cover,2025-05-31T00:00:00Z,287,0,0,Finished
795707,At Critical Point.,ジユズ feat. 巡音ルカ,Original,2025-05-31T00:00:00Z,166,0,0,Finished
795706,見返り美人,"arvo, Domiyu feat. 宮舞モカ 2, UNI Synthesizer V",Cover,2025-05-31T00:00:00Z,298,1,5,Finished
795704,愛して愛して愛して,hacki feat. Shadow Milk Cookie (UTAU Jinriki),Cover,2025-05-31T00:00:00Z,251,1,3,Draft
829164,fluffyfeel,yamato feat. 初音ミク V4X (Unknown),Original,2025-08-21T00:00:00Z,319,0,0,Finished
829157,ルーマー,斧田藤也 feat. 曽根トージ,Cover,2025-08-21T00:00:00Z,176,0,0,Finished
829155,ブルースクリーン,にとろ feat. CyANiD,Original,2025-08-21T00:00:00Z,237,3,13,Finished
829151,零ノ重,"TENBIN feat. 重音テト, 足立レイ",Original,2025-08-21T00:00:00Z,274,1,5,Finished
829150,田中讃美歌,"るりーら feat. 足立レイ, 唄音ウタ",Original,2025-08-21T00:00:00Z,83,1,3,Finished
829148,ひかり見える海,ハテソノ葡萄茶 feat. MAYU,Original,2025-08-21T00:00:00Z,130,0,0,Finished
829145,冷笑バニー,まぼろし電波 feat. Ninezero,Original,2025-08-21T00:00:00Z,174,1,3,Finished
829142,宇宙の果てツアー,"ニシ feat. 初音ミク, 足立レイ",Original,2025-08-21T00:00:00Z,130,0,0,Finished
829135,ウィッチズ,"闇烏P feat. 宮舞モカ, HXVOC",Original,2025-08-21T00:00:00Z,240,0,2,Finished
829133,明日、天気になってほしい,ラフラ feat. 初音ミク,Original,2025-08-21T00:00:00Z,121,0,0,Finished
859887,不可燃,Aoai21 feat. 洛天依AI (X Studio),Original,2025-07-11T00:00:00Z,171,0,0,Finished
859021,Call!!,はつ feat. 葉都,Cover,2025-07-11T00:00:00Z,195,0,0,Finished
857572,我手提箱里小小的火山,"海格P, 清风疾行, 莫米兔 feat. 言和AI",Original,2025-07-11T00:00:00Z,251,0,0,Finished
857385,Lengua Retorcida,"ManatíP feat. HALO, PASTEL",Cover,2025-07-11T00:00:00Z,190,0,0,Finished
856654,绿灯亮了就来爱我,Various artists,Original,2025-07-11T00:00:00Z,224,0,0,Finished
856322,沈める街,やそう汁 feat. 轟音ロキ,Cover,2025-07-11T00:00:00Z,183,0,0,Finished
854324,反重力青年,雛月ミヅキ feat. ゲキヤクV,Original,2025-07-11T00:00:00Z,69,0,0,Finished
852036,トラップ,Z0M feat. 初音ミク,Original,2025-07-11T00:00:00Z,163,0,0,Finished
851467,潜入水下起舞,"辞Jinse, 孤舟遗梦 feat. 洛天依AI",Original,2025-07-11T00:00:00Z,238,0,4,Finished
848032,夜行列车,"空诩_, 天宸 feat. 言和AI",Original,2025-07-11T00:00:00Z,272,0,0,Finished
924204,生存報告,こげつじょあん feat. 重音テトSV,Original,2025-10-10T00:00:00Z,176,0,0,Finished
920667,秘め事,灰光 feat. 音街ウナ (Unknown),Original,2025-10-10T00:00:00Z,152,0,0,Finished
918599,🌈マジカル・エンジェル　ララミィ🌈,クニシゲカナト feat. 初音ミク,Original,2025-10-10T00:00:00Z,222,0,0,Finished
917586,Dance Delightful,GeneralMalta feat. JUN,Cover,2025-10-10T00:00:00Z,259,0,0,Finished
916192,整数に似ている何か,"ずんだもんの定理 feat. ずんだもん, 四国めたん",DramaPV,2025-10-10T00:00:00Z,884,0,0,Finished
915889,Teto joins the latest trend of AI video generation (not really),jungli feat. 重音テトSV,DramaPV,2025-10-10T00:00:00Z,22,0,0,Finished
915145,Ramo de flores,大瀬 feat. 宮舞モカ,Original,2025-10-10T00:00:00Z,150,0,0,Finished
914947,性根が腐る。,EACH。 feat. 初音ミク,Original,2025-10-10T00:00:00Z,92,0,2,Finished
913358,ぼたぼた,ワレカビン feat. 可不,Original,2025-10-10T00:00:00Z,213,0,0,Finished
909782,T氏の話を信じるな,"端木玄祈_Official feat. 祈音ミモ, 井佳橘",Cover,2025-10-10T00:00:00Z,160,0,0,Finished
773397,落花式,ユジー feat. 初音ミク,Original,2025-04-05T00:00:00Z,184,0,4,Finished
773395,ELECTRONIC LESION,hellitone feat. ルウル,Original,2025-04-05T00:00:00Z,70,0,4,Finished
773394,Cut the line,RaZ(G)e-P feat. Liam (DiffSinger),Original,2025-04-05T00:00:00Z,216,0,0,Finished
773393,Interlude: For Your Sake,aschenmori feat. Sonata,Original,2025-04-05T00:00:00Z,196,0,0,Finished
773385,アイムハイ × 異星にいこうね,"偽善者の愛 feat. 星界, 初音ミク",Mashup,2025-04-05T00:00:00Z,181,0,0,Finished
773375,Jardín Adorable,porotopop feat. Canelita Kireina,Original,2025-04-05T00:00:00Z,161,0,6,Finished
773365,healther,"huedrone feat. カゼヒキ, S.A.M.",Cover,2025-04-05T00:00:00Z,186,0,0,Finished
773364,百合のいらない朝,Tianpansa feat. 花隈千冬,Original,2025-04-05T00:00:00Z,229,0,2,Finished
773361,オムニア,サブサキ feat. 重音テトSV,Original,2025-04-05T00:00:00Z,121,0,4,Finished
773359,SEVEN BARS OF SOAP,aiuralu feat. 重音テトSV,Original,2025-04-05T00:00:00Z,105,1,15,Finished
773866,思い出はレモン色！,"空待澄人 feat. 錯音ジバ, 錯音シノ",Original,2025-04-03T00:00:00Z,216,0,0,Finished
773864,カル・テト（4月）,マキシウキョウ feat. 重音テトSV,Original,2025-04-03T00:00:00Z,24,0,2,Finished
773821,Adorador,"Kiwwi, julieraptor, Kiwwiraptor",Instrumental,2025-04-03T00:00:00Z,174,0,0,Finished
773728,Good To Toss,Al!enn feat. ROSE,Original,2025-04-03T00:00:00Z,153,0,0,Finished
773634,シャルル,Essaurus feat. UNI Synthesizer V,Cover,2025-04-03T00:00:00Z,236,0,0,Finished
773628,モニタリング,Du Du Danyon feat. Synthesizer V 2 AI miki,Cover,2025-04-03T00:00:00Z,182,0,2,Finished
773627,The Heart and the Mind,"divineruins feat. Esther, JYOZE",Original,2025-04-03T00:00:00Z,231,1,9,Finished
773591,Do As Infinity,"神北クドリャフカ feat. Synthesizer V AI 音街ウナ, 重音テトSV",Cover,2025-04-03T00:00:00Z,269,0,0,Finished
773537,Stupify,Rhatsody feat. HXVOC,Cover,2025-04-03T00:00:00Z,256,0,0,Finished
773276,Dream,Zenny feat. 宮舞モカ,Original,2025-04-03T00:00:00Z,216,0,2,Finished
785111,Love Chase,tohru feat. V3 GUMI (English),Remaster,2025-05-03T00:00:00Z,121,4,18,Finished
785097,BAQN,致歉 feat. 鏡音レン,Cover,2025-05-03T00:00:00Z,195,0,0,Finished
785054,Summer Deciever,hika feat. UNI Synthesizer V,Cover,2025-05-03T00:00:00Z,0,0,0,Draft
785053,冷夏,"hika feat. 初音ミク, 重音テトSV, ナースロボ＿タイプＴ (Unknown)",Original,2025-05-03T00:00:00Z,201,0,0,Draft
785052,제목미정,hika feat. UNI Synthesizer V,Original,2025-05-03T00:00:00Z,0,0,0,Draft
785051,독야청청,hika feat. UNI Synthesizer V,Original,2025-05-03T00:00:00Z,0,0,0,Draft
785050,死ｎ海,hika feat. UNI Synthesizer V,Original,2025-05-03T00:00:00Z,177,0,0,Draft
785030,アトモス,全てあなたの使嗾です。 feat. 唄音ウタ,Original,2025-05-03T00:00:00Z,253,0,0,Finished
785029,水性,いつもあなたの傍にいます。 feat. 東北ずん子,Original,2025-05-03T00:00:00Z,145,0,0,Finished
785028,↗︎↗︎↗︎[short],いつもあなたの傍にいます。 feat. 東北ずん子,Original,2025-05-03T00:00:00Z,92,0,0,Finished
