id,name,artistString,songType,publishDate,lengthSeconds,favoritedTimes,ratingScore,status
274228,Snow-white Medium,弱音P feat. 初音ミク,Original,2007-09-26T00:00:00Z,94,1,3,Finished
6485,Chocolate☆Magic -ドキドキ大作戦-,OSTER project feat. 初音ミク,Original,2007-09-26T00:00:00Z,118,4,32,Finished
538295,Chaos,さつき が てんこもり feat. Delay Lama,Original,2007-09-25T00:00:00Z,83,1,3,Finished
307760,メッセージ,azuma feat. 初音ミク,Original,2007-09-25T00:00:00Z,93,0,0,Finished
268807,moon 旧版,iroha(sasaki) feat. 初音ミク,Original,2007-09-25T00:00:00Z,163,4,14,Finished
268169,かに風味かまぼこ賛歌,不在通知P feat. 初音ミク,Original,2007-09-25T00:00:00Z,63,1,5,Finished
7842,恋愛ボーカロイド,Dog tails feat. 初音ミク,Original,2007-09-25T00:00:00Z,256,4,30,Finished
424500,ハッピーハードミク,骨盤P feat. 初音ミク,Original,2007-09-24T00:00:00Z,163,0,0,Finished
266000,シンキロウ,tombo. feat. 初音ミク,Original,2007-09-24T00:00:00Z,98,0,0,Finished
265994,Starry Blue,HiRO@Lovecar feat. 初音ミク,Original,2007-09-24T00:00:00Z,109,0,0,Finished
3027,Innocence,KazuP feat. 初音ミク,Original,2007-12-19T00:00:00Z,140,32,166,Approved
977836,broken my bear,U-ske feat. 初音ミク,Original,2007-12-18T00:00:00Z,258,0,0,Draft
718537,二人だけのMarry X’mas!!＜みっくみくMix＞,octave feat. 初音ミク,Original,2007-12-18T00:00:00Z,239,0,0,Finished
718533,君との時間にさよなら,すなみかんとく feat. 初音ミク,Original,2007-12-18T00:00:00Z,83,0,0,Finished
718519,ぬっこ　ぬっこに　されとるでー　「その３」,Dragon Flavor feat. 初音ミク,Original,2007-12-18T00:00:00Z,89,0,0,Finished
718514,keikoの憂鬱,上場 feat. Unknown vocal synth(s),Original,2007-12-18T00:00:00Z,267,0,0,Draft
718494,つむぎ太郎 (仮),Bitstar feat. 初音ミク,Original,2007-12-18T00:00:00Z,231,0,0,Finished
715875,私脱いだらヤバいんです ～short version～,FAR-07 feat. 初音ミク,Original,2007-12-18T00:00:00Z,78,0,0,Finished
713412,message,v2 feat. 初音ミク,Original,2007-12-18T00:00:00Z,300,0,0,Finished
708268,Feelings,Sva feat. 初音ミク,Original,2007-12-18T00:00:00Z,389,0,0,Finished
526289,届くかな？,saki feat. 初音ミク,Original,2007-10-26T00:00:00Z,207,0,2,Finished
302588,近未来都市,涼風P feat. 初音ミク,Original,2007-10-26T00:00:00Z,245,1,7,Finished
107538,想詩,ササノマリイ feat. 初音ミク,Original,2007-10-26T00:00:00Z,106,0,4,Finished
424532,fragments,kuro feat. 初音ミク,Original,2007-10-25T00:00:00Z,283,1,3,Finished
424525,Love Again,刹那P feat. 初音ミク,Original,2007-10-25T00:00:00Z,300,0,0,Finished
424453,電気羊,ピュシス feat. 初音ミク,Original,2007-10-25T00:00:00Z,168,0,0,Finished
423211,aka,ピュシス feat. 初音ミク,Original,2007-10-25T00:00:00Z,173,0,2,Finished
423197,消えても戻りたい,てんてん＠ feat. 初音ミク,Original,2007-10-25T00:00:00Z,73,0,0,Finished
423148,Blue sky blue,そらいむ feat. 初音ミク,Original,2007-10-25T00:00:00Z,122,0,2,Finished
423117,魔界ノ天使,twilight_yous feat. 初音ミク,Original,2007-10-25T00:00:00Z,106,0,0,Finished
591208,いのちのうた,haruna808 feat. 初音ミク,Original,2007-11-23T00:00:00Z,94,0,0,Finished
588460,卑怯戦隊うろたんだー,"シンP feat. KAITO, MEIKO, 初音ミク",Original,2007-11-23T00:00:00Z,269,7,29,Finished
588442,「つのだみさとのパズル道」 初音ミク オープニング,puzpuzu feat. 初音ミク,Original,2007-11-23T00:00:00Z,109,0,0,Finished
588441,吊り,宇宙電波受信P feat. 初音ミク,Original,2007-11-23T00:00:00Z,58,0,0,Finished
588429,ルララ,harunacute feat. 初音ミク,Original,2007-11-23T00:00:00Z,36,0,0,Finished
588420,デジタルたった一人のミュージック,村井臣子 feat. 初音ミク,Original,2007-11-23T00:00:00Z,203,0,0,Finished
588413,そよ風のむこう側,BingoBongoP feat. 初音ミク,Original,2007-11-23T00:00:00Z,190,1,3,Finished
588406,初音ミクとマーブルチョコレート,不在通知P feat. 初音ミク,Original,2007-11-23T00:00:00Z,15,0,0,Finished
588405,限りなき戦い,おパンクP feat. 初音ミク,Original,2007-11-23T00:00:00Z,129,0,0,Finished
588389,僻地医療崩壊を歌う,ニロニロ動画 feat. 初音ミク,Original,2007-11-23T00:00:00Z,153,0,0,Finished
558559,C2B,kangaru feat. 初音ミク,Original,2007-11-09T00:00:00Z,105,0,2,Finished
558544,winter sweet love,KKY_P feat. 初音ミク,Original,2007-11-09T00:00:00Z,171,0,4,Finished
558448,八雲立つ,チューハイP feat. 初音ミク,Original,2007-11-09T00:00:00Z,104,0,0,Finished
489675,Silent X'mas,わんだらP feat. 初音ミク,Original,2007-11-09T00:00:00Z,74,0,2,Finished
410389,FLOWER POWDER ～10月の黄色い悪魔～,くぼんヌ。 feat. 初音ミク,Original,2007-11-09T00:00:00Z,147,0,2,Finished
289422,やくそく,ＨＭＯとかの中の人。 feat. 初音ミク,Original,2007-11-09T00:00:00Z,133,0,0,Finished
848759,君の痛み,本気マフラーP feat. 初音ミク,Original,2007-11-08T00:00:00Z,0,0,0,Finished
811729,すたんどばいみく,keiki feat. 初音ミク,Original,2007-11-08T00:00:00Z,134,0,0,Finished
796405,君の痛み,本気マフラーP feat. 初音ミク,Original,2007-11-08T00:00:00Z,233,0,0,Finished
750700,Last Love,hudenoayamari feat. 初音ミク,Original,2007-11-08T00:00:00Z,150,0,0,Finished
557444,30代萌えヲタがエロゲOP風サビを2時間で作ってみた,ふちP feat. 初音ミク,Original,2007-11-08T00:00:00Z,21,0,0,Finished
557435,スキだなんていえない,kuracciP feat. 初音ミク,Original,2007-11-08T00:00:00Z,115,0,2,Finished
557163,the beginning,shintaron01 feat. 初音ミク,Original,2007-11-08T00:00:00Z,273,0,2,Finished
557141,ミクもポチット押してほしい！！,YOOANN feat. 初音ミク,Original,2007-11-08T00:00:00Z,103,0,2,Finished
557139,lonely only bloomy,ひろき feat. 初音ミク,Original,2007-11-08T00:00:00Z,91,0,2,Finished
557039,初音ミクにＶ系っぽい曲をうたってもらった,weekend feat. 初音ミク,Original,2007-11-08T00:00:00Z,128,0,2,Finished
556880,Anger,うに feat. 初音ミク,Original,2007-11-08T00:00:00Z,81,0,0,Finished
556534,旅立つ君へ,lcyong feat. 初音ミク,Original,2007-11-08T00:00:00Z,323,0,2,Finished
556492,にーとすぱいらる,発狂ぱらのいあ feat. 初音ミク,Original,2007-11-08T00:00:00Z,118,0,0,Finished
13232,那由他の彼方まで,釣り師P feat. 初音ミク,Original,2007-12-17T00:00:00Z,187,2,22,Finished
12653,visualize,amyu feat. 初音ミク,Original,2007-12-17T00:00:00Z,262,0,0,Finished
5269,てむてららる ちょむちょめぷ,daniwell feat. 初音ミク,Original,2007-12-17T00:00:00Z,318,7,47,Finished
3247,うさみみショートケーキ,2-dimension feat. 斎藤 桃子,Original,2007-12-17T00:00:00Z,268,1,3,Finished
773,Absolute BLue,"ベルネイジ, だあくP, 高木誠 feat. 初音ミク",Original,2007-12-17T00:00:00Z,286,0,0,Finished
1015431,fly a new world,AOKI-LOW feat. MEIKO,Original,2007-12-16T00:00:00Z,30,0,4,Finished
705594,snow・man,high feat. KAITO,Original,2007-12-16T00:00:00Z,25,1,3,Finished
705590,まちぼうけ,toglong feat. 初音ミク,Original,2007-12-16T00:00:00Z,183,0,0,Finished
705586,オリジナーレ,竹箱 feat. 初音ミク,Original,2007-12-16T00:00:00Z,203,0,0,Finished
705576,愛＝理解！,りう feat. 初音ミク,Original,2007-12-16T00:00:00Z,113,0,0,Finished
595363,恋の方程式　（はぁと）,wakanamisa feat. 初音ミク,Original,2007-09-23T00:00:00Z,310,0,2,Finished
265541,あなたの心,viamedia feat. 初音ミク,Original,2007-09-23T00:00:00Z,246,0,0,Finished
261121,光と影,Sat4 feat. 初音ミク,Original,2007-09-23T00:00:00Z,283,3,11,Finished
261119,はじめての初音ミク,rokushingattai feat. 初音ミク,Original,2007-09-23T00:00:00Z,0,0,2,Finished
260935,雄魔 -UMA-,blackorwhite feat. 初音ミク,Original,2007-09-23T00:00:00Z,100,0,4,Finished
196930,大好き！お兄ちゃん！,めたはあP feat. 初音ミク,Original,2007-09-23T00:00:00Z,104,0,4,Finished
2434,シューティング☆スター,かじゅきP feat. 初音ミク,Original,2007-09-23T00:00:00Z,197,11,65,Approved
261115,おっぱいのうた,魚肉P feat. 初音ミク,Original,2007-09-22T00:00:00Z,49,2,14,Finished
255935,友達がいないので初音ミクに歌ってもらった 1,骨盤P feat. 初音ミク,Original,2007-09-22T00:00:00Z,153,0,0,Finished
255737,初音ミクに憧れて音楽知識の無い俺が曲を作ってみた。その２,パチP feat. 初音ミク,Original,2007-09-22T00:00:00Z,0,0,0,Finished
297648,バンドでやってる曲を勝手にミクに歌わせてメンバーに内緒でＵＰした,は＠なくそ feat. 初音ミク,Original,2007-09-29T00:00:00Z,206,0,0,Finished
297641,ミクはザリガニ食べてます,魚肉P feat. 初音ミク,Original,2007-09-29T00:00:00Z,44,0,0,Finished
210973,伝えたいきもち,ぽこたんP feat. 初音ミク,Original,2007-09-29T00:00:00Z,250,2,32,Finished
3742,水鏡の庭,Clean Tears feat. 初音ミク,Original,2007-09-29T00:00:00Z,280,7,41,Finished
297624,君とわたしの世界‐ショートヴァージョン,L*aura feat. 初音ミク,Original,2007-09-28T00:00:00Z,122,0,0,Finished
297622,ひきこもりだけど、初音ミクに自作曲歌わせた２,万年青 feat. 初音ミク,Original,2007-09-28T00:00:00Z,230,0,0,Finished
297512,-SNOW VIEW-,Kossy feat. 初音ミク,Original,2007-09-28T00:00:00Z,246,0,0,Finished
297435,君に会うために,BingoBongoP feat. 初音ミク,Original,2007-09-28T00:00:00Z,203,0,0,Finished
296344,ミクが家にあるサンプリングCDに喧嘩を売りました。その２,パチP feat. 初音ミク,Original,2007-09-28T00:00:00Z,0,0,0,Finished
292320,あなたのサンタ,lcyong feat. 初音ミク,Original,2007-09-28T00:00:00Z,116,0,0,Finished
787007,想い、伝えて,ACTPOP feat. 初音ミク,Original,2007-12-31T00:00:00Z,275,0,0,Finished
757001,夢幻特攻DARIO,秦野P feat. 初音ミク,Original,2007-12-31T00:00:00Z,191,0,2,Finished
716642,赤いブランコ,North-T feat. 初音ミク,Original,2007-12-31T00:00:00Z,265,0,0,Finished
650792,rock on,MV2,Original,2007-12-31T00:00:00Z,0,0,0,Draft
650791,創世記少女編,MV2,Original,2007-12-31T00:00:00Z,0,0,0,Draft
650790,Lost,MV2,Original,2007-12-31T00:00:00Z,0,0,0,Draft
642172,Sweet X’mas,涼宮 燐,Original,2007-12-31T00:00:00Z,0,0,0,Finished
642169,White Dance -crystal-,涼宮 燐 feat. 初音ミク,Original,2007-12-31T00:00:00Z,0,0,0,Finished
600574,初音ミクでソイソイ,ソイソイP feat. 初音ミク,Original,2007-12-31T00:00:00Z,73,1,3,Finished
598096,まりこ,宇宙電波受信P feat. 鏡音リン,Original,2007-12-31T00:00:00Z,67,0,0,Finished
236622,カナシミハイブリッド,ナモナキP feat. MEIKO,Original,2007-12-03T00:00:00Z,243,0,2,Finished
182212,街月の下で,TzTech feat. 初音ミク,Original,2007-12-03T00:00:00Z,223,0,0,Finished
169913,イトシイキミ,unui feat. 初音ミク,Original,2007-12-03T00:00:00Z,266,1,7,Finished
18443,音の色,岡崎恵 feat. 初音ミク,Original,2007-12-03T00:00:00Z,75,0,0,Finished
2697,色の無い街,OzaShin feat. 初音ミク,Original,2007-12-03T00:00:00Z,227,3,29,Approved
628628,Song of Christmas -Ver.39-,C-nabo feat. 初音ミク,Original,2007-12-02T00:00:00Z,258,0,0,Finished
628293,弱音ハクの卒業,つやつやP feat. 初音ミク,Original,2007-12-02T00:00:00Z,183,0,2,Finished
628287,もみの木に,tamalab feat. 初音ミク,Original,2007-12-02T00:00:00Z,244,0,0,Finished
628028,初音ミクとボイストレーニング4,ジョイ feat. 初音ミク,Original,2007-12-02T00:00:00Z,202,0,0,Finished
627951,ウタ箱 - Vocaloids BOX -,cosMo@暴走P feat. 初音ミク,Original,2007-12-02T00:00:00Z,199,1,7,Finished
268351,Energetic sign,GT-K feat. 初音ミク,Original,2007-10-12T00:00:00Z,169,0,0,Approved
33680,中学生,フナコシP feat. 初音ミク,Original,2007-10-12T00:00:00Z,200,2,12,Finished
10888,夢の大地,"ことのP, NumLock feat. 初音ミク",Original,2007-10-12T00:00:00Z,289,0,2,Finished
848738,恋する気持ち,本気マフラーP feat. 初音ミク,Original,2007-10-11T00:00:00Z,0,0,0,Finished
796404,恋する気持ち,本気マフラーP feat. 初音ミク,Original,2007-10-11T00:00:00Z,0,0,0,Finished
421954,Over,舞人 feat. 初音ミク,Original,2007-10-11T00:00:00Z,138,0,0,Finished
388429,エゴと想い,LOVE&P feat. 初音ミク,Original,2007-10-11T00:00:00Z,132,0,0,Finished
388117,Seaside Avenue,S.T feat. 初音ミク,Original,2007-10-11T00:00:00Z,272,0,4,Finished
388096,タイニーゼビウス,とまぞぉ feat. TALK,Original,2007-10-11T00:00:00Z,238,4,16,Finished
388077,Ray,rukkulook feat. 初音ミク,Original,2007-10-11T00:00:00Z,203,0,4,Finished
78315,あの菩提樹の下へ,kihirohito feat. 初音ミク,Original,2007-10-25T00:00:00Z,183,2,8,Finished
60662,コーヒーとチョコレート,en feat. 初音ミク,Original,2007-10-25T00:00:00Z,254,1,7,Finished
925797,茜色の約束,"水野良樹, 島田昌典 feat. いきものがかり",Original,2007-10-24T00:00:00Z,293,0,0,Finished
762152,空,神前暁 feat. 滝田樹里,Original,2007-10-24T00:00:00Z,244,0,0,Finished
738140,Tears Infection,"志倉千代丸, 磯江俊道 feat. KAORI",Original,2007-10-24T00:00:00Z,281,0,0,Finished
600302,経験値上昇中☆,"大久保薫 feat. 茅原実里, 井上麻里奈, 佐藤利奈",Original,2007-10-24T00:00:00Z,230,0,0,Finished
424503,この胸のせつなさを,刹那P feat. 初音ミク,Original,2007-10-24T00:00:00Z,296,0,0,Finished
422730,体毛のまみむめもの歌,毛P feat. 初音ミク,Original,2007-10-24T00:00:00Z,80,0,2,Finished
422709,もうひとりのわたし‐ショートヴァージョン,L*aura feat. 初音ミク,Original,2007-10-24T00:00:00Z,99,0,0,Finished
422703,風,Ramiels feat. 初音ミク,Original,2007-10-24T00:00:00Z,281,0,0,Finished
914709,Misery Business,Paramore feat. Hayley Williams,Original,2007-05-15T00:00:00Z,200,0,0,Draft
200203,Dancing with digital lights,"ウチダマサトシ, アキバ系!電脳空間カウボーイズ feat. MEIKO",Original,2007-05-01T00:00:00Z,320,1,7,Finished
549189,ガチャガチャきゅ～と・ふぃぎゅ@メイト,"柏森進, MOSAIC.WAV feat. み～こ",Original,2007-04-27T00:00:00Z,93,8,46,Finished
778063,凛として咲く花の如く,TOMOSUKE feat. オカマチコ,Original,2007-04-25T00:00:00Z,235,0,4,Finished
921636,SECRET AMBITION,"志倉千代丸, 藤間仁 feat. 水樹奈々",Original,2007-04-18T00:00:00Z,265,0,0,Finished
834673,桜の木の下で,くさぞうし feat. Unknown vocal synth(s),Original,2007-04-08T00:00:00Z,0,0,0,Finished
880260,What I've Done,Linkin Park,Original,2007-04-02T00:00:00Z,208,2,8,Finished
811152,Umbrella,Various artists,Original,2007-03-29T00:00:00Z,255,0,0,Finished
684648,Second Heaven,Ryu☆,Original,2007-03-08T00:00:00Z,120,1,7,Finished
784351,CHE.R.RY,"YUI, northa+",Original,2007-03-07T00:00:00Z,216,0,0,Finished
633137,恋夢,cb.jony feat. 初音ミク,Original,2007-12-04T00:00:00Z,71,0,0,Finished
632638,祝・リン解禁,よっしー feat. 初音ミク,Original,2007-12-04T00:00:00Z,41,0,0,Finished
632616,クリスマスソング2007,TERA-Type feat. 初音ミク,Original,2007-12-04T00:00:00Z,217,0,0,Finished
632615,トリカブト・ラブ,TERA-Type feat. 初音ミク,Original,2007-12-04T00:00:00Z,317,0,0,Finished
632614,Snow Child,Junkers feat. 初音ミク,Original,2007-12-04T00:00:00Z,147,0,0,Finished
632590,はかいりんのうた,TERA-Type feat. 初音ミク,Original,2007-12-04T00:00:00Z,276,1,5,Finished
632588,みくラップ,kuzuBP5 feat. 初音ミク,Original,2007-12-04T00:00:00Z,134,0,0,Finished
632586,根性食堂冬コミ出ますの歌,みかみ佳志 feat. 初音ミク,Original,2007-12-04T00:00:00Z,43,0,0,Finished
632578,うたうクリスマス,カーニバルP feat. 初音ミク,Original,2007-12-04T00:00:00Z,129,0,0,Finished
629322,竜の輪に囚われし者,niconiconao feat. 初音ミク,Original,2007-12-04T00:00:00Z,217,0,0,Finished
311315,スターダスト☆ミ,☆てむぴー feat. 初音ミク,Original,2007-12-28T00:00:00Z,219,1,9,Finished
308665,駆けてくひよこ,ぴよよP feat. 鏡音リン,Original,2007-12-28T00:00:00Z,116,1,3,Finished
294595,ミク鍋,dojin feat. 初音ミク,Original,2007-12-28T00:00:00Z,69,0,0,Finished
268219,鏡音デビューです,"まさみティー feat. 鏡音リン, 鏡音レン",Original,2007-12-28T00:00:00Z,74,0,0,Finished
262882,鏡音引越センター,usob feat. 鏡音リン,Original,2007-12-28T00:00:00Z,14,0,4,Finished
262607,RaruSong,"くくどどP feat. 鏡音リン, 初音ミク",Original,2007-12-28T00:00:00Z,181,0,2,Finished
240363,gentleman's dance,"未来派 feat. 鏡音リン, 鏡音レン",Original,2007-12-28T00:00:00Z,135,1,9,Finished
228948,WeLCoME - miku -,IndigoP feat. 初音ミク,Original,2007-12-28T00:00:00Z,107,0,0,Finished
87480,Jewel Colors,"a.k.a.dRESS, ave;new feat. 初音ミク",Original,2007-12-28T00:00:00Z,257,2,16,Finished
33233,バーボンハウスへようこそ,GonGoss feat. 初音ミク,Original,2007-12-28T00:00:00Z,221,3,33,Finished
255353,２の素晴らしさ３,kuro feat. 初音ミク,Original,2007-09-22T00:00:00Z,35,0,0,Finished
255139,「ごはんがすすむ」５番,いぬちP feat. 初音ミク,Original,2007-09-22T00:00:00Z,38,0,0,Finished
255030,「ごはんがすすむ」４番,いぬちP feat. 初音ミク,Original,2007-09-22T00:00:00Z,38,0,0,Finished
251161,初音ミクのアンビエント,orokamono feat. 初音ミク,Original,2007-09-22T00:00:00Z,202,7,29,Finished
100671,Packaged,kz feat. 初音ミク,Original,2007-09-22T00:00:00Z,163,26,137,Approved
307116,初音ミクでHipHopトラック作製,orokamono feat. 初音ミク,Original,2007-09-21T00:00:00Z,75,9,43,Finished
297434,ちょっとおちゃめなVOC@LOID,ことのP feat. 初音ミク,Original,2007-09-21T00:00:00Z,0,0,0,Finished
268001,ミクが家にあるサンプリングCDに喧嘩を売りました。,パチP feat. 初音ミク,Original,2007-09-21T00:00:00Z,0,0,0,Finished
251142,初音ミクに憧れて音楽知識の無い俺が曲を作ってみた。,パチP feat. 初音ミク,Original,2007-09-21T00:00:00Z,0,0,0,Finished
251057,「ごはんがすすむ」３番,いぬちP feat. 初音ミク,Original,2007-09-21T00:00:00Z,39,0,0,Finished
631214,星に願いを…,トゥルララＰ feat. 初音ミク,Original,2007-12-03T00:00:00Z,236,0,0,Finished
616231,クリスマスソング。,"るーにぃ, wainohito feat. 初音ミク",Original,2007-12-03T00:00:00Z,149,0,2,Finished
601291,にわとり,じゃむぱん feat. 初音ミク,Original,2007-12-03T00:00:00Z,55,0,2,Finished
599773,カオシレーターが買えない,HironoLin feat. 初音ミク,Original,2007-12-03T00:00:00Z,80,1,5,Finished
514533,るん・るん・るん♪,岡崎恵 feat. 初音ミク,Original,2007-12-03T00:00:00Z,297,0,0,Finished
283626,過ぎゆく時代の忘れもの,ks_rider feat. 初音ミク,Original,2007-12-03T00:00:00Z,209,1,5,Finished
246636,一人酒,Re:nG feat. 初音ミク,Original,2007-12-03T00:00:00Z,71,0,4,Finished
7010,Before the Time,Taishi feat. 初音ミク,Original,2007-12-31T00:00:00Z,312,0,6,Finished
7011,POP LIFE,通天 feat. 初音ミク,Original,2007-12-31T00:00:00Z,254,0,2,Finished
7012,空のキャンパス,oiko feat. 初音ミク,Original,2007-12-31T00:00:00Z,163,0,2,Finished
7013,新宿ルミネ,ziki_7 feat. 初音ミク,Original,2007-12-31T00:00:00Z,267,0,2,Finished
7014,Stir up!,Taishi feat. 初音ミク,Original,2007-12-31T00:00:00Z,315,0,4,Finished
7015,heart-shaped Knifeの予定でした,kishida feat. 初音ミク,Original,2007-12-31T00:00:00Z,498,0,2,Finished
6171,Sigh…,セピア feat. 初音ミク,Original,2007-12-31T00:00:00Z,243,0,0,Finished
6172,追憶のノクターン,OdiakeS feat. 初音ミク,Original,2007-12-31T00:00:00Z,270,0,0,Finished
6165,贖罪のラプソディー,ことのP feat. 初音ミク,Original,2007-12-31T00:00:00Z,263,0,0,Finished
6166,原罪のレクイエム,セピア feat. 初音ミク,Original,2007-12-31T00:00:00Z,251,0,0,Finished
89548,約束のキス,vilP feat. 初音ミク,Original,2007-12-24T00:00:00Z,259,0,4,Finished
9449,君のメロディー,samfree feat. 初音ミク,Original,2007-12-24T00:00:00Z,286,2,20,Finished
5354,つないだ手,mikuru396 feat. 初音ミク,Original,2007-12-24T00:00:00Z,407,8,52,Finished
1011582,いくぞ！サンタクロース！！,武装歌劇派 feat. 初音ミク,Original,2007-12-23T00:00:00Z,95,0,0,Finished
715730,残酷な現実,ルーネ feat. 初音ミク,Original,2007-12-23T00:00:00Z,106,0,2,Finished
698417,anger [short angry mix],Tripshots feat. 初音ミク,Original,2007-12-23T00:00:00Z,146,1,5,Finished
627885,マスター、マスター,kametaka feat. KAITO,Original,2007-12-23T00:00:00Z,60,0,0,Finished
627882,光さす道,kametaka feat. KAITO,Original,2007-12-23T00:00:00Z,263,0,0,Finished
626118,大空の彼方へ,"HT feat. MEIKO, KAITO",Original,2007-12-23T00:00:00Z,291,0,2,Finished
599787,Cloudy Sky,ゲン feat. 初音ミク,Original,2007-12-23T00:00:00Z,188,0,0,Finished
633245,ボーカロイド哀歌,takotakoagare feat. 初音ミク,Original,2007-12-04T00:00:00Z,277,0,4,Finished
633244,あなたに・・・,aster feat. 初音ミク,Original,2007-12-04T00:00:00Z,305,0,0,Finished
633233,書道教室日本海,Kyohei Sanbayashi feat. MEIKO,Original,2007-12-04T00:00:00Z,157,0,2,Finished
633203,帰り道,captain_tea feat. KAITO,Original,2007-12-04T00:00:00Z,261,0,0,Finished
633196,機動戦隊ザクレンジャー,ＬＥＥ土橋 feat. 初音ミク,Original,2007-12-04T00:00:00Z,168,1,3,Finished
633186,スピード☆メイカー,U-ske feat. 初音ミク,Original,2007-12-04T00:00:00Z,216,0,0,Finished
633157,アイスミクボサ,IndigoP feat. 初音ミク,Original,2007-12-04T00:00:00Z,102,0,0,Finished
33098,リンリンリンってしてくりん,ジェバンニP feat. 鏡音リン,Original,2007-12-28T00:00:00Z,112,6,42,Finished
21139,かぷちーの,あわあわP feat. 初音ミク,Original,2007-12-28T00:00:00Z,125,0,6,Finished
8578,リンカーネーション,ジェバンニP feat. 鏡音リン,Original,2007-12-28T00:00:00Z,203,3,27,Approved
6654,逆襲のロードローラー,TinySymphony feat. 鏡音リン,Original,2007-12-28T00:00:00Z,271,1,9,Finished
5238,PICO＠LUV (☆彡とvとAIのウタ。),sasakure.UK feat. 初音ミク,Original,2007-12-28T00:00:00Z,154,17,79,Finished
7008,Glitter,su- feat. 初音ミク,Original,2007-12-31T00:00:00Z,284,0,2,Finished
7009,Invisible aerial attack! (Miku Edit),ミク詐欺P feat. 初音ミク,Original,2007-12-31T00:00:00Z,229,0,2,Finished
598075,忍者,宇宙電波受信P feat. 初音ミク,Original,2007-12-01T00:00:00Z,64,0,0,Finished
332275,星夜の夢,文鳥P feat. 初音ミク,Original,2007-12-01T00:00:00Z,276,0,8,Finished
289148,half rest,mikuflo feat. 初音ミク,Original,2007-12-01T00:00:00Z,393,0,0,Finished
217342,大切な言葉,おパンクP feat. 初音ミク,Original,2007-12-01T00:00:00Z,124,0,0,Finished
185401,one for you,tomo feat. 初音ミク,Original,2007-12-01T00:00:00Z,215,0,0,Finished
160828,チマミレア,sansuiP feat. 初音ミク,Original,2007-12-01T00:00:00Z,188,5,25,Finished
796399,君のすべて,本気マフラーP feat. 初音ミク,Original,2007-11-30T00:00:00Z,0,0,0,Finished
627312,私のご主人様,y_mazun feat. 初音ミク,Original,2007-11-30T00:00:00Z,95,0,0,Finished
618367,君の夢はオリジナル,ktr feat. 初音ミク,Original,2007-11-30T00:00:00Z,247,0,0,Finished
618349,壊れた時計,蒼P feat. 初音ミク,Original,2007-11-30T00:00:00Z,313,0,0,Finished
610197,初音ミクと温泉で練習してるver0.000000000001,チシャネコ feat. 初音ミク,Original,2007-11-13T00:00:00Z,168,0,0,Finished
568953,無宗教,宇宙電波受信P feat. 初音ミク,Original,2007-11-13T00:00:00Z,232,0,0,Finished
568940,赤い記憶,hatiku feat. MEIKO,Original,2007-11-13T00:00:00Z,60,0,0,Finished
568504,魔法使いミクとガラスの猫,"hitoshi feat. ココ, 初音ミク",Original,2007-11-13T00:00:00Z,349,0,4,Finished
568494,スパゲッティのうた,Unknown producer(s) feat. 初音ミク,Original,2007-11-13T00:00:00Z,145,0,2,Finished
568289,初音ミクで自作曲初うｐ,GAP_LAN feat. 初音ミク,Original,2007-11-13T00:00:00Z,104,0,2,Finished
568255,かえるさんのうた,bokenote feat. 初音ミク,Original,2007-11-13T00:00:00Z,218,0,0,Finished
568247,music,田中　雫 feat. 初音ミク,Original,2007-11-13T00:00:00Z,130,0,0,Finished
568210,七色世界,きの feat. 初音ミク,Original,2007-11-13T00:00:00Z,129,0,0,Finished
539273,Sound of Virginity,UPNUSY feat. 初音ミク,Original,2007-11-13T00:00:00Z,281,0,2,Finished
633645,これからもよろしくね,Yuu-KiT feat. 初音ミク,Original,2007-12-03T00:00:00Z,223,0,0,Finished
633624,Sepia～chu chu noise～,涼風P feat. 初音ミク,Original,2007-12-03T00:00:00Z,267,0,2,Finished
633623,Stars-夜空に願いを-,越後男児 feat. 初音ミク,Original,2007-12-03T00:00:00Z,153,0,0,Finished
632450,OVERNIGHT CINDERELLA,misono feat. 初音ミク,Original,2007-12-03T00:00:00Z,291,0,0,Finished
632436,ピアプロ開設♪,ふちP feat. 初音ミク,Original,2007-12-03T00:00:00Z,5,0,0,Finished
632230,未完成の心,FAR-07 feat. 初音ミク,Original,2007-12-03T00:00:00Z,89,0,2,Finished
632196,つながるよ　ひろがるよ,Kusemono feat. MEIKO,Original,2007-12-03T00:00:00Z,180,0,4,Finished
631693,ノーブルマインド,まぼしレコーズ feat. 初音ミク,Original,2007-12-03T00:00:00Z,191,0,0,Finished
631689,100ミリ,cb.jony feat. 初音ミク,Original,2007-12-03T00:00:00Z,70,0,0,Finished
631547,ちんちんのうた,132star feat. 初音ミク,Original,2007-12-03T00:00:00Z,56,0,0,Finished
566934,EARTH,ぽこたんP feat. 初音ミク,Original,2007-11-12T00:00:00Z,305,0,0,Finished
566933,Dreamer,謙信 feat. 初音ミク,Original,2007-11-12T00:00:00Z,220,0,0,Finished
566811,look on the bright side of nightmare,AOKI-LOW feat. 初音ミク,Original,2007-11-12T00:00:00Z,208,0,0,Finished
565898,ミクノヒトリゴト,トゥルララＰ feat. 初音ミク,Original,2007-11-12T00:00:00Z,245,0,0,Finished
565894,彼方の音と未来の歌～If you have a smile,Ryu feat. 初音ミク,Original,2007-11-12T00:00:00Z,218,0,2,Finished
565875,雪桜,NERV2007 feat. 初音ミク,Original,2007-11-12T00:00:00Z,356,0,2,Finished
529959,CumCumRun,ぜっとんずP feat. 初音ミク,Original,2007-11-12T00:00:00Z,253,0,2,Finished
169912,私は空気が読めない,unui feat. 初音ミク,Original,2007-11-12T00:00:00Z,188,1,7,Finished
122054,Smile,L*aura feat. 初音ミク,Original,2007-11-12T00:00:00Z,159,0,2,Finished
33685,嘘ついてるの,フナコシP feat. 初音ミク,Original,2007-11-12T00:00:00Z,259,4,42,Finished
408385,イチショー食べたい！,しんじ feat. 初音ミク,Original,2007-10-17T00:00:00Z,249,0,0,Finished
408156,ろばの魔人,"Arekores, 子猫P feat. 初音ミク",Original,2007-10-17T00:00:00Z,206,0,2,Finished
408145,君をいつまでも,VF1 feat. 初音ミク,Original,2007-10-17T00:00:00Z,257,0,0,Finished
408135,一つの希望の歌,modeverv feat. 初音ミク,Original,2007-10-17T00:00:00Z,112,1,5,Finished
408123,想い,メロンパン feat. 初音ミク,Original,2007-10-17T00:00:00Z,142,0,2,Finished
368722,ミクルンルン－vocaloidテーマ曲－,"maro feat. 初音ミク, MEIKO",Original,2007-10-17T00:00:00Z,272,0,0,Finished
23537,あかいせかい,ミナグ feat. 初音ミク,Original,2007-10-17T00:00:00Z,279,1,13,Finished
594966,終暦聖歌,"翡翠, スタジオギウ feat. 初音ミク",Original,2007-10-16T00:00:00Z,94,0,0,Finished
408421,いってらしゃい,SHOCKER3X feat. 初音ミク,Original,2007-10-16T00:00:00Z,104,0,0,Finished
407770,兄,宇宙電波受信P feat. 初音ミク,Original,2007-10-16T00:00:00Z,33,0,4,Finished
572928,あしたにしよう,じゃむぱん feat. 初音ミク,Original,2007-10-28T00:00:00Z,38,1,5,Finished
535812,あいのうた,haruna808 feat. 初音ミク,Original,2007-10-28T00:00:00Z,192,0,0,Finished
535811,願い,KENKONA feat. 初音ミク,Original,2007-10-28T00:00:00Z,262,0,0,Finished
535808,永夢,pandora feat. 初音ミク,Original,2007-10-28T00:00:00Z,325,0,0,Finished
535372,Possibility,tysP feat. 初音ミク,Original,2007-10-28T00:00:00Z,199,0,2,Finished
535045,あいうえお,ひろき feat. 初音ミク,Original,2007-10-28T00:00:00Z,58,0,2,Finished
534573,蒼い葱,mask feat. 初音ミク,Original,2007-10-28T00:00:00Z,148,0,0,Finished
534567,うたは心、心は自由,ピーボ feat. 初音ミク,Original,2007-10-28T00:00:00Z,124,0,2,Finished
534546,”Further”,Code=moon= feat. 初音ミク,Original,2007-10-28T00:00:00Z,195,0,2,Finished
534520,ニコニコ探して（仮）,隣の竹垣 feat. 初音ミク,Original,2007-10-28T00:00:00Z,60,0,0,Finished
595362,Regrets/lost my white in,wakanamisa feat. 初音ミク,Original,2007-10-09T00:00:00Z,475,0,2,Finished
331300,初音ミクにオリジナルギャルゲーソングを歌わせてみた,釣り師P feat. 初音ミク,Original,2007-10-09T00:00:00Z,128,0,2,Finished
331299,初音ミクに自作曲歌わせた３,万年青 feat. 初音ミク,Original,2007-10-09T00:00:00Z,250,0,2,Finished
331297,祈り,viamedia feat. 初音ミク,Original,2007-10-09T00:00:00Z,244,0,0,Finished
330791,オアシス,所P feat. 初音ミク,Original,2007-10-09T00:00:00Z,99,1,7,Finished
330782,おまたせ、初音ミク,antim feat. 初音ミク,Original,2007-10-09T00:00:00Z,193,0,2,Finished
330771,GIRL meets BOY,AEGIS feat. 初音ミク,Original,2007-10-09T00:00:00Z,180,1,3,Finished
234671,街角マウス,涼風P feat. 初音ミク,Original,2007-10-09T00:00:00Z,234,0,0,Finished
330862,Prism ☆ Magic,鬱乃谷　基 feat. 初音ミク,Original,2007-10-08T00:00:00Z,270,0,2,Finished
330642,忘れ歌,涼風P feat. 初音ミク,Original,2007-10-08T00:00:00Z,279,1,5,Finished
834986,Pray,上松範康 feat. 水樹奈々,Original,2007-08-22T00:00:00Z,291,0,0,Finished
739501,奈落の花,"中沢伴行, 尾崎武士 feat. 島みやえい子",Original,2007-08-22T00:00:00Z,304,0,0,Finished
716924,対象a,bermei.inazawa feat. Annabel,Original,2007-08-22T00:00:00Z,255,0,0,Finished
592912,目が逢う瞬間（とき）,Jesahm feat. Asami Imai,Original,2007-08-22T00:00:00Z,135,0,0,Finished
730922,星のカケラ,平沢栄司 feat. 初音ミク,Original,2007-08-17T00:00:00Z,52,13,89,Finished
648442,Fall in Love,馬鹿の極み feat. Akiko Suda,Original,2007-08-17T00:00:00Z,332,0,0,Finished
648441,叶わぬ想いはやがて宇宙へ,馬鹿の極み feat. Akiko Suda,Original,2007-08-17T00:00:00Z,317,0,0,Finished
707731,スキ？キライ！？スキ！！！,新井理生 feat. 釘宮理恵,Original,2007-08-08T00:00:00Z,251,0,0,Finished
801391,片道きゃっちぼーる,"柏森進, MOSAIC.WAV feat. み～こ",Original,2007-07-25T00:00:00Z,274,0,2,Finished
645148,キラメキラリ,神前暁 feat. 仁後真耶子,Original,2007-07-18T00:00:00Z,244,1,5,Finished
239204,infl,かじゅきP feat. 初音ミク,Original,2007-12-05T00:00:00Z,89,2,12,Finished
60091,blue out,ちゃぁ feat. 初音ミク,Original,2007-12-05T00:00:00Z,212,2,16,Finished
634964,旅立ち,いりじゃこ feat. 初音ミク,Original,2007-12-04T00:00:00Z,361,0,0,Finished
346123,雨のち晴れのち、雨,お抹茶P feat. 初音ミク,Original,2008-11-28T00:00:00Z,125,1,3,Finished
278486,私を虜にしたラーメン,夜色P feat. 初音ミク,Original,2008-11-28T00:00:00Z,91,0,0,Finished
191790,陽が差し込むこの場所で,ふみP feat. 初音ミク,Original,2008-11-28T00:00:00Z,277,6,20,Finished
90279,Snow Flavor,わーく feat. 初音ミク,Original,2008-11-28T00:00:00Z,228,2,10,Finished
32819,魔王嬢,ヤンデレP feat. 鏡音リン,Original,2008-11-28T00:00:00Z,224,2,20,Finished
8520,Re.時の終わり,kous feat. 初音ミク,Original,2008-11-28T00:00:00Z,308,0,2,Finished
7020,proof of life,ひとしずくP feat. 鏡音リン,Original,2008-11-28T00:00:00Z,341,12,76,Finished
1950,ひとひらの,のりぴー feat. 初音ミク,Original,2008-11-28T00:00:00Z,296,18,102,Finished
1007301,ざあざあ雨降り中,へっちゃら feat. 重音テト,Original,2008-11-27T00:00:00Z,175,0,0,Finished
825379,戦場の少女,葉山つばめ feat. 初音ミク,Original,2008-11-27T00:00:00Z,197,1,3,Finished
577334,夢見坂,"Aポエット feat. 重音テト, 唄音ウタ",Original,2008-11-10T00:00:00Z,244,0,0,Finished
523481,おまえらに感謝を送る動画,"ラマーズP feat. 初音ミク, 重音テト",Original,2008-11-10T00:00:00Z,201,5,39,Finished
491464,Dear My Sister,mintiack feat. 初音ミク,Original,2008-11-10T00:00:00Z,328,0,0,Finished
447031,片言を喋らせてみました。喋り素材置き場,とめP feat. 初音ミク,Original,2008-11-10T00:00:00Z,11,0,0,Finished
422053,Firefly -星螢-,水　空 feat. 和音マコ,Original,2008-11-10T00:00:00Z,228,2,6,Finished
310094,MoVrahkKoah,ブチ壊しP feat. 鏡音リン,Original,2008-11-10T00:00:00Z,245,1,9,Finished
269016,オイシイキノコ,"カーニバルP feat. 初音ミク, 鏡音リン",Original,2008-11-10T00:00:00Z,208,2,12,Finished
254527,ファンデイフアンデイ,今日犬 feat. 初音ミク,Original,2008-11-10T00:00:00Z,262,0,0,Finished
253507,Baby Drive ～疾走感～,刹那P feat. 鏡音レン,Original,2008-11-10T00:00:00Z,320,0,0,Finished
248761,Ocean,snowy* feat. 鏡音リン,Original,2008-11-10T00:00:00Z,206,1,5,Finished
316327,君がニコニコ,もそもそP feat. 重音テト,Original,2008-12-15T00:00:00Z,135,1,7,Finished
287316,ズコーのテーマ,"nanameiro feat. 鏡音リン, 鏡音レン",Original,2008-12-15T00:00:00Z,110,0,0,Finished
225717,迷いの森の序曲,お茶漬Ｐ feat. MEIKO,Original,2008-12-15T00:00:00Z,292,0,0,Finished
216629,紙ヒコーキ,ぺぺるる feat. 初音ミク,Original,2008-12-15T00:00:00Z,210,0,0,Finished
214949,瑠璃色鏡月,朱雀 feat. 朱雀っぽいど,Original,2008-12-15T00:00:00Z,247,1,3,Finished
202153,冬の使者,夜明けP feat. MEIKO,Original,2008-12-15T00:00:00Z,237,0,0,Finished
177684,シニカルロマンス,"HAL feat. 鏡音リン, 鏡音レン",Original,2008-12-15T00:00:00Z,250,2,10,Finished
153575,ト・ワ・イ・エ,"あー民P feat. 神威がくぽ, KAITO",Original,2008-12-15T00:00:00Z,142,2,8,Finished
129455,雪月歌,生P feat. 初音ミク,Original,2008-12-15T00:00:00Z,277,0,0,Finished
96629,Dash!,あちゃ feat. 初音ミク,Original,2008-12-15T00:00:00Z,205,0,0,Finished
732010,UNDER_P 笹塚パンダ,Bitstar feat. 初音ミク,Original,2008-09-09T00:00:00Z,162,0,0,Finished
728641,窓辺に響く雨音,ニコート feat. 神威がくぽ,Original,2008-09-09T00:00:00Z,340,0,0,Finished
718189,やさいスープ,シン feat. 鏡音リン,Original,2008-09-09T00:00:00Z,25,0,0,Finished
713336,Can you wake me up?,esda feat. KAITO,Original,2008-09-09T00:00:00Z,162,1,5,Finished
713204,侵攻,"ハチプロP feat. KAITO, MEIKO",Original,2008-09-09T00:00:00Z,115,0,0,Finished
618936,わたし、メイド,hiroro feat. 初音ミク,Original,2008-09-09T00:00:00Z,109,0,0,Finished
605669,箱と果実,kanaP feat. 神威がくぽ,Original,2008-09-09T00:00:00Z,220,0,0,Finished
599817,雨がひどいのです,uunnie feat. 初音ミク,Original,2008-09-09T00:00:00Z,181,1,5,Finished
588046,Wild Flower～情熱の薔薇～,tetti feat. 神威がくぽ,Original,2008-09-09T00:00:00Z,280,0,0,Finished
561653,正午の空き地で少年は,ねこレコード feat. 初音ミク,Original,2008-09-09T00:00:00Z,359,0,0,Finished
2525,アズライト,ヤスオ feat. 初音ミク,Original,2008-05-05T00:00:00Z,206,1,23,Finished
1539,∞,cosMo@暴走P feat. 初音ミク,Original,2008-05-05T00:00:00Z,288,20,128,Finished
1006523,ミクの子守唄,petnoka feat. 初音ミク,Original,2008-05-04T00:00:00Z,269,0,0,Finished
820564,カナシミディレイ,機材欲しいP feat. 初音ミク,Original,2008-05-04T00:00:00Z,290,0,0,Finished
794528,ニコニコの時間がやってまいりました,"オワタP feat. 初音ミク, 鏡音リン",Original,2008-05-04T00:00:00Z,209,0,4,Finished
698489,にゃーーー,電波P feat. 初音ミク,Original,2008-05-04T00:00:00Z,132,0,2,Finished
663461,オレンジレンジの曲に納得出来ない人向けコードギアス主題歌,宇宙帝国P feat. 鏡音レン,Original,2008-05-04T00:00:00Z,0,0,0,Finished
659071,Lazyboy,化野ヒトシ feat. 初音ミク,Original,2008-05-04T00:00:00Z,288,0,0,Finished
633714,PROMISE,アカペラP feat. KAITO,Original,2008-05-04T00:00:00Z,290,0,0,Finished
628540,YABUMI,ムギー feat. 初音ミク,Original,2008-05-04T00:00:00Z,190,0,0,Finished
228924,コンペイトウ,amero feat. 初音ミク,Original,2008-05-03T00:00:00Z,42,0,0,Finished
213929,Digital LoV,"琉姫アルナ, LC:AZE feat. 初音ミク",Original,2008-05-03T00:00:00Z,300,1,3,Finished
201620,"Shut up, Get out.",Hi-G feat. 鏡音リン,Original,2008-05-03T00:00:00Z,198,2,14,Finished
201324,夢の躯（Ver.さまよえるレン）,ryohs_k feat. 鏡音レン,Original,2008-05-03T00:00:00Z,254,0,2,Finished
193523,伝説のマグロを携えし歌姫,初心P feat. 初音ミク,Original,2008-05-03T00:00:00Z,118,0,0,Finished
113093,じゃあね、ばいばい,えりゃー feat. 初音ミク,Original,2008-05-03T00:00:00Z,301,0,0,Finished
111445,数がすべてじゃないけれど,ぎっちょんの人 feat. 鏡音リン,Original,2008-05-03T00:00:00Z,297,0,0,Finished
109050,Neuromance,"ヵょ☆, じゅるP feat. 初音ミク",Original,2008-05-03T00:00:00Z,279,0,6,Finished
865238,パレード,Nice 積雪.P feat. 鏡音リン,Original,2008-05-02T00:00:00Z,212,0,0,Finished
718089,TOBU-HANERU-KARUKU,HAMMM feat. 初音ミク,Original,2008-05-02T00:00:00Z,200,0,0,Finished
255971,ERSL～エロはスランプを超える～,におP feat. 鏡音リン,Original,2008-08-18T00:00:00Z,276,1,3,Finished
237157,Special memory,ma10a feat. 初音ミク,Original,2008-08-18T00:00:00Z,218,0,2,Finished
212145,こみち,未来へP feat. KAITO,Original,2008-08-18T00:00:00Z,299,0,0,Finished
210912,あの花火が咲くころには,ReON feat. 初音ミク,Original,2008-08-18T00:00:00Z,316,0,0,Finished
156867,infinite_routine,"桜崎みなも feat. 鏡音リン, 鏡音レン",Original,2008-08-18T00:00:00Z,233,0,0,Finished
156486,全部うそ,くちばしP feat. 初音ミク,Original,2008-08-18T00:00:00Z,105,2,14,Finished
154345,キセイノウタ,ヒーリン feat. 鏡音レン,Original,2008-08-18T00:00:00Z,266,1,3,Finished
107364,Southern Wave！,No.D feat. MEIKO,Original,2008-08-18T00:00:00Z,218,0,0,Finished
81681,竟,島白 feat. 初音ミク,Original,2008-08-18T00:00:00Z,293,3,15,Finished
66610,大江戸絶唱☆茄子漢エクスタシー,natsuP feat. 神威がくぽ,Original,2008-08-18T00:00:00Z,172,2,6,Finished
305889,Final Count Down,omiomi feat. 初音ミク,Original,2008-09-15T00:00:00Z,209,0,0,Finished
293593,夏色Run,negidarake feat. 初音ミク,Original,2008-09-15T00:00:00Z,207,0,0,Finished
270546,シャララ,ちゃぁ feat. 初音ミク,Original,2008-09-15T00:00:00Z,182,1,3,Finished
268306,Rapid Love,よりと feat. 初音ミク,Original,2008-09-15T00:00:00Z,249,0,0,Approved
253785,忘れた昨日,ひつじP feat. 初音ミク,Original,2008-09-15T00:00:00Z,158,2,18,Finished
241290,待ってるよ,右マッチP feat. 初音ミク,Original,2008-09-15T00:00:00Z,212,0,0,Finished
240731,秋の空は砂浜の砂,しずかけい feat. 初音ミク,Original,2008-09-15T00:00:00Z,171,0,0,Finished
235607,優しいね,tatmos feat. 初音ミク,Original,2008-09-15T00:00:00Z,215,0,0,Finished
219524,ぼくのせい,u160 feat. 初音ミク,Original,2008-09-15T00:00:00Z,201,0,0,Finished
181994,でびゅ～したいな～,ナカノ feat. 初音ミク,Original,2008-09-15T00:00:00Z,166,0,0,Finished
700437,いくつの川を超えれば,ayersegg70 feat. 初音ミク,Original,2008-05-11T00:00:00Z,234,0,0,Finished
700436,普通じゃないよ,ayersegg70 feat. 初音ミク,Original,2008-05-11T00:00:00Z,228,0,0,Finished
700435,Let me sing !,ayersegg70 feat. 初音ミク,Original,2008-05-11T00:00:00Z,234,0,2,Finished
700434,Blue for you,ayersegg70 feat. 初音ミク,Original,2008-05-11T00:00:00Z,198,0,0,Finished
684534,魅惑のHeRoHeRo☆ボイス,"PENGUIN, Hyutec Records feat. 初音ミク",Original,2008-05-11T00:00:00Z,0,0,0,Finished
642177,Monochrome Rose,涼宮 燐 feat. 初音ミク,Original,2008-05-11T00:00:00Z,304,0,0,Finished
637060,Alice,エルティアナ feat. 初音ミク,Original,2008-05-11T00:00:00Z,0,0,0,Draft
637059,Prelude,エルティアナ,Original,2008-05-11T00:00:00Z,0,0,0,Draft
636685,Hit:///////→MA=Re:,stereoberry,Original,2008-05-11T00:00:00Z,72,0,0,Draft
621063,免許取ったのよ♪楽しいドライブ！-HappyDrive-,ほししのぶ feat. 初音ミク,Original,2008-05-11T00:00:00Z,150,0,0,Finished
131423,愛のかたち,MazoP feat. KAITO,Original,2008-07-17T00:00:00Z,258,0,0,Approved
119816,常恋ミルキー,"鉄分P feat. 鏡音リン, KAITO",Original,2008-07-17T00:00:00Z,321,0,2,Finished
12022,月下ノ姫歌 ～蒼～,秦野P feat. 鏡音レン,Original,2008-07-17T00:00:00Z,260,0,2,Finished
6777,夏音夜,natsuP feat. 初音ミク,Original,2008-07-17T00:00:00Z,280,0,2,Finished
6086,海辺のふたり,OSATOH feat. 鏡音リン,Original,2008-07-17T00:00:00Z,274,0,0,Finished
2643,リバースデイ,KEI feat. 初音ミク,Original,2008-07-17T00:00:00Z,222,3,13,Finished
917655,兵庫県へ行こう！,shin feat. 初音ミク,Original,2008-07-16T00:00:00Z,270,0,0,Finished
833129,向日葵の森,ガブP feat. 初音ミク,Original,2008-07-16T00:00:00Z,287,0,0,Finished
833087,寝つけない夜に,くんくん feat. 鏡音リン,Original,2008-07-16T00:00:00Z,354,0,0,Finished
618845,遠き日の記憶,"EXETUNE feat. MEIKO, 初音ミク",Original,2008-07-16T00:00:00Z,217,3,9,Finished
230358,Somewhat,otmaaal feat. 初音ミク,Original,2008-03-19T00:00:00Z,171,1,7,Finished
217409,見上げた空、遠い星,神聖メタメタ王国国王ファーザー feat. 初音ミク,Original,2008-03-19T00:00:00Z,370,0,0,Finished
213625,眠れない夜,evi feat. 初音ミク,Original,2008-03-19T00:00:00Z,84,1,3,Finished
46037,やさしく輝く月のように,"ワンカップP feat. MEIKO, 初音ミク, 鏡音リン",Original,2008-03-19T00:00:00Z,403,0,0,Finished
16715,つくしのうた,バレンタインＰ feat. 初音ミク,Original,2008-03-19T00:00:00Z,139,0,0,Finished
5179,Soar,湊貴大 feat. 初音ミク,Original,2008-03-19T00:00:00Z,213,32,182,Finished
818308,滅亡のバラード,kuzuBP5 feat. 鏡音レン,Original,2008-03-18T00:00:00Z,286,0,0,Finished
748066,孤独に目が覚めても,SOUNDROP feat. 鏡音レン,Original,2008-03-18T00:00:00Z,164,0,0,Finished
715814,スターゲイザー（ヒゲ）,ナタP feat. 鏡音レン,Original,2008-03-18T00:00:00Z,157,0,2,Finished
707355,今更だけどオリジナル。,jugger feat. 初音ミク,Original,2008-03-18T00:00:00Z,209,0,0,Finished
486078,アイドルマスター 姉の微笑み23 「トレーニング」,涼介P feat. MEIKO,Original,2008-10-26T00:00:00Z,83,0,0,Finished
462769,スモーカー,森乃くま feat. 初音ミク,Original,2008-10-26T00:00:00Z,87,2,8,Finished
417266,ラララバイバイ,レッドカードP feat. 初音ミク,Original,2008-10-26T00:00:00Z,218,0,0,Finished
350302,明日の歌,BONU feat. 初音ミク,Original,2008-10-26T00:00:00Z,180,0,0,Finished
316619,あなたが欲しいのに,hill-village feat. 重音テト,Original,2008-10-26T00:00:00Z,157,1,3,Finished
316484,雨の日の歌,maidro feat. 桃音モモ,Original,2008-10-26T00:00:00Z,284,1,3,Finished
243281,Reach to...,syitz feat. 初音ミク,Original,2008-10-26T00:00:00Z,334,0,0,Finished
241266,イチゴケーキ,右マッチP feat. 鏡音リン,Original,2008-10-26T00:00:00Z,229,0,0,Finished
241248,もう一度だけ,右マッチP feat. 神威がくぽ,Original,2008-10-26T00:00:00Z,262,0,0,Finished
213632,鬱屈したワタシ,evi feat. 初音ミク,Original,2008-10-26T00:00:00Z,363,1,3,Finished
752297,漆黒の花,"med_ley feat. 神威がくぽ, 初音ミク",Original,2008-08-08T00:00:00Z,180,6,18,Finished
713332,Chokkan!,まざらしまにあ feat. 初音ミク,Original,2008-08-08T00:00:00Z,78,0,0,Finished
628619,URASHIMA,ryanghe feat. 初音ミク,Original,2008-08-08T00:00:00Z,166,0,0,Finished
605989,WAILING CAGE,九嬢ねぎ feat. 神威がくぽ,Original,2008-08-08T00:00:00Z,221,2,8,Finished
600794,ヒトリ？,トゥルララＰ feat. 初音ミク,Original,2008-08-08T00:00:00Z,247,1,3,Finished
598490,風鈴,宇宙電波受信P feat. 鏡音リン,Original,2008-08-08T00:00:00Z,72,0,0,Finished
549768,むらさめ,nagimiso feat. 鏡音リン,Original,2008-08-08T00:00:00Z,170,9,39,Finished
407745,楊柳,X-Plorez feat. 初音ミク,Original,2008-08-08T00:00:00Z,200,0,2,Finished
406907,さくらの少女,nabe_nabe feat. 初音ミク,Original,2008-08-08T00:00:00Z,142,0,0,Finished
273764,ぱんつのうた,"ちょいワルP, p-o-p, アカサコフ・セルゲイ feat. 鏡音レン",Original,2008-08-08T00:00:00Z,214,2,10,Finished
313971,心の唄,えく feat. 初音ミク,Original,2008-01-20T00:00:00Z,253,0,0,Finished
288641,シュレディンガーのぱんつ,不在通知P feat. 初音ミク,Original,2008-01-20T00:00:00Z,156,0,0,Finished
243578,晴れ待ちマドモアゼル,石井 feat. 初音ミク,Original,2008-01-20T00:00:00Z,263,0,0,Finished
208293,怠惰,コレ作 feat. 初音ミク,Original,2008-01-20T00:00:00Z,85,0,0,Finished
112352,ＤＴＭってなぁに？,笹桐 feat. 初音ミク,Original,2008-01-20T00:00:00Z,64,0,4,Finished
100864,anxiety,ふなむしP feat. MEIKO,Original,2008-01-20T00:00:00Z,293,1,3,Finished
99348,セカイノカケラ,すぞーりP feat. 鏡音リン,Original,2008-01-20T00:00:00Z,213,0,0,Finished
90496,peace of　the  world,"LOVE&P feat. 初音ミク, 鏡音リン",Original,2008-01-20T00:00:00Z,316,0,4,Finished
89768,なみだめ☆ロック,ぢょんP feat. 初音ミク,Original,2008-01-20T00:00:00Z,229,1,7,Finished
77908,sugar,harunacute feat. 初音ミク,Original,2008-01-20T00:00:00Z,130,0,6,Finished
720958,君の翼,"柳沼由紀枝, 加藤秀樹, クレヨン社 feat. 初音ミク",Original,2008-04-10T00:00:00Z,215,0,0,Finished
717171,機械仕掛けの心,Mちょびっち feat. 鏡音レン,Original,2008-04-10T00:00:00Z,213,0,0,Finished
607351,トラブリング×ドリーム,HiroGreat feat. 初音ミク,Original,2008-04-10T00:00:00Z,324,0,2,Finished
598415,もしも　水瀬伊織　が全米デビューしたらこうなる,宇宙電波受信P feat. 鏡音リン,Original,2008-04-10T00:00:00Z,65,0,0,Finished
232310,Just A Trifle,Hi-G feat. 鏡音リン,Original,2008-04-10T00:00:00Z,306,0,0,Finished
217381,Power of Vice!,FIXXXER feat. 初音ミク,Original,2008-04-10T00:00:00Z,286,2,10,Finished
213626,私の葬送行進曲 ト短調,evi feat. 初音ミク,Original,2008-04-10T00:00:00Z,291,3,11,Finished
146760,HEAT FOUNDATION,"ヒーリン feat. 鏡音レン, 鏡音リン",Original,2008-04-10T00:00:00Z,271,0,0,Finished
137428,KiLaKiLa☆ShineGets!,じゅるP feat. 初音ミク,Original,2008-04-10T00:00:00Z,385,2,16,Finished
108040,ソトノセカイ,鈴掛ヨモギ feat. 初音ミク,Original,2008-04-10T00:00:00Z,208,0,0,Finished
46669,Far Away -2x MIX-,Clean Tears feat. 初音ミク,Original,2008-04-06T00:00:00Z,400,6,48,Finished
33383,歌いながら歩こう,ちょむP feat. 初音ミク,Original,2008-04-06T00:00:00Z,301,0,0,Finished
32365,カナリアスウィート,ネクストP feat. 鏡音リン,Original,2008-04-06T00:00:00Z,243,0,0,Finished
12158,ミライのオト,"ちょむP feat. 鏡音リン, 鏡音レン, 初音ミク",Original,2008-04-06T00:00:00Z,342,1,9,Finished
3622,春色の電車,フレンチP feat. 初音ミク,Original,2008-04-06T00:00:00Z,144,1,5,Finished
927182,come over here(仮),むあるえ feat. 鏡音リン,Original,2008-04-05T00:00:00Z,90,0,0,Finished
865227,春を探して,Nice 積雪.P feat. 初音ミク,Original,2008-04-05T00:00:00Z,181,0,0,Finished
833170,旅立ち,yoshiP feat. 初音ミク,Original,2008-04-05T00:00:00Z,271,0,0,Finished
716557,はんたあ☆がーる,Aeris feat. 初音ミク,Original,2008-04-05T00:00:00Z,257,0,0,Finished
687683,ごはん,野分涼 feat. MEIKO,Original,2008-04-05T00:00:00Z,36,0,2,Finished
75803,COOL-ZERO-ONE,SHUN feat. 初音ミク,Original,2008-07-21T00:00:00Z,248,1,3,Finished
30114,SUMMER FRIENDS,M@SATOSHI feat. 初音ミク,Original,2008-07-21T00:00:00Z,185,0,0,Finished
8839,大和撫子,ひとしずくP feat. 初音ミク,Original,2008-07-21T00:00:00Z,214,5,25,Finished
5113,Acceleration,Clean Tears feat. 初音ミク,Original,2008-07-21T00:00:00Z,234,6,32,Finished
649,Melody in the sky,40mP feat. 初音ミク,Original,2008-07-21T00:00:00Z,322,6,56,Finished
364,"Fury, Melancholy and Joy",wintermute feat. 初音ミク,Original,2008-07-21T00:00:00Z,190,9,59,Finished
1014819,Tears☆Tears,"龍の巣P feat. 初音ミク, 鏡音リン",Original,2008-07-20T00:00:00Z,232,0,0,Finished
997365,Melody of Summer,渡り鳥P feat. MEIKO,Original,2008-07-20T00:00:00Z,242,0,0,Finished
917688,miyake drive,maroki feat. 初音ミク,Original,2008-07-20T00:00:00Z,184,0,0,Finished
917681,いにしえの道,bacheratta feat. 初音ミク,Original,2008-07-20T00:00:00Z,280,0,0,Finished
825330,AIR,"もじゃぶた feat. 初音ミク, 鏡音リン",Original,2008-01-13T00:00:00Z,298,3,9,Finished
681996,未来,うに feat. 初音ミク,Original,2008-01-13T00:00:00Z,258,0,0,Finished
639018,無彩色,Kyohei Sanbayashi feat. MEIKO,Original,2008-01-13T00:00:00Z,116,0,0,Finished
631814,Thank you my girl friend,メカナ沢 feat. 鏡音レン,Original,2008-01-13T00:00:00Z,0,0,0,Finished
631813,Thank you my girl friend,メカナ沢 feat. 鏡音リン,Original,2008-01-13T00:00:00Z,0,0,0,Finished
631812,Thank you my girl friend,メカナ沢 feat. 初音ミク,Original,2008-01-13T00:00:00Z,0,0,0,Finished
614148,ラヴェル／ボレロ　v2.00,"いんべＰ feat. 初音ミク, 鏡音リン, 鏡音レン",Original,2008-01-13T00:00:00Z,312,0,0,Finished
610430,R･o･a･d･R･o･l･l･e･r,"ｶﾜｲｿ（´・ω・） ｽ feat. 鏡音リン, 鏡音レン",Original,2008-01-13T00:00:00Z,108,0,0,Finished
581796,NAVこれまでのおさらいと予告,NAV feat. 初音ミク,Original,2008-01-13T00:00:00Z,194,0,0,Finished
442966,winter stardust,松葉悠紀 feat. 初音ミク,Original,2008-01-13T00:00:00Z,0,0,0,Finished
208292,病み人ホリディ,コレ作 feat. 初音ミク,Original,2008-01-21T00:00:00Z,132,0,0,Finished
31500,あのひとのうた,クラフトP feat. 初音ミク,Original,2008-01-21T00:00:00Z,153,1,3,Finished
13652,Ufena,seleP feat. 初音ミク,Original,2008-01-21T00:00:00Z,216,1,7,Finished
8795,いつしか、必ず。,"デッドボールP feat. 鏡音リン, 初音ミク",Original,2008-01-21T00:00:00Z,247,18,98,Finished
5835,スクラップが見た夢 / experimental-002,ゆうゆ feat. 初音ミク,Original,2008-01-21T00:00:00Z,248,3,23,Finished
820534,カナリアフォン,"機材欲しいP, ky feat. 初音ミク",Original,2008-01-20T00:00:00Z,176,1,3,Finished
732024,きみとふたりで,Bitstar feat. 初音ミク,Original,2008-01-20T00:00:00Z,229,0,0,Finished
716067,みんなのうた,山本ニュー feat. 初音ミク,Original,2008-01-20T00:00:00Z,170,1,3,Finished
703579,ドラマ,トゥルララＰ feat. 初音ミク,Original,2008-01-20T00:00:00Z,136,0,0,Draft
680710,放課後ベンチ,トドロキ feat. 初音ミク,Original,2008-01-20T00:00:00Z,146,0,0,Finished
217392,FOROUT,いつでも変態 feat. 鏡音レン,Original,2008-06-08T00:00:00Z,169,0,0,Finished
210982,雨ゴイ,ぽこたんP feat. 初音ミク,Original,2008-06-08T00:00:00Z,287,0,2,Finished
183489,ヒカリノウタ,NECO feat. 鏡音リン,Original,2008-06-08T00:00:00Z,252,0,0,Finished
179888,雨に願いを ~cat in the rain~,谷間P feat. 鏡音リン,Original,2008-06-08T00:00:00Z,345,0,0,Finished
174778,パイオニア＆ボイジャーへ,Elle feat. 初音ミク,Original,2008-06-08T00:00:00Z,144,0,2,Draft
161133,未完の心,冬沙 feat. MEIKO,Original,2008-06-08T00:00:00Z,300,0,0,Finished
155883,しあわせ,まうぽん feat. 初音ミク,Original,2008-06-08T00:00:00Z,260,0,0,Finished
148367,雨の季節,takaokatoshiya feat. 初音ミク,Original,2008-06-08T00:00:00Z,84,0,0,Finished
126285,便器苦悩領域,mac530 feat. 初音ミク,Original,2008-06-08T00:00:00Z,187,0,0,Finished
99924,朝凪,"Gishi, 水無国民労働党 feat. 初音ミク",Original,2008-06-08T00:00:00Z,220,0,0,Finished
865271,ミクの夜想曲,Nice 積雪.P feat. 初音ミク,Original,2008-11-07T00:00:00Z,201,0,0,Finished
747090,Flow,バースデーP feat. KAITO,Original,2008-11-07T00:00:00Z,322,0,0,Finished
716563,キミのその世界,Samyu-0- feat. 初音ミク,Original,2008-11-07T00:00:00Z,234,0,0,Finished
684603,腐女子ソング(仮),音痴Ｐ feat. 初音ミク,Original,2008-11-07T00:00:00Z,211,0,0,Finished
607692,カノン,コーヒー豆 feat. 初音ミク,Original,2008-11-07T00:00:00Z,261,0,2,Finished
577333,テトよ,Aポエット feat. 重音テト,Original,2008-11-07T00:00:00Z,136,0,0,Finished
376315,僕のコレクション,ひめさん feat. 初音ミク,Original,2008-11-07T00:00:00Z,208,0,4,Finished
275767,王家の星,P.N.朝倉 feat. 神威がくぽ,Original,2008-11-07T00:00:00Z,246,1,3,Finished
256091,冬のはじまり,"フタケタP feat. KAITO, 初音ミク",Original,2008-11-07T00:00:00Z,212,0,0,Finished
227679,人間嫌いの少女が倒錯的恋愛に陥るに至って,Vogelscheuche feat. 初音ミク,Original,2008-11-07T00:00:00Z,306,1,7,Finished
174314,ナイショの気持ち,けめこ feat. 初音ミク,Original,2008-08-25T00:00:00Z,87,0,0,Finished
168970,どんな夢見ていたの？,GlassOnion feat. 鏡音リン,Original,2008-08-25T00:00:00Z,187,0,0,Finished
60864,誤解です,マイんド feat. 初音ミク,Original,2008-08-25T00:00:00Z,248,0,0,Finished
60661,ノー バード,"en, SWANTONE feat. 初音ミク",Original,2008-08-25T00:00:00Z,231,3,15,Finished
58989,ブザービーター,クリーム市長 feat. 初音ミク,Original,2008-08-25T00:00:00Z,246,0,6,Finished
31273,M,いわしP feat. KAITO,Original,2008-08-25T00:00:00Z,260,0,2,Finished
7238,サンドリヨン,"Dios/シグナルP feat. 初音ミク, KAITO",Original,2008-08-25T00:00:00Z,278,111,681,Finished
5809,命の翼-Listen to my soul-,SOSOSO feat. 初音ミク,Original,2008-08-25T00:00:00Z,275,3,13,Finished
3533,Sweetiex2,Dixie Flatline feat. 初音ミク,Original,2008-08-25T00:00:00Z,296,17,95,Finished
999478,クイズ・ラリーのテーマ（パート１＆２）,山本ニュー feat. 初音ミク,Original,2008-08-24T00:00:00Z,313,0,0,Finished
417058,響け空,レッドカードP feat. 鏡音リン,Original,2008-03-22T00:00:00Z,225,0,0,Finished
326462,49懺悔録,トマ豆腐 feat. 鏡音レン,Original,2008-03-22T00:00:00Z,276,0,2,Finished
255824,downdowndown,sansuiP feat. 初音ミク,Original,2008-03-22T00:00:00Z,330,0,2,Finished
248321,大丈夫,koumei1964 feat. MEIKO,Original,2008-03-22T00:00:00Z,246,0,0,Finished
234567,FUNKALOID,"mamma feat. 初音ミク, 鏡音レン, 鏡音リン",Original,2008-03-22T00:00:00Z,266,1,3,Finished
232307,Palmtop Pierrot,"Hi-G feat. 鏡音リン, 鏡音レン",Original,2008-03-22T00:00:00Z,234,0,0,Finished
217382,Love Song,FIXXXER feat. 初音ミク,Original,2008-03-22T00:00:00Z,225,0,4,Finished
174303,01番街の娘,・～・ feat. 初音ミク,Original,2008-03-22T00:00:00Z,119,1,3,Finished
159725,コードネームは赤い数珠,kihirohito feat. MEIKO,Original,2008-03-22T00:00:00Z,219,1,3,Finished
156250,世界をください,ぱんつP feat. KAITO,Original,2008-03-22T00:00:00Z,227,0,0,Finished
617844,春です,rashea feat. 初音ミク,Original,2008-03-06T00:00:00Z,90,1,3,Draft
607744,春音,アールグレイ feat. 初音ミク,Original,2008-03-06T00:00:00Z,288,0,0,Finished
599760,七夕に,juntan feat. 初音ミク,Original,2008-03-06T00:00:00Z,219,0,0,Finished
500574,だってVOCALOIDだもん♪,レインロード feat. 初音ミク,Original,2008-03-06T00:00:00Z,117,0,0,Finished
492348,鈍色の鎖,とろろ feat. 初音ミク,Original,2008-03-06T00:00:00Z,207,0,0,Finished
454022,（´・ω・｀）,"なんかP feat. 鏡音リン, 鏡音レン",Original,2008-03-06T00:00:00Z,328,1,3,Finished
451948,flowing,Daisuke Ohnuma feat. 初音ミク,Original,2008-03-06T00:00:00Z,207,3,12,Finished
305922,Skyscraper,釣り師P feat. 鏡音レン,Original,2008-03-06T00:00:00Z,264,0,0,Finished
289486,消える前に,くちばしP feat. 初音ミク,Original,2008-03-06T00:00:00Z,84,2,6,Finished
249774,連星,クリアP feat. 初音ミク,Original,2008-03-06T00:00:00Z,287,0,0,Finished
9452,夏恋,samfree feat. 初音ミク,Original,2008-03-23T00:00:00Z,262,2,14,Finished
9454,#$%&,samfree feat. 初音ミク,Original,2008-03-23T00:00:00Z,65,2,10,Finished
9455,Together,samfree feat. 鏡音レン,Original,2008-03-23T00:00:00Z,255,3,11,Finished
6000,ボーダーライン,うたたP feat. 初音ミク,Original,2008-03-23T00:00:00Z,378,1,7,Finished
6001,MnemonicLove,Hiroshi Okubo feat. 初音ミク,Original,2008-03-23T00:00:00Z,259,0,2,Finished
6002,NO POSITION,Ayako Saso feat. 初音ミク,Original,2008-03-23T00:00:00Z,344,0,2,Finished
6003,White Storm,Fumiaki Kobayashi feat. 初音ミク,Original,2008-03-23T00:00:00Z,367,0,2,Finished
6004,Candy Better Sweet Cakes,簑島正佳 feat. 初音ミク,Original,2008-03-23T00:00:00Z,339,1,3,Finished
6007,りずみっく!,"Atsushi Ohara, 簑島正佳 feat. 初音ミク",Original,2008-03-23T00:00:00Z,310,0,2,Finished
6008,Clover,Ryo Ohnuki feat. 初音ミク,Original,2008-03-23T00:00:00Z,321,0,0,Finished
701495,Empty wild daydreams of KAITO,Nice 積雪.P feat. KAITO,Original,2008-10-25T00:00:00Z,237,1,5,Finished
689760,踊れ皆の衆,楽しいのかP feat. 初音ミク,Original,2008-10-25T00:00:00Z,111,19,81,Finished
620739,キヲク,I3 feat. MEIKO,Original,2008-10-25T00:00:00Z,179,0,0,Finished
601170,ストロベリーonTheショートケーキ,Lue feat. 初音ミク,Original,2008-10-25T00:00:00Z,240,0,0,Finished
598553,角,宇宙電波受信P feat. 鉛音ピネ,Original,2008-10-25T00:00:00Z,64,0,0,Finished
594034,Sunny Day,ブーメランパンツP feat. 鏡音リン,Original,2008-10-25T00:00:00Z,190,0,2,Finished
577330,地球よ,Aポエット feat. 唄音ウタ,Original,2008-10-25T00:00:00Z,216,0,0,Finished
497946,チョコレート☆コーヒー,otoyakyo feat. 初音ミク,Original,2008-10-25T00:00:00Z,182,0,0,Finished
394444,半導体娘計画,撮影できますＰ feat. 初音ミク,Original,2008-10-25T00:00:00Z,328,0,0,Finished
336561,NonStopLove,HAL feat. 鏡音リン,Original,2008-10-25T00:00:00Z,234,0,0,Finished
942615,Existence,kujiraneko feat. 天音ルナ,Original,2008-11-21T00:00:00Z,266,0,0,Finished
930777,“ウタウタ”のしぃ,"浅広 feat. KAITO, 欲音ルコ♀",Original,2008-11-21T00:00:00Z,43,0,0,Draft
930775,BirthdaySong,びゃー feat. KAITO,Original,2008-11-21T00:00:00Z,103,0,0,Draft
907993,BLUE,shin feat. 初音ミク,Original,2008-11-21T00:00:00Z,253,0,0,Finished
771058,バナナ豆乳の唄（現実編）,ジューズ　アベニカ feat. 初音ミク,Original,2008-11-21T00:00:00Z,226,0,0,Finished
717343,里見香奈さん応援ソング ～出雲のイナズマ～,tama feat. 初音ミク,Original,2008-11-21T00:00:00Z,101,0,0,Finished
716589,満員電車の中、迫り来る下痢,下痢P feat. 初音ミク,Original,2008-11-21T00:00:00Z,195,1,3,Finished
698400,タカラモノ,mok feat. 初音ミク,Original,2008-11-21T00:00:00Z,284,0,0,Finished
632488,E.v.(イーブル),callasoiled feat. 鏡音リン,Original,2008-11-21T00:00:00Z,360,0,0,Finished
581455,ボカロの休日,コーチP feat. 初音ミク,Original,2008-11-21T00:00:00Z,256,0,0,Finished
723109,列車にて月,SHIKO feat. 初音ミク,Original,2008-05-17T00:00:00Z,233,0,2,Finished
713323,習作またはおちんちん,シュールレアリスムを正しく理解するP feat. 鏡音レン,Original,2008-05-17T00:00:00Z,95,0,0,Finished
628624,葱を食べる娘さん,緑の髪の娘さん feat. 初音ミク,Original,2008-05-17T00:00:00Z,117,0,2,Draft
618929,Don't mess with my love,むあるえ feat. 鏡音リン,Original,2008-05-17T00:00:00Z,84,0,0,Finished
600065,水鏡,ルーネ feat. 初音ミク,Original,2008-05-17T00:00:00Z,345,0,0,Finished
600064,ナタデココアイデンティティ,"NTTT, Uriaroma feat. 初音ミク",Original,2008-05-17T00:00:00Z,73,0,0,Finished
564876,ボクらのウタ,今宵P feat. 初音ミク,Original,2008-05-17T00:00:00Z,135,0,0,Finished
440913,Desert Healer,ceresP feat. 初音ミク,Original,2008-05-17T00:00:00Z,263,1,5,Finished
359401,優しい風が還ってきても,type74 feat. 初音ミク,Original,2008-05-17T00:00:00Z,362,0,2,Finished
357640,おしろ,しずかけい feat. 初音ミク,Original,2008-05-17T00:00:00Z,155,0,0,Finished
50925,暗闇の奥に,"しゃど feat. MEIKO, 初音ミク",Original,2008-03-14T00:00:00Z,226,7,37,Finished
18529,Tender scar,ゴゼンP feat. MEIKO,Original,2008-03-14T00:00:00Z,302,0,6,Finished
11800,目の無い私,秦野P feat. 鏡音レン,Original,2008-03-14T00:00:00Z,253,4,20,Finished
10148,azul,yusukeP feat. 初音ミク,Original,2008-03-14T00:00:00Z,304,0,0,Finished
5865,リナリア,アカサコフ・セルゲイ feat. 初音ミク,Original,2008-03-14T00:00:00Z,239,3,13,Finished
4627,迷いの森,とおくできこえるデンシオン feat. 鏡音レン,Original,2008-03-14T00:00:00Z,198,2,6,Finished
4630,銀河鉄道の夜に,とおくできこえるデンシオン feat. 鏡音レン,Original,2008-03-14T00:00:00Z,214,0,4,Finished
493,the strawberry song,zyun feat. 初音ミク,Original,2008-03-14T00:00:00Z,313,1,3,Finished
827076,りずむ,tassie FACTORY feat. KAITO,Original,2008-03-13T00:00:00Z,0,0,0,Finished
716558,つよがりにゃんこ,ようた feat. 鏡音レン,Original,2008-03-13T00:00:00Z,180,0,0,Finished
10404,極上フライト,ちゃぁ feat. 初音ミク,Original,2008-11-30T00:00:00Z,297,2,14,Finished
10271,まぶしい人,アゴアニキ feat. 鏡音リン,Original,2008-11-30T00:00:00Z,207,1,13,Finished
7447,あなたのことが,オワタP feat. 初音ミク,Original,2008-11-30T00:00:00Z,239,1,5,Finished
7461,ツマラヌ,"オワタP feat. 初音ミク, 神威がくぽ",Original,2008-11-30T00:00:00Z,275,0,0,Finished
6225,カラフルパズルピース,Aether_Eru feat. 初音ミク,Original,2008-11-30T00:00:00Z,283,2,18,Finished
6226,silver stars,UtopiaLyric feat. 初音ミク,Original,2008-11-30T00:00:00Z,285,0,10,Finished
4535,泡沫ワルツ,だあくP feat. 初音ミク,Original,2008-11-30T00:00:00Z,305,0,0,Approved
3124,河原町行き,アゴアニキ feat. 鏡音リン,Original,2008-11-30T00:00:00Z,155,0,4,Finished
2704,王子の凱歌,OzaShin feat. 鏡音レン,Original,2008-11-30T00:00:00Z,283,3,13,Finished
2468,Midwinter,"DATEKEN feat. 鏡音リン, 鏡音レン",Original,2008-11-30T00:00:00Z,315,1,13,Finished
681777,TIME TO GO,オトズレ feat. 重音テト,Original,2008-12-25T00:00:00Z,220,0,0,Finished
680690,jellyfish,そりあぼ feat. 鏡音リン,Original,2008-12-25T00:00:00Z,237,1,3,Finished
634392,Liquorizm～飲酒主義,zasiki feat. MEIKO,Original,2008-12-25T00:00:00Z,235,0,2,Finished
617091,chain,a_hisa feat. 初音ミク,Original,2008-12-25T00:00:00Z,218,0,0,Finished
601153,Tightrope Madness,savaki feat. 初音ミク,Original,2008-12-25T00:00:00Z,125,0,0,Finished
565306,自転車サンタ,唯縁 feat. KAITO,Original,2008-12-25T00:00:00Z,228,0,0,Finished
531652,WHITE TIME,トマ豆腐 feat. 鏡音リン,Original,2008-12-25T00:00:00Z,256,0,0,Finished
486075,僕の瞳に君が映らなくても,涼介P feat. MEIKO,Original,2008-12-25T00:00:00Z,297,0,0,Finished
446437,鏡音リングリッシュ,torimodoki feat. 鏡音リン,Original,2008-12-25T00:00:00Z,132,0,0,Finished
446279,White Shiny Days,白井しゅそ feat. 初音ミク,Original,2008-12-25T00:00:00Z,410,0,0,Finished
244683,stayblue,"amyu, SHIKI feat. 初音ミク",Original,2008-12-12T00:00:00Z,224,1,3,Finished
235424,アニバーサリー,unui feat. 鏡音レン,Original,2008-12-12T00:00:00Z,108,0,0,Finished
180893,スーサイドホテル,レッドカードP feat. 鏡音リン,Original,2008-12-12T00:00:00Z,280,0,0,Finished
176795,smiles～世界中に笑顔を～,P.N.朝倉 feat. 初音ミク,Original,2008-12-12T00:00:00Z,306,0,0,Finished
165099,狂唄,konkon feat. 神威がくぽ,Original,2008-12-12T00:00:00Z,172,0,2,Finished
148098,てぶくろ,5ラウンドP feat. 初音ミク,Original,2008-12-12T00:00:00Z,269,0,0,Finished
147274,ささやきディストーション,K音ガオーッP feat. 初音ミク,Original,2008-12-12T00:00:00Z,260,0,0,Finished
124796,そんな時灯るのが愛なんだ,堤逢叶 feat. 初音ミク,Original,2008-12-12T00:00:00Z,230,0,2,Finished
113105,ニラレボリューション,えりゃー feat. 初音ミク,Original,2008-12-12T00:00:00Z,268,0,0,Finished
102130,ヌクモリ,rashly man feat. 初音ミク,Original,2008-12-12T00:00:00Z,251,0,0,Finished
798135,Affirm,mell feat. 巡音ルカ,Original,2009-09-01T00:00:00Z,211,3,9,Finished
796760,Snow,アオノミヅチ feat. 巡音ルカ,Original,2009-09-01T00:00:00Z,402,2,10,Finished
763393,Demonic Heart,Alfine feat. 巡音ルカ,Original,2009-09-01T00:00:00Z,99,0,2,Finished
763218,オーナーにしてあげる,スーパーラビット feat. 初音ミク,Original,2009-09-01T00:00:00Z,160,0,2,Finished
763217,WhiteGenic-白き叫び-,ガラナ feat. 初音ミク,Original,2009-09-01T00:00:00Z,135,0,0,Finished
762139,エロマスター経験させて☆,本気マフラーP feat. 鏡音リン,Original,2009-09-01T00:00:00Z,186,0,0,Finished
762125,Angel,OTO LABO feat. 初音ミク,Original,2009-09-01T00:00:00Z,224,1,3,Finished
756889,まじっく☆ほぉる ～最高名器伝説～,オノデソ feat. 鏡音レン,Original,2009-09-01T00:00:00Z,182,0,0,Finished
731958,どーでもいい！！,ぶりるP feat. 初音ミク,Original,2009-09-01T00:00:00Z,20,1,3,Finished
691671,バースディパーティードロップ２,T@KC feat. 初音ミク,Original,2009-09-01T00:00:00Z,298,0,2,Finished
4637,Crystalline,Seiko feat. 巡音ルカ,Original,2009-06-01T00:00:00Z,280,2,14,Finished
956086,ひらり・ふわり,いなか屋本舗 feat. KAITO,Original,2009-05-31T00:00:00Z,155,0,0,Finished
939248,direction of voice,chery feat. 巡音ルカ,Original,2009-05-31T00:00:00Z,120,1,3,Finished
891056,Ding-Dong,"Daisuke Ohnuma feat. 初音ミク, spBlue",Original,2009-05-31T00:00:00Z,435,0,0,Draft
732084,ネガティブ ロンリー,"みょみょみょ feat. 鏡音リン, 鏡音レン",Original,2009-05-31T00:00:00Z,228,0,0,Finished
636591,闇に消えた税金,山田 feat. 初音ミク,Original,2009-05-31T00:00:00Z,36,0,0,Finished
632534,ever [blue],某mix feat. 初音ミク,Original,2009-05-31T00:00:00Z,216,0,0,Finished
631315,金さえあればそれでいい,単色P feat. 初音ミク,Original,2009-05-31T00:00:00Z,227,0,0,Finished
610035,湖,半兵衛ｐ feat. 巡音ルカ,Original,2009-05-31T00:00:00Z,152,0,0,Finished
609348,乾いたときめき,半兵衛ｐ feat. 巡音ルカ,Original,2009-05-31T00:00:00Z,122,0,0,Finished
33459,未来空想,バルP feat. 鏡音レン,Original,2009-09-06T00:00:00Z,293,0,0,Finished
33460,Vertical,束子P feat. 初音ミク,Original,2009-09-06T00:00:00Z,239,0,0,Finished
33461,逆さまのパズル,"バルP feat. 鏡音リン, 鏡音レン",Original,2009-09-06T00:00:00Z,273,0,0,Finished
31708,おそろしあ☆,Numtack05 feat. 巡音ルカ,Original,2009-09-06T00:00:00Z,217,2,12,Finished
30569,Stella,Kuroneko Lounge feat. 初音ミク,Original,2009-09-06T00:00:00Z,347,3,15,Finished
29924,過呼吸,ヒッキーP feat. 鏡音リン,Original,2009-09-06T00:00:00Z,94,12,52,Finished
29888,blind below the district,ヒッキーP feat. 鏡音リン,Original,2009-09-06T00:00:00Z,97,7,31,Finished
29887,スケッチノート,ヒッキーP feat. 鏡音リン,Original,2009-09-06T00:00:00Z,155,7,31,Finished
29886,しかん,ヒッキーP feat. 鏡音リン,Original,2009-09-06T00:00:00Z,139,9,51,Finished
29883,のどかな窮日,ヒッキーP feat. 鏡音リン,Original,2009-09-06T00:00:00Z,110,22,90,Finished
247469,雨ときどきコーヒー,beo feat. 唄音ウタ,Original,2009-12-19T00:00:00Z,168,1,5,Finished
226763,輪廻,えぬぃ feat. 重音テト,Original,2009-12-19T00:00:00Z,251,1,3,Finished
225828,初恋予報,"R&T factory, 森尾モリト feat. 鏡音レン",Original,2009-12-19T00:00:00Z,225,2,12,Finished
215357,ネリネ,アンノーンP feat. 神威がくぽ,Original,2009-12-19T00:00:00Z,354,0,0,Finished
210622,走る,だい feat. 巡音ルカ,Original,2009-12-19T00:00:00Z,158,0,2,Finished
202886,三日月エレジー,hayashi feat. 朝音ボウ,Original,2009-12-19T00:00:00Z,144,1,3,Finished
162106,白翼の系譜,UPNUSY feat. 巡音ルカ,Original,2009-12-19T00:00:00Z,260,1,3,Finished
154188,ダークブルーの寒空に,minamiP feat. 巡音ルカ,Original,2009-12-19T00:00:00Z,307,0,2,Finished
151757,ゆきのうさぎ,だし巻く feat. 初音ミク,Original,2009-12-19T00:00:00Z,255,0,0,Finished
134755,波音は涙の音色,hasukoka feat. 波音リツ,Original,2009-12-19T00:00:00Z,267,2,6,Finished
277390,君のためなら,朱雀 feat. KAITO,Original,2009-05-27T00:00:00Z,323,0,0,Finished
277389,優しい言葉,"朱雀, Minipper feat. 重音テト, 鏡音リン",Original,2009-05-27T00:00:00Z,237,1,3,Finished
207738,朝　露,M.A.T. feat. Mac音ナナ 2S,Original,2009-05-27T00:00:00Z,275,1,3,Finished
191620,時の坂道,RiakiinoP feat. 初音ミク,Original,2009-05-27T00:00:00Z,264,0,0,Finished
155180,月光ヤモリ,ほぼ日P feat. 初音ミク,Original,2009-05-27T00:00:00Z,330,0,0,Finished
98107,あまのじゃく,"ふわる, ai2 feat. 巡音ルカ",Original,2009-05-27T00:00:00Z,271,0,2,Finished
75873,赤光の女王,"ウタP, てとてと feat. MEIKO",Original,2009-05-27T00:00:00Z,257,2,8,Finished
7301,ajisai song,36g feat. 初音ミク,Original,2009-05-27T00:00:00Z,202,3,15,Finished
491,ディグダグ！,"zyun feat. 鏡音リン, 鏡音レン",Original,2009-05-27T00:00:00Z,297,1,3,Finished
977872,あたたかいね,"養子縁組P feat. 鏡音リン, 鏡音レン",Original,2009-05-26T00:00:00Z,216,0,0,Finished
12431,intro ~らんらんるー~,OSTER project feat. 初音ミク,Original,2009-08-26T00:00:00Z,21,2,10,Finished
6796,SHIBUYA,Rob Daiker feat. BECCA,Original,2009-08-26T00:00:00Z,218,0,0,Finished
3375,目が覚めたら,ラマーズP feat. 初音ミク,Original,2009-08-26T00:00:00Z,193,2,32,Finished
2546,"al,nai","mia子 feat. 唄音ウタ, 揺歌サユ, AquesTone (Unknown)",Original,2009-08-26T00:00:00Z,249,1,7,Finished
2379,D.P.C.W,buzzG feat. GUMI,Original,2009-08-26T00:00:00Z,227,1,11,Finished
2331,迷響詩酔,"にュウ, な～にP feat. 初音ミク",Original,2009-08-26T00:00:00Z,265,4,36,Finished
1295,流転吟遊,OzaShin feat. 神威がくぽ,Original,2009-08-26T00:00:00Z,221,8,48,Finished
1021186,1センチでも遠くへ,黒リュウ feat. 初音ミク,Original,2009-08-25T00:00:00Z,311,0,0,Finished
972380,可 憐,かるがも feat. 初音ミク,Original,2009-08-25T00:00:00Z,120,1,3,Finished
913661,夢をカタチに,ぼのP feat. 鏡音レン,Original,2009-08-25T00:00:00Z,343,0,0,Finished
212537,幸せの取り戻し方,ayase feat. 巡音ルカ,Original,2009-01-30T00:00:00Z,376,0,0,Finished
210120,同人カルチャー,"DeeDee feat. 巡音ルカ, 初音ミク",Original,2009-01-30T00:00:00Z,148,1,5,Finished
206920,深紅の夜,oz_hiro feat. 巡音ルカ,Original,2009-01-30T00:00:00Z,184,1,3,Finished
170186,新世界,cicci feat. 初音ミク,Original,2009-01-30T00:00:00Z,137,0,2,Finished
161834,KILLER QUEEN,吉影P feat. 巡音ルカ,Original,2009-01-30T00:00:00Z,278,1,3,Finished
160171,最低勇者の旅,乱数P feat. 巡音ルカ,Original,2009-01-30T00:00:00Z,302,0,0,Finished
148107,キャンセル,5ラウンドP feat. 巡音ルカ,Original,2009-01-30T00:00:00Z,274,0,0,Finished
140172,窓際少女,"アヒル軍曹P feat. 鏡音リン, 鏡音レン",Original,2009-01-30T00:00:00Z,227,0,0,Finished
127346,Kill you,春瀬直樹 feat. 巡音ルカ,Original,2009-01-30T00:00:00Z,190,1,5,Finished
121080,ウチガワ,みうら feat. 巡音ルカ,Original,2009-01-30T00:00:00Z,348,0,0,Finished
801053,「洗顔いこう！」,隊長 feat. 鏡音リン,Original,2009-09-03T00:00:00Z,182,0,0,Finished
728535,星になって,ふじのや feat. 神威がくぽ,Original,2009-09-03T00:00:00Z,341,0,0,Finished
726835,転輪聖王 -獅子咆哮- (第２形態),"マイゴッドP feat. 鏡音リン, 鏡音レン",Original,2009-09-03T00:00:00Z,160,0,2,Finished
697720,自爆,のののP feat. 初音ミク,Original,2009-09-03T00:00:00Z,104,1,5,Finished
694760,Break to my Mask,シリウス feat. 初音ミク,Original,2009-09-03T00:00:00Z,164,1,3,Finished
660759,恋はつぼみ,"キューP feat. 初音ミク, GUMI",Original,2009-09-03T00:00:00Z,257,25,97,Finished
660758,めこめこ,シトキアＰ feat. 初音ミク,Original,2009-09-03T00:00:00Z,156,0,0,Finished
626786,運命逃避行,hisaruki feat. 初音ミク,Original,2009-09-03T00:00:00Z,292,1,7,Finished
618106,もっと！,鬱… feat. 鏡音リン,Original,2009-09-03T00:00:00Z,75,8,26,Finished
568743,びいどろ,sawako feat. 和音マコ,Original,2009-09-03T00:00:00Z,210,0,0,Finished
7337,エンドレス,キャプテンミライ feat. GUMI,Original,2009-06-26T00:00:00Z,227,13,79,Finished
7031,メグメグ☆ファイアーエンドレスナイト,samfree feat. GUMI,Original,2009-06-26T00:00:00Z,238,73,417,Finished
5258,Forever Tears,seleP feat. GUMI,Original,2009-06-26T00:00:00Z,345,5,31,Finished
4049,ピアノ・レッスン,古川P feat. 初音ミク,Original,2009-06-26T00:00:00Z,205,14,70,Finished
2359,きみにごめんね,フェイP feat. GUMI,Original,2009-06-26T00:00:00Z,310,12,80,Finished
972,ロケット☆ブースター,TinySymphony feat. GUMI,Original,2009-06-26T00:00:00Z,220,1,5,Finished
575,ヴァルキュリア,イカロスP feat. GUMI,Original,2009-06-26T00:00:00Z,222,2,10,Finished
568,transient dream,otetsu feat. GUMI,Original,2009-06-26T00:00:00Z,263,3,27,Finished
572,恋はきっと急上昇☆,のぼる↑ feat. GUMI,Original,2009-06-26T00:00:00Z,224,22,134,Finished
1003713,サヨナラのソラ,ぐへへP feat. 初音ミク,Original,2009-06-25T00:00:00Z,304,0,0,Finished
324135,melody,kinta feat. 神威がくぽ,Original,2009-09-04T00:00:00Z,271,0,0,Finished
321008,月の涙を…,神夜 みゅん feat. コヨーテ（伺）,Original,2009-09-04T00:00:00Z,140,0,0,Finished
314628,月の光,Revvar feat. 初音ミク,Original,2009-09-04T00:00:00Z,302,0,0,Finished
266615,彼と彼女と私達,さぼてん feat. 初音ミク,Original,2009-09-04T00:00:00Z,242,0,0,Finished
244103,オルゴール,ever_02 feat. 初音ミク,Original,2009-09-04T00:00:00Z,239,0,0,Finished
238424,Parallel Code,なるあき feat. 初音ミク,Original,2009-09-04T00:00:00Z,275,0,0,Finished
221025,シュヴァルツヴァルト,"チキンカツP feat. 鏡音レン, 鏡音リン",Original,2009-09-04T00:00:00Z,244,0,0,Finished
216466,影踏み,"凛９, 朱鷺 feat. 鏡音リン, 鏡音レン",Original,2009-09-04T00:00:00Z,222,2,8,Finished
187127,桜川,monkey_mitchy feat. 初音ミク,Original,2009-09-04T00:00:00Z,348,0,0,Finished
151474,セカイト,ぽき feat. 初音ミク,Original,2009-09-04T00:00:00Z,177,0,0,Finished
143788,時の旅人,マカロニグラタン feat. 巡音ルカ,Original,2009-12-28T00:00:00Z,180,0,0,Finished
130243,ロードローラーで時速200km/h,"YOSHIKA, Team Frontier feat. 鏡音レン, 鏡音リン",Original,2009-12-28T00:00:00Z,269,0,0,Finished
127638,kick out the melancholic,カーリー feat. 初音ミク,Original,2009-12-28T00:00:00Z,98,0,0,Finished
123469,しあわせ注意報！,立秋 feat. 鏡音リン,Original,2009-12-28T00:00:00Z,232,0,0,Finished
121044,ユキカウヒカリ,yuki feat. 初音ミク,Original,2009-12-28T00:00:00Z,224,0,0,Finished
115860,キセキの風,花魁P feat. 鏡音レン,Original,2009-12-28T00:00:00Z,242,0,0,Finished
115247,月曜日が死んで,ノイズP feat. 初音ミク,Original,2009-12-28T00:00:00Z,234,0,0,Finished
115229,Shoegazer On The Snow [Dec.],ノイズP feat. 巡音ルカ,Original,2009-12-28T00:00:00Z,577,7,35,Finished
91328,Goodbye My Lover,Caz feat. 初音ミク,Original,2009-12-28T00:00:00Z,248,2,16,Finished
60772,禍蛇渦蛇,ふゆP feat. 初音ミク,Original,2009-12-28T00:00:00Z,295,0,2,Finished
157742,Search for wind,U1000 feat. MEIKO,Original,2009-07-26T00:00:00Z,298,1,3,Finished
127345,Scream,春瀬直樹 feat. 神威がくぽ,Original,2009-07-26T00:00:00Z,208,4,14,Finished
46581,Dimensions Inbetween,ddh feat. 初音ミク,Original,2009-07-26T00:00:00Z,469,0,4,Finished
38334,この頭に乗ってる奴は何？,ラマーズP feat. 初音ミク,Original,2009-07-26T00:00:00Z,81,0,2,Finished
36495,千日草,Coch  feat. 初音ミク,Original,2009-07-26T00:00:00Z,212,0,4,Finished
30497,ぐちゃぐちゃのレイン,﨑﨑﨑 feat. 鏡音リン,Original,2009-07-26T00:00:00Z,381,9,39,Finished
2588,/ the Black,うたたP feat. 巡音ルカ,Original,2009-07-26T00:00:00Z,592,2,18,Finished
1755,Always and Forever,"OzaShin feat. GUMI, 鏡音リン",Original,2009-07-26T00:00:00Z,240,9,67,Finished
574,雨つぶDANCE,キャプテンミライ feat. GUMI,Original,2009-07-26T00:00:00Z,198,2,18,Finished
893346,OPEN YOUR HEART,チャーミー feat. 神威がくぽ,Original,2009-07-25T00:00:00Z,244,0,0,Finished
853162,雨宿り,Nice 積雪.P feat. 鏡音リン,Original,2009-05-06T00:00:00Z,238,1,3,Finished
811262,終着点,シャト feat. 初音ミク,Original,2009-05-06T00:00:00Z,301,0,0,Finished
811261,いきたいようにいよう！,HRK feat. 初音ミク,Original,2009-05-06T00:00:00Z,312,0,0,Finished
811146,あの虹の真下へ,"カンクラ feat. 揺歌サユ, 重音テト",Original,2009-05-06T00:00:00Z,192,0,0,Finished
810927,ぷーるさいどらぶ,mamasan feat. 重音テト,Original,2009-05-06T00:00:00Z,233,0,0,Finished
742348,おれ、ニート。,零崎フォロフ feat. KAITO,Original,2009-05-06T00:00:00Z,157,0,0,Finished
738371,前向きな開き直り,つやつやP feat. 初音ミク,Original,2009-05-06T00:00:00Z,346,0,2,Finished
726834,あの夏の唄,マイゴッドP feat. 鏡音リン,Original,2009-05-06T00:00:00Z,102,0,0,Finished
698992,世界のどこかで - Live MIX -,SHIO・∀・ feat. 初音ミク,Original,2009-05-06T00:00:00Z,356,0,0,Finished
660996,終わらない日々,さびしんぼうP feat. 初音ミク,Original,2009-05-06T00:00:00Z,253,0,0,Finished
994716,森喰ラウ者,黒いP feat. 鏡音レン,Original,2009-03-25T00:00:00Z,251,1,3,Finished
808585,遅咲き桜,route feat. 重音テト,Original,2009-03-25T00:00:00Z,0,0,0,Finished
719639,ワンルーム・ディスコ,中田ヤスタカ feat. Perfume,Original,2009-03-25T00:00:00Z,304,1,5,Finished
642425,スポイト,taka feat. 鏡音レン,Original,2009-03-25T00:00:00Z,260,0,0,Finished
610512,oneday,なはら feat. 鏡音リン,Original,2009-03-25T00:00:00Z,257,1,5,Finished
578038,ららるる　ミラクル☆,カイネ feat. 初音ミク,Original,2009-03-25T00:00:00Z,144,1,5,Finished
527309,ありがとうの花,SAKI feat. 初音ミク,Original,2009-03-25T00:00:00Z,226,0,0,Finished
523832,LaundrySunday,Tiida feat. 巡音ルカ,Original,2009-03-25T00:00:00Z,205,0,2,Finished
441697,しらゆき　～卒業の日に～,アカサコフ・セルゲイ feat. 初音ミク,Original,2009-03-25T00:00:00Z,327,0,0,Finished
438676,永遠の恋,seiru feat. 巡音ルカ,Original,2009-03-25T00:00:00Z,80,0,0,Finished
417362,そうでスカ,レッドカードP feat. 神威がくぽ,Original,2009-03-31T00:00:00Z,234,0,0,Finished
372424,Ｍｅｍｏｒｉｅｓ,ヵょ☆ feat. 初音ミク,Original,2009-03-31T00:00:00Z,318,0,0,Finished
354304,In the World,クロネコ feat. 巡音ルカ,Original,2009-03-31T00:00:00Z,222,0,0,Finished
309429,二枚舌の墓場,問題児P feat. 巡音ルカ,Original,2009-03-31T00:00:00Z,149,0,2,Finished
308806,桜散る,"Sat4, Dual's feat. 鏡音リン, 鏡音レン",Original,2009-03-31T00:00:00Z,356,0,0,Finished
275811,旅路,P.N.朝倉＠トーン feat. MEIKO,Original,2009-03-31T00:00:00Z,304,0,0,Finished
268257,わたしはうたう,おうる feat. 重音テト,Original,2009-03-31T00:00:00Z,162,1,3,Finished
265650,愛するということ,"戦ピー feat. 鏡音リン, 鏡音レン",Original,2009-03-31T00:00:00Z,273,0,0,Finished
253595,いつも一緒に,fist feat. 初音ミク,Original,2009-03-31T00:00:00Z,264,0,0,Finished
253079,さいあいのひと,爆音P feat. 初音ミク,Original,2009-03-31T00:00:00Z,256,0,0,Finished
792154,作りかけ,POL feat. 初音ミク,Original,2009-12-09T00:00:00Z,304,0,0,Finished
764697,なべしき,ｼｮﾎﾞマーチ feat. KAITO,Original,2009-12-09T00:00:00Z,147,0,0,Finished
754270,dimgray,ぎあらせんまい feat. KAITO,Original,2009-12-09T00:00:00Z,127,0,0,Finished
753202,in the sky,ｾﾞﾙｶﾞﾘ feat. 初音ミク,Original,2009-12-09T00:00:00Z,182,0,0,Finished
690155,マリッジブルー的な何か,くるりん feat. 初音ミク,Original,2009-12-09T00:00:00Z,213,3,11,Finished
672773,月と風,yam-998 feat. 初音ミク,Original,2009-12-09T00:00:00Z,268,0,0,Finished
671911,瓦落多,神代凪 feat. 巡音ルカ,Original,2009-12-09T00:00:00Z,114,12,40,Finished
630302,Glassy heart,ぐろやん feat. GUMI,Original,2009-12-09T00:00:00Z,146,0,0,Finished
606060,月見るパンケーキの丘で,niconiconao feat. 初音ミク,Original,2009-12-09T00:00:00Z,216,0,0,Finished
584828,憂空-ユウゾラ-,やう feat. 初音ミク,Original,2009-12-09T00:00:00Z,174,0,0,Finished
802259,神は釣りをする,微ホP feat. 重音テト,Original,2009-05-27T00:00:00Z,130,0,0,Finished
782812,YOAKE -瑠瑣の空-,tassie FACTORY feat. KAITO,Original,2009-05-27T00:00:00Z,143,0,0,Draft
742313,五月雨の影,コドモゴコロ feat. 初音ミク,Original,2009-05-27T00:00:00Z,444,0,0,Finished
610491,peace of GOMA,飛鳥菌 feat. 初音ミク,Original,2009-05-27T00:00:00Z,163,0,0,Finished
610103,青空賛歌,"うたたね, たぬき堂 feat. 初音ミク",Original,2009-05-27T00:00:00Z,273,0,0,Finished
603897,欄干の花 (short ver.),近藤雄太 feat. 初音ミク,Original,2009-05-27T00:00:00Z,126,1,5,Finished
571335,情熱,朱雀 feat. 巡音ルカ,Original,2009-05-27T00:00:00Z,335,0,0,Finished
497186,初音ミクの下痢　トイレを探して三千里,下痢P feat. 初音ミク,Original,2009-05-27T00:00:00Z,151,0,0,Finished
463059,むりぽ人生,小室コア feat. 初音ミク,Original,2009-05-27T00:00:00Z,181,0,0,Finished
387037,彼岸花,ぎふじぃ feat. 巡音ルカ,Original,2009-05-27T00:00:00Z,329,0,0,Finished
514865,TOWN TOPICS,多摩川タマコ feat. 初音ミク,Original,2009-05-24T00:00:00Z,174,14,52,Finished
494966,ガゼル,とり feat. KAITO,Original,2009-05-24T00:00:00Z,174,0,0,Finished
491320,Draco,おにゅうP feat. 初音ミク,Original,2009-05-24T00:00:00Z,188,0,0,Finished
467273,あいあい☆あいしてるっ,よったん feat. 初音ミク,Original,2009-05-24T00:00:00Z,203,1,3,Finished
438931,おしえてア・ゲ・ル,ゎぁぃ feat. 巡音ルカ,Original,2009-05-24T00:00:00Z,185,0,0,Finished
438668,雨の竹富,Operaghost2008 feat. various,Original,2009-05-24T00:00:00Z,241,0,0,Finished
437106,ホヘイ,﨑﨑﨑 feat. 鏡音リン,Original,2009-05-24T00:00:00Z,159,4,16,Finished
375083,STAY GOLD,Azell feat. 巡音ルカ,Original,2009-05-24T00:00:00Z,255,0,0,Finished
354945,ネギのパラパラ,YHK feat. 初音ミク,Original,2009-05-24T00:00:00Z,265,0,0,Finished
354624,雷,taat feat. 巡音ルカ,Original,2009-05-24T00:00:00Z,322,0,0,Finished
234532,まぐろといっしょ,Ｍ．Ｈ．ジャーニー feat. 巡音ルカ,Original,2009-01-31T00:00:00Z,187,0,0,Finished
234521,Snowy Tears,C_Showji feat. 巡音ルカ,Original,2009-01-31T00:00:00Z,321,1,3,Finished
217337,Contradiction,おパンクP feat. 巡音ルカ,Original,2009-01-31T00:00:00Z,185,1,5,Finished
187918,「鎖」,"芸竜作 feat. 鏡音リン, 鏡音レン",Original,2009-01-31T00:00:00Z,301,1,3,Finished
182030,Digi-Log,st2k feat. 巡音ルカ,Original,2009-01-31T00:00:00Z,324,0,0,Finished
179134,will xxxx back,"TzTech feat. 鏡音リン, 鏡音レン",Original,2009-01-31T00:00:00Z,283,0,0,Finished
170187,卒業する前に,cicci feat. 初音ミク,Original,2009-01-31T00:00:00Z,204,0,0,Finished
161425,終電はまだ――,必殺P feat. 巡音ルカ,Original,2009-01-31T00:00:00Z,215,0,0,Finished
160478,手を取り合って,SaMa feat. 巡音ルカ,Original,2009-01-31T00:00:00Z,164,0,0,Finished
146720,巡り会う奇跡,あかりP feat. 巡音ルカ,Original,2009-01-31T00:00:00Z,140,1,3,Finished
543,ココロカラ,monaca:factory feat. 初音ミク,Original,2009-08-15T00:00:00Z,127,6,32,Finished
545,reflection,monaca:factory,Original,2009-08-15T00:00:00Z,44,1,3,Finished
548,今度また会えたら,monaca:factory feat. 初音ミク,Original,2009-08-15T00:00:00Z,214,1,5,Finished
1007773,ロストチャイルド,畑屋,Original,2009-08-14T00:00:00Z,288,2,6,Finished
967523,over the DAY-DREAM,koh-hey feat. 初音ミク,Original,2009-08-14T00:00:00Z,402,0,0,Finished
901258,Starlight Memories,こーりぃ feat. 巡音ルカ,Original,2009-08-14T00:00:00Z,214,0,0,Finished
839976,Genesis,沼男 feat. 初音ミク,Original,2009-08-14T00:00:00Z,262,4,16,Finished
821898,八幡さまへ,Yasu@keidaiP feat. 巡音ルカ,Original,2009-08-14T00:00:00Z,266,0,0,Finished
818848,Suffering,teruteru feat. 初音ミク,Original,2009-08-14T00:00:00Z,114,0,0,Finished
795689,デモカタログ,ぷらす feat. 桃音モモ,Original,2009-08-14T00:00:00Z,183,0,2,Finished
893993,天来のアトランティア,Akia feat. 初音ミク,Original,2009-04-24T00:00:00Z,400,0,0,Finished
636059,心音メトロノーム,はっさくP feat. 鏡音リン,Original,2009-04-24T00:00:00Z,0,1,3,Finished
610122,蜃気楼,葵Ｐ feat. 初音ミク,Original,2009-04-24T00:00:00Z,325,1,5,Finished
530001,黒い絹 -Redress-,"或, アル†カナ feat. 鏡音リン, 鏡音レン",Original,2009-04-24T00:00:00Z,420,0,2,Finished
520546,虎,四半世紀P feat. 初音ミク,Original,2009-04-24T00:00:00Z,122,0,0,Finished
486230,be realized,そー feat. 鏡音リン,Original,2009-04-24T00:00:00Z,183,1,7,Finished
486229,Yggdrasill,そー feat. 鏡音リン,Original,2009-04-24T00:00:00Z,159,0,2,Finished
486228,Emergence,そー feat. 鏡音リン,Original,2009-04-24T00:00:00Z,168,2,8,Finished
381298,桜空,LUC+ feat. 鏡音レン,Original,2009-04-24T00:00:00Z,258,0,0,Finished
356641,ゆめのかけら,"ねく feat. 鏡音リン, 鏡音レン",Original,2009-04-24T00:00:00Z,206,0,0,Finished
835267,バーチャル☆アイドル☆プリティｖKAIKO,Various artists,Original,2009-10-10T00:00:00Z,270,1,3,Finished
799934,ネクタイを解かせて♪,血みどろストラップ feat. 唄音ウタ,Original,2009-10-10T00:00:00Z,180,0,0,Finished
794409,more,月夜村 feat. 初音ミク,Original,2009-10-10T00:00:00Z,331,0,2,Finished
767168,歩くより早い速度で,アンバランスP feat. 初音ミク,Original,2009-10-10T00:00:00Z,240,0,0,Finished
766991,Eternity,かなみん゙ feat. 初音ミク,Original,2009-10-10T00:00:00Z,235,0,0,Finished
747188,眠りの廻廊ナウムズィクル,ニワトリP feat. KAITO,Original,2009-10-10T00:00:00Z,261,0,0,Finished
742808,桜の頃に交わした約束,箱です feat. 初音ミク,Original,2009-10-10T00:00:00Z,300,0,0,Finished
665570,塵＜ごみ＞の如し,塵＜ごみ＞ feat. 重音テト,Original,2009-10-10T00:00:00Z,289,0,0,Finished
665568,Eastern Brightest Star,KZE feat. 重音テト,Original,2009-10-10T00:00:00Z,291,0,0,Finished
665566,パラダイス,どうみてもＰ feat. 重音テト,Original,2009-10-10T00:00:00Z,390,0,0,Finished
764701,ボクたちの戦争,"リリアキ, 国際ニコニコ映画祭投稿作品 feat. 初音ミク",Original,2009-08-04T00:00:00Z,252,0,0,Finished
732083,無限思索,コワレミクP feat. 初音ミク,Original,2009-08-04T00:00:00Z,273,0,0,Finished
721215,Iris,けん feat. 初音ミク,Original,2009-08-04T00:00:00Z,243,0,0,Finished
715812,sorriso,七瀬まこ feat. KAITO,Original,2009-08-04T00:00:00Z,206,0,0,Finished
664947,MOON AND SUN,薪原あすみ feat. MEIKO,Original,2009-08-04T00:00:00Z,177,0,0,Finished
664603,友達じゃないの歌,"音楽1P feat. 鏡音リン, 鏡音レン",Original,2009-08-04T00:00:00Z,64,0,0,Finished
630311,Summer Beach,星空かける feat. 初音ミク,Original,2009-08-04T00:00:00Z,238,0,0,Finished
629947,働きたくないでござる,"さよならのうたを歌おう feat. 巡音ルカ, KAITO",Original,2009-08-04T00:00:00Z,106,4,12,Finished
618514,What is Luv,Ryuuuu feat. 巡音ルカ,Original,2009-08-04T00:00:00Z,275,5,31,Finished
604637,フリーが丘,どぶさん feat. 初音ミク,Original,2009-08-04T00:00:00Z,284,0,0,Finished
985514,捕らわれアリス,"紅小町, isora, エイムクライム feat. 初音ミク",Original,2009-12-07T00:00:00Z,280,0,2,Finished
922378,巡り会う絆,hide478295 feat. 巡音ルカ,Original,2009-12-07T00:00:00Z,253,0,0,Finished
914802,ﾛﾒｵとｼﾞｭﾘｴｯﾄのﾃｰﾏ,ATATA feat. GUMI,Original,2009-12-07T00:00:00Z,101,0,0,Finished
764749,RE：赤い靴 -ディレッド-,"或, アル†カナ feat. various",Original,2009-12-07T00:00:00Z,355,0,0,Finished
753226,恋風,しえんた feat. 初音ミク,Original,2009-12-07T00:00:00Z,314,0,0,Finished
743018,電柱さんの歌,"Ri7beat feat. 重音テト, 和音マコ",Original,2009-12-07T00:00:00Z,219,0,0,Finished
630315,Next time you can smile,星空かける feat. 初音ミク,Original,2009-12-07T00:00:00Z,296,0,0,Finished
630314,帰りたくないの,星空かける feat. 初音ミク,Original,2009-12-07T00:00:00Z,430,0,0,Finished
630313,さみしいよ,星空かける feat. 初音ミク,Original,2009-12-07T00:00:00Z,325,0,0,Finished
630309,イリュージョン,星空かける feat. 初音ミク,Original,2009-12-07T00:00:00Z,405,0,0,Finished
310859,ハツネドリ（冬ミックス）,NOEL-KIT feat. 初音ミク,Original,2009-11-09T00:00:00Z,274,3,9,Finished
310857,たべっ子どうぶつ,nicol feat. 初音ミク,Original,2009-11-09T00:00:00Z,222,1,7,Finished
296666,いつか…,ゆうきちゃん feat. 初音ミク,Original,2009-11-09T00:00:00Z,291,0,0,Finished
277508,黒い時計塔の青い魔女,muu feat. 初音ミク,Original,2009-11-09T00:00:00Z,167,1,3,Finished
242496,チャイムっ！！,マキナP feat. 初音ミク,Original,2009-11-09T00:00:00Z,245,0,0,Finished
226760,0と1が確定する私の可能性,えぬぃ feat. 重音テト,Original,2009-11-09T00:00:00Z,214,1,3,Finished
217270,calm down！,MKSR feat. 初音ミク,Original,2009-11-09T00:00:00Z,263,0,0,Finished
212754,KUROAME,"kafuca, pluie feat. 初音ミク",Original,2009-11-09T00:00:00Z,334,0,0,Finished
195843,ストーリーブック,葉山つばめ feat. 初音ミク,Original,2009-11-09T00:00:00Z,229,0,2,Finished
155234,ピザ喰うな！,ほぼ日P feat. 初音ミク,Original,2009-11-09T00:00:00Z,310,0,0,Finished
601163,run and run!,椎名 feat. 初音ミク,Original,2009-04-16T00:00:00Z,317,0,0,Finished
581781,えいりあんず・がれえじ,マイゴッドP feat. 鏡音レン,Original,2009-04-16T00:00:00Z,209,0,0,Finished
533190,電車に乗って,"たかよし０２ feat. 唄音ウタ, 重音テト",Original,2009-04-16T00:00:00Z,88,0,0,Finished
516703,月舟,kohigashi feat. 唄音ウタ,Original,2009-04-16T00:00:00Z,252,0,0,Finished
500343,神騙りの愚者への断罪と懲罰,ちぇっぷ feat. 初音ミク,Original,2009-04-16T00:00:00Z,291,1,7,Finished
492241,とびだせ青春！,take feat. 巡音ルカ,Original,2009-04-16T00:00:00Z,192,0,0,Finished
354495,迷いの森,渡り鳥P feat. 巡音ルカ,Original,2009-04-16T00:00:00Z,232,1,3,Finished
354490,桜散る頃。,introStoP feat. 巡音ルカ,Original,2009-04-16T00:00:00Z,274,0,0,Finished
343666,Ring,aisha feat. 巡音ルカ,Original,2009-04-16T00:00:00Z,186,0,0,Finished
265420,Raspberry heart,まぬけ屋 feat. 巡音ルカ,Original,2009-04-16T00:00:00Z,254,0,0,Finished
502,カイト兄さんの 自然がテーマの歌 (Bonus Track),目つき悪いP,Original,2009-11-15T00:00:00Z,0,0,0,Draft
503,ぼかぼか♪れでぃお③,目つき悪いP,Original,2009-11-15T00:00:00Z,0,0,0,Draft
504,本番前の伊達っ子さん,,Original,2009-11-15T00:00:00Z,0,0,0,Draft
505,伊達っ子ラジオ①,"toga feat. 鏡音リン, 鏡音レン",Original,2009-11-15T00:00:00Z,193,0,0,Finished
506,伊達っ子ラジオ②,,Original,2009-11-15T00:00:00Z,0,0,0,Draft
507,伊達っ子ラジオ③,,Original,2009-11-15T00:00:00Z,0,0,0,Draft
511,ボーカロイドの すべらない話 (Bonus Track),,Original,2009-11-15T00:00:00Z,0,0,0,Draft
512,トークロイドの歌 (Bonus Track),,Original,2009-11-15T00:00:00Z,262,0,0,Draft
978509,A→C,"養子縁組P feat. 鏡音リン, 鏡音レン",Original,2009-11-14T00:00:00Z,0,0,0,Finished
928460,咲かしょ☆恋花,"tassie FACTORY feat. KAITO, MEIKO",Original,2009-11-14T00:00:00Z,138,0,0,Finished
599677,もやもやが晴れますん,"食器棚の人 feat. 鏡音リン, 鏡音レン",Original,2009-12-30T00:00:00Z,62,3,11,Finished
586787,ゆきのむこう,九十九百太郎 feat. 初音ミク,Original,2009-12-30T00:00:00Z,207,0,2,Finished
586786,Silent Night,うりぴ～ feat. various,Original,2009-12-30T00:00:00Z,232,0,0,Finished
586784,これから始まる物語,うりぴ～ feat. 巡音ルカ,Original,2009-12-30T00:00:00Z,287,0,0,Finished
586783,元気をだして,うりぴ～ feat. 鏡音リン,Original,2009-12-30T00:00:00Z,369,0,0,Finished
586782,Faded photo and past memory,うりぴ～ feat. Prima,Original,2009-12-30T00:00:00Z,155,0,0,Finished
586781,在りし日の想い出,うりぴ～ feat. 鏡音リン,Original,2009-12-30T00:00:00Z,155,0,0,Finished
586779,児玉ロボ,うりぴ～ feat. 鏡音レン,Original,2009-12-30T00:00:00Z,139,0,0,Finished
586777,ころくる☆クリット,"うりぴ～ feat. 鏡音リン, 初音ミク",Original,2009-12-30T00:00:00Z,105,0,0,Finished
586776,"I, want to say that I will like you.",うりぴ～ feat. 巡音ルカ,Original,2009-12-30T00:00:00Z,231,0,0,Finished
31675,誰にも負けない,右マッチP feat. 鏡音レン,Original,2009-03-06T00:00:00Z,197,0,2,Finished
13061,ねむりたいのに！,Numtack05 feat. 巡音ルカ,Original,2009-03-06T00:00:00Z,252,6,36,Finished
6577,ユートピアン,ジェバンニP feat. 鏡音リン,Original,2009-03-06T00:00:00Z,211,3,17,Finished
1667,Equilibrium,ボッチ feat. 鏡音リン,Original,2009-03-06T00:00:00Z,338,1,5,Finished
940902,何か気がする,vee feat. お兄さん,Original,2009-03-05T00:00:00Z,182,0,0,Finished
731737,ねこのステップ,いっと feat. 初音ミク,Original,2009-03-05T00:00:00Z,93,0,0,Finished
659439,時間,しろは feat. 初音ミク,Original,2009-03-05T00:00:00Z,245,0,0,Finished
626578,幸福の舞台裏,"RhythMania feat. 巡音ルカ, 初音ミク",Original,2009-03-05T00:00:00Z,228,5,17,Finished
600711,囚われの姫君,となかい feat. 初音ミク,Original,2009-03-05T00:00:00Z,339,0,0,Finished
571978,ボクラノウタ,ぶるげ feat. various,Original,2009-03-05T00:00:00Z,75,0,0,Finished
219331,あなたの好きな人,がてらP feat. 初音ミク,Original,2009-06-28T00:00:00Z,162,0,0,Finished
209510,Endeavor,libertysoundrange feat. 初音ミク,Original,2009-06-28T00:00:00Z,175,0,4,Finished
207844,寥落ノススメ,negidarake feat. 巡音ルカ,Original,2009-06-28T00:00:00Z,243,0,0,Finished
193666,かいわれ大根,初心P feat. GUMI,Original,2009-06-28T00:00:00Z,125,0,0,Finished
185473,Once again...,森 鉄九 feat. 巡音ルカ,Original,2009-06-28T00:00:00Z,416,0,0,Finished
127446,slow foxtrot,NANA feat. 神威がくぽ,Original,2009-06-28T00:00:00Z,248,0,0,Finished
113786,Resistance,鉄分P feat. MEIKO,Original,2009-06-28T00:00:00Z,304,1,3,Finished
111579,Melody Sky,マェロP feat. GUMI,Original,2009-06-28T00:00:00Z,257,1,3,Finished
108053,みずたまパラソル,鈴掛ヨモギ feat. 初音ミク,Original,2009-06-28T00:00:00Z,117,0,0,Finished
89683,風の街,あしたのP feat. GUMI,Original,2009-06-28T00:00:00Z,300,0,0,Finished
2363,スターマイン,Nem feat. GUMI,Original,2009-08-02T00:00:00Z,307,6,46,Finished
925282,Dive into the blue,今月P feat. 重音テト,Original,2009-08-01T00:00:00Z,407,0,0,Finished
886203,処刑信仰遊園地～狂子供楽園～,"凛９ feat. 鏡音リン, 鏡音レン",Original,2009-08-01T00:00:00Z,241,7,23,Finished
764722,初音ミクオリジナルお祭りバージョン,"Unknown producer(s), 国際ニコニコ映画祭投稿作品 feat. 初音ミク",Original,2009-08-01T00:00:00Z,281,0,0,Draft
764721,約束,"maton, 国際ニコニコ映画祭投稿作品 feat. 初音ミク",Original,2009-08-01T00:00:00Z,344,0,0,Finished
752352,ＦｉｇｈｔｅｒＧｉｒｌｓ,"コーチP feat. 初音ミク, 神威がくぽ",Original,2009-08-01T00:00:00Z,227,0,0,Finished
742453,月ノ魚,naoo feat. Mac音ナナ (GarageBand),Original,2009-08-01T00:00:00Z,352,0,2,Finished
728999,３Ｄ＠アクション！！,m_yus feat. 初音ミク,Original,2009-08-01T00:00:00Z,329,0,0,Finished
705141,ためしにアップしてみた,snz feat. 初音ミク,Original,2009-08-01T00:00:00Z,194,0,0,Finished
705140,女子校モラトリアム☆まったり至上主義っ!,"まこん, イチ feat. 初音ミク",Original,2009-08-01T00:00:00Z,249,0,2,Finished
120993,Twinkle star,ノーベル feat. 初音ミク,Original,2009-08-13T00:00:00Z,224,0,2,Finished
120996,Stay scene,みうら feat. 初音ミク,Original,2009-08-13T00:00:00Z,278,2,8,Finished
120943,SA,山口だいすけ feat. 初音ミク,Original,2009-08-13T00:00:00Z,232,0,2,Finished
111747,39～サンキュ～,"occhii, AIR WINDOW feat. 初音ミク",Original,2009-08-13T00:00:00Z,264,0,0,Finished
101303,視界進化論,lemo feat. 初音ミク,Original,2009-08-13T00:00:00Z,248,3,9,Finished
2288,Never,"DATEKEN feat. 鏡音リン, 鏡音レン",Original,2009-08-13T00:00:00Z,233,14,80,Finished
1003701,To,falch feat. GUMI,Original,2009-08-12T00:00:00Z,238,0,0,Finished
933406,☆,MMM feat. KAITO,Original,2009-08-12T00:00:00Z,105,1,3,Draft
851999,アジレシブ,つーち feat. 初音ミク,Original,2009-08-12T00:00:00Z,141,0,0,Finished
808204,Northern Cross,夜狐 feat. 初音ミク,Original,2009-08-12T00:00:00Z,289,0,0,Finished
304794,ある一生と一日と三分半,ショップ店員 feat. 初音ミク,Original,2010-05-22T00:00:00Z,210,6,22,Finished
258376,雨あがり,"マツP, 遅刻オトメンP, わず彦 feat. 初音ミク",Original,2010-05-22T00:00:00Z,140,0,0,Finished
253998,ボクのマグナム,＠KIRA feat. 神威がくぽ,Original,2010-05-22T00:00:00Z,230,0,0,Finished
237747,練炭パーティー,Ker feat. 初音ミク,Original,2010-05-22T00:00:00Z,89,0,0,Finished
237455,Zero,"庵屋 菅沼, DoroicarV feat. 初音ミク Append (Unknown)",Original,2010-05-22T00:00:00Z,322,0,0,Finished
230592,恋茶時間,SF-A2 開発コード miki,Original,2010-05-22T00:00:00Z,264,0,0,Draft
211705,ももいろことば,朱雀 feat. 桃音モモ,Original,2010-05-22T00:00:00Z,135,1,3,Finished
209006,☆Ｌive on Ｍusic☆,silvermoon feat. 神威がくぽ,Original,2010-05-22T00:00:00Z,242,0,0,Finished
196132,見たくないのに見ちゃう,TamJEN feat. 初音ミク,Original,2010-05-22T00:00:00Z,150,0,0,Finished
182218,レッドストリングス,tiumiu feat. 鏡音リン,Original,2010-05-22T00:00:00Z,209,0,0,Finished
488704,ファミレス午後３時,"かずみ, 夢光P feat. 神威がくぽ",Original,2010-05-21T00:00:00Z,321,0,0,Draft
471584,Gemini,Crazy Chab feat. 初音ミク,Original,2010-05-21T00:00:00Z,286,0,0,Finished
411912,ブリリアントスフィア,霧島 要 feat. 初音ミク,Original,2010-05-21T00:00:00Z,129,0,0,Finished
368188,煙草,1104 feat. 鏡音レン,Original,2010-05-21T00:00:00Z,231,0,0,Finished
367981,憫笑ストレンジア,＠あーちゃん feat. 初音ミク,Original,2010-05-21T00:00:00Z,272,0,0,Finished
365677,もしも100万あったなら,mino90 feat. 女声1 (AquesTalk),Original,2010-05-21T00:00:00Z,11,0,0,Finished
309736,ポップ・ソングが作れない,問題児P feat. 巡音ルカ,Original,2010-05-21T00:00:00Z,150,1,3,Finished
263610,笑顔の魔法,小野塚裕也 feat. 初音ミク,Original,2010-05-21T00:00:00Z,306,0,0,Finished
247215,ゴキブリ,マルキン feat. 初音ミク,Original,2010-05-21T00:00:00Z,111,0,0,Finished
237488,猫耳ビンタしろ！！,大丈夫P feat. 初音ミク,Original,2010-05-21T00:00:00Z,272,17,91,Finished
8121,ひらひらはらりら,"マサコイ, 恋竹林 feat. 初音ミク",Original,2010-03-29T00:00:00Z,214,0,6,Finished
1128,蕾桜,ヤスオ feat. 初音ミク,Original,2010-03-29T00:00:00Z,229,10,66,Finished
1020100,呪詛～ちゃんとしてよねっ～,じゅんいち feat. 初音ミク,Original,2010-03-28T00:00:00Z,137,0,0,Finished
1016977,春,ねこした feat. 初音ミク,Original,2010-03-28T00:00:00Z,220,0,0,Finished
1016592,チクタク～機械仕掛けの恋～,深夜病棟P feat. 筑紫野スイム,Original,2010-03-28T00:00:00Z,234,0,0,Finished
1015271,卒業,まいまい☆ミ feat. 初音ミク,Original,2010-03-28T00:00:00Z,230,0,0,Finished
1007747,くちづて,くさぞうし feat. 初音ミク,Original,2010-03-28T00:00:00Z,216,1,3,Finished
930849,ツンデレ☆ハイブリッと,sotin0916 feat. 初音ミク,Original,2010-03-28T00:00:00Z,112,0,0,Finished
926178,「　•　」（てん）,あすてろいど feat. 初音ミク,Original,2010-03-28T00:00:00Z,257,0,0,Finished
916938,旅立つ君へ,ぐらしゃ feat. 初音ミク,Original,2010-03-28T00:00:00Z,288,0,0,Finished
383657,Hyacinthus,"olivier hitsuji feat. 巡音ルカ, 初音ミク, KAITO",Original,2010-05-05T00:00:00Z,232,0,4,Finished
376528,An Imaginary Girl～非実在少女～,yu hiraide feat. 初音ミク,Original,2010-05-05T00:00:00Z,360,0,0,Finished
373952,ストライキ宣言,すみませんP feat. 巡音ルカ,Original,2010-05-05T00:00:00Z,273,0,0,Finished
361887,star fruit falling,bothneco,Original,2010-05-05T00:00:00Z,324,2,6,Finished
353460,grapefruit mooning,mizuki wada,Original,2010-05-05T00:00:00Z,349,0,0,Finished
353459,when japanese apricots bloom.,emotionarhythm,Original,2010-05-05T00:00:00Z,220,0,0,Finished
353458,Guilty Fruit,Mav.,Original,2010-05-05T00:00:00Z,316,0,0,Finished
353457,my memorie's keyword,ノイズP,Original,2010-05-05T00:00:00Z,302,0,0,Finished
353456,sambucus,muhn,Original,2010-05-05T00:00:00Z,292,0,2,Finished
353455,grapefruit rain ～夏のすこし前～,管梓,Original,2010-05-05T00:00:00Z,346,0,0,Finished
219001,overture,LILYBELL feat. 初音ミク,Original,2010-02-11T00:00:00Z,339,0,0,Finished
216224,Eと、すもも,IED feat. KAITO,Original,2010-02-11T00:00:00Z,315,0,0,Finished
202892,SkyWalker,hayashi feat. 翔歌トリ,Original,2010-02-11T00:00:00Z,169,1,3,Finished
155268,ろけっとでござる,ほぼ日P feat. 初音ミク,Original,2010-02-11T00:00:00Z,195,0,0,Finished
155261,肩から毛が生えてきた,ほぼ日P feat. 初音ミク,Original,2010-02-11T00:00:00Z,210,0,0,Finished
153531,テーブルの脚がもげた,"レンフルP feat. GUMI, 神威がくぽ",Original,2010-02-11T00:00:00Z,355,0,0,Finished
151445,カリフォルニアのリア王,liam feat. 巡音ルカ,Original,2010-02-11T00:00:00Z,237,0,10,Approved
147488,Opening,あんだーばーあきら。 feat. SF-A2 開発コード miki,Original,2010-02-11T00:00:00Z,240,0,0,Finished
134685,m.u.,"ふぅちゃん feat. 蟹音ぱん。, 波音リツ",Original,2010-02-11T00:00:00Z,315,1,7,Finished
85207,少年の眼差し,涼風P feat. MEIKO,Original,2010-02-11T00:00:00Z,226,0,4,Finished
928682,てとてとてっと,くらくらり feat. 重音テト,Original,2010-10-10T00:00:00Z,31,0,0,Finished
927513,Qualia　is Apple,MUKAIBI feat. 初音ミク,Original,2010-10-10T00:00:00Z,214,0,0,Finished
925262,桜、恋焦がれ,穂末 feat. 鏡音リン,Original,2010-10-10T00:00:00Z,261,0,0,Finished
917047,Empty Memories,ぐっち feat. 初音ミク,Original,2010-10-10T00:00:00Z,251,0,0,Finished
911628,Raindrop (Short Version),はにぃP feat. 初音ミク,Original,2010-10-10T00:00:00Z,178,0,0,Finished
908745,-Shooting Star☆-,たすあさ feat. 重音テト,Original,2010-10-10T00:00:00Z,198,0,0,Finished
865730,おじさんの新人いじめ,山澄隆一 feat. 重音テト,Original,2010-10-10T00:00:00Z,36,0,0,Finished
811975,FREEDOM,You-Z feat. 初音ミク,Original,2010-10-10T00:00:00Z,279,1,5,Finished
810988,Youthful Days,3時間P feat. 初音ミク,Original,2010-10-10T00:00:00Z,231,0,0,Finished
804924,知らんフリ～初音ミクとメグッポイドアコースティックユニット～,"saya feat. 初音ミク, GUMI",Original,2010-10-10T00:00:00Z,237,0,0,Finished
410391,青と黄色と緑のトリ物語,Sっちー feat. 初音ミク,Original,2010-10-19T00:00:00Z,227,0,0,Finished
348370,What shall I love if not the enigma?,フライングジラフ feat. 初音ミク,Original,2010-10-19T00:00:00Z,217,0,0,Finished
327064,春を迎えて,Yuukun.L.S feat. 初音ミク,Original,2010-10-19T00:00:00Z,387,0,0,Finished
276315,駆ける夜想曲,P.N.朝倉＠トーン feat. 初音ミク Append (Dark),Original,2010-10-19T00:00:00Z,278,0,0,Finished
276314,三千世界　藍,P.N.朝倉 feat. 初音ミク Append (Soft),Original,2010-10-19T00:00:00Z,534,0,0,Finished
257077,Child Theory,Ueken feat. 初音ミク,Original,2010-10-19T00:00:00Z,157,0,0,Finished
257011,風のゆくえ,豆腐屋P feat. KAITO,Original,2010-10-19T00:00:00Z,254,0,0,Finished
247888,いなにわ,ポッジーニ feat. 鏡音リン,Original,2010-10-19T00:00:00Z,160,57,275,Finished
219980,Limited Line ～ 限られた絆 ～,SynNightP feat. 鏡音リン,Original,2010-10-19T00:00:00Z,160,0,0,Finished
212873,クラム,CLUB JIL feat. 初音ミク,Original,2010-10-19T00:00:00Z,264,0,0,Finished
730047,おいしいイカ焼きをたべよう,ニンジン大根 feat. 初音ミク,Original,2010-03-29T00:00:00Z,69,0,0,Finished
724756,かなしい,のびらP feat. 初音ミク,Original,2010-03-29T00:00:00Z,297,0,0,Finished
717683,ラブリー★ダンサー,cocoon feat. 初音ミク,Original,2010-03-29T00:00:00Z,78,0,0,Finished
717341,桜の花びら,的確 feat. 重音テト,Original,2010-03-29T00:00:00Z,142,0,0,Finished
602715,海に向かって,Aポエット feat. 重音テト,Original,2010-03-29T00:00:00Z,185,0,0,Finished
529596,VAS-Love Song for...My Dauther,慧梓 feat. various,Original,2010-03-29T00:00:00Z,488,1,5,Finished
518340,closed dark,九龍P feat. 初音ミク,Original,2010-03-29T00:00:00Z,301,0,0,Finished
518339,frake star squall,九龍P feat. 初音ミク,Original,2010-03-29T00:00:00Z,231,0,0,Finished
496023,女帝は狂い、吸血鬼は昂揚する,慧梓 feat. various,Original,2010-03-29T00:00:00Z,292,2,8,Finished
496015,吸血鬼は月夜に嗤う,"慧梓 feat. 神威がくぽ, SF-A2 開発コード miki, 氷山キヨテル",Original,2010-03-29T00:00:00Z,214,2,10,Finished
347913,night air,ut21 feat. 初音ミク,Original,2010-05-05T00:00:00Z,264,0,0,Finished
315739,おま☆かせがないと生きてけない！,soramame128 feat. 宮坂ミト,Original,2010-05-05T00:00:00Z,78,0,0,Finished
309778,小さな赤いリボン,"はふーP feat. 初音ミク, 巡音ルカ",Original,2010-05-05T00:00:00Z,182,0,2,Finished
296745,卒業に花束を,黒糖書店 feat. 初音ミク,Original,2010-05-05T00:00:00Z,204,2,10,Finished
292700,be,つこ feat. 初音ミク,Original,2010-05-05T00:00:00Z,260,1,5,Finished
276299,希-NOZOMI-,P.N.朝倉 feat. MEIKO,Original,2010-05-05T00:00:00Z,261,0,0,Finished
276111,My heart trip!,minamiP feat. 巡音ルカ,Original,2010-05-05T00:00:00Z,347,0,4,Finished
265288,ｽﾁﾑｰは後ろにいる,カマキリ☆ジョー feat. 初音ミク,Original,2010-05-05T00:00:00Z,263,0,0,Finished
262094,くよくよすんな,k.tano feat. 初音ミク,Original,2010-05-05T00:00:00Z,282,0,0,Finished
255844,ヘンゼルとグレーテル,Taki feat. 巡音ルカ,Original,2010-05-05T00:00:00Z,191,0,2,Finished
557105,あたしにキスして,s86 feat. GUMI,Original,2010-08-08T00:00:00Z,102,0,0,Finished
517842,生まれた街を遠く離れて,四半世紀P feat. 初音ミク Append (Vivid),Original,2010-08-08T00:00:00Z,256,1,5,Finished
517710,三度目の夏,飯香 feat. 水月レナ,Original,2010-08-08T00:00:00Z,136,0,0,Finished
505684,リコリスの花,慧梓 feat. various,Original,2010-08-08T00:00:00Z,134,3,13,Finished
497617,どうしてこうなった,Daisuke Ohnuma feat. 神威がくぽ,Original,2010-08-08T00:00:00Z,208,5,21,Finished
492233,ロケットアッパー,ヴォケドリ feat. 初音ミク Append (Dark),Original,2010-08-08T00:00:00Z,345,5,23,Finished
475864,夢中になりなさい!,うにゃん feat. 巡音ルカ,Original,2010-08-08T00:00:00Z,270,0,0,Finished
403718,言刃遊び,いたちめ feat. 初音ミク,Original,2010-08-08T00:00:00Z,117,0,0,Finished
388827,耳障りな静寂,拓巳 feat. 巡音ルカ,Original,2010-08-08T00:00:00Z,308,2,6,Finished
377613,白い家と墓地,モノトーンP feat. 初音ミク,Original,2010-08-08T00:00:00Z,118,9,33,Finished
762629,ロスト・スノウ,"つきしま, Al-Kamar",Original,2010-10-31T00:00:00Z,323,0,0,Draft
762627,M(a/i)cro,"つきしま, Al-Kamar",Original,2010-10-31T00:00:00Z,250,0,0,Draft
762626,上弦の月,"つきしま, Al-Kamar feat. 初音ミク",Original,2010-10-31T00:00:00Z,323,0,0,Draft
743901,ことのは,"のいっち feat. 重音テト, 唄音ウタ",Original,2010-10-31T00:00:00Z,250,0,0,Finished
743119,別れを告げたあの日から,"ワンド, 九嬢ねぎ feat. 神威がくぽ",Original,2010-10-31T00:00:00Z,222,0,0,Finished
742549,ＲＯＣＫＥＴ ＤＩＶＥ,ふま feat. 初音ミク,Original,2010-10-31T00:00:00Z,245,0,0,Finished
739387,妹に朝ご飯を食べられました,"6M feat. 健音テイ, 波音リツ",Original,2010-10-31T00:00:00Z,231,0,0,Finished
728713,ブロメライン,深月たると feat. 歌愛ユキ,Original,2010-10-31T00:00:00Z,147,0,0,Finished
683191,僕の存在論,翁 feat. 初音ミク,Original,2010-10-31T00:00:00Z,182,0,0,Draft
627394,交差点,ドジっ娘妹P feat. various,Original,2010-10-31T00:00:00Z,254,0,0,Finished
825061,ボクのマスターは耳が聞こえない,エクレアP feat. 初音ミク,Original,2010-02-06T00:00:00Z,227,0,0,Finished
788471,十代的幻想,816 feat. 初音ミク,Original,2010-02-06T00:00:00Z,133,1,3,Finished
786862,aruku,中野梓LOVE feat. GUMI,Original,2010-02-06T00:00:00Z,329,4,14,Finished
754251,名も無き世界,ThéoRe feat. 鏡音リン,Original,2010-02-06T00:00:00Z,291,1,5,Finished
747171,さよなら,山本ニュー feat. 初音ミク,Original,2010-02-06T00:00:00Z,211,0,0,Finished
743390,初音ミクになりたかった女の子,えせはら feat. 重音テト,Original,2010-02-06T00:00:00Z,90,0,0,Finished
743022,ダンダンダンス,"Ri7beat feat. 重音テト, 和音マコ",Original,2010-02-06T00:00:00Z,256,0,0,Finished
739312,パーフェクトクリアスカイ,海藤るぱん feat. 初音ミク,Original,2010-02-06T00:00:00Z,225,0,0,Finished
730178,トドカナイ,回想P feat. 初音ミク,Original,2010-02-06T00:00:00Z,158,0,2,Finished
724885,りとるぎあ,"さっち feat. 鏡音リン, 鏡音レン",Original,2010-02-06T00:00:00Z,254,0,0,Finished
235242,ネギケーキの作り方☆,ミュー斗 feat. 鏡音リン,Original,2010-06-13T00:00:00Z,149,1,3,Finished
231752,アウトー！～やっちゃった☆～,ｶｴﾗのﾋﾞﾗﾋﾞﾗ feat. 初音ミク,Original,2010-06-13T00:00:00Z,28,0,2,Finished
226774,Stella,えぬぃ feat. 重音テト,Original,2010-06-13T00:00:00Z,224,2,6,Finished
225606,Electrocardiogram,"フィンクス feat. 初音ミク Append (Dark), 初音ミク Append (Sweet)",Original,2010-06-13T00:00:00Z,244,1,9,Finished
220965,サワガニ,レッドカードP feat. 初音ミク Append (Unknown),Original,2010-06-13T00:00:00Z,240,0,0,Finished
212864,純愛トラウマティック,CLUB JIL feat. 初音ミク,Original,2010-06-13T00:00:00Z,253,0,0,Finished
210485,イソギンチャク,混沌ツクラーP feat. 初音ミク,Original,2010-06-13T00:00:00Z,201,0,0,Finished
181949,インテレクチュアル・プロパティ,"meat-Q8192 feat. 初音ミク Append (Vivid), 初音ミク Append (Light), 初音ミク Append (Solid)",Original,2010-06-13T00:00:00Z,248,0,2,Finished
158337,ダブル・オー,人生P feat. GUMI,Original,2010-06-13T00:00:00Z,152,1,5,Finished
157370,僕の思考,ゆうなぎ いく feat. KAITO,Original,2010-06-13T00:00:00Z,199,0,0,Finished
33254,週末のピクトマンサー,園山モル feat. 初音ミク,Original,2010-05-08T00:00:00Z,176,2,8,Finished
7477,休日,におP feat. 初音ミク,Original,2010-05-08T00:00:00Z,164,1,3,Finished
7479,繰返し,におP feat. 鏡音リン,Original,2010-05-08T00:00:00Z,221,1,3,Finished
7482,下手な駆引き,"におP feat. UmiNeko, spBlue",Original,2010-05-08T00:00:00Z,257,0,2,Finished
7483,common things,におP feat. 毛布姐,Original,2010-05-08T00:00:00Z,247,1,3,Finished
7484,Losing game,におP feat. UmiNeko,Original,2010-05-08T00:00:00Z,246,0,2,Finished
7485,空に着く,におP feat. 向日葵,Original,2010-05-08T00:00:00Z,265,1,5,Finished
7473,朝が来る,におP feat. 初音ミク,Original,2010-05-08T00:00:00Z,184,1,3,Finished
6451,Sirius,buzzG feat. GUMI,Original,2010-05-08T00:00:00Z,252,1,5,Finished
3908,"hysteric, Hysteric",ゆちゃP feat. 初音ミク,Original,2010-05-08T00:00:00Z,206,1,3,Finished
354346,Irony,kz feat. ClariS,Original,2010-10-20T00:00:00Z,260,2,8,Finished
248430,愛のワルツ,kazu feat. 初音ミク,Original,2010-10-20T00:00:00Z,276,0,0,Finished
233927,百合と流星群,ピーターパンP feat. 初音ミク,Original,2010-10-20T00:00:00Z,203,0,0,Finished
231761,Love Tenderness,ｶｴﾗのﾋﾞﾗﾋﾞﾗ feat. 初音ミク,Original,2010-10-20T00:00:00Z,146,0,2,Finished
225085,未完成パズル,涼介P feat. MEIKO,Original,2010-10-20T00:00:00Z,249,0,0,Finished
172010,Dancing in the Synthesizer,saku feat. 鏡音レン,Original,2010-10-20T00:00:00Z,176,0,0,Finished
172009,refrain-0,saku feat. 初音ミク,Original,2010-10-20T00:00:00Z,150,0,2,Finished
172004,新世界,saku feat. 初音ミク,Original,2010-10-20T00:00:00Z,310,0,0,Finished
172003,MONSTER,saku feat. 初音ミク,Original,2010-10-20T00:00:00Z,246,0,0,Finished
172002,偽りのグレーテル,saku feat. 鏡音レン,Original,2010-10-20T00:00:00Z,232,0,0,Finished
921461,キンカンのうた,Yasuo Yoshioka feat. 初音ミク,Original,2010-09-28T00:00:00Z,50,0,0,Finished
912630,Light of sound,piichica feat. 初音ミク,Original,2010-09-28T00:00:00Z,227,0,0,Finished
895469,fairy tale,Macfi5t feat. SF-A2 開発コード miki,Original,2010-09-28T00:00:00Z,91,1,3,Finished
882645,花の都,ron feat. 初音ミク,Original,2010-09-28T00:00:00Z,173,0,0,Finished
795812,最期の風景,nimani feat. 初音ミク,Original,2010-09-28T00:00:00Z,169,0,2,Finished
779228,白い月,yuk feat. 重音テト,Original,2010-09-28T00:00:00Z,255,0,0,Finished
702937,キラミキ★フェスティバルナイト,黒依遥 feat. SF-A2 開発コード miki,Original,2010-09-28T00:00:00Z,186,0,0,Finished
702926,月灯かり -弾き語り風-,けーちやん feat. 歌愛ユキ,Original,2010-09-28T00:00:00Z,210,0,0,Finished
664615,すずは,"音楽1P feat. 神威がくぽ, 鏡音レン",Original,2010-09-28T00:00:00Z,56,0,0,Finished
610411,テトロ,n_kano feat. 重音テト,Original,2010-09-28T00:00:00Z,184,0,0,Finished
505851,To satellite,jazzcat07 feat. 初音ミク,Original,2010-02-24T00:00:00Z,300,20,88,Finished
493317,光のもとへ,mry feat. 初音ミク,Original,2010-02-24T00:00:00Z,259,0,0,Finished
482869,Negi'Toro'Baguette!!,"サク feat. 巡音ルカ, 初音ミク, 重音テト",Original,2010-02-24T00:00:00Z,186,0,0,Finished
482689,サイレント・スノウ,ギン feat. 巡音ルカ,Original,2010-02-24T00:00:00Z,420,1,5,Finished
412070,coma,phase feat. 初音ミク,Original,2010-02-24T00:00:00Z,291,0,4,Finished
387677,道化師の唄,rikka feat. GUMI,Original,2010-02-24T00:00:00Z,213,0,0,Finished
355291,薫る風に,"チューハイP feat. GUMI, 巡音ルカ, 神威がくぽ",Original,2010-02-24T00:00:00Z,211,0,0,Finished
256110,KAIKOへ,フタケタP feat. KAITO,Original,2010-02-24T00:00:00Z,304,1,5,Finished
245243,Making Love Out of Nothing at All,揚げ物 feat. 巡音ルカ,Original,2010-02-24T00:00:00Z,195,0,0,Finished
234633,東京シンドローム,akiwo feat. 初音ミク,Original,2010-02-24T00:00:00Z,271,0,0,Finished
247996,ＶＭ－１グランプリ２０１０　No.0031 超時空☆ミキプルーン,"ESCII feat. GUMI, SF-A2 開発コード miki",Original,2010-12-25T00:00:00Z,230,0,0,Finished
247994,ＶＭ−１グランプリ２０１０　No.0022 Team 28%,"闇夜P feat. SF-A2 開発コード miki, 歌愛ユキ",Original,2010-12-25T00:00:00Z,264,0,0,Finished
247987,ＶＭ－１グランプリ２０１０　No.0002　青ネギ,"aaa feat. KAITO, 初音ミク",Original,2010-12-25T00:00:00Z,295,0,0,Finished
241073,チーズフォンデュ☆チョコフォンデュ,kk2 feat. 初音ミク,Original,2010-12-25T00:00:00Z,209,0,0,Finished
235247,リア充破裂しろ,ミュー斗 feat. 憶音ゼタ,Original,2010-12-25T00:00:00Z,181,1,3,Finished
230703,Aspect#02,みきたんP feat. SF-A2 開発コード miki,Original,2010-12-25T00:00:00Z,387,0,0,Finished
227813,僕らのクリスマス,hyton feat. 鏡音リン,Original,2010-12-25T00:00:00Z,205,2,8,Finished
227296,心の鬼,"inktrans, LooniP feat. 日本鬼子",Original,2010-12-25T00:00:00Z,151,2,8,Finished
222164,@ Christmas,MR.POM feat. 初音ミク,Original,2010-12-25T00:00:00Z,284,0,2,Finished
219724,Juliette -more sexy version-,HIDAKA feat. 鏡音リン,Original,2010-12-25T00:00:00Z,232,0,0,Finished
833997,黒と添い寝,ねむい feat. 初音ミク,Original,2010-01-30T00:00:00Z,120,0,0,Finished
819211,風とおし,むっく feat. 鏡音リン,Original,2010-01-30T00:00:00Z,270,0,0,Finished
782119,RINRINPUNK vol.1,吉田和人 feat. 鏡音リン,Original,2010-01-30T00:00:00Z,175,1,5,Finished
770913,あさやけ,ゆーさ feat. GUMI,Original,2010-01-30T00:00:00Z,123,0,0,Finished
673055,Real,BOOMER feat. 初音ミク,Original,2010-01-30T00:00:00Z,100,0,0,Finished
671912,桔梗,神代凪 feat. 巡音ルカ,Original,2010-01-30T00:00:00Z,214,3,15,Finished
644923,冬の花,はっさくP feat. 鏡音リン,Original,2010-01-30T00:00:00Z,317,2,8,Finished
632694,その左手にキスを,Persimmon feat. 初音ミク,Original,2010-01-30T00:00:00Z,229,0,0,Finished
608559,銀色の砂時計,Q-K feat. 初音ミク,Original,2010-01-30T00:00:00Z,236,0,2,Draft
608558,キラキラパラダイス,Q-K feat. 鏡音リン,Original,2010-01-30T00:00:00Z,184,0,2,Finished
235478,君がマングースで僕がハブ,"unui, tatmos feat. 初音ミク",Original,2010-07-21T00:00:00Z,207,0,0,Finished
233925,ガラス玉の向こうに見えたもの,ピーターパンP feat. 初音ミク,Original,2010-07-21T00:00:00Z,219,0,0,Finished
231758,団地妻,ｶｴﾗのﾋﾞﾗﾋﾞﾗ feat. 重音テト,Original,2010-07-21T00:00:00Z,165,2,8,Finished
176165,ドグマティックラブ,うおだいや feat. 神威がくぽ,Original,2010-07-21T00:00:00Z,271,1,5,Finished
175406,Yumeno nakadene,nyazoru feat. 鏡音リン,Original,2010-07-21T00:00:00Z,202,0,0,Finished
162234,どしゃぶり少女,朝メシP feat. 初音ミク,Original,2010-07-21T00:00:00Z,253,0,0,Finished
134802,ルララ,Tetu feat. 重音テト,Original,2010-07-21T00:00:00Z,255,1,5,Finished
111757,サマーメモリアル,occhii feat. 初音ミク,Original,2010-07-21T00:00:00Z,196,0,0,Finished
102266,祝福の風zwei,ノーザン・キラー feat. 初音ミク,Original,2010-07-21T00:00:00Z,268,0,2,Finished
101944,Power Supply,SeriousMF feat. SONiKA,Original,2010-07-21T00:00:00Z,153,1,5,Finished
62723,暁,翁 feat. 初音ミク,Original,2010-03-14T00:00:00Z,204,3,11,Finished
60897,Shoegazer Community,danierukunP feat. 巡音ルカ,Original,2010-03-14T00:00:00Z,350,26,86,Finished
60023,不機嫌レディ,acane_madder feat. 巡音ルカ,Original,2010-03-14T00:00:00Z,120,1,5,Finished
57170,神様は朝に目覚める,シメサバツイスターズ feat. 初音ミク,Original,2010-03-14T00:00:00Z,264,0,2,Finished
45412,怒りと慈愛の子,"hiro’ feat. 初音ミク, 巡音ルカ",Original,2010-03-14T00:00:00Z,204,0,2,Finished
41788,アメバコ展開図,"ドンガリンゴP feat. 初音ミク, 巡音ルカ",Original,2010-03-14T00:00:00Z,255,2,12,Finished
19131,Dreamer,cafeoni feat. 初音ミク,Original,2010-03-14T00:00:00Z,266,1,5,Finished
9178,「つけるよ。」,"すけっちP, マルキン feat. KAITO",Original,2010-03-14T00:00:00Z,235,4,30,Finished
3176,ミラーボールガール,EasyPop feat. 巡音ルカ,Original,2010-03-14T00:00:00Z,197,2,16,Finished
1010804,バラッドを歌うよ,"シロシロP feat. Mac音プチ (GarageBand), 鏡音リン",Original,2010-03-13T00:00:00Z,218,1,3,Finished
149940,なにせ、ドジですから,ヤヅキ feat. 巡音ルカ,Original,2010-04-29T00:00:00Z,289,0,2,Finished
140584,恋が、したいの。,すみませんP feat. 巡音ルカ,Original,2010-04-29T00:00:00Z,142,0,0,Finished
123494,純情ファイナルチャージ,izumi feat. 鏡音リン,Original,2010-04-29T00:00:00Z,133,0,2,Finished
110034,Heavenly Love,毛ブラP feat. 初音ミク,Original,2010-04-29T00:00:00Z,175,0,0,Finished
109493,Another Day,のびらP feat. 初音ミク,Original,2010-04-29T00:00:00Z,300,1,9,Finished
104043,Vanity,シスコンP feat. 鏡音レン,Original,2010-04-29T00:00:00Z,308,1,5,Finished
91510,Black Butterfly,masato feat. 初音ミク,Original,2010-04-29T00:00:00Z,317,1,3,Finished
90520,花祭り　宵祭り,さささ feat. various,Original,2010-04-29T00:00:00Z,234,3,15,Finished
86664,Compact Rain day,きゅうりP feat. 初音ミク,Original,2010-04-29T00:00:00Z,394,3,9,Finished
86662,2057_ShootingStarRocket!!!,ねりけし feat. 初音ミク,Original,2010-04-29T00:00:00Z,208,0,0,Finished
134439,ロボ。,MR.POM feat. 初音ミク,Original,2010-08-22T00:00:00Z,293,2,8,Finished
128277,ギルティ　ラブ,yasu feat. Lily,Original,2010-08-22T00:00:00Z,279,0,0,Finished
128273,アイ,yasu feat. Lily,Original,2010-08-22T00:00:00Z,327,0,2,Finished
121641,恋の夜明け大作戦！,TACHE feat. 初音ミク,Original,2010-08-22T00:00:00Z,262,0,0,Finished
112274,キャンディ・ソング,くらん feat. 初音ミク,Original,2010-08-22T00:00:00Z,224,0,0,Finished
112137,貴方に・・・。,朱雀 feat. KAITO,Original,2010-08-22T00:00:00Z,360,0,0,Finished
89550,旅の終わり,走るP feat. 初音ミク,Original,2010-08-22T00:00:00Z,326,0,4,Finished
84095,こうして僕、幸せが生まれた,ほのづき feat. 初音ミク Append (Sweet),Original,2010-08-22T00:00:00Z,232,2,8,Finished
81074,電脳ノスタルジカ,mkei feat. 初音ミク,Original,2010-08-22T00:00:00Z,516,0,0,Finished
75943,Space Traveler,"monkey_mitchy feat. 初音ミク, 鏡音リン",Original,2010-08-22T00:00:00Z,338,0,0,Finished
225637,ウタ,"たけchan feat. 初音ミク, 鏡音リン",Original,2010-05-30T00:00:00Z,164,0,0,Finished
215423,summer diary,頭領・ぬづわ feat. 初音ミク Append (Soft),Original,2010-05-30T00:00:00Z,330,0,2,Finished
212861,オルゴールの歌姫,CLUB JIL feat. 初音ミク,Original,2010-05-30T00:00:00Z,240,0,0,Finished
210968,風になるよ,ReON feat. 初音ミク,Original,2010-05-30T00:00:00Z,244,0,0,Finished
179149,ウインターエンジェル,Kanata.S feat. 初音ミク,Original,2010-05-30T00:00:00Z,313,0,0,Finished
179150,summergirl meranchoric,Kanata.S feat. 初音ミク,Original,2010-05-30T00:00:00Z,247,0,0,Finished
178521,空、あこがれて,kuibel feat. 初音ミク,Original,2010-05-30T00:00:00Z,323,0,0,Finished
177843,サンデイ・ミッドナイト,"ハニカム, DuronII feat. 初音ミク",Original,2010-05-30T00:00:00Z,241,0,4,Finished
173418,HAPPY☆,ゆきうさ feat. 初音ミク,Original,2010-05-30T00:00:00Z,240,0,0,Finished
146447,日々、平穏。,全裸でｷﾞﾀｰ抱いて寝てたP feat. 鏡音リン,Original,2010-05-30T00:00:00Z,169,0,0,Finished
713067,White Rose Tears,オヤシロP feat. 初音ミク,Original,2010-08-07T00:00:00Z,225,1,3,Finished
665376,私の聲,KiNO feat. 巡音ルカ,Original,2010-08-07T00:00:00Z,288,0,0,Finished
610602,Good Bye Now,カシオトーンちよこP feat. 初音ミク,Original,2010-08-07T00:00:00Z,310,0,0,Finished
602790,新曲,Aポエット feat. 重音テト,Original,2010-08-07T00:00:00Z,136,0,0,Finished
601172,過多想い,Lue feat. 初音ミク,Original,2010-08-07T00:00:00Z,187,0,0,Finished
593740,タイムマシンとパラレルワールド,天田晃司 feat. 初音ミク,Original,2010-08-07T00:00:00Z,288,0,0,Finished
574167,Ballad for You 　結婚するあなたへ,Yasuo Yoshioka feat. 初音ミク,Original,2010-08-07T00:00:00Z,340,1,3,Finished
567745,Family,凍結中 feat. various,Original,2010-08-07T00:00:00Z,182,0,0,Finished
502380,summer beach girl,慧梓 feat. Lily,Original,2010-08-07T00:00:00Z,184,2,8,Finished
489002,海上庭園の墓守,Yamato Kasai feat. 初音ミク,Original,2010-08-07T00:00:00Z,143,0,0,Finished
394360,SAVING THE FLAG WITHIN,ぎんなこ feat. 巡音ルカ,Original,2010-08-02T00:00:00Z,339,0,0,Finished
393301,海のうた,旅P feat. 初音ミク,Original,2010-08-02T00:00:00Z,235,0,0,Finished
387867,Wind color,かもしか feat. 初音ミク,Original,2010-08-02T00:00:00Z,241,0,0,Finished
387049,Transient Flowers,BingoBongoP feat. 巡音ルカ,Original,2010-08-02T00:00:00Z,271,1,5,Finished
379422,HA・GE・SHI・KU☆ツンデレーション(そぉい),タダヒー feat. 初音ミク,Original,2010-08-02T00:00:00Z,222,0,2,Finished
353732,shooting spider,おおたあかさ feat. 巡音ルカ,Original,2010-08-02T00:00:00Z,200,0,0,Finished
286795,esquisse,"Eon feat. 鏡音リン, 鏡音レン",Original,2010-08-02T00:00:00Z,227,0,2,Finished
248235,ひまわりの君,ysd feat. 初音ミク,Original,2010-08-02T00:00:00Z,289,0,0,Finished
248224,日々,アイライク feat. 初音ミク Append (Unknown),Original,2010-08-02T00:00:00Z,284,0,0,Finished
244099,Calling you... ｼｮｰﾄver,ever_02 feat. 巡音ルカ,Original,2010-08-02T00:00:00Z,107,0,0,Finished
100685,ポケットが砂でいっぱい,mt.pt feat. 初音ミク,Original,2010-09-22T00:00:00Z,187,0,2,Finished
38278,please,"ラマーズP feat. 初音ミク Append (Vivid), 初音ミク Append (Soft)",Original,2010-09-22T00:00:00Z,220,2,8,Finished
23829,First and Last,MineK feat. MEIKO,Original,2010-09-22T00:00:00Z,317,5,17,Finished
6935,カロン,KulfiQ feat. various,Original,2010-09-22T00:00:00Z,262,9,36,Finished
1915,rise & set,ジラートP feat. GUMI,Original,2010-09-22T00:00:00Z,256,0,2,Finished
1456,ラストソング,fatmanP feat. 巡音ルカ,Original,2010-09-22T00:00:00Z,278,19,103,Finished
921619,ねこのうた,ryoa2001 feat. 初音ミク,Original,2010-09-21T00:00:00Z,86,0,0,Finished
833004,Belief,遊撃手 feat. 初音ミク,Original,2010-09-21T00:00:00Z,298,1,3,Finished
817358,風の吹かない日,otousound feat. ぱみゅ,Original,2010-09-21T00:00:00Z,390,0,0,Finished
804934,長い冬,しげる feat. GUMI,Original,2010-09-21T00:00:00Z,295,0,0,Finished
146043,今このとき,"生P feat. 揺歌サユ, Mac音ココ[白]",Original,2010-11-12T00:00:00Z,268,1,5,Finished
59818,虚構ノ庭園,inktrans feat. 唄音ウタ,Original,2010-11-12T00:00:00Z,144,2,6,Finished
35019,二等星の願い,ムジカデリク feat. 初音ミク Append (Vivid),Original,2010-11-12T00:00:00Z,241,0,6,Finished
29142,雨降り蟷螂,Yono feat. 初音ミク,Original,2010-11-12T00:00:00Z,317,0,0,Finished
9443,僕イレギュラー君,ゆずひこ feat. 初音ミク,Original,2010-11-12T00:00:00Z,209,1,11,Finished
9109,団地ガール,kiichi feat. 初音ミク,Original,2010-11-12T00:00:00Z,259,21,119,Finished
8643,暁月の唄,猫虫P feat. 初音ミク,Original,2010-11-12T00:00:00Z,263,0,0,Finished
5766,一秒の魔法,フェイP feat. 初音ミク,Original,2010-11-12T00:00:00Z,300,2,14,Finished
4740,MUSIC WALKER,ヤヅキ feat. 巡音ルカ,Original,2010-11-12T00:00:00Z,237,5,25,Finished
2096,Dreamscape,Clean Tears feat. 初音ミク,Original,2010-11-12T00:00:00Z,408,25,129,Finished
150686,秋、ネオ・ヴェネツィアにて,AIR田 feat. 初音ミク,Original,2010-08-30T00:00:00Z,230,0,0,Finished
147249,Heavy moon,regulus feat. 巡音ルカ,Original,2010-08-30T00:00:00Z,280,1,5,Finished
127617,サブキャスト,カーリー feat. 初音ミク,Original,2010-08-30T00:00:00Z,306,1,3,Finished
115230,夏の終わりのシューゲイザー,ノイズP feat. 初音ミク Append (Unknown),Original,2010-08-30T00:00:00Z,510,2,18,Finished
108686,ありがとう、ありがとう,"ヨメニヤランP feat. 鏡音リン, 初音ミク Append (Vivid)",Original,2010-08-30T00:00:00Z,378,1,3,Finished
91453,One Greeting for the Next,マイゴッドP feat. 初音ミク,Original,2010-08-30T00:00:00Z,168,0,4,Finished
87049,ばぁか,"アキバヲタP feat. 初音ミク, 重音テト",Original,2010-08-30T00:00:00Z,260,14,62,Finished
41978,DREAMS,KIT feat. 初音ミク,Original,2010-08-30T00:00:00Z,360,0,0,Finished
38036,"Little heat,heartbeat",Takk=Wylde feat. 巡音ルカ,Original,2010-08-30T00:00:00Z,278,1,3,Finished
36632,イヴ,西坂恭平 feat. 初音ミク,Original,2010-08-30T00:00:00Z,370,0,8,Finished
176252,マリオネットの白い糸,"うおだいや feat. 初音ミク, 神威がくぽ",Original,2010-11-09T00:00:00Z,214,0,0,Finished
170167,こえをきかせて,cicci feat. 初音ミク,Original,2010-11-09T00:00:00Z,224,0,0,Finished
165887,Lullaby For Lost Garden,Kossy feat. 初音ミク,Original,2010-11-09T00:00:00Z,233,0,2,Finished
155724,声がきこえる,"シエイカ feat. KAITO, 巡音ルカ",Original,2010-11-09T00:00:00Z,271,1,5,Finished
155365,すいませんかくしてました,ほぼ日P feat. VY1,Original,2010-11-09T00:00:00Z,80,0,0,Finished
107430,マシュマロリズム,"MazoP feat. 初音ミク, 鏡音リン, SF-A2 開発コード miki",Original,2010-11-09T00:00:00Z,281,2,8,Finished
73961,希望の空,なるて feat. SF-A2 開発コード miki,Original,2010-11-09T00:00:00Z,232,1,5,Finished
71735,野菜は草,少々P feat. 初音ミク Append (Vivid),Original,2010-11-09T00:00:00Z,196,1,5,Finished
60804,A Love Song,"yuxuki waga, そらいろくらぶ feat. 初音ミク Append (Sweet)",Original,2010-11-09T00:00:00Z,279,9,41,Finished
51646,おにぎり,鼻水 feat. 重音テト,Original,2010-11-09T00:00:00Z,231,1,3,Finished
606434,ロケットエンジン★,youmaster feat. 初音ミク,Original,2010-12-25T00:00:00Z,255,0,0,Finished
606021,Hopless Dream-NoeL-,Lukard feat. 初音ミク,Original,2010-12-25T00:00:00Z,209,0,0,Finished
605740,ウォーリーが見つからない,"盗音ロス feat. 穂歌ソラ, 重音テト",Original,2010-12-25T00:00:00Z,246,0,0,Finished
605534,恋色流れ星,ume feat. 初音ミク,Original,2010-12-25T00:00:00Z,202,0,0,Finished
603952,この地方で働くサンタは実はロリコン,AAYN feat. 初音ミク,Original,2010-12-25T00:00:00Z,193,0,0,Finished
596735,空間,樒藤 feat. 重音テト,Original,2010-12-25T00:00:00Z,187,0,2,Finished
588231,Blasphemy at holy night,misa feat. 巡音ルカ,Original,2010-12-25T00:00:00Z,203,0,2,Finished
553824,クリスマス＋,chez_toots feat. 巡音ルカ,Original,2010-12-25T00:00:00Z,255,0,0,Finished
532551,イブイブイブ,寝子海月 feat. 初音ミク,Original,2010-12-25T00:00:00Z,281,0,0,Finished
517851,流星群の下で,四半世紀P feat. 初音ミク Append (Soft),Original,2010-12-25T00:00:00Z,234,1,3,Finished
582373,君へ,あおと feat. KAITO,Original,2010-03-13T00:00:00Z,347,0,0,Finished
570996,白日,こさか feat. 巡音ルカ,Original,2010-03-13T00:00:00Z,308,0,0,Finished
568757,迷走ジェット,nozonozo feat. 重音テト,Original,2010-03-13T00:00:00Z,318,0,2,Finished
554116,写植のキャンバス,"桂光亮月 feat. 鏡音リン, 鏡音レン",Original,2010-03-13T00:00:00Z,195,0,0,Finished
540143,携帯の感触,latvalie feat. 初音ミク,Original,2010-03-13T00:00:00Z,140,0,0,Finished
523173,Sail With The Wind,POL feat. 初音ミク,Original,2010-03-13T00:00:00Z,240,0,0,Finished
492584,庶民大爆笑,"REX WHISTLER feat. 初音ミク, 巡音ルカ",Original,2010-03-13T00:00:00Z,243,0,0,Finished
474633,ホスピスライフ,nick feat. 鏡音リン,Original,2010-03-13T00:00:00Z,271,0,0,Finished
471598,霧の岬,上間春緒 feat. 巡音ルカ,Original,2010-03-13T00:00:00Z,207,0,2,Finished
471597,いつまでも,"上間春緒 feat. 巡音ルカ, 神威がくぽ",Original,2010-03-13T00:00:00Z,228,0,2,Finished
214966,Full moon,塩水P feat. 鏡音リン,Original,2011-05-31T00:00:00Z,356,0,0,Finished
211531,DTMニート,トシヤマ feat. 初音ミク,Original,2011-05-31T00:00:00Z,137,0,0,Finished
192872,花占天女,水樹P feat. 鏡音リン Append (Sweet),Original,2011-05-31T00:00:00Z,331,0,2,Finished
188748,AM　２：００,かぴばら feat. 巡音ルカ,Original,2011-05-31T00:00:00Z,126,0,0,Finished
147013,僕はかたつむり,西坂恭平 feat. 初音ミク,Original,2011-05-31T00:00:00Z,241,0,0,Finished
147012,ハネムーン,西坂恭平 feat. 巡音ルカ,Original,2011-05-31T00:00:00Z,289,1,3,Finished
140570,アンバランス・セカイ,yama-dai feat. 初音ミク,Original,2011-05-31T00:00:00Z,198,1,3,Finished
137096,想いを届けられたら,StyleP feat. 初音ミク,Original,2011-05-31T00:00:00Z,202,0,0,Finished
99966,nonproductive,doya_frog feat. 巡音ルカ,Original,2011-05-31T00:00:00Z,271,1,7,Finished
73525,モノクローム,たまらんP feat. 初音ミク,Original,2011-05-31T00:00:00Z,253,0,0,Finished
591321,Nannou CalcsⅡ,クラッドインザラストライン feat. 初音ミク,Original,2011-08-13T00:00:00Z,560,1,3,Finished
577990,Dreaming in the ”SOUL”,Fugly feat. MEIKO,Original,2011-08-13T00:00:00Z,0,0,0,Finished
524127,Rise From The Ashes,"Ryu☆, Starving Trancer, きりん feat. 森永真由美",Original,2011-08-13T00:00:00Z,285,0,0,Finished
516880,七色華祭,ZAKINO feat. 巡音ルカ,Original,2011-08-13T00:00:00Z,0,0,0,Finished
516879,Metal Eater,ZAKINO feat. 巡音ルカ,Original,2011-08-13T00:00:00Z,0,0,0,Finished
516878,Way of depravity,ZAKINO feat. 巡音ルカ,Original,2011-08-13T00:00:00Z,0,0,0,Finished
516877,Installation,ZAKINO feat. 巡音ルカ,Original,2011-08-13T00:00:00Z,0,0,0,Finished
516876,Reverse,ZAKINO feat. 巡音ルカ,Original,2011-08-13T00:00:00Z,0,0,0,Finished
516875,心の切なさに,ZAKINO feat. 巡音ルカ,Original,2011-08-13T00:00:00Z,0,0,0,Finished
516874,My Starry Night,ZAKINO feat. 巡音ルカ,Original,2011-08-13T00:00:00Z,0,0,0,Finished
358503,嘘,ELKA feat. 初音ミク,Original,2011-12-09T00:00:00Z,201,0,0,Finished
305993,さよなら,咲多 feat. 歌手音ピコ,Original,2011-12-09T00:00:00Z,211,0,0,Finished
289944,この夜の闇の中,足音P feat. おぐらあずき,Original,2011-12-09T00:00:00Z,143,0,0,Finished
282609,ステージ,ハスムカイ feat. 鏡音レン,Original,2011-12-09T00:00:00Z,207,0,0,Finished
242488,雪色ノ花,"マキナP feat. 初音ミク, 鏡音リン",Original,2011-12-09T00:00:00Z,273,0,0,Finished
189013,プリマベルデ,クロマユ feat. 鏡音リン Append (Unknown),Original,2011-12-09T00:00:00Z,299,2,6,Finished
183197,ロボトミー迷心回廊,アモン feat. 初音ミク,Original,2011-12-09T00:00:00Z,262,0,2,Finished
176166,キミトイタイ,うおだいや feat. 初音ミク Append (Sweet),Original,2011-12-09T00:00:00Z,228,0,2,Finished
152062,閃光のプレアデス,雷鳴P feat. 鏡音レン,Original,2011-12-09T00:00:00Z,218,0,0,Finished
147375,タナトフィリアシンドローム,ぬふふP feat. 初音ミク,Original,2011-12-09T00:00:00Z,223,1,5,Finished
720168,ETERNITY,koyaken feat. 初音ミク,Original,2011-02-02T00:00:00Z,279,1,3,Finished
717685,ギロカクコンバット,cocoon feat. 初音ミク,Original,2011-02-02T00:00:00Z,71,1,3,Finished
711553,「ありがとう。」を込めてこの歌を・・・,クイック前田 feat. 神威がくぽ,Original,2011-02-02T00:00:00Z,222,0,0,Finished
688754,思考回路的妄想経路,凛９ feat. various,Original,2011-02-02T00:00:00Z,202,0,0,Finished
613624,みえていた。,noo feat. 初音ミク,Original,2011-02-02T00:00:00Z,248,1,5,Finished
582865,The Earth,青谷 feat. 重音テト,Original,2011-02-02T00:00:00Z,235,0,0,Finished
537678,センコウハナビ,retro feat. 初音ミク,Original,2011-02-02T00:00:00Z,217,9,27,Finished
529524,令戦,usb feat. 初音ミク,Original,2011-02-02T00:00:00Z,324,0,0,Finished
485671,真夜中の檸檬,シロ feat. 初音ミク,Original,2011-02-02T00:00:00Z,230,0,0,Finished
478603,Sun Flower,白浜久 feat. 巡音ルカ,Original,2011-02-02T00:00:00Z,339,0,2,Finished
123002,Spiral Chain,dobbydog feat. 巡音ルカ,Original,2011-08-22T00:00:00Z,283,0,4,Finished
113124,14歳の夏休み,えりゃー feat. 鏡音リン,Original,2011-08-22T00:00:00Z,189,0,0,Finished
111654,Amore,姉御P feat. 初音ミク,Original,2011-08-22T00:00:00Z,262,1,3,Finished
98451,defects,ラーメン丸 feat. 初音ミク,Original,2011-08-22T00:00:00Z,307,0,2,Finished
84814,intro...,rlboro,Original,2011-08-22T00:00:00Z,112,0,0,Finished
83627,SEVENTH HEAVEN,ILU feat. 鏡音リン Append (Power),Original,2011-08-22T00:00:00Z,310,0,0,Finished
76770,京刹那,lelangir feat. 雪歌ユフ,Original,2011-08-22T00:00:00Z,335,1,3,Finished
76496,Grow up,コドモゴコロ feat. 鏡音リン,Original,2011-08-22T00:00:00Z,254,0,4,Finished
41238,風導,奉行P feat. 鏡音リン Append (Warm),Original,2011-08-22T00:00:00Z,225,0,0,Finished
35086,ESP,Chiquewa feat. 初音ミク Append (Unknown),Original,2011-08-22T00:00:00Z,280,0,6,Finished
140658,ウィスタリア,akari-A feat. 重音テト,Original,2011-10-10T00:00:00Z,210,1,3,Finished
133607,秋色ラプソディ,げろげろさん feat. 初音ミク,Original,2011-10-10T00:00:00Z,232,2,10,Finished
128986,Lost word,song feat. 神威がくぽ,Original,2011-10-10T00:00:00Z,343,0,0,Finished
113479,Dot,nakano4 feat. 重音テト,Original,2011-10-10T00:00:00Z,118,2,8,Finished
111977,[síː],hollow.esc feat. 初音ミク,Original,2011-10-10T00:00:00Z,375,1,9,Finished
89751,潜光,長岡紅蓮 feat. 重音テト,Original,2011-10-10T00:00:00Z,192,1,3,Finished
75296,はやぶさよ,ごとりん feat. 初音ミク,Original,2011-10-10T00:00:00Z,417,0,2,Finished
61240,東の魔女が舞う夜に,bibuko feat. 初音ミク,Original,2011-10-10T00:00:00Z,271,1,3,Finished
50651,わたしのうた,音遊人 feat. 重音テト,Original,2011-10-10T00:00:00Z,238,1,5,Draft
47068,Roaring Twenties,シメサバツイスターズ feat. 重音テト,Original,2011-10-10T00:00:00Z,234,1,9,Finished
866883,月光ダイヤモンド,"煮込み feat. 初音ミク, 鏡音リン",Original,2011-05-28T00:00:00Z,270,0,2,Finished
837088,H-Re,shushu-haru feat. 初音ミク,Original,2011-05-28T00:00:00Z,302,0,0,Finished
827918,永遠でない機械の歌,ゲスト feat. 初音ミク,Original,2011-05-28T00:00:00Z,230,0,0,Finished
822328,照,Shinya feat. 初音ミク,Original,2011-05-28T00:00:00Z,437,0,0,Finished
812502,虚飾の九夏,光施 feat. 初音ミク,Original,2011-05-28T00:00:00Z,264,0,0,Finished
793277,幻想マスカレイド,おはなＰ feat. 初音ミク Append (Unknown),Original,2011-05-28T00:00:00Z,268,0,2,Finished
792737,恋の緩和ケア,本気マフラーP feat. 初音ミク,Original,2011-05-28T00:00:00Z,223,0,2,Finished
758477,Collapse city,Y氏 feat. 初音ミク,Original,2011-05-28T00:00:00Z,243,0,0,Finished
753209,赤塗れのジャック≠切り裂きカーテン D.M.P.,彼死P feat. 鏡音レン,Original,2011-05-28T00:00:00Z,194,1,3,Finished
751553,深遠グラデーション,way feat. 初音ミク,Original,2011-05-28T00:00:00Z,250,0,0,Finished
234995,気持ちいいことしてあげる,SABA.U1 feat. 初音ミク,Original,2011-06-01T00:00:00Z,168,0,0,Finished
227406,Virgo,蝶浦銀糸 feat. 初音ミク,Original,2011-06-01T00:00:00Z,216,1,3,Finished
225796,白ウサギの憂鬱,ラビットゾンビ feat. 健音テイ,Original,2011-06-01T00:00:00Z,312,2,10,Finished
210439,ミッション,"混沌ツクラーP feat. 初音ミク, 巡音ルカ",Original,2011-06-01T00:00:00Z,195,0,0,Finished
210438,秘密組織,混沌ツクラーP feat. 巡音ルカ,Original,2011-06-01T00:00:00Z,196,0,0,Finished
209857,雨あがり電車,Vader feat. 初音ミク,Original,2011-06-01T00:00:00Z,227,1,3,Finished
209444,DreamGateを開くなら,親方P feat. 猫村いろは,Original,2011-06-01T00:00:00Z,254,0,0,Finished
206885,A clean talk,akago feat. 初音ミク,Original,2011-06-01T00:00:00Z,190,1,3,Finished
193900,Redstone-fatality,Mats feat. 鏡音リン,Original,2011-06-01T00:00:00Z,261,0,0,Finished
185108,ヒズミゴコロ,有村紫 feat. 初音ミク Append (Dark),Original,2011-06-01T00:00:00Z,157,1,3,Finished
625190,まち駅,"Aポエット feat. 重音テト, 唄音ウタ",Original,2011-08-08T00:00:00Z,229,0,0,Finished
614376,電波少女とブリキ工場,くーが feat. 初音ミク,Original,2011-08-08T00:00:00Z,207,0,0,Finished
611037,幻想プロトコル,kei-es feat. 初音ミク,Original,2011-08-08T00:00:00Z,239,0,2,Finished
582773,technoman,アシピーンミー feat. 初音ミク,Original,2011-08-08T00:00:00Z,199,0,2,Finished
561907,さいていなうた,砂糖煮 feat. 初音ミク,Original,2011-08-08T00:00:00Z,93,0,0,Finished
489020,ブロックパーティ,おかゆ feat. 初音ミク,Original,2011-08-08T00:00:00Z,278,0,0,Finished
477652,Farewell song,Motoyuki Takeda feat. 巡音ルカ,Original,2011-08-08T00:00:00Z,193,0,0,Finished
450889,夕焼け,テ黄ストP feat. 神威がくぽ,Original,2011-08-08T00:00:00Z,317,0,0,Finished
390919,初音CORE,すぅ feat. 初音ミク,Original,2011-08-08T00:00:00Z,17,0,0,Finished
367280,君が向日葵,本気マフラーP feat. 初音ミク,Original,2011-08-08T00:00:00Z,199,0,2,Finished
377606,エーテル,モノトーンP feat. 初音ミク,Original,2011-07-29T00:00:00Z,186,6,18,Finished
367274,１４歳の夏休み,本気マフラーP feat. 初音ミク,Original,2011-07-29T00:00:00Z,196,0,2,Finished
363165,子作り★ックス,混沌ツクラーP feat. 鏡音リン,Original,2011-07-29T00:00:00Z,168,0,0,Finished
339213,Dilofi,simth feat. AquesTone (Unknown),Original,2011-07-29T00:00:00Z,240,0,0,Finished
296533,会いにいく,9_Pid feat. 鏡音レン,Original,2011-07-29T00:00:00Z,279,0,2,Finished
262931,ハコニワキャンバス,神尾けい feat. 初音ミク,Original,2011-07-29T00:00:00Z,353,1,5,Finished
245570,秋風の思い出に…,DEZ feat. 雨鳥ユウイ,Original,2011-07-29T00:00:00Z,229,1,3,Finished
240659,ほらいぞん2011　Ｖｅｒ.1.2,我里Ｓ feat. 氷山キヨテル,Original,2011-07-29T00:00:00Z,274,0,0,Finished
239119,Whisper,mono_chromium feat. VY1,Original,2011-07-29T00:00:00Z,267,0,0,Finished
230744,misty,テラ小室P feat. 神威がくぽ,Original,2011-07-29T00:00:00Z,240,0,2,Finished
803715,おさんぽ,ヒサタカ feat. GUMI,Original,2011-04-27T00:00:00Z,118,0,0,Finished
779130,最後の鈴の音,おがたけ feat. 唄音ウタ,Original,2011-04-27T00:00:00Z,105,0,0,Finished
774131,Resuscitated Hope,坂部剛 feat. コミネリサ,Original,2011-04-27T00:00:00Z,298,0,0,Finished
725558,その想いはリプに乗せて,吉四六 feat. 初音ミク,Original,2011-04-27T00:00:00Z,243,0,2,Finished
713105,High Soul,"オヤシロP feat. 初音ミク, 巡音ルカ",Original,2011-04-27T00:00:00Z,314,3,9,Finished
712734,Os-宇宙人,"の子, 神聖かまってちゃん feat. 藤和エリオ（CV大亀あすか）",Original,2011-04-27T00:00:00Z,203,1,5,Finished
679695,次亜塩素酸ナトリウム,hiiragiryou feat. 鏡音リン,Original,2011-04-27T00:00:00Z,185,0,0,Finished
678075,振りかえるあなた,107 feat. 鏡音リン,Original,2011-04-27T00:00:00Z,94,0,2,Finished
673375,朝の来ない夜,mysticathde feat. 鏡音リン,Original,2011-04-27T00:00:00Z,259,0,0,Finished
672612,オーディオ万歳!!!,takaokatoshiya feat. 初音ミク,Original,2011-04-27T00:00:00Z,183,0,0,Finished
17919,花の音,秋本すばこ feat. 鏡音リン,Original,2011-11-28T00:00:00Z,315,0,0,Finished
17918,またあした,秋本すばこ feat. 鏡音リン,Original,2011-11-28T00:00:00Z,422,0,2,Finished
17917,午前五時のラジオ・チューン,秋本すばこ feat. 鏡音リン,Original,2011-11-28T00:00:00Z,533,0,0,Finished
14376,Request！,arata feat. 初音ミク,Original,2011-11-28T00:00:00Z,213,2,6,Finished
11862,ボカロPっていましたよね?,ほぼ日P feat. 初音ミク,Original,2011-11-28T00:00:00Z,204,0,0,Finished
893249,魅惑のルームナンバー１０３,シュニ feat. 初音ミク,Original,2011-11-27T00:00:00Z,305,0,2,Finished
842225,r-Pink,kiria feat. 鏡音リン,Original,2011-11-27T00:00:00Z,130,0,0,Finished
828908,灯火（ともしび）,moondog feat. 初音ミク,Original,2011-11-27T00:00:00Z,297,0,0,Finished
815639,Chain of Silence,遊撃手 feat. 初音ミク,Original,2011-11-27T00:00:00Z,280,1,5,Finished
815623,夏の日のオレンジ,ぶよぶよ feat. 初音ミク,Original,2011-11-27T00:00:00Z,371,0,0,Finished
941438,좋은 날,이민수 feat. IU,Original,2011-02-07T00:00:00Z,236,0,0,Finished
940229,螺旋ダッシュ,路地裏 feat. 重音テト,Original,2011-02-07T00:00:00Z,128,1,3,Finished
907966,跛行者,ヘロップ feat. 初音ミク,Original,2011-02-07T00:00:00Z,377,0,0,Finished
885175,ダンスナンバーを共に（修正前）,ナナホシ管弦楽団 feat. 初音ミク,Original,2011-02-07T00:00:00Z,268,0,2,Finished
841494,メリーゴーランド。,ぱん feat. 初音ミク,Original,2011-02-07T00:00:00Z,243,0,0,Finished
826193,スベテ・・・,あなぶら feat. 初音ミク,Original,2011-02-07T00:00:00Z,303,0,0,Finished
819978,Country Wars,Desu feat. 初音ミク,Original,2011-02-07T00:00:00Z,131,0,0,Finished
818691,Ur's,つるぺた幼女P feat. 初音ミク,Original,2011-02-07T00:00:00Z,0,0,0,Draft
807297,rdm,棚町 feat. 初音ミク,Original,2011-02-07T00:00:00Z,139,0,0,Finished
792686,レイアウト,蒼空 feat. 巡音ルカ,Original,2011-02-07T00:00:00Z,267,1,3,Finished
270714,ヱンドゲイムズ,humid feat. 初音ミク,Original,2011-11-06T00:00:00Z,194,0,0,Finished
268604,KING,カラクサ feat. VY2,Original,2011-11-06T00:00:00Z,184,0,2,Finished
257681,ATENA,hane_n feat. 巡音ルカ,Original,2011-11-06T00:00:00Z,173,0,0,Finished
255840,悲しい記憶,"J.O. special, 柊涼 feat. 鏡音リン",Original,2011-11-06T00:00:00Z,308,0,0,Finished
253679,Drink☆Rink☆Rin,ホーミング子猫 feat. 鏡音リン,Original,2011-11-06T00:00:00Z,246,1,3,Finished
253649,未完成の歌,スペクタクルP feat. 初音ミク,Original,2011-11-06T00:00:00Z,191,0,0,Finished
241223,籠中鳥,Hydra feat. 初音ミク Append (Unknown),Original,2011-11-06T00:00:00Z,211,0,0,Finished
220783,Embrace,はるん feat. 初音ミク,Original,2011-11-06T00:00:00Z,231,0,0,Finished
215608,ココロネ,いちまんピース feat. GUMI,Original,2011-11-06T00:00:00Z,299,0,0,Finished
214461,タイトル未定,[moiz] feat. 巡音ルカ,Original,2011-11-06T00:00:00Z,342,0,2,Finished
228089,Low's Pain,へっどふぉん feat. 獣音ロウ,Original,2011-10-23T00:00:00Z,217,2,10,Finished
226638,架想空感,Nia feat. 初音ミク Append (Sweet),Original,2011-10-23T00:00:00Z,264,0,2,Finished
225013,ドウケリウム,TOBEFOOPERS feat. 桃音モモ,Original,2011-10-23T00:00:00Z,298,5,21,Finished
222393,滋養強壮曲第三番,パルサ feat. 初音ミク,Original,2011-10-23T00:00:00Z,200,0,0,Finished
222268,サヨナラ初恋,ﾀﾛｶﾔ feat. 初音ミク,Original,2011-10-23T00:00:00Z,233,0,0,Finished
212084,初めてのナイスショット,あからいおん feat. 初音ミク,Original,2011-10-23T00:00:00Z,252,0,0,Finished
211874,気泡的生息,noface feat. 初音ミク,Original,2011-10-23T00:00:00Z,297,0,0,Finished
211800,終焉,"浜音ユリ feat. V3 GUMI (Whisper), V3 GUMI (Power)",Original,2011-10-23T00:00:00Z,217,0,0,Finished
188886,あめふり,レマノルド feat. 鏡音リン,Original,2011-10-23T00:00:00Z,189,0,0,Finished
180581,食べる時にクチャクチャとやたらウルサい人,ドラ(焼) feat. 重音テト,Original,2011-10-23T00:00:00Z,180,3,15,Finished
792729,FOR YOU,furay feat. V3 GUMI (Power),Original,2011-06-26T00:00:00Z,288,0,0,Finished
773555,月に眠れ,雪花菜５５ feat. 初音ミク,Original,2011-06-26T00:00:00Z,295,0,0,Finished
773440,エンジョイ☆サマー,Rocky3333 feat. GUMI,Original,2011-06-26T00:00:00Z,244,0,0,Finished
758468,FIRM KNOT,九嬢ねぎ feat. 神威がくぽ,Original,2011-06-26T00:00:00Z,302,0,0,Finished
749118,BLESS TO YOU,"RemiP feat. 初音ミク, 巡音ルカ",Original,2011-06-26T00:00:00Z,325,2,14,Finished
747432,ブレス,アックス feat. 巡音ルカ,Original,2011-06-26T00:00:00Z,300,0,2,Finished
744077,あの古里は世界遺産,"hisa5 feat. 雪歌ユフ, 阿井植男",Original,2011-06-26T00:00:00Z,192,0,0,Finished
737046,いつまでも,Laph182 feat. 初音ミク,Original,2011-06-26T00:00:00Z,295,0,0,Finished
715694,吐息,"遊牧家族 feat. 翔歌トリ, 楓歌コト",Original,2011-06-26T00:00:00Z,180,0,2,Finished
714316,つよがってみるしかなかったよ・・・,みいや feat. 初音ミク,Original,2011-06-26T00:00:00Z,235,0,0,Finished
156944,Gonna Be Wannabe,テラ小室P feat. 初音ミク Append (Solid),Original,2011-09-12T00:00:00Z,235,1,5,Finished
147070,Fair wind,西坂恭平 feat. 初音ミク,Original,2011-09-12T00:00:00Z,230,0,0,Finished
109951,@#404,Utero feat. 猫村いろは,Original,2011-09-12T00:00:00Z,218,5,19,Finished
100150,夢の跡,かもしか feat. 鏡音リン Append (Unknown),Original,2011-09-12T00:00:00Z,204,1,7,Finished
62482,cinematronix,"llliiillliiilll, rascal-p, quark quick feat. GUMI",Original,2011-09-12T00:00:00Z,226,3,15,Finished
28016,0.1dB,nexus feat. 初音ミク,Original,2011-09-12T00:00:00Z,218,9,28,Finished
9364,Loto,赤髪 feat. 初音ミク,Original,2011-09-12T00:00:00Z,290,4,18,Finished
2425,プレゼンティー,ラマーズP feat. あきこロイドちゃん,Original,2011-09-12T00:00:00Z,185,5,35,Finished
1489,アプシスの果て,キャプテンミライ feat. GUMI,Original,2011-09-12T00:00:00Z,268,3,23,Finished
932887,TOMORROW,鴉谷 feat. 鎚音マー,Original,2011-09-11T00:00:00Z,287,0,0,Finished
528574,DABOKU／SUNSHINE,ただ何となく我々は放置されている feat. 初音ミク,Original,2011-11-14T00:00:00Z,152,3,11,Finished
503391,白い星の舞踏会,クロマユ feat. 鏡音リン Append (Unknown),Original,2011-11-14T00:00:00Z,285,2,6,Finished
500771,ラブ・クライシス,クロマユ feat. 鏡音リン Append (Unknown),Original,2011-11-14T00:00:00Z,281,1,5,Finished
497604,Night Tail,Daisuke Ohnuma feat. 鏡音リン,Original,2011-11-14T00:00:00Z,270,1,4,Finished
439519,ドリームス,rim feat. 初音ミク,Original,2011-11-14T00:00:00Z,255,0,0,Finished
390694,ゆうやけこやけ,すぅ feat. 初音ミク,Original,2011-11-14T00:00:00Z,250,0,0,Finished
375193,LesMiserables,lily feat. 初音ミク,Original,2011-11-14T00:00:00Z,207,0,2,Finished
374131,別れ,"Sai, 両角虎定 feat. 巡音ルカ",Original,2011-11-14T00:00:00Z,316,0,0,Finished
373321,白日夢,Warunori-waltz feat. 巡音ルカ,Original,2011-11-14T00:00:00Z,221,0,0,Finished
372523,鉄砲玉のあたし,CollarNa feat. 巡音ルカ,Original,2011-11-14T00:00:00Z,299,0,0,Finished
157942,Airarenic,ハイネケンP feat. 初音ミク,Original,2011-06-09T00:00:00Z,266,0,4,Finished
154985,扉のうた,"顔面強打P feat. KAITO, MEIKO",Original,2011-06-09T00:00:00Z,163,0,4,Finished
153047,Innocent world,チュッチュP feat. 初音ミク,Original,2011-06-09T00:00:00Z,227,0,0,Finished
112585,涙色の天花,二矢 feat. 鏡音リン,Original,2011-06-09T00:00:00Z,201,0,0,Finished
112586,黄昏時,二矢 feat. 鏡音リン,Original,2011-06-09T00:00:00Z,259,0,0,Finished
112035,回想cresc.,HYBRID SENSE feat. 歌手音ピコ,Original,2011-06-09T00:00:00Z,205,3,11,Finished
108198,ガラクタの僕,もちょ feat. 鏡音レン,Original,2011-06-09T00:00:00Z,215,0,0,Finished
107117,勇気を,"take_coke feat. 初音ミク, GUMI",Original,2011-06-09T00:00:00Z,412,0,6,Finished
101985,プラネタリウム～Astronomerの繭～,rashly man feat. 初音ミク,Original,2011-06-09T00:00:00Z,230,0,0,Finished
88989,Shallow focus,"いつものP, noo feat. 初音ミク",Original,2011-06-09T00:00:00Z,315,1,3,Finished
959038,青空,yamanote feat. 唄音ウタ,Original,2011-11-22T00:00:00Z,287,0,0,Finished
909064,Button(Another),いがらー＠ボタンP feat. 重音テト,Original,2011-11-22T00:00:00Z,232,0,0,Finished
904291,午前３時の着信音,トゥン feat. 鏡音リン,Original,2011-11-22T00:00:00Z,133,0,0,Finished
895636,Vision,アルカリボタンP feat. 初音ミク,Original,2011-11-22T00:00:00Z,180,0,0,Finished
895632,after rain,ysknrsk feat. 初音ミク,Original,2011-11-22T00:00:00Z,278,0,0,Finished
874952,バナナリップ,歌うボス猫 feat. 初音ミク,Original,2011-11-22T00:00:00Z,232,0,0,Finished
804410,菫彩りエトワール,アキ feat. 巡音ルカ,Original,2011-11-22T00:00:00Z,242,1,3,Finished
752740,雨音アライアンス,櫻井水都 feat. 鏡音レン,Original,2011-11-22T00:00:00Z,316,0,0,Finished
752139,パラノイア,ぬん feat. 鏡音リン,Original,2011-11-22T00:00:00Z,225,0,2,Finished
745321,サイレントガール,四月 feat. 初音ミク,Original,2011-11-22T00:00:00Z,262,0,0,Finished
911732,君は世界,笹てん feat. 初音ミク,Original,2011-08-24T00:00:00Z,264,0,0,Finished
911001,自分探し,thom.dabomb feat. 初音ミク,Original,2011-08-24T00:00:00Z,192,0,0,Finished
896000,チギリミライ,sokorom feat. 初音ミク,Original,2011-08-24T00:00:00Z,0,0,0,Finished
895098,スタンドアローン,rim feat. 鏡音リン,Original,2011-08-24T00:00:00Z,243,0,0,Finished
838693,イルミナシオン,宇尾 feat. 初音ミク,Original,2011-08-24T00:00:00Z,328,1,3,Finished
787540,夏の戯言,imaichiP feat. 重音テト,Original,2011-08-24T00:00:00Z,302,0,0,Finished
743419,シアワセのうた,mag41j feat. 唄音ウタ,Original,2011-08-24T00:00:00Z,228,0,0,Finished
699829,チェリーランド,D.T.M.S feat. GUMI,Original,2011-08-24T00:00:00Z,144,0,0,Finished
689062,Pensiero,oksy feat. 初音ミク,Original,2011-08-24T00:00:00Z,239,0,0,Finished
625188,終駅,"Aポエット feat. 重音テト, 唄音ウタ",Original,2011-08-24T00:00:00Z,204,0,0,Finished
834964,あひるん,るひん feat. GUMI,Original,2011-06-17T00:00:00Z,288,1,7,Finished
827592,女子力＞＜宣言,麻痺 feat. 初音ミク,Original,2011-06-17T00:00:00Z,188,1,3,Finished
821633,神頼み,T-UTA feat. 鏡音リン,Original,2011-06-17T00:00:00Z,145,0,0,Finished
792051,夏,mstsi feat. 初音ミク,Original,2011-06-17T00:00:00Z,363,0,2,Finished
788559,B.C.4099,白ひげP feat. 初音ミク,Original,2011-06-17T00:00:00Z,124,0,0,Finished
684000,まりおねっとじいさん,闇は夏な子 feat. 鏡音リン,Original,2011-06-17T00:00:00Z,44,0,0,Finished
676827,思惑が外れたから，プリン食べる,くらげUFO feat. 初音ミク,Original,2011-06-17T00:00:00Z,57,0,0,Finished
631722,「初音 de ショートショート」,paul_starr feat. 初音ミク,Original,2011-06-17T00:00:00Z,127,0,0,Finished
500161,禁断××中毒,ダダ丸 feat. 初音ミク,Original,2011-06-17T00:00:00Z,178,0,0,Finished
489888,夕焼けの唄,まるう feat. 初音ミク,Original,2011-06-17T00:00:00Z,162,0,0,Finished
702821,電子国家,白川アリス feat. kenneth,Original,2011-06-06T00:00:00Z,243,1,3,Draft
694993,Why not?,"KKK_KKK feat. 鏡音リン Append (Warm), 鏡音リン Append (Sweet)",Original,2011-06-06T00:00:00Z,309,3,9,Finished
689227,真空少女,彩音ざくろ feat. 巡音ルカ,Original,2011-06-06T00:00:00Z,300,0,0,Finished
676818,ぼんやりとした日曜日の××××の不安,くらげUFO feat. 初音ミク,Original,2011-06-06T00:00:00Z,54,0,0,Finished
676395,トキメキチャンネル,ピンキー天野メサゴラス太夫 feat. 初音ミク,Original,2011-06-06T00:00:00Z,258,0,0,Finished
665348,まくら,パラダイス feat. 初音ミク,Original,2011-06-06T00:00:00Z,226,0,2,Finished
607419,低次元ハロー,反現代死Ｐ feat. 初音ミク,Original,2011-06-06T00:00:00Z,198,5,15,Finished
605590,バトルライン,D.T.M.S feat. 重音テト,Original,2011-06-06T00:00:00Z,80,1,5,Finished
565583,星磨き,カクヤス feat. 初音ミク,Original,2011-06-06T00:00:00Z,273,0,0,Finished
540135,モノレオ,.bot feat. 初音ミク Append (Unknown),Original,2011-06-06T00:00:00Z,140,0,2,Finished
141592,献花,neve feat. GUMI,Original,2011-05-09T00:00:00Z,268,1,3,Finished
134365,生命の唄,meme feat. 欲音ルコ♀,Original,2011-05-09T00:00:00Z,76,1,7,Finished
121280,ライバル,"詩音 feat. 初音ミク, 巡音ルカ",Original,2011-05-09T00:00:00Z,288,1,3,Finished
87231,Synapse,やしきん feat. 巡音ルカ,Original,2011-05-09T00:00:00Z,248,1,9,Finished
70756,ツキノヒカリ,"417p, Attract Field feat. 初音ミク",Original,2011-05-09T00:00:00Z,349,1,5,Finished
61276,ソーシャルパラノイア,"note, luna, L-tone feat. 鏡音リン Append (Unknown)",Original,2011-05-09T00:00:00Z,209,2,8,Finished
46180,光,"袮音 feat. 鏡音リン, 鏡音レン",Original,2011-05-09T00:00:00Z,306,0,0,Finished
37828,Eulogy for Abel,EmpathP feat. MIRIAM,Original,2011-05-09T00:00:00Z,172,2,8,Finished
31780,カードゲーム,雷鳴P feat. 鏡音レン,Original,2011-05-09T00:00:00Z,215,0,4,Finished
16601,Noir Vert,琉姫アルナ feat. 初音ミク,Original,2011-05-09T00:00:00Z,406,1,11,Finished
9422,暗闇のスキャナー,クヌースP feat. 初音ミク,Original,2011-12-22T00:00:00Z,277,2,12,Finished
9268,恋する気持ち止まんない,空海月 feat. 初音ミク,Original,2011-12-22T00:00:00Z,277,0,0,Finished
8915,僕だけを残して,"レタスP feat. GUMI, 鏡音レン",Original,2011-12-22T00:00:00Z,282,1,5,Finished
8447,オモチャ箱,otetsu feat. CUL,Original,2011-12-22T00:00:00Z,249,15,73,Finished
8383,観覧車,"だいすけP, INFINITY∞ feat. 結月ゆかり, 結月ゆかり",Original,2011-12-22T00:00:00Z,275,4,36,Finished
5416,Tiny PaRadisE,かごめP feat. 結月ゆかり,Original,2011-12-22T00:00:00Z,354,17,83,Finished
997735,月の光に願いを込めて,オヤシロP feat. 初音ミク,Original,2011-12-21T00:00:00Z,256,1,3,Finished
997733,TITOTACHS,キヨフジ feat. 重音テト,Original,2011-12-21T00:00:00Z,168,0,0,Finished
989340,アイレボ ver1.0,天麩羅寿司忍者 feat. 波音リツ,Original,2011-12-21T00:00:00Z,185,1,3,Finished
913148,人生の物語,真鳥 feat. 波音リツ,Original,2011-12-21T00:00:00Z,105,0,0,Finished
111872,くしゃみがスクリームで出た,新井 歩 feat. 初音ミク,Original,2011-05-23T00:00:00Z,55,1,3,Finished
108240,不連続な朝,arctan_P feat. 香鈴 (日本語),Original,2011-05-23T00:00:00Z,292,1,5,Finished
101949,Human,SeriousMF feat. Tonio,Original,2011-05-23T00:00:00Z,184,2,8,Finished
75906,filter,kijima feat. 初音ミク,Original,2011-05-23T00:00:00Z,275,0,10,Finished
51622,ケモノの唄,夜烏P feat. 初音ミク,Original,2011-05-23T00:00:00Z,281,7,41,Finished
49751,Gothic and Loneliness,"なるしまたかし feat. 鏡音リン Append (Sweet), 鏡音リン Append (Power)",Original,2011-05-23T00:00:00Z,301,114,543,Finished
31296,Real pressure,いわしP feat. KAITO,Original,2011-05-23T00:00:00Z,186,0,2,Finished
30427,ぼーかろいどりんごうた,ね。 feat. 鏡音リン,Original,2011-05-23T00:00:00Z,250,0,0,Finished
21623,ブランダズ -Brand as-,うたたP feat. 初音ミク Append (Sweet),Original,2011-05-23T00:00:00Z,368,19,95,Finished
19647,日本にゃんにゃん党のうた,"ハチ公, Takebo3 feat. various",Original,2011-05-23T00:00:00Z,188,2,8,Finished
744080,ツバサⅡ,"hisa5 feat. 大和内庵, ほのか鳴",Original,2011-05-08T00:00:00Z,195,0,0,Finished
730290,touch the light,ぎゔ feat. GUMI,Original,2011-05-08T00:00:00Z,152,0,0,Finished
725492,白昼夢,指先１㌢㍍ feat. 健音テイ,Original,2011-05-08T00:00:00Z,197,0,0,Finished
712410,ハエ,超元気 feat. GUMI,Original,2011-05-08T00:00:00Z,148,0,0,Finished
703268,電脳少女☆ミラクルペディオン,逆光P feat. 初音ミク,Original,2011-05-08T00:00:00Z,257,0,0,Finished
701766,キネマ,ざうに feat. 初音ミク,Original,2011-05-08T00:00:00Z,171,0,0,Finished
695566,また逢えるから,Capi feat. SF-A2 開発コード miki,Original,2011-05-08T00:00:00Z,327,0,0,Finished
694988,Depend on,KKK_KKK feat. 鏡音リン,Original,2011-05-08T00:00:00Z,381,1,3,Finished
688975,信じるチカラ,fuujyo feat. 初音ミク,Original,2011-05-08T00:00:00Z,294,0,0,Finished
683616,ミッドナイトドライブ,マツP feat. 巡音ルカ,Original,2011-05-08T00:00:00Z,193,1,3,Finished
6145,The Flower of Love,L75-3 feat. 初音ミク,Original,2011-05-15T00:00:00Z,297,0,0,Finished
987029,醒めない魔法,マグダレーヌ feat. 響震路,Original,2011-05-14T00:00:00Z,231,0,0,Finished
974537,Pink Tomato,"Heart Don't Lie feat. 初音ミク, 巡音ルカ",Original,2011-05-14T00:00:00Z,136,0,0,Finished
939692,피노키오(Danger),MAGDA feat. 猫村いろは,Original,2011-05-14T00:00:00Z,193,0,0,Finished
904260,sadness,ツキト feat. 鏡音レン,Original,2011-05-14T00:00:00Z,180,0,0,Finished
895364,ミクスキャット！懐かしの渋谷系,かつP feat. 初音ミク,Original,2011-05-14T00:00:00Z,121,0,0,Finished
883400,じぱんぐ,CHARLIE ZHANG feat. AquesTone (Unknown),Original,2011-05-14T00:00:00Z,245,0,0,Finished
818958,姓 名 も 呼 ば れ て な い,被リナルP feat. 初音ミク,Original,2011-05-14T00:00:00Z,48,0,0,Finished
817228,ポニテらぶ,最中 feat. 今音ムイ,Original,2011-05-14T00:00:00Z,167,0,2,Finished
811840,ウタカタ,"Ch1SeN feat. 巡音ルカ, 初音ミク",Original,2011-05-14T00:00:00Z,255,0,0,Finished
68006,ウイルス･フォール,GENMAI feat. 初音ミク,Original,2011-08-31T00:00:00Z,276,0,0,Finished
49653,マーマレード(Short ver.),●テラピコス feat. 初音ミク Append (Unknown),Original,2011-08-31T00:00:00Z,55,0,4,Finished
45003,ねぎデバ編,銀河　響 feat. 初音ミク,Original,2011-08-31T00:00:00Z,219,0,2,Finished
43362,うに,立秋 feat. 初音ミク,Original,2011-08-31T00:00:00Z,161,33,151,Finished
41095,Angelic Cylinder,"cannabanoid feat. 鏡音リン Append (Sweet), 鏡音レン Append (Cold)",Original,2011-08-31T00:00:00Z,231,1,9,Finished
35662,カシオペア,ulldull feat. 初音ミク,Original,2011-08-31T00:00:00Z,192,0,0,Finished
35081,Promised wind,テラ小室P feat. 初音ミク,Original,2011-08-31T00:00:00Z,325,1,3,Finished
35079,路傍ノウタ,"AETA feat. 鏡音リン, 鏡音レン, 初音ミク",Original,2011-08-31T00:00:00Z,330,0,6,Finished
33501,不確定性シンパシー,AETA feat. 初音ミク,Original,2011-08-31T00:00:00Z,256,0,4,Finished
17621,Wish,ワールドワイドP feat. 鏡音リン,Original,2011-08-31T00:00:00Z,212,1,3,Finished
115211,きみがいるなら,"chawan.chan feat. 初音ミク, 鏡音リン",Original,2011-04-15T00:00:00Z,139,0,0,Finished
90170,文字数,5° feat. 初音ミク,Original,2011-04-15T00:00:00Z,360,0,0,Finished
78321,P名呼ばれないから全力で僻んでみた,眼良 feat. 初音ミク Append (Unknown),Original,2011-04-15T00:00:00Z,92,0,4,Finished
71826,明日へ,kenkenpah feat. 桃音モモ,Original,2011-04-15T00:00:00Z,165,1,3,Finished
65789,静寂の夜と繰り返す夢,脱出型椎間板ヘルニアP feat. GUMI,Original,2011-04-15T00:00:00Z,294,0,2,Finished
63404,ねがぽじ,P-MAN feat. GUMI,Original,2011-04-15T00:00:00Z,316,1,3,Finished
60252,sister,紙園 feat. 初音ミク,Original,2011-04-15T00:00:00Z,238,1,5,Finished
47671,Hop Pop Sweets!,chuson feat. 鏡音リン,Original,2011-04-15T00:00:00Z,189,0,0,Finished
41133,Dominant14,西島尊大 feat. 初音ミク,Original,2011-04-15T00:00:00Z,411,2,10,Finished
35648,Gothic,"D.M.Syndrome feat. 初音ミク, 歌手音ピコ",Original,2011-04-15T00:00:00Z,232,1,3,Finished
275951,不浄の雨,長岡紅蓮 feat. 揺歌サユ,Original,2011-03-05T00:00:00Z,0,0,0,Finished
240540,with...,プロテウス feat. 初音ミク Append (Unknown),Original,2011-03-05T00:00:00Z,311,0,0,Finished
235886,ANYTHING,aymn works feat. 鏡音リン,Original,2011-03-05T00:00:00Z,245,0,0,Finished
232089,your song,くろ子P feat. 初音ミク,Original,2011-03-05T00:00:00Z,254,0,2,Finished
228033,ソノテハナサナイデ,ぼろぞー feat. 初音ミク,Original,2011-03-05T00:00:00Z,250,0,0,Finished
218968,Heaven Can Wait,muon feat. 神威がくぽ,Original,2011-03-05T00:00:00Z,279,0,0,Finished
218721,ラストソングは永遠に,夜色P feat. 巡音ルカ,Original,2011-03-05T00:00:00Z,309,0,0,Finished
208076,櫻唄,"Revvar, Aile Bell Music feat. 初音ミク",Original,2011-03-05T00:00:00Z,235,0,0,Finished
150872,Encounter,へっどふぉん feat. 김산쇼,Original,2011-03-05T00:00:00Z,263,1,3,Finished
149384,君が手にした宝物,南見-minami- feat. 初音ミク,Original,2011-03-05T00:00:00Z,326,0,0,Finished
533245,モモの歌,たかよし０２ feat. 桃音モモ,Original,2011-05-21T00:00:00Z,178,0,0,Finished
509201,だいしゅき！,慧梓 feat. 鏡音リン,Original,2011-05-21T00:00:00Z,95,5,19,Finished
497704,Black in your head,たけぷ～ feat. 初音ミク,Original,2011-05-21T00:00:00Z,50,0,0,Finished
485631,忘れ物 2009,AKI feat. 初音ミク,Original,2011-05-21T00:00:00Z,305,0,0,Finished
477317,シューティング☆ラブスター,もふもふ feat. 初音ミク,Original,2011-05-21T00:00:00Z,225,0,0,Finished
477316,Natural style　レンバ－ジョン,もふもふ feat. 鏡音レン,Original,2011-05-21T00:00:00Z,258,0,0,Finished
477315,Resound,"もふもふ feat. 初音ミク, 神威がくぽ",Original,2011-05-21T00:00:00Z,267,0,0,Finished
477312,Deｌｅｔｅ　ｄａｙｓ,もふもふ feat. 巡音ルカ,Original,2011-05-21T00:00:00Z,211,0,0,Finished
439935,Dispel guilty Ark,"U.3. feat. 巡音ルカ, 初音ミク",Original,2011-05-21T00:00:00Z,234,0,0,Finished
430013,はるのひ,略してび feat. 鏡音リン,Original,2011-05-21T00:00:00Z,354,0,0,Finished
708468,記憶喪失少女,双葉(ﾉ)･ω･(ヾ) feat. 初音ミク,Original,2012-05-21T00:00:00Z,198,0,0,Finished
697833,猫妖精,"rin, Chisato feat. 氷山キヨテル",Original,2012-05-21T00:00:00Z,247,0,0,Finished
690092,目眩く世界,Goya-P feat. IA,Original,2012-05-21T00:00:00Z,230,0,0,Finished
514938,庭にワニ,"はるもち feat. GUMI, 鏡音リン, 鏡音レン",Original,2012-05-21T00:00:00Z,210,0,0,Finished
489644,東京スカイツリー,カエルの子 feat. GUMI,Original,2012-05-21T00:00:00Z,176,0,0,Finished
470782,裸足のままで会いたいな,みるく feat. 巡音ルカ,Original,2012-05-21T00:00:00Z,269,0,0,Finished
432430,無縁塚,Hi+K(背景) feat. Lily,Original,2012-05-21T00:00:00Z,161,0,0,Finished
372535,徒花彩不思議,CollarNa feat. 巡音ルカ,Original,2012-05-21T00:00:00Z,204,0,0,Finished
339611,ナンバー,jojojojoka feat. AquesTone (Unknown),Original,2012-05-21T00:00:00Z,200,0,0,Finished
332437,心の鍵探して,エクライト feat. Mew,Original,2012-05-21T00:00:00Z,244,1,3,Finished
208869,STARTING OVER,J CROSS I feat. V3 GUMI (Power),Original,2012-02-27T00:00:00Z,240,0,0,Finished
196464,Mascara de Perfección,Andrés Farías feat. V3 GUMI (Whisper),Original,2012-02-27T00:00:00Z,301,0,0,Finished
160235,ガムカムデイズ,Mizuike feat. 初音ミク,Original,2012-02-27T00:00:00Z,176,0,0,Finished
155419,さよなら　でんこちゃん,ほぼ日P feat. 初音ミク,Original,2012-02-27T00:00:00Z,91,0,0,Finished
148306,Honey,7up feat. 巡音ルカ,Original,2012-02-27T00:00:00Z,226,0,2,Finished
115671,NEW GAME,mzky feat. 初音ミク,Original,2012-02-27T00:00:00Z,271,0,0,Finished
110008,チョコレイトギター,ベース缶P feat. KAITO,Original,2012-02-27T00:00:00Z,307,1,3,Finished
85291,劣情セレナァデ,花魁P feat. 鏡音レン,Original,2012-02-27T00:00:00Z,221,0,2,Finished
79306,ミクの夜鳴きそば屋さん,となりのぽち feat. 初音ミク,Original,2012-02-27T00:00:00Z,225,0,0,Finished
71689,アンバランス・シンデレラ,azuki* feat. 猫村いろは,Original,2012-02-27T00:00:00Z,201,0,0,Finished
920825,opening,しみ feat. IA,Original,2012-02-15T00:00:00Z,312,0,0,Finished
793410,old fashioned,Akasuki feat. 初音ミク,Original,2012-02-15T00:00:00Z,254,0,0,Finished
765045,恋は桜,KEI feat. 初音ミク,Original,2012-02-15T00:00:00Z,329,0,0,Finished
730022,わけわからんものその３０,ニンジン大根 feat. 初音ミク,Original,2012-02-15T00:00:00Z,73,0,0,Finished
728638,食べるんです,園山葉月 feat. 初音ミク,Original,2012-02-15T00:00:00Z,94,0,0,Finished
728566,いつか空の下で,ゆっぺ feat. IA,Original,2012-02-15T00:00:00Z,387,0,0,Finished
697555,仮本命チョコレート,"rin, ずっき～ feat. 鏡音リン",Original,2012-02-15T00:00:00Z,133,0,0,Finished
657801,青い炎を抱いて（僕は君の歌姫）,黒兎ｂ feat. 初音ミク,Original,2012-02-15T00:00:00Z,301,0,0,Finished
625408,時代の洞窟,"Aポエット feat. 重音テト, 唄音ウタ",Original,2012-02-15T00:00:00Z,162,0,0,Finished
622416,Young leaves,Mimizuku71 feat. 初音ミク,Original,2012-02-15T00:00:00Z,358,0,0,Finished
265525,永遠地獄,ON feat. 結月ゆかり,Original,2012-11-15T00:00:00Z,209,0,0,Finished
241923,君みたいな風,jose feat. IA,Original,2012-11-15T00:00:00Z,307,0,0,Finished
226895,Ten Thousands of Love Waltz(short),ギーチ feat. 鈴音丸イチ,Original,2012-11-15T00:00:00Z,141,1,3,Finished
221139,トーフメンタル,terekep feat. 重音テト,Original,2012-11-15T00:00:00Z,107,1,3,Finished
196855,ためいきをころす,あらかわP feat. 初音ミク,Original,2012-11-15T00:00:00Z,241,0,0,Finished
196138,私のためにあの蝶を殺して,TamJEN feat. 巡音ルカ,Original,2012-11-15T00:00:00Z,78,0,0,Finished
169892,平行世界,Y-SUGAR feat. 初音ミク,Original,2012-11-15T00:00:00Z,272,0,0,Draft
148958,意外人身保险,Sya feat. 洛天依,Original,2012-11-15T00:00:00Z,183,0,0,Finished
137875,ノウナイウチュウ,ギン feat. 鏡音リン,Original,2012-11-15T00:00:00Z,310,0,2,Finished
104838,Darkness Beyond The Twilight,ノーザン・キラー feat. 巡音ルカ,Original,2012-11-15T00:00:00Z,405,0,8,Finished
21787,雨降り少女の憂鬱,いのっぴ feat. 初音ミク,Original,2012-11-21T00:00:00Z,209,1,3,Approved
18945,ファジーな瞳,umeda feat. 初音ミク,Original,2012-11-21T00:00:00Z,282,1,5,Finished
18261,SPL,"鮎川ぱて feat. 初音ミク, 鏡音レン Append (Power)",Original,2012-11-21T00:00:00Z,292,4,20,Finished
18259,Rememberance,"mat_violin, VelecTi feat. 初音ミク",Original,2012-11-21T00:00:00Z,200,0,0,Finished
18131,しせつかんや,"SolPie feat. 初音ミク, 鏡音リン, 鏡音レン",Original,2012-11-21T00:00:00Z,265,0,2,Finished
901116,こんなにも愛しているのに、どうして振り向いてくれないの？,おか feat. 結月ゆかり,Original,2012-11-20T00:00:00Z,264,0,0,Finished
804793,あえかなこう,"ちゅか, ぱんくず feat. カノチねこ",Original,2012-11-20T00:00:00Z,208,0,2,Finished
787308,S.A.D,W・A・U feat. V3 GUMI (Power),Original,2012-11-20T00:00:00Z,231,0,0,Finished
753951,後悔しない片思いの仕方,こまに feat. 初音ミク,Original,2012-11-20T00:00:00Z,323,0,0,Finished
753950,unpredictable love,U2やふ feat. 初音ミク,Original,2012-11-20T00:00:00Z,278,0,0,Finished
978039,Pumpkin rondo,紙園 feat. 初音ミク,Original,2012-10-29T00:00:00Z,0,1,3,Finished
897316,dustchute,tern feat. 初音ミク,Original,2012-10-29T00:00:00Z,203,0,0,Finished
837459,いきていく,サユ feat. 初音ミク,Original,2012-10-29T00:00:00Z,266,0,0,Finished
827045,匣庭メッセージ,kakelta feat. IA,Original,2012-10-29T00:00:00Z,244,1,9,Finished
764560,私 の 声 が,deringhouse feat. 重音テト,Original,2012-10-29T00:00:00Z,201,0,0,Finished
754183,正しい想い出処理の仕方,こまに feat. 初音ミク,Original,2012-10-29T00:00:00Z,148,0,0,Finished
751717,テイクロード,すたちおんP feat. GUMI,Original,2012-10-29T00:00:00Z,291,0,0,Finished
746513,忘れたいのに,三毛猫亭 feat. GUMI,Original,2012-10-29T00:00:00Z,222,0,0,Finished
739277,ユメミル,海藤るぱん feat. 初音ミク,Original,2012-10-29T00:00:00Z,274,0,0,Finished
727062,雪盲ロマンス,カラス feat. GUMI,Original,2012-10-29T00:00:00Z,209,0,0,Finished
633808,Crow,Hys feat. IA,Original,2012-09-19T00:00:00Z,243,1,3,Finished
633442,この素晴らしい人生,進藤博之 feat. 初音ミク,Original,2012-09-19T00:00:00Z,338,1,3,Finished
561172,ライクアコンストレイション,ヒロロン feat. 初音ミク,Original,2012-09-19T00:00:00Z,201,0,0,Draft
455779,A Girl in the Deep Sea,一譲はかる feat. 巡音ルカ,Original,2012-09-19T00:00:00Z,437,1,5,Finished
421027,ひこうき雲,じょーじ feat. V3 GUMI (Sweet),Original,2012-09-19T00:00:00Z,267,0,0,Finished
374133,サヨナラ,ZEAK feat. 巡音ルカ,Original,2012-09-19T00:00:00Z,328,0,0,Finished
373509,空白のピアノロール,名倉Ｐ feat. 巡音ルカ,Original,2012-09-19T00:00:00Z,245,0,0,Finished
267072,路地裏キャッツ,見切り発車P feat. 猫村いろは,Original,2012-09-19T00:00:00Z,207,0,0,Finished
264721,Friend,"Sat4, Dual's feat. 鏡音リン",Original,2012-09-19T00:00:00Z,293,0,0,Finished
262116,思い描いた自分に,Masayoshi_n feat. 初音ミク,Original,2012-09-19T00:00:00Z,242,0,0,Finished
41954,灰色オーバードライブ,マイマイ feat. 初音ミク,Original,2012-10-25T00:00:00Z,224,0,2,Finished
38971,韶音赋,战场原妖精 feat. 洛天依,Original,2012-10-25T00:00:00Z,304,12,60,Finished
19488,フラチナランデヴー,"Julla feat. 結月ゆかり, 結月ゆかり",Original,2012-10-25T00:00:00Z,231,1,13,Finished
17435,コールアンコール,"redo feat. V3 GUMI (Power), V3 GUMI (Whisper)",Original,2012-10-25T00:00:00Z,225,0,2,Finished
17434,つみき,"コワレミクP, 森田せらぎ feat. 猫村いろは",Original,2012-10-25T00:00:00Z,188,4,22,Finished
17430,金色オルカ,挫折P feat. 初音ミク Append (Vivid),Original,2012-10-25T00:00:00Z,288,1,3,Finished
17199,エスケープ・フロム・ディストピア,cosMo@暴走P feat. MAYU,Original,2012-10-25T00:00:00Z,228,8,78,Finished
16040,Paradise,Kynako feat. 初音ミク,Original,2012-10-25T00:00:00Z,307,0,0,Finished
901114,Notitle,おか feat. 結月ゆかり,Original,2012-10-24T00:00:00Z,192,0,0,Finished
899825,君のいない空に...,かぷぅ☆ feat. 初音ミク,Original,2012-10-24T00:00:00Z,271,0,0,Finished
19814,ライアー・マント,かにみそP feat. 神威がくぽ,Original,2012-10-28T00:00:00Z,0,0,0,Finished
19815,イザ、サラバ,れれれP feat. 鏡音レン,Original,2012-10-28T00:00:00Z,259,0,2,Finished
18971,TOKYO-RHYTHM No.524,FALL,Original,2012-10-28T00:00:00Z,125,0,0,Draft
18972,BEER MY FRIEND,FALL,Original,2012-10-28T00:00:00Z,0,0,0,Draft
18973,Shooting Star Surf Rider,FALL feat. 雪歌ユフ,Original,2012-10-28T00:00:00Z,0,1,3,Draft
18974,from TOKYO to the UNIVERSE,FALL,Original,2012-10-28T00:00:00Z,0,0,0,Draft
18977,KIRAMEKI OVERDRIVE,FALL feat. 雪歌ユフ,Original,2012-10-28T00:00:00Z,0,1,3,Draft
18590,last regret,風筒P feat. V3 GUMI (Native),Original,2012-10-28T00:00:00Z,277,1,7,Finished
18461,Theme of Alice in Steamland,"Kuniaki Takenaga, Toshihiro Komine feat. IA",Original,2012-10-28T00:00:00Z,0,0,4,Finished
18462,Queen’s Flying Castle,"Kuniaki Takenaga, Toshihiro Komine feat. IA",Original,2012-10-28T00:00:00Z,0,1,5,Finished
497717,虹色メロディ,pcs feat. IA,Original,2012-03-18T00:00:00Z,342,0,0,Finished
486374,ワラエヌネガイ,"タナピッド/snj feat. GUMI, さてまろ",Original,2012-03-18T00:00:00Z,81,0,0,Finished
486001,タイムリミット自覚爆弾,GGG feat. 初音ミク,Original,2012-03-18T00:00:00Z,253,0,2,Finished
439414,デジタルワールド,turn_T_turn feat. 結月ゆかり,Original,2012-03-18T00:00:00Z,185,0,0,Finished
404327,鵺鳥が嗤う,Kanata.S feat. 鏡音レン,Original,2012-03-18T00:00:00Z,117,0,2,Finished
398476,氷桜,"waraP feat. GUMI, IA",Original,2012-03-18T00:00:00Z,229,0,0,Finished
397404,Dance,"Noak, 平吉賢治  feat. GUMI",Original,2012-03-18T00:00:00Z,214,0,0,Finished
389150,snow doll,あきかP feat. GUMI,Original,2012-03-18T00:00:00Z,281,0,0,Finished
384168,ユラユラ,ミケネコ feat. V3 GUMI (Power),Original,2012-03-18T00:00:00Z,239,0,0,Finished
362964,Teardrop of Magical Girls,"keiki feat. IA, CUL, 初音ミク",Original,2012-03-18T00:00:00Z,263,0,0,Finished
721077,Fighting for you,teruyan feat. IA,Original,2012-04-27T00:00:00Z,269,0,0,Finished
718419,陰陽,みささぎーぬかえで feat. 鏡音レン,Original,2012-04-27T00:00:00Z,288,0,0,Draft
692591,ホムンクルス,群鶏中島 feat. 雪歌ユフ,Original,2012-04-27T00:00:00Z,280,0,2,Finished
691025,カナリアと人形,Another Goose feat. 初音ミク,Original,2012-04-27T00:00:00Z,130,1,3,Finished
497026,Stuffed,四半世紀P feat. 初音ミク,Original,2012-04-27T00:00:00Z,244,1,3,Finished
477052,テイクミーロウアー,五差路P feat. GUMI,Original,2012-04-27T00:00:00Z,206,1,5,Finished
471604,秋色恋物語,上間春緒 feat. 巡音ルカ,Original,2012-04-27T00:00:00Z,201,0,2,Finished
442805,Only I need to gaze,silhouette feat. VY1V3,Original,2012-04-27T00:00:00Z,286,0,0,Finished
405956,銀を焦がす紅い火薬,蟹缶 feat. 巡音ルカ,Original,2012-04-27T00:00:00Z,295,0,6,Finished
397415,Believer Lion,"shun-zei, ゆかぱんP feat. 初音ミク",Original,2012-04-27T00:00:00Z,184,0,0,Finished
276430,虹のベクトル,P.N.朝倉 feat. ガチャッポイド,Original,2012-10-08T00:00:00Z,264,0,0,Finished
253654,Cosmic Driver,fist feat. 初音ミク,Original,2012-10-08T00:00:00Z,247,0,0,Finished
233910,風の彼方へ,"collt feat. UA-108:開発コードTOYA, 焔音レイ",Original,2012-10-08T00:00:00Z,288,2,6,Finished
231525,noname#,vicki_rhodes feat. 初音ミク,Original,2012-10-08T00:00:00Z,298,0,0,Finished
231249,ひとこと・ふたこと,肉食強弱 feat. 初音ミク,Original,2012-10-08T00:00:00Z,202,0,0,Finished
226809,KFIV　紅玉の絆,えぬぃ feat. 重音テト,Original,2012-10-08T00:00:00Z,527,2,6,Finished
224880,愛なんていらない,すぅ feat. 初音ミク,Original,2012-10-08T00:00:00Z,159,0,0,Finished
216990,absence,いなっふ feat. GUMI,Original,2012-10-08T00:00:00Z,264,0,0,Finished
206854,Hello、Future,Rist.NS feat. 初音ミク Append (Unknown),Original,2012-10-08T00:00:00Z,233,0,0,Finished
199035,理科実験部の探偵部長,不和P feat. ガチャッポイド,Original,2012-10-08T00:00:00Z,199,0,2,Finished
787493,秋色スピカ,MESHI38 feat. GUMI,Original,2012-09-18T00:00:00Z,312,0,0,Finished
779124,Tweetless,おがたけ feat. 雪歌ユフ,Original,2012-09-18T00:00:00Z,374,0,0,Finished
759230,ゆうなぎ,虱家蚤助 feat. 初音ミク,Original,2012-09-18T00:00:00Z,176,0,0,Finished
753913,爽やかな朝,白玉 feat. 鏡音リン,Original,2012-09-18T00:00:00Z,283,0,0,Finished
724683,この先が見えない,みょん・オルタ feat. 初音ミク,Original,2012-09-18T00:00:00Z,29,0,0,Finished
724310,自転車どろぼう,まりを feat. 初音ミク,Original,2012-09-18T00:00:00Z,167,0,0,Finished
714634,Local color,ある（かみつき） feat. GUMI,Original,2012-09-18T00:00:00Z,297,0,0,Finished
712890,Calling,オヤシロP feat. GUMI,Original,2012-09-18T00:00:00Z,238,0,0,Finished
683956,never ending story,imagawa feat. 蒼姫ラピス,Original,2012-09-18T00:00:00Z,209,0,0,Finished
607034,morning breeze,ササノイツキ feat. IA,Original,2012-09-18T00:00:00Z,315,0,0,Finished
588312,ミクサンミクサンミクサンミクサンミクサン,大丈夫P feat. 初音ミク,Original,2012-12-15T00:00:00Z,167,0,2,Finished
588309,明日の神話：悪,大丈夫P feat. 初音ミク,Original,2012-12-15T00:00:00Z,568,1,5,Draft
588305,明日の神話：善,大丈夫P,Original,2012-12-15T00:00:00Z,320,0,2,Finished
588303,経血ゼリー食べたい,大丈夫P,Original,2012-12-15T00:00:00Z,159,1,5,Draft
588300,ミクサンミクサンミクサン,大丈夫P feat. 初音ミク,Original,2012-12-15T00:00:00Z,74,1,7,Draft
588297,卵,大丈夫P,Original,2012-12-15T00:00:00Z,58,0,4,Draft
588294,ババアの信号無視,大丈夫P,Original,2012-12-15T00:00:00Z,299,0,4,Draft
588292,ジョシン・田畑,大丈夫P feat. 初音ミク,Original,2012-12-15T00:00:00Z,228,0,6,Draft
588290,トリックオアトリート,大丈夫P,Original,2012-12-15T00:00:00Z,220,1,7,Finished
588287,Watashiを殺人者にするな！,大丈夫P,Original,2012-12-15T00:00:00Z,202,2,16,Finished
170739,わんだーらんど,みみっく feat. CUL,Original,2012-09-13T00:00:00Z,286,0,0,Finished
160973,明日へ,RUHIA feat. GUMI,Original,2012-09-13T00:00:00Z,240,0,0,Finished
147096,Erased Girl,西坂恭平 feat. 結月ゆかり,Original,2012-09-13T00:00:00Z,269,2,8,Finished
136892,Cyber Girl,nokia feat. 初音ミク,Original,2012-09-13T00:00:00Z,286,0,0,Finished
120188,マイノリティアーズ,"ハッチポッチＰ feat. 巡音ルカ, Lily",Original,2012-09-13T00:00:00Z,324,0,0,Finished
101295,棱角线,麥當叔勞勞 feat. 洛天依,Original,2012-09-13T00:00:00Z,247,0,0,Finished
95963,星にサヨナラ,Sky←Arrows feat. 兎眠りおん,Original,2012-09-13T00:00:00Z,252,0,0,Finished
76689,俺だけじゃねぇよな？,おにゅうP feat. 初音ミク,Original,2012-09-13T00:00:00Z,211,0,0,Finished
56618,君の笑顔、君の姿,Phelrot feat. 蒼姫ラピス,Original,2012-09-13T00:00:00Z,250,0,0,Finished
16275,夢色レイン,篠倉 feat. IA,Original,2012-09-13T00:00:00Z,253,0,0,Finished
730382,fantasy,pchan feat. IA,Original,2012-07-28T00:00:00Z,262,0,0,Finished
730018,うなぎもーりもり食べて元気！,ニンジン大根 feat. 初音ミク,Original,2012-07-28T00:00:00Z,103,0,0,Finished
725456,夏モード!!,煌羅 feat. 初音ミク,Original,2012-07-28T00:00:00Z,108,0,0,Finished
708548,コミュ障☆クライシス,出稼ぎ小太郎 feat. 重音テト,Original,2012-07-28T00:00:00Z,192,1,3,Finished
699771,お散歩 -Full remix-,D.T.M.S feat. GUMI,Original,2012-07-28T00:00:00Z,221,0,0,Finished
681256,Run,眉毛マジック feat. 初音ミク,Original,2012-07-28T00:00:00Z,213,0,0,Finished
625069,異変,"Aポエット feat. 重音テト, 唄音ウタ",Original,2012-07-28T00:00:00Z,136,0,0,Finished
611388,讃美歌２１ 559「見よ、世はすべて」,ふるる feat. 氷山キヨテル,Original,2012-07-28T00:00:00Z,233,0,0,Finished
600227,ソーセージロング,Bitstar feat. 初音ミク,Original,2012-07-28T00:00:00Z,207,0,0,Finished
581123,孤 高 の 剣 ( ツ ル ギ ),花　岬　都　央 feat. GUMI,Original,2012-07-28T00:00:00Z,336,0,0,Finished
121450,サクラミライ,"∪＾ω＾)＾ω＾)＾ω＾) feat. 初音ミク, 巡音ルカ",Original,2012-08-11T00:00:00Z,278,0,2,Finished
121451,羽,∪＾ω＾)＾ω＾)＾ω＾) feat. 初音ミク,Original,2012-08-11T00:00:00Z,236,0,0,Finished
91206,キミイロパレット,イカロスP feat. GUMI,Original,2012-08-11T00:00:00Z,0,0,0,Finished
91207,Vampire Moon,イカロスP feat. GUMI,Original,2012-08-11T00:00:00Z,0,0,0,Draft
90933,モノクローム⇔セブンカラーズ,わた feat. GUMI,Original,2012-08-11T00:00:00Z,0,0,0,Finished
73675,encryption,utaoutaouyo feat. VY1,Original,2012-08-11T00:00:00Z,281,0,0,Finished
70679,だから･･･泣かないで,牡丹 feat. IA,Original,2012-08-11T00:00:00Z,221,0,0,Finished
70470,転生マーメイド,liviera feat. IA,Original,2012-08-11T00:00:00Z,200,0,2,Finished
69316,Cloudy Days,Asparagusunited feat. Halt Tanner,Original,2012-08-11T00:00:00Z,171,1,3,Finished
60381,今夜のオカズのメニューが読めない！,cello feat. 初音ミク,Original,2012-08-11T00:00:00Z,93,0,2,Finished
866517,Delete the fate - Short ver.,Akio Nanase feat. 初音ミク,Original,2012-02-05T00:00:00Z,122,0,0,Finished
846569,Winter Dream,JunTakahashiP feat. V3 GUMI (Power),Original,2012-02-05T00:00:00Z,237,0,0,Finished
840969,かなでてみよう,TERA-Type feat. 初音ミク,Original,2012-02-05T00:00:00Z,286,0,0,Finished
833441,光（ひかり）,yossi67 feat. 初音ミク,Original,2012-02-05T00:00:00Z,260,0,0,Finished
810861,時声,ひろにい feat. 初音ミク,Original,2012-02-05T00:00:00Z,212,0,0,Finished
810397,薄幸少女と福男,リクルートP feat. GUMI,Original,2012-02-05T00:00:00Z,222,0,0,Finished
800298,Nose re Ine,Luttii feat. 鏡音レン Append (Unknown),Original,2012-02-05T00:00:00Z,118,0,0,Finished
793650,山地、山脈、平野、川覚えてみた,サンロイヤル feat. V3 GUMI (Sweet),Original,2012-02-05T00:00:00Z,118,0,0,Finished
781717,灯‐akashi,シイナフユキ feat. 初音ミク,Original,2012-02-05T00:00:00Z,322,0,0,Finished
773435,Schlafwandler,Rocky3333 feat. GUMI,Original,2012-02-05T00:00:00Z,253,0,0,Finished
724130,帰り道,らくがきのツボ feat. VY1V3,Original,2012-11-06T00:00:00Z,222,0,0,Finished
723500,空白シネマ,リリイ feat. 雪歌ユフ,Original,2012-11-06T00:00:00Z,235,0,0,Finished
715107,秋風,Yasu@keidaiP feat. IA,Original,2012-11-06T00:00:00Z,328,0,0,Finished
605595,Take Me To Nowhere,あさみ feat. 初音ミク,Original,2012-11-06T00:00:00Z,123,0,0,Finished
570240,Salty Dog,すぃんや feat. V3 神威がくぽ (Unknown),Original,2012-11-06T00:00:00Z,252,2,8,Finished
463585,アソボーヨ！,ZAKINO feat. 初音ミク,Original,2012-11-06T00:00:00Z,304,0,0,Finished
417005,網走37丁目,レッドカードP feat. 神威がくぽ,Original,2012-11-06T00:00:00Z,274,0,0,Finished
413196,Knight museum,ayuu feat. 鏡音リン Append (Power),Original,2012-11-06T00:00:00Z,220,0,4,Finished
412771,ポッキー日記,ちゅう＝にっしー feat. 猫村いろは,Original,2012-11-06T00:00:00Z,180,0,0,Finished
335436,仕事に行きたくないブルース,懐古P feat. 氷山キヨテル,Original,2012-11-06T00:00:00Z,223,0,0,Finished
17489,クーキースプーキー・パレード,ORYO feat. various,Original,2012-10-26T00:00:00Z,201,0,6,Finished
1000778,ヨルノヒカリ,a.a feat. 初音ミク,Original,2012-10-25T00:00:00Z,300,0,0,Finished
995123,お気楽ＣＵＬ,BOX＆NICO feat. CUL,Original,2012-10-25T00:00:00Z,130,0,0,Finished
909489,Self-injury,DAISUKE feat. IA,Original,2012-10-25T00:00:00Z,341,0,0,Finished
826634,幻想屋escape,凛９ feat. 結月ゆかり,Original,2012-10-25T00:00:00Z,208,0,0,Finished
825266,さんま,りょうた feat. IA,Original,2012-10-25T00:00:00Z,164,0,0,Finished
721592,1024,ピート feat. 初音ミク,Original,2012-10-25T00:00:00Z,330,0,0,Finished
713446,Dream Fantasy,Kowareta Enzeru feat. GUMI,Original,2012-10-25T00:00:00Z,376,0,0,Finished
712970,What's do you want to do,MooM feat. GUMI,Original,2012-10-25T00:00:00Z,260,0,0,Finished
662322,mob character,mouri_troyes feat. 兎眠りおん,Original,2012-10-25T00:00:00Z,195,0,2,Draft
712486,Necessary -君が教えてくれた勇気-,みゆきち feat. V3 GUMI (Power),Original,2012-10-18T00:00:00Z,303,0,0,Finished
698795,Heart circuit,kgr@切れ毛 feat. IA,Original,2012-10-18T00:00:00Z,230,0,0,Finished
698750,space-time twister,Kelotti feat. IA,Original,2012-10-18T00:00:00Z,288,0,0,Finished
698051,ユーレカ,こういち feat. GUMI,Original,2012-10-18T00:00:00Z,176,0,0,Finished
698045,聖編隊タイムケンジャーのテーマ,犬吠 feat. 初音ミク,Original,2012-10-18T00:00:00Z,85,0,0,Finished
683549,SCAR,Sound P feat. 鏡音レン,Original,2012-10-18T00:00:00Z,248,0,0,Finished
614355,夏の日,だゐがらし feat. GUMI,Original,2012-10-18T00:00:00Z,274,0,0,Finished
600894,ロゼッタ,Coro-kun feat. 鏡音リン,Original,2012-10-18T00:00:00Z,194,5,17,Finished
569327,オリジナルカラー,SHOxBASS feat. 初音ミク,Original,2012-10-18T00:00:00Z,266,1,5,Finished
531687,ハッピーハッピー,モノトーンP feat. 初音ミク,Original,2012-10-18T00:00:00Z,120,0,0,Finished
151010,性,GENMAI feat. 結月ゆかり,Original,2012-12-24T00:00:00Z,197,2,8,Finished
145340,かぜのかなで,レマノルド feat. 結月ゆかり,Original,2012-12-24T00:00:00Z,364,0,0,Finished
141608,晩飯なら三角コーナーにあるだろ～Alone in the dark～,育児放棄P feat. Lily,Original,2012-12-24T00:00:00Z,130,3,17,Finished
140520,winter dream,Takahom feat. IA,Original,2012-12-24T00:00:00Z,269,0,0,Finished
114144,魔法陣とお絵描き少女,逆光P feat. 初音ミク,Original,2012-12-24T00:00:00Z,227,0,8,Finished
111570,三択夜,すんｚりヴぇｒP feat. 鏡音リン,Original,2012-12-24T00:00:00Z,243,1,3,Finished
104346,縁結びの神様にクリスマスの本音を,スギアヤヒコ feat. VY2,Original,2012-12-24T00:00:00Z,190,0,0,Finished
102492,Lights of A Town,キャッとろっと feat. Oliver,Original,2012-12-24T00:00:00Z,193,0,0,Finished
100818,The finale of ACT,極端P feat. 鏡音レン Append (Unknown),Original,2012-12-24T00:00:00Z,388,0,0,Finished
90087,メリーメリークリスマス,"林檎 feat. 初音ミク, 鏡音リン",Original,2012-12-24T00:00:00Z,156,0,0,Finished
489934,トロイメライデダキシメテ,cojt feat. 初音ミク,Original,2012-05-26T00:00:00Z,158,0,0,Finished
486213,彼方へ,古都 feat. KAITO,Original,2012-05-26T00:00:00Z,156,0,0,Finished
477527,きらきら日曜日,"ふぅちゃん, naruko feat. 桃音モモ, 藤本萌々子",Original,2012-05-26T00:00:00Z,105,2,8,Finished
470288,Requiem,サラ・ショウジュ feat. 初音ミク Append (Unknown),Original,2012-05-26T00:00:00Z,210,0,0,Finished
439514,Labyrinth,よしお feat. IA,Original,2012-05-26T00:00:00Z,176,0,0,Finished
397065,TEARS,room feat. VY1,Original,2012-05-26T00:00:00Z,307,0,0,Finished
385393,スプライシング,"DADULLA feat. 鏡音リン Append (Power), IA",Original,2012-05-26T00:00:00Z,241,0,0,Finished
384766,マーメイド,りょぼん feat. GUMI,Original,2012-05-26T00:00:00Z,292,0,0,Finished
384741,青い鳥,minapiano feat. IA,Original,2012-05-26T00:00:00Z,218,0,0,Finished
377634,唯我独尊,Mag! feat. 鏡音レン,Original,2012-05-26T00:00:00Z,190,0,2,Finished
253619,春と修羅,スペクタクルP feat. 初音ミク,Original,2012-12-30T00:00:00Z,192,1,3,Finished
236608,channel,棚町 feat. 初音ミク,Original,2012-12-30T00:00:00Z,357,0,2,Finished
231941,～蒼穹～,神楽かがみ feat. 初音ミク,Original,2012-12-30T00:00:00Z,201,0,0,Finished
225923,Sunlane,In Genius feat. 初音ミク,Original,2012-12-30T00:00:00Z,365,0,0,Finished
225863,Freeze Execution,Dahiz feat. 結月ゆかり,Original,2012-12-30T00:00:00Z,488,0,0,Finished
216202,文学高速かたつむり,コウ feat. 結月ゆかり,Original,2012-12-30T00:00:00Z,273,0,0,Finished
213860,きんぴらゴボウ抜きNight,"潮見ひろ feat. 重音テト, 結月ゆかり",Original,2012-12-30T00:00:00Z,0,1,3,Finished
213160,にゃじげん・にゃんじつ,たろり feat. 初音ミク,Original,2012-12-30T00:00:00Z,275,0,0,Finished
212593,ハッピー ウィークエンド Short.ver,Y-よしひろ feat. MEIKO,Original,2012-12-30T00:00:00Z,170,0,0,Finished
208347,パパの帰りが遅い,"ベーコンP feat. 鏡音リン, GUMI",Original,2012-12-30T00:00:00Z,240,0,0,Finished
665703,舞ウ夜,まるり feat. KAITO,Original,2012-09-30T00:00:00Z,156,0,0,Finished
655164,恋Indirect,flavor feat. 初音ミク,Original,2012-09-30T00:00:00Z,113,1,5,Finished
647616,シイナ,"シーナ, TOBEFOOPERS feat. 飴音わめあ",Original,2012-09-30T00:00:00Z,227,1,5,Finished
634573,Brning out!,ManP feat. IA,Original,2012-09-30T00:00:00Z,236,1,3,Finished
625040,ははの花,"Aポエット feat. 重音テト, 唄音ウタ",Original,2012-09-30T00:00:00Z,224,0,0,Finished
625038,月の森,"Aポエット feat. 重音テト, 唄音ウタ",Original,2012-09-30T00:00:00Z,185,0,0,Finished
606406,Only　GAC,pp feat. 鏡音リン,Original,2012-09-30T00:00:00Z,219,0,0,Finished
601513,胸いっぱいのカツカレーを,YSK feat. 初音ミク,Original,2012-09-30T00:00:00Z,244,0,4,Finished
584801,陽光の包む世界,時報 feat. 猫村いろは,Original,2012-09-30T00:00:00Z,201,0,0,Finished
552430,beginning,esachi001 feat. 巡音ルカ,Original,2012-09-30T00:00:00Z,299,0,0,Finished
235254,声色、言の葉,ミュー斗 feat. 声葉,Original,2012-12-26T00:00:00Z,295,1,3,Finished
234860,お疲れ様のサンタクロース,カルボナーラP feat. Lily,Original,2012-12-26T00:00:00Z,138,0,0,Finished
234710,Endless home,"七音　遥, ミズッP, 茶々猫 feat. 初音ミク",Original,2012-12-26T00:00:00Z,262,0,0,Finished
234399,Parallel Story,chuson feat. GUMI,Original,2012-12-26T00:00:00Z,270,1,5,Finished
228826,Butterfly Nights,"烏賊P, ｓｉｄё Ｍ feat. IA, 初音ミク",Original,2012-12-26T00:00:00Z,261,0,2,Finished
226642,スタイリッシュサンタさん,Nia feat. GUMI,Original,2012-12-26T00:00:00Z,129,0,0,Finished
225870,サンタに欲しい物を意思表示するため好きな子の名前に◯する,annyahoo feat. IA,Original,2012-12-26T00:00:00Z,138,4,16,Finished
213826,星の道標,デルタ feat. 猫詩るる,Original,2012-12-26T00:00:00Z,245,1,3,Finished
198862,師走の海に,"mako♂ feat. IA, 初音ミク",Original,2012-12-26T00:00:00Z,219,0,0,Finished
187562,オール,MTHR feat. 鏡音リン,Original,2012-12-26T00:00:00Z,250,0,0,Finished
45946,ヴァルキュリア,D.M.Syndrome feat. Mew,Original,2012-11-28T00:00:00Z,252,0,0,Finished
44260,"You, Me & the Shadows",Eelia feat. Oliver,Original,2012-11-28T00:00:00Z,256,1,3,Finished
19307,アクアモーション,TKOL feat. 初音ミク,Original,2012-11-28T00:00:00Z,422,2,6,Finished
18477,引き出し乙女,しろうさP feat. Lily,Original,2012-11-28T00:00:00Z,223,4,18,Finished
17471,僕らに喜劇を見せてくれ,"じん, 石風呂 feat. IA",Original,2012-11-28T00:00:00Z,285,4,42,Finished
17472,延命治療,Neru feat. IA,Original,2012-11-28T00:00:00Z,211,39,224,Finished
17474,十六夜草紙,buzzG feat. 初音ミク,Original,2012-11-28T00:00:00Z,213,6,34,Finished
17475,Feel my pain,ゆよゆっぺ feat. 巡音ルカ,Original,2012-11-28T00:00:00Z,235,6,36,Finished
17476,キャラメルヘヴン,Last Note. feat. GUMI,Original,2012-11-28T00:00:00Z,244,58,320,Finished
17478,構ってちゃんと回転木馬,ゆちゃP feat. 初音ミク,Original,2012-11-28T00:00:00Z,241,1,11,Finished
214994,非忘却型プログラム,ゆのΔ feat. IA,Original,2012-05-03T00:00:00Z,262,0,0,Finished
212087,ＨＡＰＰＹ ＢＥＬＬ,あからいおん feat. 初音ミク,Original,2012-05-03T00:00:00Z,281,1,3,Finished
206221,キミとボクの戦争,ゆうにゃ feat. 初音ミク,Original,2012-05-03T00:00:00Z,329,0,0,Finished
205704,君と僕,Kerulu feat. 結月ゆかり,Original,2012-05-03T00:00:00Z,260,0,0,Finished
194594,ギャラクティック·ラヴ,Andrés Farías feat. 結月ゆかり,Original,2012-05-03T00:00:00Z,256,0,2,Finished
183410,赤い月,長*2 feat. V3 GUMI (Adult),Original,2012-05-03T00:00:00Z,278,1,3,Finished
169491,dear...,dai9n feat. GUMI,Original,2012-05-03T00:00:00Z,257,1,5,Finished
168405,青空ドルチェ,ゆきちゃんP feat. GUMI,Original,2012-05-03T00:00:00Z,301,1,3,Finished
162163,おしゃべり大好き！,泡沫P feat. 巡音ルカ,Original,2012-05-03T00:00:00Z,245,1,3,Finished
161234,半世紀前のロックスター,"けーす feat. 初音ミク Append (Dark), 初音ミク Append (Soft)",Original,2012-05-03T00:00:00Z,311,0,4,Finished
222395,Ｗｅｂ　ｃｕｌｔ,隆衛 feat. 初音ミク,Original,2012-09-21T00:00:00Z,287,0,0,Finished
216457,オルタナティブ☆ポップ,零ぼーん feat. 初音ミク,Original,2012-09-21T00:00:00Z,265,0,0,Finished
216358,屑鉄街とリボルバー,yama-dai feat. V3 GUMI (Power),Original,2012-09-21T00:00:00Z,176,0,4,Finished
201098,ナマヅメヲハグ,ASUMAME feat. IA,Original,2012-09-21T00:00:00Z,414,0,0,Finished
163191,ねこ,エレクトロプラモ feat. 初音ミク,Original,2012-09-21T00:00:00Z,195,1,3,Finished
160428,ワンダーランド,犬渡亮介 feat. 雪歌ユフ,Original,2012-09-21T00:00:00Z,173,1,3,Finished
148055,Lycoris radiata,42 feat. 初音ミク,Original,2012-09-21T00:00:00Z,437,0,0,Finished
138149,線香花火,霧姫知華 feat. 初音ミク Append (Soft),Original,2012-09-21T00:00:00Z,257,0,2,Finished
133720,抑情リフレイン,alphacist feat. IA,Original,2012-09-21T00:00:00Z,231,1,11,Finished
123786,あなたの血圧,hiro feat. 初音ミク Append (Solid),Original,2012-09-21T00:00:00Z,250,1,3,Finished
14794,夜をながめる,kamome sano,Original,2012-07-08T00:00:00Z,0,0,0,Finished
14795,線香花火,kamome sano feat. VY1V3,Original,2012-07-08T00:00:00Z,343,4,22,Finished
14786,境界センチメンタル,すこっぷ feat. 初音ミク,Original,2012-07-08T00:00:00Z,196,0,2,Finished
14787,夏の終わり、恋の始まり,すこっぷ feat. GUMI,Original,2012-07-08T00:00:00Z,249,7,51,Finished
14788,想像シンメトリー,すこっぷ feat. GUMI,Original,2012-07-08T00:00:00Z,0,1,5,Draft
14789,子守唄ができるまで,すこっぷ feat. 初音ミク,Original,2012-07-08T00:00:00Z,215,1,5,Finished
14790,月しか知らない,すこっぷ feat. 初音ミク,Original,2012-07-08T00:00:00Z,264,0,2,Finished
14792,As yet,すこっぷ,Original,2012-07-08T00:00:00Z,0,0,0,Draft
14778,完全懲悪ロリィタコンプレックス,かいりきベア feat. GUMI,Original,2012-07-08T00:00:00Z,254,14,96,Finished
14779,かみかくし,ichiP feat. 結月ゆかり,Original,2012-07-08T00:00:00Z,0,0,0,Finished
102310,roar,EXCALIBUR feat. 初音ミク,Original,2012-12-21T00:00:00Z,233,1,7,Finished
102042,Harmonic Distortion,YumA'tron feat. 巡音ルカ,Original,2012-12-21T00:00:00Z,286,1,3,Finished
100425,ユメカナイ,"sacripant feat. 鏡音レン, 歌手音ピコ, VY2",Original,2012-12-21T00:00:00Z,311,1,9,Finished
98353,小悪魔サンタがやってくる！,極端P feat. 鏡音レン Append (Unknown),Original,2012-12-21T00:00:00Z,269,0,0,Finished
88657,スノー＊カプセル,Reika feat. 蒼姫ラピス,Original,2012-12-21T00:00:00Z,286,0,0,Finished
71431,ストロマトロイド,ねこぜなおとこ feat. CUL,Original,2012-12-21T00:00:00Z,153,3,15,Finished
70509,消失計画,"小毬汐日, とまと feat. 春歌ナナ, 松田っぽいよ",Original,2012-12-21T00:00:00Z,270,1,5,Finished
66053,バルーンに乗って♪,"EyesOnly feat. 結月ゆかり, IA",Original,2012-12-21T00:00:00Z,201,1,3,Finished
62676,雪の降る夜のこと,yuhi feat. 初音ミク,Original,2012-12-21T00:00:00Z,363,0,2,Finished
61112,Melty Moon,ドグマ虫 feat. 巡音ルカ,Original,2012-12-21T00:00:00Z,230,2,10,Finished
983344,드림,Unknown producer(s) feat. 보라,Original,2012-04-12T00:00:00Z,86,0,0,Draft
982036,Found Me,きさりつ feat. 鏡音レン,Original,2012-04-12T00:00:00Z,224,0,2,Finished
950553,Daddy&Mummy,にゃお feat. 初音ミク,Original,2012-04-12T00:00:00Z,265,0,2,Finished
925006,追憶のマスコット,takaokatoshiya feat. 初音ミク,Original,2012-04-12T00:00:00Z,182,0,0,Finished
909396,Take me higher,mineP feat. 初音ミク,Original,2012-04-12T00:00:00Z,179,0,0,Finished
896983,Cherry Blossom Girl,UN ELITE NEET feat. VY1V3,Original,2012-04-12T00:00:00Z,230,0,2,Finished
782255,Find out,5mile feat. 初音ミク,Original,2012-04-12T00:00:00Z,97,0,0,Finished
770736,ｍｙ　ｆｒｉｅｎｄ,よっしー feat. various,Original,2012-04-12T00:00:00Z,217,0,2,Finished
743890,ばいばいのうた,なとみ feat. 猫村いろは,Original,2012-04-12T00:00:00Z,420,0,0,Finished
726335,僕の股間は核兵器,ちまさる feat. 初音ミク,Original,2012-04-12T00:00:00Z,105,0,0,Finished
32284,井の中の蛙、大海を知らず。,ハマダコウキ feat. V3 GUMI (Whisper),Original,2013-06-26T00:00:00Z,274,1,19,Finished
32283,独,hinayukki feat. MEIKO,Original,2013-06-26T00:00:00Z,261,2,18,Finished
32282,SLMP,Citrus feat. V3 GUMI (Whisper),Original,2013-06-26T00:00:00Z,216,0,2,Finished
32281,dot,loy feat. V3 GUMI (Unknown),Original,2013-06-26T00:00:00Z,257,0,4,Finished
32238,azurite,Eon feat. V3 GUMI (Power),Original,2013-06-26T00:00:00Z,220,2,18,Finished
29802,梅花繚乱,てにをは feat. 初音ミク,Original,2013-06-26T00:00:00Z,286,1,7,Finished
29804,誘蛾 ~名探偵育成計画~,"てにをは feat. 鏡音レン, 鏡音リン",Original,2013-06-26T00:00:00Z,295,1,7,Finished
29805,ふたりがけ安楽椅子,てにをは feat. 初音ミク,Original,2013-06-26T00:00:00Z,269,1,3,Finished
29806,ナゾハスベテトロケタ ~あとがきに代えて~,てにをは,Original,2013-06-26T00:00:00Z,118,1,3,Finished
29795,神保町遊歩,てにをは,Original,2013-06-26T00:00:00Z,133,1,3,Finished
123785,向日葵少女,憂憂しいP feat. V3 GUMI (Power),Original,2013-08-18T00:00:00Z,249,0,0,Finished
102077,The Sea & Unseen,Kit Wistful feat. Sweet Ann,Original,2013-08-18T00:00:00Z,287,0,0,Finished
99903,Happily Tomorrow,纯白P feat. 初音ミク,Original,2013-08-18T00:00:00Z,163,0,0,Finished
99385,歌詞が来ないの歌,緊急ゆるポート feat. 初音ミク,Original,2013-08-18T00:00:00Z,254,0,0,Finished
99380,9FUKU,緊急ゆるポート feat. 初音ミク,Original,2013-08-18T00:00:00Z,283,0,0,Finished
99381,70,緊急ゆるポート feat. 初音ミク,Original,2013-08-18T00:00:00Z,214,0,0,Finished
99382,夏はテレビを見るのも暑い,緊急ゆるポート feat. 初音ミク,Original,2013-08-18T00:00:00Z,182,0,0,Finished
99383,Ｍ８５星雲,緊急ゆるポート feat. 初音ミク,Original,2013-08-18T00:00:00Z,222,0,0,Finished
99379,いえがらく,緊急ゆるポート feat. 初音ミク,Original,2013-08-18T00:00:00Z,249,0,2,Finished
76787,乾燥湖時,ナオミ-P feat. 初音ミク Append (Vivid),Original,2013-08-18T00:00:00Z,60,1,5,Finished
833588,Alive,グンマーＰ feat. 健音テイ,Original,2013-03-04T00:00:00Z,290,0,0,Finished
767024,三月賛歌,由木 feat. GUMI,Original,2013-03-04T00:00:00Z,135,0,0,Finished
756581,インスタント・オムライス,まうぉぐーとＥＸ feat. GUMI,Original,2013-03-04T00:00:00Z,220,0,0,Finished
721838,廃都と時計塔,skyarts feat. 初音ミク,Original,2013-03-04T00:00:00Z,234,0,0,Finished
552433,華舞喜乱炎舞,esachi001 feat. 巡音ルカ,Original,2013-03-04T00:00:00Z,325,0,0,Finished
526844,泡沫,mino feat. 巡音ルカ,Original,2013-03-04T00:00:00Z,251,0,2,Finished
516969,沙羅のみづ枝に花咲けば,GAGIGO feat. 健音テイ,Original,2013-03-04T00:00:00Z,354,0,0,Finished
512986,Recollections Are Full Of Maggots,KikiLefthanded feat. 欲音ルコ♀,Original,2013-03-04T00:00:00Z,61,7,29,Finished
402855,大学生の卒業,"sakabayashi feat. 初音ミク, 巡音ルカ",Original,2013-03-04T00:00:00Z,412,0,0,Finished
391207,魚になって、会いに来て,karabotamochi feat. 巡音ルカ,Original,2013-03-04T00:00:00Z,353,0,0,Finished
42168,Clear,"睦亜 feat. 初音ミク V3 (Unknown), 初音ミク V3 (English)",Original,2013-09-30T00:00:00Z,221,0,0,Finished
41045,start,らくらく feat. 初音ミク,Original,2013-09-30T00:00:00Z,254,0,0,Finished
41043,残香メランコリイ,吟 feat. 初音ミク,Original,2013-09-30T00:00:00Z,231,0,0,Finished
41000,屋上からのリフレイン,ザキヤマ feat. V3 GUMI (Power),Original,2013-09-30T00:00:00Z,253,0,0,Finished
40999,夏に終わる季節,ベース缶P feat. KAITO,Original,2013-09-30T00:00:00Z,197,2,6,Finished
40998,光と闇の輪郭,"三重の人, 埼玉の人 feat. IA",Original,2013-09-30T00:00:00Z,252,2,8,Finished
40997,恋業界,ニットフィット feat. 鏡音レン,Original,2013-09-30T00:00:00Z,175,0,0,Finished
40994,ｳｿﾂｷｵｵｶﾐ,"ちえ, うなきち feat. 櫻歌ミコ",Original,2013-09-30T00:00:00Z,217,7,35,Finished
40991,プレジール,884yuu feat. 重音テト,Original,2013-09-30T00:00:00Z,170,1,3,Finished
40985,コトバノチカラ,"coralmines feat. 初音ミク, GUMI",Original,2013-09-30T00:00:00Z,380,2,14,Finished
26732,夕暮れの真相,白神真志朗 feat. IA,Original,2013-04-11T00:00:00Z,277,4,28,Finished
26730,幾千の言葉、幾万の春,トキサダ feat. V3 GUMI (Unknown),Original,2013-04-11T00:00:00Z,274,0,6,Finished
26718,魔法少女☆ラピス,橙ゆずる feat. 蒼姫ラピス,Original,2013-04-11T00:00:00Z,330,2,12,Finished
26590,Blue PLANET～碧い惑星,PTaka feat. IA,Original,2013-04-11T00:00:00Z,334,0,4,Finished
17023,blackbox,まらしぃ feat. 初音ミク,Original,2013-04-11T00:00:00Z,250,8,58,Finished
1015489,ジャックと夕景,yngw feat. 白鐘ヒヨリ,Original,2013-04-10T00:00:00Z,216,0,0,Finished
917157,Meteore:,"emclWRK feat. IA, 初音ミク",Original,2013-04-10T00:00:00Z,284,0,0,Finished
828422,雨の日,そーらーしすてむ feat. 初音ミク,Original,2013-04-10T00:00:00Z,118,0,0,Finished
811458,セカイ系少女.exe,"セカイ系P feat. 初音ミク, 歌愛ユキ",Original,2013-04-10T00:00:00Z,170,5,17,Finished
772586,アナムネ,606 feat. 初音ミク,Original,2013-04-10T00:00:00Z,137,0,0,Finished
699332,あいまい気分,starryfall feat. 初音ミク,Original,2013-10-15T00:00:00Z,155,0,0,Finished
565407,クオリア,唐揚げ feat. 鏡音リン,Original,2013-10-15T00:00:00Z,301,0,0,Finished
510134,ばい/^◎±◎さいくる,"幸ノ元 feat. 初音ミク V3 (Original), 初音ミク V3 (Soft)",Original,2013-10-15T00:00:00Z,300,0,4,Finished
499612,酒,オレンジベリークラクション feat. 兎眠りおん,Original,2013-10-15T00:00:00Z,288,0,0,Finished
497705,ナイトライダー,たけぷ～ feat. 初音ミク,Original,2013-10-15T00:00:00Z,164,0,0,Finished
461832,架空の太陽,mieux feat. 巡音ルカ,Original,2013-10-15T00:00:00Z,231,0,2,Finished
373887,オンラインスーサイド∞,church feat. 唄音ウタ,Original,2013-10-15T00:00:00Z,185,0,0,Finished
294210,甘えたっていいでしょ,TK feat. VY1,Original,2013-10-15T00:00:00Z,175,0,0,Finished
280690,Silent Lights,"EmmyKsama feat. 巡音ルカ, YOHIOloid (English)",Original,2013-10-15T00:00:00Z,156,0,0,Finished
269746,彗星通信,五日P feat. 鏡音レン,Original,2013-10-15T00:00:00Z,233,0,0,Finished
39373,街は洪水,灰色屋 feat. 初音ミク,Original,2013-09-16T00:00:00Z,361,2,8,Finished
39372,nya-nya,ロールP feat. 初音ミク,Original,2013-09-16T00:00:00Z,184,2,6,Finished
39371,Promise,no-ix feat. Lily,Original,2013-09-16T00:00:00Z,186,0,0,Finished
39370,自己中リング,Butterfly Systems feat. 初音ミク,Original,2013-09-16T00:00:00Z,225,0,0,Finished
948288,空想遊園地,"minami, FLAT CAKE feat. VY1V3",Original,2013-09-15T00:00:00Z,264,0,0,Finished
901770,Shan-La,D1asmo feat. SF-A2 開発コード miki,Original,2013-09-15T00:00:00Z,257,0,0,Finished
808856,ゆれるゆれるなつやすみ,みらっしゅ feat. 初音ミク,Original,2013-09-15T00:00:00Z,230,0,0,Finished
792076,イデオローグ,mstsi feat. 初音ミク,Original,2013-09-15T00:00:00Z,211,0,0,Finished
767050,ペール・ラシェーズの恋人,由木 feat. GUMI,Original,2013-09-15T00:00:00Z,186,6,20,Finished
728744,TOY PARADE,ぷろとん feat. GUMI,Original,2013-09-15T00:00:00Z,234,0,0,Finished
102208,Prestone,Mojokey feat. 初音ミク V3 (English),Original,2013-10-18T00:00:00Z,169,0,0,Finished
84842,完結小説,さびしんぼうP feat. 初音ミク V3 (Unknown),Original,2013-10-18T00:00:00Z,222,0,0,Finished
75339,ふたり,うあじゃ feat. various,Original,2013-10-18T00:00:00Z,171,0,0,Finished
66398,People dream,Digital Itako feat. 初音ミク V3 (Unknown),Original,2013-10-18T00:00:00Z,335,1,3,Finished
59949,Cinderella of Halloween,mhythm feat. 初音ミク,Original,2013-10-18T00:00:00Z,198,0,2,Finished
42282,Over Drive,TeddyLoid feat. IA,Original,2013-10-18T00:00:00Z,259,2,28,Finished
42283,サマークイーン,石風呂 feat. IA,Original,2013-10-18T00:00:00Z,183,1,11,Finished
42247,DICE DROP,"ruy, quatre feat. KAITO V3 (English), KAITO V3 (Unknown)",Original,2013-10-18T00:00:00Z,302,0,10,Finished
42202,体だるい、なんかおかしい,ジェバンニP feat. 鏡音リン Append (Unknown),Original,2013-10-18T00:00:00Z,232,1,3,Finished
42201,weathering patchwork,クイナ feat. IA,Original,2013-10-18T00:00:00Z,219,2,8,Finished
71796,時空を超えて,"taulin, いばらひめ feat. 結月ゆかり",Original,2013-02-02T00:00:00Z,123,0,0,Finished
66301,Police,VanAkita feat. V3 GUMI (English),Original,2013-02-02T00:00:00Z,113,0,0,Finished
59565,ああ西日暮里,Revin feat. 初音ミク,Original,2013-02-02T00:00:00Z,157,0,0,Finished
38509,斜陽に於て,由木 feat. GUMI,Original,2013-02-02T00:00:00Z,174,1,3,Finished
32928,i am me.,純_juN feat. 巡音ルカ,Original,2013-02-02T00:00:00Z,233,0,2,Finished
22718,For all the good things..,theneetward feat. V3 GUMI (English),Original,2013-02-02T00:00:00Z,245,0,4,Finished
22505,はらり、はらり。,村井臣子 feat. 初音ミク,Original,2013-02-02T00:00:00Z,215,0,4,Finished
22504,ただいま、おかえり,あからいおん feat. 初音ミク,Original,2013-02-02T00:00:00Z,248,0,0,Finished
22503,君に会いに行くよ,もょもと feat. 初音ミク,Original,2013-02-02T00:00:00Z,277,0,0,Finished
22471,0214反抗期,だいすけP feat. 歌愛ユキ,Original,2013-02-02T00:00:00Z,268,0,0,Finished
896609,Tiyu,あるごりずむ feat. 初音ミク,Original,2013-01-20T00:00:00Z,265,0,0,Finished
896607,tea.,あるごりずむ,Original,2013-01-20T00:00:00Z,92,0,0,Finished
896606,鈍色プレッジ,ジラートP feat. GUMI,Original,2013-01-20T00:00:00Z,271,0,0,Finished
822196,相似ごっこ,怪loid feat. 滲音かこい,Original,2013-01-20T00:00:00Z,94,1,3,Finished
804795,あかい、くつ,TOBEFOOPERS feat. 笹鵲ヤカ,Original,2013-01-20T00:00:00Z,239,1,3,Finished
730172,サジタリウス,5mile feat. GUMI,Original,2013-01-20T00:00:00Z,244,0,0,Finished
624948,時の道,"Aポエット feat. 重音テト, 唄音ウタ",Original,2013-01-20T00:00:00Z,131,0,0,Finished
442909,津山の夜,shinten feat. 初音ミク,Original,2013-01-20T00:00:00Z,211,0,0,Finished
412099,Neighbour,Once888 feat. 巡音ルカ,Original,2013-01-20T00:00:00Z,332,0,0,Finished
383690,切問レイン,ソル feat. IA,Original,2013-01-20T00:00:00Z,201,0,0,Finished
533611,clematis,"nwnw feat. 唄音ウタ, 重音テト",Original,2013-10-20T00:00:00Z,300,0,0,Finished
502169,welcome to our music land,takaokatoshiya feat. 初音ミク V3 (English),Original,2013-10-20T00:00:00Z,187,0,0,Finished
490716,押入れゴースト,ulldull feat. 歌愛ユキ,Original,2013-10-20T00:00:00Z,111,0,0,Finished
481607,グローリー・ロード,"Livi, 涼 feat. IA",Original,2013-10-20T00:00:00Z,212,0,0,Finished
471532,アンブレロジック,しおん feat. GUMI,Original,2013-10-20T00:00:00Z,223,0,0,Finished
446348,ネ・ネ・ネ・ネガティブ。,maxvess8 feat. 初音ミク,Original,2013-10-20T00:00:00Z,287,0,0,Finished
422454,隣にすわってきたおっさんがサンドイッチくれた,ホーキー feat. 重音テト,Original,2013-10-20T00:00:00Z,103,0,0,Finished
414186,Eternal love,Seiya feat. 初音ミク,Original,2013-10-20T00:00:00Z,347,0,0,Finished
413540,Cry to the Sky,"ふうりんP feat. MAYU, 鏡音リン",Original,2013-10-20T00:00:00Z,271,0,0,Finished
408427,Legend,"しえろP feat. 鏡音レン, 鏡音リン",Original,2013-10-20T00:00:00Z,0,0,0,Finished
438922,release yourself,IPPEI feat. 初音ミク,Original,2013-12-05T00:00:00Z,256,0,0,Finished
387809,きみとダンデライオン,鴇鼠 feat. V3 GUMI (Sweet),Original,2013-12-05T00:00:00Z,231,0,0,Finished
377920,ミクメトロ,Piatica feat. 初音ミク,Original,2013-12-05T00:00:00Z,228,0,0,Finished
316447,G戦場のワルツ,ロイリアル feat. 重音テト,Original,2013-12-05T00:00:00Z,110,1,3,Finished
229462,腐愉快です！！,吾輩はニコ厨である、まだP名はないP feat. くれあ,Original,2013-12-05T00:00:00Z,112,1,3,Finished
198715,coffee,左脳 feat. 結月ゆかり,Original,2013-12-05T00:00:00Z,192,0,0,Finished
101567,影蝶,无名社 feat. 洛天依,Original,2013-12-05T00:00:00Z,324,0,0,Finished
60351,Love Letter,海里カズト feat. 初音ミク,Original,2013-12-05T00:00:00Z,247,0,0,Finished
51144,drinking bitter milk,了 feat. 初音ミク,Original,2013-12-05T00:00:00Z,265,0,0,Finished
47008,月面花火,"TUNO桐音, 战场原妖精 feat. 洛天依",Original,2013-12-05T00:00:00Z,306,0,2,Finished
43974,きみと僕のそらもよう,YUKISON feat. 初音ミク,Original,2013-11-22T00:00:00Z,182,0,0,Finished
43973,かざりもの,bibuko feat. 初音ミク,Original,2013-11-22T00:00:00Z,288,1,5,Finished
43972,そして夜空の海を泳ぐ,トキサダ feat. IA,Original,2013-11-22T00:00:00Z,204,0,0,Finished
43971,恋せよラッタッタ！,"あんP feat. 鏡音リン, 初音ミク",Original,2013-11-22T00:00:00Z,207,0,2,Finished
43933,焔姫,hinayukki feat. MEIKO,Original,2013-11-22T00:00:00Z,221,3,29,Finished
43932,クライヤ,すこっぷ feat. 初音ミク Append (Soft),Original,2013-11-22T00:00:00Z,274,38,238,Finished
41007,センチメンタル・アンドロイド,MOSAIC.TUNE feat. 鏡音レン,Original,2013-11-22T00:00:00Z,237,10,64,Finished
910323,風の情景,Poo feat. 初音ミク,Original,2013-11-21T00:00:00Z,177,0,0,Finished
901677,Monochrome,ソラ feat. IA,Original,2013-11-21T00:00:00Z,199,0,0,Finished
899293,尾道FMのMr.JOHNNY,"べるりん２号 feat. GUMI, 初音ミク",Original,2013-11-21T00:00:00Z,259,0,0,Finished
32322,思い出前夜,藤本薪 feat. 初音ミク,Original,2013-07-07T00:00:00Z,0,0,0,Finished
32229,サイバーケイジ,銀銀 feat. 鏡音リン,Original,2013-07-07T00:00:00Z,217,2,16,Finished
32231,未明にて,銀銀 feat. 鏡音リン,Original,2013-07-07T00:00:00Z,223,0,0,Finished
32228,リフレイン,銀銀,Original,2013-07-07T00:00:00Z,44,0,2,Finished
32014,ロストボーイの手をとって,マンボウ feat. 白鐘ヒヨリ,Original,2013-07-07T00:00:00Z,357,6,22,Finished
32015,Vignette,"ムジカデリク feat. 初音ミク Append (Unknown), 巡音ルカ",Original,2013-07-07T00:00:00Z,315,1,7,Finished
32016,ワンナイトムービー,いち feat. 初音ミク,Original,2013-07-07T00:00:00Z,282,0,0,Finished
32017,der Ursprung,西島尊大 feat. 初音ミク,Original,2013-07-07T00:00:00Z,207,1,9,Finished
32018,ゆりかご,∀Ku2 feat. 初音ミク Append (Unknown),Original,2013-07-07T00:00:00Z,383,1,5,Finished
32020,ポジティヴ・エスケープ,"手タレＰ feat. 初音ミク Append (Unknown), KAITO V3 (Unknown)",Original,2013-07-07T00:00:00Z,409,2,8,Finished
863907,ふかふかホットケーキ,"庵屋 菅沼, DoroicarV feat. 初音ミク Append (Unknown)",Original,2013-08-25T00:00:00Z,133,0,0,Finished
825567,粋ガール,"トサカ feat. GUMI, IA",Original,2013-08-25T00:00:00Z,256,0,2,Finished
787317,LIVE AT 上安松公民館,W・A・U feat. GUMI,Original,2013-08-25T00:00:00Z,714,0,0,Draft
766983,BLACK MONDAY,TsukaretaP feat. 初音ミク,Original,2013-08-25T00:00:00Z,214,0,0,Finished
764411,依存症,TK feat. VY1,Original,2013-08-25T00:00:00Z,173,0,0,Finished
756586,ガラスの靴にさよならを,まうぉぐーとＥＸ feat. GUMI,Original,2013-08-25T00:00:00Z,200,0,0,Finished
750901,ウキ・ワク・ハテ・ソウ,伊井衣 feat. GUMI,Original,2013-08-25T00:00:00Z,214,0,0,Finished
714989,虹の行進,snsn feat. V3 GUMI (Native),Original,2013-08-25T00:00:00Z,292,0,0,Finished
694465,蛍灯篭,かかし feat. 初音ミク,Original,2013-08-25T00:00:00Z,459,0,4,Finished
676258,小夜曲,shinten feat. 初音ミク,Original,2013-08-25T00:00:00Z,139,0,0,Finished
32052,霊感０,やみくろ feat. 巡音ルカ,Original,2013-06-21T00:00:00Z,274,1,7,Finished
32051,バイブルミュージック,imosuke feat. 初音ミク,Original,2013-06-21T00:00:00Z,223,0,2,Finished
32048,涙の歌、雨に消える,lemo feat. 初音ミク Append (Unknown),Original,2013-06-21T00:00:00Z,294,0,4,Finished
32045,イタズラ忍法帳,"ラムネ feat. GUMI, 鏡音リン",Original,2013-06-21T00:00:00Z,194,4,30,Finished
32037,融雪恋葵,泰雅 feat. IA,Original,2013-06-21T00:00:00Z,291,0,0,Finished
32036,君のための雨のワルツ,神尾けい feat. 初音ミク Append (Soft),Original,2013-06-21T00:00:00Z,384,2,14,Finished
32035,３６５の観覧車,コルトル feat. 初音ミク,Original,2013-06-21T00:00:00Z,339,2,10,Finished
32034,想像の写真,ジャスタウェイ feat. IA,Original,2013-06-21T00:00:00Z,251,0,0,Finished
32033,カピバラ時速50km,まし feat. GUMI,Original,2013-06-21T00:00:00Z,178,2,12,Finished
32032,形而上学心象論,こがねむし feat. 初音ミク,Original,2013-06-21T00:00:00Z,254,1,9,Finished
528181,Lacrimosa,"Ondrej Pochyly, VIRHARMONIC feat. Soloists of Prague",Original,2013-10-26T00:00:00Z,68,0,2,Finished
473554,サドンデスゲーム,阪本数奇 feat. 初音ミク,Original,2013-10-26T00:00:00Z,220,0,0,Finished
439492,"moon night, BLUE",hide feat. 初音ミク,Original,2013-10-26T00:00:00Z,269,0,0,Finished
294240,フロラシオン,Chivie feat. GUMI,Original,2013-10-26T00:00:00Z,213,0,0,Finished
293589,欠片のカケラの未来地図,壊音 feat. GUMI,Original,2013-10-26T00:00:00Z,154,0,0,Finished
266544,YOUTHFUL DAYS,ガルフィ feat. GUMI,Original,2013-10-26T00:00:00Z,311,0,0,Finished
264732,moon,"茶がま, TAMAGO_PANG feat. CUL",Original,2013-10-26T00:00:00Z,259,0,0,Finished
254722,Flash Burning Phaser !!,"あさけあ feat. 櫻歌ミコ, 垣音キコ",Original,2013-10-26T00:00:00Z,254,1,3,Finished
254465,アンパンならよかった,向風鈴g feat. 重音テト,Original,2013-10-26T00:00:00Z,138,1,3,Finished
254053,空中螺旋,CAG feat. 初音ミク,Original,2013-10-26T00:00:00Z,291,0,0,Finished
256648,しとしとさたでぃ,yutakano feat. 巡音ルカ,Original,2013-10-15T00:00:00Z,214,0,0,Finished
251198,README！,Imitea feat. 桃音モモ,Original,2013-10-15T00:00:00Z,248,1,3,Finished
246258,モヒカンコンプレックス,"ヘツポツ斎 feat. 結月ゆかり, 猫村いろは",Original,2013-10-15T00:00:00Z,135,0,0,Finished
221239,星月夜,"ponpoko feat. KAITO V3 (Straight), KAITO V3 (English)",Original,2013-10-15T00:00:00Z,257,0,0,Finished
205687,Dual Hyde,出灰サキ feat. Lily,Original,2013-10-15T00:00:00Z,240,1,7,Finished
499031,四季.wmv,"パレンケ feat. WIL, KYO, YUU",Original,2013-09-04T00:00:00Z,271,0,0,Finished
465713,こきりこ節～富山県五箇山民謡～,まじゅせんせ feat. 巡音ルカ,Original,2013-09-04T00:00:00Z,199,0,0,Finished
438432,おかゆの歌,┌|∵|┘ feat. GUMI,Original,2013-09-04T00:00:00Z,98,0,0,Finished
384413,Song Of The Care Center NISHINA,チューハイP feat. 初音ミク,Original,2013-09-04T00:00:00Z,126,0,0,Finished
375853,タイムキーパー,ミナミサキ feat. V3 GUMI (Sweet),Original,2013-09-04T00:00:00Z,244,0,0,Finished
348109,私の居場所、我が家の味,グラスエイト feat. KAITO,Original,2013-09-04T00:00:00Z,335,0,0,Finished
317154,星は願うよ。,ミドうさぎ feat. 巡音ルカ,Original,2013-09-04T00:00:00Z,180,0,0,Finished
294288,esora -グラディ・エンド-,のらじょん feat. 初音ミク,Original,2013-09-04T00:00:00Z,277,0,0,Finished
268726,あゝ西葛西,"かむばら feat. KAITO, 初音ミク",Original,2013-09-04T00:00:00Z,218,0,0,Finished
254034,生まれて来たことは間違いではない,烏有喪音 feat. 鏡音レン,Original,2013-09-04T00:00:00Z,149,0,0,Finished
673194,千羽鶴,@tsushi feat. IA,Original,2013-08-15T00:00:00Z,272,0,0,Finished
628932,リラ？ブブシッペリーノ,カキ子 feat. IA,Original,2013-08-15T00:00:00Z,270,0,0,Finished
624838,時の蹉跌,"Aポエット feat. 重音テト, 唄音ウタ",Original,2013-08-15T00:00:00Z,156,0,0,Finished
524638,色めけ真っ黒ノート,M@coSAKi feat. 初音ミク,Original,2013-08-15T00:00:00Z,312,0,0,Finished
468307,ハレルヤ！,ken.ehime feat. various,Original,2013-08-15T00:00:00Z,232,0,0,Finished
459984,ココナッツ・フレーバー,"mix.r feat. KYO, WIL, YUU",Original,2013-08-15T00:00:00Z,236,0,0,Finished
450741,Wonder of Underworld,通天 feat. 蒼姫ラピス,Original,2013-08-15T00:00:00Z,0,0,0,Finished
438298,パンとまぐろで朝食を,アフロック feat. 巡音ルカ,Original,2013-08-15T00:00:00Z,213,0,0,Finished
421398,サブリミナルチューン,シマー feat. IA,Original,2013-08-15T00:00:00Z,173,0,0,Finished
421392,Deep Lover,ソラ feat. IA,Original,2013-08-15T00:00:00Z,222,0,0,Finished
516941,purge,Utero feat. 猫村いろは,Original,2013-05-05T00:00:00Z,264,0,4,Finished
492747,ひらりと、夏が,あわけんP feat. MEIKO,Original,2013-05-05T00:00:00Z,206,0,0,Finished
472722,それは春の太陽のように,Ar-gon feat. MEIKO,Original,2013-05-05T00:00:00Z,270,0,0,Finished
459909,この場所へ属してない,ひちみゆゆらむ feat. 初音ミク,Original,2013-05-05T00:00:00Z,184,0,0,Draft
439711,ナキムシな夜空,AHR feat. IA,Original,2013-05-05T00:00:00Z,199,0,0,Finished
415227,星奈は巨乳　レン君の撮影,"混沌ツクラーP feat. 鏡音レン, Unknown vocalist(s)",Original,2013-05-05T00:00:00Z,125,0,0,Finished
409703,Galaxy Stripper,がおじゅうP feat. V3 GUMI (Unknown),Original,2013-05-05T00:00:00Z,203,0,0,Finished
397413,餃子ッ娘,機材欲しいP feat. 雪歌ユフ,Original,2013-05-05T00:00:00Z,263,0,0,Finished
378544,瞳 未来,"Peryas, ProjectDIVAチャンネル feat. 巡音ルカ",Original,2013-05-05T00:00:00Z,165,0,0,Finished
378520,蒼い桜,"Nathyro, ProjectDIVAチャンネル feat. 初音ミク",Original,2013-05-05T00:00:00Z,165,0,0,Finished
75601,エバースマイル,"Kokara feat. GUMI, 鏡音リン",Original,2013-10-28T00:00:00Z,245,0,0,Finished
60000,repeat,虚空 feat. 松田っぽいよ,Original,2013-10-28T00:00:00Z,160,2,6,Finished
52985,マッサージチェアに座りたい,そーだーすい feat. 初音ミク,Original,2013-10-28T00:00:00Z,206,0,0,Finished
43448,スノーホワイト,あずまや feat. 初音ミク,Original,2013-10-28T00:00:00Z,292,0,0,Finished
43443,シビルの狼,こおろぎ feat. 櫻歌ミコ,Original,2013-10-28T00:00:00Z,333,3,11,Finished
43442,Love is like a music,若月 feat. 初音ミク,Original,2013-10-28T00:00:00Z,282,0,4,Finished
43324,Better Than Life,Geon & Chan feat. SeeU (Korean),Original,2013-10-28T00:00:00Z,232,0,0,Finished
43129,ナミダの道化師,さといも feat. 氷山キヨテル,Original,2013-10-28T00:00:00Z,229,4,26,Finished
42723,Distorted Desert,Radiant Cadenza feat. AVANNA,Original,2013-10-28T00:00:00Z,261,0,0,Finished
42696,モノクロアンダーグラウンド,和田たけあき feat. 初音ミク,Original,2013-10-28T00:00:00Z,249,2,10,Finished
51617,In my head,PurpleWave123 feat. CRINA,Original,2013-06-21T00:00:00Z,235,1,3,Finished
32335,なんでもないこと,mia子 feat. 揺歌サユ,Original,2013-06-21T00:00:00Z,341,2,6,Finished
32105,flashback $cript,LIQ feat. 結月ゆかり,Original,2013-06-21T00:00:00Z,279,3,21,Finished
32067,太陽と永遠の中で君は,うかく feat. 猫村いろは,Original,2013-06-21T00:00:00Z,224,0,2,Finished
32066,外道式有名Ｐになれる方法教えます,外道さん feat. 結月ゆかり,Original,2013-06-21T00:00:00Z,328,0,6,Finished
32064,supported by 始発列車,96crow feat. VY2V3 (Standard),Original,2013-06-21T00:00:00Z,247,2,8,Finished
32063,トラウムリヒト,"Full(old), SACRi feat. さとうささら",Original,2013-06-21T00:00:00Z,273,3,11,Finished
32056,ベルと白兎,タユ feat. 初音ミク Append (Dark),Original,2013-06-21T00:00:00Z,282,1,7,Finished
32054,現実と嘘の赤道,ON feat. 鏡音リン,Original,2013-06-21T00:00:00Z,284,0,2,Finished
724792,Life in thE machiNe,活動休止中のレミマコネ feat. 鏡音レン,Original,2013-06-06T00:00:00Z,248,0,0,Finished
724175,Ｂａｒｒｉｅｒ,MJQ-P feat. GUMI,Original,2013-06-06T00:00:00Z,268,0,2,Finished
723524,真夜中の霧,洸佑 feat. 鏡音レン,Original,2013-06-06T00:00:00Z,209,0,0,Finished
634218,ウラノカネデ,めんたいランド feat. 初音ミク,Original,2013-06-06T00:00:00Z,119,1,3,Finished
633733,タオルの白い虫,ハトネコエ feat. GUMI,Original,2013-06-06T00:00:00Z,212,0,2,Finished
624882,ふしぎ駅,"Aポエット feat. 重音テト, 唄音ウタ",Original,2013-06-06T00:00:00Z,136,0,0,Finished
579691,街でウワサの熟女,starryfall feat. 神威がくぽ,Original,2013-06-06T00:00:00Z,170,0,0,Finished
439603,お父さんのじかたび,海風のチャーリー feat. 蒼姫ラピス,Original,2013-06-06T00:00:00Z,144,0,0,Finished
432619,夜伽話TelleR,からすそ feat. 初音ミク,Original,2013-06-06T00:00:00Z,284,0,0,Finished
398613,夢追う翼,蛇夢 feat. GUMI,Original,2013-06-06T00:00:00Z,247,0,0,Finished
83661,初夏的童话,YGY feat. 洛天依,Original,2013-06-08T00:00:00Z,197,0,0,Finished
83613,シークレットファイル；DT．072,ILU feat. 鏡音レン Append (Unknown),Original,2013-06-08T00:00:00Z,319,0,2,Finished
83532,一品粽,海鲜面 feat. 洛天依,Original,2013-06-08T00:00:00Z,195,0,2,Finished
56612,ヤンデレエンジェルアクマデス,Phelrot feat. 蒼姫ラピス,Original,2013-06-08T00:00:00Z,243,0,0,Finished
51507,未来,n1 feat. Lily,Original,2013-06-08T00:00:00Z,288,0,0,Finished
50553,Mockingbirdにならないで,KAZ feat. CUL,Original,2013-06-08T00:00:00Z,231,0,0,Finished
46308,love_u,袮音 feat. V3 GUMI (Whisper),Original,2013-06-08T00:00:00Z,282,0,0,Finished
41471,Rapunzel,かんすけまん feat. 結月ゆかり,Original,2013-06-08T00:00:00Z,278,1,3,Finished
31632,サヨナラレター,ファッジ feat. IA,Original,2013-06-08T00:00:00Z,361,0,4,Finished
31379,悠久の姉妹月,一譲はかる feat. 巡音ルカ,Original,2013-06-08T00:00:00Z,364,2,12,Finished
88596,フロムコーンポタージュ,"Sally, Cursemagnet feat. V3 GUMI (Power)",Original,2013-06-16T00:00:00Z,266,0,0,Finished
79225,勇者様Lv.1,笛吹娘 feat. 神威がくぽ,Original,2013-06-16T00:00:00Z,374,0,0,Finished
75442,In Rotation,UN ELITE NEET feat. V3 GUMI (Sweet),Original,2013-06-16T00:00:00Z,160,0,2,Finished
73392,ひとり,mus.hiba feat. 雪歌ユフ,Original,2013-06-16T00:00:00Z,223,2,8,Finished
70472,風花,liviera feat. 鏡音レン,Original,2013-06-16T00:00:00Z,251,0,2,Finished
60345,Dreamy Tea Time,シカクドット feat. 初音ミク,Original,2013-06-16T00:00:00Z,205,1,3,Finished
50944,ココロの色完成,Alicenotes feat. 初音ミク,Original,2013-06-16T00:00:00Z,290,0,2,Finished
35762,テヲツナゴウ,葵木ゴウ feat. Lily,Original,2013-06-16T00:00:00Z,0,2,8,Finished
31806,ともだちアレルギー,かずちんP feat. 初音ミク,Original,2013-06-16T00:00:00Z,161,0,2,Finished
31803,to the place,テレ太 feat. 初音ミク,Original,2013-06-16T00:00:00Z,255,0,4,Finished
22911,ハートおねだりマン♥,Eon feat. 鏡音レン,Original,2013-02-13T00:00:00Z,223,0,4,Finished
22910,チ・ヨ・コ・レ・イ・ト♪,Qube Quzu feat. 初音ミク,Original,2013-02-13T00:00:00Z,152,0,0,Finished
22909,空色パレット,TESTMAN feat. 巡音ルカ,Original,2013-02-13T00:00:00Z,358,0,4,Finished
22908,完全味覚Chocolater,はしご feat. 巡音ルカ,Original,2013-02-13T00:00:00Z,279,0,6,Finished
22907,ちょこれいと★きっす,kikyow feat. 蒼姫ラピス,Original,2013-02-13T00:00:00Z,310,0,4,Finished
22904,夢の渚で,ジョニー浩 feat. 巡音ルカ,Original,2013-02-13T00:00:00Z,205,0,2,Finished
22901,RAGNAROCK,ばらたく feat. IA,Original,2013-02-13T00:00:00Z,294,1,5,Finished
22900,不完全,kotowa feat. GUMI,Original,2013-02-13T00:00:00Z,223,0,2,Finished
22898,CRACK,ツダタクマ feat. GUMI,Original,2013-02-13T00:00:00Z,230,0,0,Finished
22897,お金ないのにまた行っちゃった！汗,ウラオＲ feat. V3 GUMI (Sweet),Original,2013-02-13T00:00:00Z,174,0,4,Finished
880783,Lost on the water,vlyne40s feat. 波音リツ,Original,2013-05-27T00:00:00Z,334,0,0,Finished
756112,さよならピエロ,nekosan feat. 初音ミク,Original,2013-05-27T00:00:00Z,313,0,0,Finished
712921,インナーチャイルド,トキサダ feat. 初音ミク,Original,2013-05-27T00:00:00Z,263,0,0,Finished
694561,廃人回収,"有月　仮字 feat. 鏡音リン, 鏡音レン, 巡音ルカ",Original,2013-05-27T00:00:00Z,163,0,0,Finished
680631,初音ミクのﾊﾒﾀｲ ﾅﾒﾀｲ 危険地帯,おかっぱ feat. 初音ミク,Original,2013-05-27T00:00:00Z,188,0,0,Draft
642030,The Baby's Escape,Ratboy Genius feat. PlainTalk (Unknown),Original,2013-05-27T00:00:00Z,220,0,0,Finished
579671,恋愛トラバース,starryfall feat. V3 GUMI (Sweet),Original,2013-05-27T00:00:00Z,150,0,0,Finished
532691,イノセントシャドウ,ROI feat. 結月ゆかり,Original,2013-05-27T00:00:00Z,240,0,0,Finished
506181,Viento en Otoño,"Danvers10 feat. Clara, Bruno",Original,2013-05-27T00:00:00Z,241,0,0,Finished
467566,星の子供たち,福岡の自転車のり feat. 巡音ルカ,Original,2013-05-27T00:00:00Z,387,0,0,Finished
85829,桜が散る頃に,"ランジェP, TaKa NoMe feat. GUMI",Original,2013-04-12T00:00:00Z,311,0,2,Finished
68158,Noise Channel Theme (Full Mix),Jake Kaufman feat. 巡音ルカ,Original,2013-04-12T00:00:00Z,238,3,11,Finished
58804,ネガティブ・クルー・デスロール,u-z feat. 初音ミク,Original,2013-04-12T00:00:00Z,218,0,2,Finished
43014,戦場の花、国境の先。,0o0 feat. GUMI,Original,2013-04-12T00:00:00Z,240,0,0,Finished
41201,お話をひとつ,ベース缶P feat. KAITO,Original,2013-04-12T00:00:00Z,231,0,2,Finished
30548,HUMAN!,fosolong feat. MAYU,Original,2013-04-12T00:00:00Z,285,0,2,Finished
26795,コトノハナ,TaKa NoMe feat. 巡音ルカ,Original,2013-04-12T00:00:00Z,280,0,14,Finished
26794,心音,オカメP feat. 初音ミク,Original,2013-04-12T00:00:00Z,241,4,22,Finished
26780,ハルルラ,AIR田 feat. 初音ミク Append (Dark),Original,2013-04-12T00:00:00Z,165,0,0,Finished
26779,Rapid Progress～日進月歩～,Holic feat. 蒼姫ラピス,Original,2013-04-12T00:00:00Z,171,0,2,Finished
55184,suger cat,"TAGAMI feat. 初音ミク, 鏡音リン Append (Sweet)",Original,2013-05-07T00:00:00Z,173,1,5,Finished
36327,君のサイノウ,笹川真生 feat. 初音ミク,Original,2013-05-07T00:00:00Z,193,2,22,Finished
29409,TAKE A STEP FORWARD,バベルP feat. IA,Original,2013-05-07T00:00:00Z,323,0,4,Finished
29387,Allgather,Soh Yoshioka feat. 初音ミク Append (Dark),Original,2013-05-07T00:00:00Z,331,13,111,Finished
29363,Sweet★Lover,チャリけんP feat. 鏡音リン,Original,2013-05-07T00:00:00Z,213,3,11,Finished
29362,愛咬少女,オレンジメガネ feat. 鏡音リン,Original,2013-05-07T00:00:00Z,189,0,4,Finished
29361,サマーサマーサマー!!,yotsng feat. 初音ミク,Original,2013-05-07T00:00:00Z,178,7,23,Approved
29360,いのちのパストラル,戦車P feat. GUMI,Original,2013-05-07T00:00:00Z,190,1,7,Finished
29356,ラグナロクの残響,ビーカーP feat. 初音ミク,Original,2013-05-07T00:00:00Z,251,0,0,Finished
922649,神様の魔法,Pen feat. GUMI,Original,2013-05-06T00:00:00Z,263,0,0,Finished
23313,月光,てまん feat. V3 GUMI (Power),Original,2013-02-22T00:00:00Z,266,0,8,Finished
23311,Cardiophagia,m@rk feat. 鏡音リン,Original,2013-02-22T00:00:00Z,208,0,6,Finished
23309,blue letter,みずまんじゅうP feat. 初音ミク,Original,2013-02-22T00:00:00Z,218,0,4,Finished
23308,スロウ,レッドカードP feat. 初音ミク,Original,2013-02-22T00:00:00Z,286,0,2,Finished
23306,心のwindow,佐々木KすけP feat. 初音ミク,Original,2013-02-22T00:00:00Z,164,1,3,Finished
23305,Before the dawn,Nineth feat. 初音ミク Append (Soft),Original,2013-02-22T00:00:00Z,279,0,2,Finished
23304,地上ノ太陽、君奪ウ夏夢,黒瓜丿美 feat. IA,Original,2013-02-22T00:00:00Z,266,0,2,Finished
23302,知恵の輪,yama-dai feat. V3 GUMI (Whisper),Original,2013-02-22T00:00:00Z,123,0,8,Finished
23301,ナポレオンの休日,ぽんず feat. GUMI,Original,2013-02-22T00:00:00Z,238,0,2,Finished
23300,FlyHigh,"しいたけP feat. GUMI, 巡音ルカ",Original,2013-02-22T00:00:00Z,213,0,4,Finished
590666,After Breathing,"Johnny Knittle, SoundIron feat. Mercury Symphonic Boys' Choir",Original,2013-03-23T00:00:00Z,160,1,3,Finished
589428,Broadway Electrical Street,xs feat. Mew,Original,2013-03-23T00:00:00Z,250,0,0,Finished
578168,夜の夢,"85, Asaminomi feat. 結月ゆかり",Original,2013-03-23T00:00:00Z,216,0,0,Finished
572414,子豚の戯曲とラブソング,ちんたら feat. 初音ミク,Original,2013-03-23T00:00:00Z,210,0,2,Finished
563173,Twinkle Feather,"ルカぺろP, Dr.Lucy feat. Lily, 巡音ルカ",Original,2013-03-23T00:00:00Z,360,0,0,Finished
555723,ディア・デソレイト・ディスタンス,"case2 feat. 嘘歌ヘタ, 初音ミク",Original,2013-03-23T00:00:00Z,130,0,0,Finished
521781,Dande-Lion,Mizcreid feat. 初音ミク,Original,2013-03-23T00:00:00Z,170,0,0,Finished
497280,物語の悪魔~Deus ex 悪魔~,有月　仮字 feat. 巡音ルカ,Original,2013-03-23T00:00:00Z,144,0,0,Finished
481040,花粉症☆らぷそでぃ！,Ｆａｎｔａｓｉｅ feat. GUMI,Original,2013-03-23T00:00:00Z,140,0,0,Finished
419334,Re...,へっぽこ□ feat. 巡音ルカ,Original,2013-03-23T00:00:00Z,275,0,0,Finished
269991,ずるいきみ,-4℃ feat. CUL,Original,2014-08-10T00:00:00Z,195,0,0,Finished
257594,Cocoro Link Interface,サマスマー feat. GUMI,Original,2014-08-10T00:00:00Z,227,0,0,Finished
244384,ダメマスターと俺,優水Ｐ feat. KAITO V3 (Unknown),Original,2014-08-10T00:00:00Z,248,0,0,Finished
220465,愛してる,アラン feat. 初音ミク V3 (Unknown),Original,2014-08-10T00:00:00Z,277,0,0,Finished
219309,DULL DAY,ふへんてき feat. IA,Original,2014-08-10T00:00:00Z,125,0,0,Finished
214590,dominatrix,野々槻のの feat. 白鐘ヒスイ,Original,2014-08-10T00:00:00Z,267,1,3,Finished
214589,げつよーびはきらい,野々槻のの feat. 白鐘ヒスイ,Original,2014-08-10T00:00:00Z,249,1,3,Finished
212651,Trial,デコシャビ(オイヨ) feat. 重音テト,Original,2014-08-10T00:00:00Z,192,1,3,Finished
203363,HATO,"citrus feat. 初音ミク, さとうささら",Original,2014-08-10T00:00:00Z,119,1,5,Finished
200646,月のノマド,ぼを feat. IA,Original,2014-08-10T00:00:00Z,156,0,0,Finished
322275,樹海の鳥,aquanu feat. 雨鳥ユウイ,Original,2014-05-01T00:00:00Z,238,0,0,Finished
283973,音声,岩上Crescent feat. 初音ミク,Original,2014-05-01T00:00:00Z,235,0,0,Finished
276601,片道切符を持って,ょぅ feat. 鏡音リン Append (Sweet),Original,2014-05-01T00:00:00Z,225,0,0,Finished
266552,ゆうやけ,ガルフィ feat. GUMI,Original,2014-05-01T00:00:00Z,90,0,0,Finished
211337,めちゃくちゃに鳴らすギター,ナツノエ feat. 初音ミク,Original,2014-05-01T00:00:00Z,199,0,0,Finished
174867,星空に零るる願い,玉鋼 feat. 巡音ルカ,Original,2014-05-01T00:00:00Z,218,0,2,Finished
111711,コンビニ,kotaro feat. KAITO,Original,2014-05-01T00:00:00Z,271,0,0,Finished
111709,ボクトキミノアイダニ,kotaro feat. 初音ミク,Original,2014-05-01T00:00:00Z,311,0,0,Finished
69033,ツーリング,ろうにんぷー feat. メルリ,Original,2014-05-01T00:00:00Z,160,0,2,Finished
58587,无人赞颂的旅程,"Wing翼, 清风之恋 feat. 洛天依, 泠鸢yousa",Original,2014-05-01T00:00:00Z,218,0,0,Finished
63072,夏がきこえる,umeda feat. 初音ミク,Original,2014-08-05T00:00:00Z,352,5,15,Finished
60328,お姫さまゲーム,奏音69 feat. 巡音ルカ,Original,2014-08-05T00:00:00Z,303,0,6,Finished
926096,忘れるための歌,Tetu feat. 重音テト,Original,2014-08-04T00:00:00Z,120,0,0,Finished
843142,楽々イージー,りすと feat. 初音ミク,Original,2014-08-04T00:00:00Z,147,0,0,Finished
825179,Ｈｅｙ　Ｓｉｒｉ,mahiru feat. 初音ミク,Original,2014-08-04T00:00:00Z,118,0,0,Finished
742627,花さか爺さん,海風のチャーリー feat. 蒼姫ラピス,Original,2014-08-04T00:00:00Z,15,0,0,Draft
665250,でもやっぱりもう少し,shumashuma1970 feat. 初音ミク,Original,2014-08-04T00:00:00Z,256,0,0,Finished
633468,守り抜こう,進藤博之 feat. 初音ミク,Original,2014-08-04T00:00:00Z,250,0,0,Finished
633466,夢を見ようよ,進藤博之 feat. 初音ミク,Original,2014-08-04T00:00:00Z,314,0,0,Finished
624614,あの輝きはもう・・,"Aポエット feat. 重音テト, 唄音ウタ",Original,2014-08-04T00:00:00Z,177,0,0,Finished
57209,ありがとう,"舞姫立夏 feat. CUL, V3 GUMI (Sweet)",Original,2014-03-16T00:00:00Z,293,0,0,Finished
54482,I remember,そりっどびーつ feat. 初音ミク,Original,2014-03-16T00:00:00Z,383,0,4,Finished
51062,Lost,Esdy feat. 重音テト,Original,2014-03-16T00:00:00Z,330,1,3,Finished
51049,ニャレリロ・ニャーレ・ニャレニニョラ,misa feat. 巡音ルカ,Original,2014-03-16T00:00:00Z,163,0,4,Finished
51012,アイノサイノウ,平間崚 feat. IA,Original,2014-03-16T00:00:00Z,270,0,2,Finished
50958,きらきらする水の底,BaKaAfter feat. 初音ミク,Original,2014-03-16T00:00:00Z,214,0,0,Finished
50950,ライオットガール,"ロロP, Mal-Come feat. GUMI, IA",Original,2014-03-16T00:00:00Z,180,1,3,Finished
50948,謝罪会見ほど素敵なショーはない,ほぼ日P feat. 初音ミク,Original,2014-03-16T00:00:00Z,186,0,0,Finished
50947,self lovers,"おおたに feat. 結月ゆかり, GUMI",Original,2014-03-16T00:00:00Z,225,1,5,Finished
50427,夢色花時計,lemo feat. 初音ミク Append (Unknown),Original,2014-03-16T00:00:00Z,223,0,4,Finished
47936,ゴーストライター募集中！,ほぼ日P feat. 初音ミク,Original,2014-02-09T00:00:00Z,194,0,0,Finished
47904,静かになっていく,"Noak, オルタ熊 feat. 初音ミク",Original,2014-02-09T00:00:00Z,172,0,2,Finished
47903,執行猶予,えんぶりょー feat. 初音ミク,Original,2014-02-09T00:00:00Z,241,1,9,Finished
47902,刹那,しんぺー feat. GUMI,Original,2014-02-09T00:00:00Z,244,0,2,Finished
47895,3分半ラブコメディ,アモン feat. 初音ミク Append (Unknown),Original,2014-02-09T00:00:00Z,210,1,3,Finished
47894,JAIL BREAK,保坂☆ feat. IA,Original,2014-02-09T00:00:00Z,222,0,0,Finished
47893,Let's easy music,空海月 feat. 初音ミク,Original,2014-02-09T00:00:00Z,232,7,25,Finished
47891,days -sky field-,涼風P feat. MEIKO V3 (Dark),Original,2014-02-09T00:00:00Z,274,0,8,Finished
47890,何気ない,ヤッ feat. 初音ミク,Original,2014-02-09T00:00:00Z,230,1,3,Finished
47889,ユキツバキ,"まつき, ちょあう, K.T feat. 初音ミク",Original,2014-02-09T00:00:00Z,336,0,2,Finished
504675,逆さまの日,鍵人 feat. 初音ミク,Original,2014-07-06T00:00:00Z,136,0,0,Finished
440744,Milky Star,"dusKape, BJ.chika, りこりす feat. 初音ミク Append (Vivid), 蒼姫ラピス",Original,2014-07-06T00:00:00Z,180,0,0,Finished
440743,Re:起きてる？,かめお feat. 結月ゆかり,Original,2014-07-06T00:00:00Z,272,0,0,Finished
440742,夜空,ユウゾウ feat. IA,Original,2014-07-06T00:00:00Z,181,0,0,Finished
409973,LIVE!,らんどりーV2 feat. IA,Original,2014-07-06T00:00:00Z,284,0,0,Finished
407679,雨はやむから,ゲレスナ feat. 波音リツ,Original,2014-07-06T00:00:00Z,226,0,2,Finished
391508,僕は仔犬のように。,負け犬P feat. GUMI,Original,2014-07-06T00:00:00Z,219,0,0,Finished
387807,鳥と少女の淡い夢,鴇鼠 feat. GUMI,Original,2014-07-06T00:00:00Z,316,0,0,Finished
383217,世の闇,Hanamoegi Enji feat. 重音テト,Original,2014-07-06T00:00:00Z,142,0,0,Finished
358122,あまやどり,黒いピアノ弾き feat. 巡音ルカ,Original,2014-07-06T00:00:00Z,245,0,0,Finished
113464,キャンディキャンディピーナッツ,hakaru feat. 鏡音リン,Original,2014-07-12T00:00:00Z,278,0,0,Finished
112392,ミミズクと夜の王,くらん feat. 初音ミク,Original,2014-07-12T00:00:00Z,327,0,0,Finished
104180,メリーゴーランドと螺旋階段,アルカイック下田 feat. IA,Original,2014-07-12T00:00:00Z,230,0,0,Finished
100533,現,とや feat. GUMI,Original,2014-07-12T00:00:00Z,256,0,0,Finished
90609,エル・サーレ -失われた名前-,"ナナミP feat. 鏡音リン, 鏡音レン",Original,2014-07-12T00:00:00Z,0,0,0,Finished
90406,碧の誓い,ナナミP feat. 鏡音レン,Original,2014-07-12T00:00:00Z,242,2,8,Finished
86330,Amor aeternus,月灯ゆら、 feat. IA,Original,2014-07-12T00:00:00Z,207,0,0,Finished
85503,世界の中心に君がいる,"アサイチ feat. 氷山キヨテル, VY2",Original,2014-07-12T00:00:00Z,257,0,4,Finished
78972,奈落の眠り姫,rekanan feat. 雪歌ユフ,Original,2014-07-12T00:00:00Z,183,1,5,Finished
75593,夢の時間,寿商店会 feat. 蒼姫ラピス,Original,2014-07-12T00:00:00Z,147,0,0,Finished
364376,往来シンドローム,本山千歳 feat. 瑞歌ミズキ,Original,2014-05-19T00:00:00Z,396,1,5,Finished
325938,狂乱の旅路,M・K・Project feat. 初音ミク,Original,2014-05-19T00:00:00Z,317,0,0,Finished
295283,眠り姫,WEB-MIX feat. 初音ミク V3 (Unknown),Original,2014-05-19T00:00:00Z,304,1,3,Finished
280917,Run with You,EmmyKsama feat. 巡音ルカ,Original,2014-05-19T00:00:00Z,289,0,0,Finished
254581,recollection,野々槻のの feat. 白鐘ヒスイ,Original,2014-05-19T00:00:00Z,226,1,3,Finished
234381,I love C...,Phelrot feat. 蒼姫ラピス,Original,2014-05-19T00:00:00Z,99,0,0,Finished
230034,雨の中が僕,"アキノトウフ, awawa feat. GUMI",Original,2014-05-19T00:00:00Z,258,0,0,Finished
207209,colate,colate feat. 初音ミク,Original,2014-05-19T00:00:00Z,338,0,0,Finished
152652,ギターと騙され弾いたら四弦,Haniwa feat. 初音ミク,Original,2014-05-19T00:00:00Z,172,0,4,Finished
126413,Steps,KKK_KKK feat. 巡音ルカ,Original,2014-05-19T00:00:00Z,279,4,14,Finished
422071,虹色のプレゼント,水　空 feat. 冬音サナ,Original,2014-02-22T00:00:00Z,288,0,0,Finished
422070,あやまらいおん,水　空 feat. 冬音サナ,Original,2014-02-22T00:00:00Z,204,1,3,Finished
372580,SHINOBIRHYTHM,SPANK! feat. 巡音ルカ,Original,2014-02-22T00:00:00Z,225,1,3,Finished
367413,隻眼の撃墜王,"蒼くらげ, ZOLA PROJECT feat. メルリ",Original,2014-02-22T00:00:00Z,164,0,0,Finished
338592,伝えて涙,yas feat. 巡音ルカ,Original,2014-02-22T00:00:00Z,194,0,0,Finished
335111,Lovin` You,ひろうさ♪ feat. V3 GUMI (Native),Original,2014-02-22T00:00:00Z,370,0,2,Finished
323973,茶料理,Mustdon feat. 初音ミク,Original,2014-02-22T00:00:00Z,387,0,4,Finished
323822,ブーケ,tekotai feat. 氷山キヨテル,Original,2014-02-22T00:00:00Z,265,0,0,Finished
293891,ナウ！・ナウ！・ナウ！,shinshin feat. 初音ミク,Original,2014-02-22T00:00:00Z,287,0,0,Finished
267136,ホーリーグレイル,見切り発車P feat. 猫村いろは,Original,2014-02-22T00:00:00Z,236,0,2,Finished
636989,チャイム,双葉 feat. 初音ミク,Original,2014-03-09T00:00:00Z,321,0,0,Finished
633963,"Boys, be ambitious",Yas-Pon feat. 初音ミク,Original,2014-03-09T00:00:00Z,277,0,0,Finished
632721,夜想曲,物欲P feat. 初音ミク,Original,2014-03-09T00:00:00Z,77,0,0,Finished
625379,足踏み,"Aポエット feat. 重音テト, 唄音ウタ",Original,2014-03-09T00:00:00Z,138,0,0,Finished
625374,オリーブの色,"Aポエット feat. 重音テト, 唄音ウタ",Original,2014-03-09T00:00:00Z,170,0,0,Finished
612304,過ぎるよ,亀次郎 feat. GUMI,Original,2014-03-09T00:00:00Z,156,0,0,Finished
601483,Cry for future,YSK feat. 初音ミク,Original,2014-03-09T00:00:00Z,290,0,0,Finished
586623,ららぁららららぁ,柿の種P feat. 初音ミク,Original,2014-03-09T00:00:00Z,271,0,0,Finished
583966,雪の結晶,にじP feat. 初音ミク,Original,2014-03-09T00:00:00Z,289,0,0,Finished
532157,Canon in Dm or F?,りむ feat. 初音ミク,Original,2014-03-09T00:00:00Z,219,0,0,Finished
417107,HKT DREAM,mAoA9,Original,2014-12-27T00:00:00Z,300,0,0,Finished
417106,響灘、特牛駅、終着点,"末期瀬, おパンクP feat. VOCALOID (Unknown)",Original,2014-12-27T00:00:00Z,172,0,0,Draft
417105,"1,000万ドルの夜景",nay♪,Original,2014-12-27T00:00:00Z,272,0,0,Draft
417104,混沌なる街,Ask,Original,2014-12-27T00:00:00Z,242,0,0,Draft
417103,京都心中,残酷P feat. GUMI,Original,2014-12-27T00:00:00Z,204,0,0,Finished
417102,きんどけいっ！,くにまり feat. 初音ミク,Original,2014-12-27T00:00:00Z,218,0,0,Finished
417099,自称渋谷系,緊急ゆるポート,Original,2014-12-27T00:00:00Z,177,0,0,Finished
407158,平八郎,熊谷幻斎 feat. 鏡音リン,Original,2014-12-27T00:00:00Z,145,0,0,Finished
356475,Quartet Link,"夕月りっと feat. 鏡音リン, 鏡音レン",Original,2014-12-27T00:00:00Z,252,1,3,Finished
343512,自我暗示,NiK feat. 松田っぽいよ,Original,2014-12-27T00:00:00Z,159,0,0,Finished
181209,DEATH SOURCE,psycho feat. 和音マコ,Original,2014-08-07T00:00:00Z,229,1,3,Finished
180196,№,パン壁 feat. 初音ミク,Original,2014-08-07T00:00:00Z,287,0,0,Finished
168465,キミはまばゆい太陽っ！！,equi feat. 初音ミク,Original,2014-08-07T00:00:00Z,189,1,5,Finished
112899,Lapse,Samuel Wright feat. 夜音ミミ,Original,2014-08-07T00:00:00Z,269,1,5,Finished
101543,hypocritical rain,小欧Ω feat. 洛天依,Original,2014-08-07T00:00:00Z,227,0,0,Finished
82066,Broken,"7D feat. KYO, WIL, YUU",Original,2014-08-07T00:00:00Z,323,1,9,Finished
75162,バニラ☆愛ス,いぬマシン feat. 初音ミク,Original,2014-08-07T00:00:00Z,275,0,0,Finished
71568,ただいま,ラッキー feat. 初音ミク,Original,2014-08-07T00:00:00Z,213,0,0,Finished
71443,shelter from the rain,siberia feat. 雪歌ユフ,Original,2014-08-07T00:00:00Z,312,1,5,Finished
70467,偽物⇔Monster,"てりおんP feat. 初音ミク, IA",Original,2014-08-07T00:00:00Z,208,0,8,Approved
347777,Descent,ak+q feat. 初音ミク V3 (English),Original,2014-10-17T00:00:00Z,365,0,0,Finished
323954,ワールドエンドリアクト,"ステッカー, ひよこみくる。 feat. 猫村いろは",Original,2014-10-17T00:00:00Z,200,1,3,Finished
286740,鏡の国のプレゼント,白いハエ feat. 波音リツ,Original,2014-10-17T00:00:00Z,131,1,3,Finished
261853,ミドリムシの歌,mya-mo feat. KAITO,Original,2014-10-17T00:00:00Z,128,0,0,Finished
248449,真実の詩,"Hiwa feat. 鏡音リン Append (Unknown), 鏡音レン Append (Unknown)",Original,2014-10-17T00:00:00Z,239,1,3,Finished
246389,Standby Mode,eワンコ風 feat. 初音ミク,Original,2014-10-17T00:00:00Z,286,0,0,Finished
224732,ループメモリー,雄之助 feat. 初音ミク,Original,2014-10-17T00:00:00Z,344,3,27,Finished
220859,電線ニンジャ,Sousai feat. V3 GUMI (Power),Original,2014-10-17T00:00:00Z,218,0,0,Finished
214600,雨の日のデートの前日は悪夢？,野々槻のの feat. 白鐘ヒスイ,Original,2014-10-17T00:00:00Z,316,1,3,Finished
209806,小さな物語,あめちぇ feat. 初音ミク,Original,2014-10-17T00:00:00Z,205,0,0,Finished
83611,臨界点をこえて,ILU feat. 鏡音リン Append (Unknown),Original,2014-01-05T00:00:00Z,277,0,0,Finished
81785,Floral blade,島白 feat. 初音ミク,Original,2014-01-05T00:00:00Z,309,2,6,Finished
78386,good sleep sheep,ほしおめ feat. 初音ミク,Original,2014-01-05T00:00:00Z,266,1,5,Finished
78371,FLOWER,負け犬P feat. V3 GUMI (Unknown),Original,2014-01-05T00:00:00Z,207,0,2,Finished
66439,東京ゾンビガール,よし屋P feat. 鏡音リン,Original,2014-01-05T00:00:00Z,202,0,0,Finished
62841,恋傷バニラソルト,かやのそと feat. 初音ミク V3 (Dark),Original,2014-01-05T00:00:00Z,314,2,6,Finished
59297,星見ヶ丘駅三番線プラットホーム,ニシカワタイヘイ feat. 雪歌ユフ,Original,2014-01-05T00:00:00Z,240,2,10,Finished
59094,過敏症,Cosmos and Chaos feat. さとうささら,Original,2014-01-05T00:00:00Z,170,1,3,Finished
54121,White Rain,TBA Girlfriend feat. 初音ミク,Original,2014-01-05T00:00:00Z,187,0,0,Finished
46588,Reincarnation,niceneet. feat. 巡音ルカ,Original,2014-01-05T00:00:00Z,262,1,3,Finished
60997,镜,"裕剑流 feat. 洛天依, 言和",Original,2014-06-18T00:00:00Z,205,1,5,Finished
59033,スポットライト,ムラサキツユクサ feat. kokone,Original,2014-06-18T00:00:00Z,238,0,0,Finished
58964,Future,"TAKERU, 夢光P feat. GUMI",Original,2014-06-18T00:00:00Z,291,0,2,Finished
58963,ぼくらのあかねいろ,テリア feat. 初音ミク Append (Dark),Original,2014-06-18T00:00:00Z,280,0,0,Finished
58961,ピーターパンシンドローム,"はまたい feat. 重音テト, 波音リツ, 櫻歌ミコ",Original,2014-06-18T00:00:00Z,266,1,7,Finished
58962,Song For The Void,はまたい feat. 佐村トミ,Original,2014-06-18T00:00:00Z,489,1,9,Finished
58941,Patchwork Guild,"はまたい feat. 欲音ルコ♀, 惡音キン",Original,2014-06-18T00:00:00Z,242,1,9,Finished
58938,寂寂寥寥,misa feat. 巡音ルカ,Original,2014-06-18T00:00:00Z,296,1,7,Finished
58937,スタイル,外道さん feat. 初音ミク V3 (English),Original,2014-06-18T00:00:00Z,211,0,0,Finished
58926,iolite,LIQ feat. 結月ゆかり,Original,2014-06-18T00:00:00Z,310,12,54,Finished
147521,逆襲,オトナシック feat. SF-A2 開発コード miki,Original,2014-01-29T00:00:00Z,216,0,0,Finished
145967,Today is Your Birthday,NoisyCell feat. 巡音ルカ,Original,2014-01-29T00:00:00Z,107,0,2,Finished
145789,星染,Radio tidaltail feat. 結月ゆかり,Original,2014-01-29T00:00:00Z,428,1,5,Finished
143591,生きられなかった明日,3時間P feat. IA ROCKS,Original,2014-01-29T00:00:00Z,339,0,2,Finished
125235,Crapetyle,ハイネケンP feat. 初音ミク,Original,2014-01-29T00:00:00Z,315,1,5,Finished
90229,存在の歌,wintercoffee feat. 初音ミク,Original,2014-01-29T00:00:00Z,188,0,0,Finished
89669,少し彼方,ジャム feat. V3 GUMI (Native),Original,2014-01-29T00:00:00Z,305,0,0,Finished
84093,next,うかく feat. 巡音ルカ,Original,2014-01-29T00:00:00Z,247,0,2,Finished
80922,ト・モ・ダ・チ,ぷにお feat. 唄音ウタ,Original,2014-01-29T00:00:00Z,233,1,3,Finished
79807,尿道ライオット,Yellow Squadron feat. 巡音ルカ,Original,2014-01-29T00:00:00Z,314,0,4,Finished
58672,その唇は媚薬なり,アキバヲタP feat. 東北ずん子,Original,2014-06-12T00:00:00Z,217,8,36,Finished
58635,存在証明,sizimi feat. 初音ミク,Original,2014-06-12T00:00:00Z,272,1,13,Finished
58632,ツギハギスタッカート,とあ feat. 初音ミク,Original,2014-06-12T00:00:00Z,251,157,885,Approved
58550,茹汁さがしと葡萄パンクラチオン,hanzo feat. 初音ミク,Original,2014-06-12T00:00:00Z,232,0,0,Finished
57447,달에게 3,튀김만두 feat. SeeU (Korean),Original,2014-06-12T00:00:00Z,270,0,0,Finished
933056,翼,Monde feat. 結月ゆかり,Original,2014-06-11T00:00:00Z,0,0,0,Finished
771529,朝の光,"楓山凉夢, kinn feat. 重音テト",Original,2014-06-11T00:00:00Z,304,0,0,Draft
728845,もっとずっと,來澄和樹 feat. VY1,Original,2014-06-11T00:00:00Z,268,0,0,Finished
728841,イロドリ,來澄和樹 feat. VY1,Original,2014-06-11T00:00:00Z,184,0,0,Finished
704421,27315_7.0,0k feat. 初音ミク,Original,2014-06-11T00:00:00Z,82,15,67,Approved
68018,おっぱいのうた,"ぽてんしゃる0 feat. GUMI, IA",Original,2014-09-16T00:00:00Z,270,2,12,Finished
67996,Break UP!!,TAKA feat. 初音ミク,Original,2014-09-16T00:00:00Z,234,0,4,Finished
67994,ダチュラと林檎,ねじ式 feat. 結月ゆかり,Original,2014-09-16T00:00:00Z,245,4,30,Finished
67990,Salty Resonance,FaeriMagic feat. Clara,Original,2014-09-16T00:00:00Z,222,1,5,Finished
67989,Ballroom Breakdown,"heart★breaker feat. Bruno, Clara",Original,2014-09-16T00:00:00Z,258,1,7,Finished
1002182,宇宙旅行,Kiryu Ren feat. KYO,Original,2014-09-15T00:00:00Z,300,0,0,Finished
913364,夏の終わりに,たけくも feat. 雪歌ユフ,Original,2014-09-15T00:00:00Z,235,0,0,Finished
821315,髪を乱して,魚っチ feat. IA,Original,2014-09-15T00:00:00Z,202,0,0,Finished
810602,ばっちりすとりんぐす！,H.tadanozomi feat. Rana,Original,2014-09-15T00:00:00Z,223,0,0,Finished
784299,耀くセカイ,ファル feat. IA,Original,2014-09-15T00:00:00Z,278,0,0,Finished
76477,とりあえず,森本ヒロシート feat. IA,Original,2014-03-08T00:00:00Z,311,0,0,Finished
70873,遠く行く君へ,Mascara feat. 初音ミク,Original,2014-03-08T00:00:00Z,194,0,0,Finished
70529,胎動,青屋夏生,Original,2014-03-08T00:00:00Z,246,1,3,Finished
69241,-The Wind Blows-,上級者向けP feat. KAITO V3 (Unknown),Original,2014-03-08T00:00:00Z,327,0,0,Finished
58761,黎と日の月,neilguse-il feat. GUMI,Original,2014-03-08T00:00:00Z,357,0,0,Finished
54700,春風の通い路,"yukki_ts feat. 巡音ルカ, 初音ミク",Original,2014-03-08T00:00:00Z,299,0,0,Finished
51819,夢音,LIPCONE feat. V3 GUMI (Native),Original,2014-03-08T00:00:00Z,263,0,2,Finished
50664,お片づけ,Various artists,Original,2014-03-08T00:00:00Z,230,1,3,Finished
50619,dependence,"はてぃ～ feat. 杏音, 鳥音",Original,2014-03-08T00:00:00Z,171,2,10,Finished
50616,STELLA 18,"jon-YAKITORY, 攻 feat. IA",Original,2014-03-08T00:00:00Z,213,3,13,Finished
288766,"The Power of Compassion,The Light of Wisdom","ryo-ske, ヒロトP feat. CUL",Original,2014-12-10T00:00:00Z,251,0,2,Finished
288608,ヒカリノサスホウエ,"ドッシー, やましぃP feat. 初音ミク",Original,2014-12-10T00:00:00Z,263,0,0,Finished
269028,勇気の羽,ポケケポ feat. 初音ミク,Original,2014-12-10T00:00:00Z,267,0,0,Finished
263055,上を向いて,shinten feat. 初音ミク,Original,2014-12-10T00:00:00Z,210,0,0,Finished
257115,リメンバーディセンバー,ょぅ feat. 初音ミク,Original,2014-12-10T00:00:00Z,272,0,0,Finished
255351,子 ギャル,hide feat. hide,Original,2014-12-10T00:00:00Z,301,4,28,Finished
236377,坂道にて,不破杞憂 feat. 初音ミク,Original,2014-12-10T00:00:00Z,274,0,0,Finished
214610,diagonal～対角戦の街,野々槻のの feat. 白鐘ヒスイ,Original,2014-12-10T00:00:00Z,266,1,3,Finished
193452,冰雪Brilliance†Affliction,ぶるんぼ feat. 初音ミク Append (Dark),Original,2014-12-10T00:00:00Z,357,0,0,Finished
189198,ネオン,ヒルヒ feat. 重音テト,Original,2014-12-10T00:00:00Z,375,1,3,Finished
161046,太陽の舟歌,RUHIA feat. GUMI,Original,2014-01-08T00:00:00Z,211,0,0,Finished
145998,Mary-Go-Round,ShinyaKiAN feat. KAITO V3 (English),Original,2014-01-08T00:00:00Z,244,0,0,Finished
123484,モヤモヤ逃避癖,かたつむりP feat. 初音ミク,Original,2014-01-08T00:00:00Z,235,1,5,Finished
84815,the_Land_of_Promise,"airbabe feat. 雪歌ユフ, 欲音ルコ♀",Original,2014-01-08T00:00:00Z,244,1,3,Finished
73318,その夜空が覚えてる,uta feat. 初音ミク,Original,2014-01-08T00:00:00Z,255,0,0,Finished
62885,Semangat,Ginan Nanz feat. 初音ミク V3 (Soft),Original,2014-01-08T00:00:00Z,169,0,0,Finished
51495,Lookin' for the FIRE,"Surwind feat. 初音ミク V3 (Unknown), 初音ミク V3 (English)",Original,2014-01-08T00:00:00Z,301,0,0,Finished
46443,Fixed Affection,BlazeZubark feat. AVANNA,Original,2014-01-08T00:00:00Z,274,1,3,Finished
46345,Kenapa Kamu Nyebelin Banget,"ittou, AniLuc Studio feat. 初音ミク",Original,2014-01-08T00:00:00Z,145,0,0,Finished
46330,週刊少女ジャンプ！！！,ヨシダシゲル feat. 初音ミク,Original,2014-01-08T00:00:00Z,232,1,3,Finished
54374,Cardiac Arrest,TBA Girlfriend feat. MAIKA,Original,2014-05-14T00:00:00Z,0,0,0,Draft
985900,さっちゃん,テレカP feat. 初音ミク,Original,2014-05-13T00:00:00Z,59,0,0,Finished
925086,my little delight,takaokatoshiya feat. 初音ミク V3 (English),Original,2014-05-13T00:00:00Z,183,0,0,Finished
880916,美しい日々,エフノジ feat. 初音ミク,Original,2014-05-13T00:00:00Z,236,0,0,Finished
877395,対人恐怖,"ランダムP feat. 重音テト, 和音マコ",Original,2014-05-13T00:00:00Z,127,0,0,Finished
877393,reverse world,ランダムP feat. 和音マコ,Original,2014-05-13T00:00:00Z,260,0,0,Finished
584610,ココロケーション,GU.,Original,2014-05-13T00:00:00Z,177,0,0,Draft
358043,perfect pure pink,"スラミ, corico feat. GUMI, 巡音ルカ",Original,2014-05-13T00:00:00Z,300,0,0,Finished
302895,ロンリーガール・ラストスマイル,D-∞ feat. 初音ミク,Original,2014-05-13T00:00:00Z,155,0,0,Finished
296603,エレクトリック・シスターズ,kabu330 feat. 初音ミク,Original,2014-05-13T00:00:00Z,199,0,0,Finished
366144,月下,"SHELL, 亜国 feat. 波音リツ キレ",Original,2014-06-01T00:00:00Z,218,0,2,Finished
349570,あなたを愛したその日まで,kaname_kiki feat. 初音ミク Append (Dark),Original,2014-06-01T00:00:00Z,238,0,0,Finished
336119,ドッペルゲンガー,まことEX feat. 初音ミク,Original,2014-06-01T00:00:00Z,232,0,0,Finished
327304,甘い香りに誘われて,Yuukun.L.S feat. 初音ミク,Original,2014-06-01T00:00:00Z,191,1,3,Finished
324022,たのしいおうた,"誕プレP feat. GUMI, 破壊音マイコ",Original,2014-06-01T00:00:00Z,157,1,5,Finished
305720,Forgotten Melodies,kotaro feat. KAITO V3 (Unknown),Original,2014-06-01T00:00:00Z,237,0,0,Finished
305069,夏のレクイエム,Supersugayan feat. GUMI,Original,2014-06-01T00:00:00Z,304,0,0,Finished
288617,絶望ライフ,ドッシー feat. 初音ミク,Original,2014-06-01T00:00:00Z,188,0,0,Finished
260312,クローバー,ゆたんぽねこ feat. 初音ミク,Original,2014-06-01T00:00:00Z,260,0,0,Finished
249451,輪廻モノガタリ,おとよいＰ feat. さとうささら,Original,2014-06-01T00:00:00Z,235,1,3,Finished
289011,春夜恋,弥 -Amane- feat. kokone,Original,2014-04-05T00:00:00Z,216,0,0,Finished
288518,STARDUST,デコシャビ(オイヨ) feat. 重音テト,Original,2014-04-05T00:00:00Z,275,1,3,Finished
267686,とまどい ～Now is the happy～,Gillthim feat. MEIKO,Original,2014-04-05T00:00:00Z,285,0,0,Finished
264917,チェリストと少年の夢,thom feat. GUMI,Original,2014-04-05T00:00:00Z,346,0,0,Finished
211517,スイートキャンディ,"薙, PokePika feat. 鏡音レン",Original,2014-04-05T00:00:00Z,210,1,3,Finished
209500,ハレルヤ有頂天,taiyo feat. IA,Original,2014-04-05T00:00:00Z,297,0,0,Finished
209063,やぎさん,"はまたい feat. 春歌ナナ, 惡音キン",Original,2014-04-05T00:00:00Z,191,1,3,Finished
147328,～初恋～,ぱるねP feat. 初音ミク,Original,2014-04-05T00:00:00Z,220,0,2,Finished
141204,残響雨天-Rain-,オーエゐチP feat. 初音ミク,Original,2014-04-05T00:00:00Z,294,0,0,Finished
121107,Night color,LMEE feat. 巡音ルカ,Original,2014-04-05T00:00:00Z,420,2,12,Finished
145549,世界が終わる三日前,ケダルイ feat. IA,Original,2014-03-11T00:00:00Z,221,0,0,Finished
140605,LABYRINTH,ヘプタ feat. various,Original,2014-03-11T00:00:00Z,247,3,13,Finished
117540,クウを切る、空の旋律,PIA feat. Lily,Original,2014-03-11T00:00:00Z,314,1,3,Finished
112395,貝殻,"四半世紀P, ひよこみくる。 feat. 結月ゆかり, KAITO",Original,2014-03-11T00:00:00Z,247,0,0,Finished
105169,한밤의꿈,칙쇼네코 feat. SeeU (Korean),Original,2014-03-11T00:00:00Z,134,1,3,Finished
99838,Wishing Stars,Various artists,Original,2014-03-11T00:00:00Z,249,0,0,Finished
81421,痛みのレクイエム,"D-∞, 牡丹 feat. IA",Original,2014-03-11T00:00:00Z,199,0,0,Finished
70600,C,金谷 feat. 桃音モモ,Original,2014-03-11T00:00:00Z,314,1,7,Finished
67940,Solitaria Agonía,"Jezoyam, Takemura Kimz feat. MAIKA",Original,2014-03-11T00:00:00Z,212,0,0,Finished
67931,Yo te espero (Pan con Chocolate - Episodio 0),AlexTrip Sands feat. MAIKA,Original,2014-03-11T00:00:00Z,275,2,16,Finished
62761,Anti Selector,糞田舎P feat. 初音ミク,Original,2014-07-31T00:00:00Z,230,1,9,Finished
32024,Beyond the Horizon,ニシジマユーキ feat. IA,Original,2014-07-31T00:00:00Z,391,4,16,Finished
908209,eternal,nwnw feat. 戯歌ラカン,Original,2014-07-30T00:00:00Z,252,0,0,Finished
890565,난 노래해 ~수컷매미의 노래~,넵투리 feat. SeeU (Korean),Original,2014-07-30T00:00:00Z,283,0,0,Finished
879021,WISH,りお feat. 初音ミク,Original,2014-07-30T00:00:00Z,240,0,0,Finished
724774,機械時計式カレイドスコープ,活動休止中のレミマコネ feat. 鏡音リン,Original,2014-07-30T00:00:00Z,309,0,0,Finished
720818,Worker Safety,moderate feat. IA,Original,2014-07-30T00:00:00Z,214,0,0,Finished
682150,Clear Color,ランダムP feat. 重音テト,Original,2014-07-30T00:00:00Z,290,0,0,Finished
624769,空花火,datenohokori feat. 初音ミク,Original,2014-07-30T00:00:00Z,249,0,0,Finished
624616,時よ,"Aポエット feat. 重音テト, 唄音ウタ",Original,2014-07-30T00:00:00Z,176,0,0,Finished
75089,ビスクドールのルネ,るえいぴ feat. 初音ミク V3 (Unknown),Original,2014-04-22T00:00:00Z,305,0,0,Finished
60788,底抜けBLUE,夢叶1010 feat. 初音ミク,Original,2014-04-22T00:00:00Z,263,0,0,Finished
56687,いつかどこかで,渡子ユキ feat. SF-A2 開発コード miki,Original,2014-04-22T00:00:00Z,183,0,0,Finished
55199,レトロイメライ,TaKU.K feat. GUMI,Original,2014-04-22T00:00:00Z,222,0,0,Finished
55196,君を見た光,ヒッキーP feat. 鏡音リン,Original,2014-04-22T00:00:00Z,166,9,45,Finished
55195,ミゾレナミダ,6410 feat. 雪歌ユフ,Original,2014-04-22T00:00:00Z,315,1,3,Finished
55194,ゆくえ知れず,今日犬 feat. 初音ミク,Original,2014-04-22T00:00:00Z,210,0,0,Finished
55192,らっきー☆ですとろいやー,綿飴 feat. 初音ミク V3 (Solid),Original,2014-04-22T00:00:00Z,193,0,0,Finished
55191,茜色の街,ペココ feat. GUMI,Original,2014-04-22T00:00:00Z,234,1,3,Finished
55118,曲芸女王様,TaKa NoMe feat. 巡音ルカ,Original,2014-04-22T00:00:00Z,226,0,4,Finished
706589,Naughty Girl,"礒合穂高, UZ feat. 初音ミク, IA",Original,2014-07-19T00:00:00Z,240,0,0,Finished
698907,迷宮日誌,とびP feat. 初音ミク,Original,2014-07-19T00:00:00Z,159,0,0,Finished
633483,僕なりのプロポーズ,進藤博之 feat. 初音ミク,Original,2014-07-19T00:00:00Z,250,0,0,Finished
633482,情けない僕,進藤博之 feat. 初音ミク,Original,2014-07-19T00:00:00Z,218,0,0,Finished
633481,誠ある人であれ,進藤博之 feat. 初音ミク,Original,2014-07-19T00:00:00Z,234,0,0,Finished
624645,爬虫類,"Aポエット feat. 重音テト, 唄音ウタ",Original,2014-07-19T00:00:00Z,243,0,0,Finished
624630,猫声,"Aポエット feat. 重音テト, 唄音ウタ",Original,2014-07-19T00:00:00Z,210,0,0,Finished
392817,キマグレプレゼント,のわうささ feat. IA,Original,2014-07-19T00:00:00Z,112,0,0,Finished
344008,青葉と疾走,ぞうきん feat. 初音ミク,Original,2014-07-19T00:00:00Z,243,0,0,Finished
332404,扶桑のあした,エクライト feat. 東北ずん子,Original,2014-07-19T00:00:00Z,213,0,0,Finished
52861,ファンタジー～夢見る想い～,U-ji feat. 初音ミク,Original,2014-04-27T00:00:00Z,311,0,0,Finished
52862,あたらしい街,あつぞうくん feat. 初音ミク,Original,2014-04-27T00:00:00Z,279,1,7,Finished
52863,ending,"あつぞうくん, れいな",Original,2014-04-27T00:00:00Z,56,0,0,Finished
52853,Dear my doll,OSTER project feat. KAITO,Original,2014-04-27T00:00:00Z,277,0,2,Finished
52844,プラタナス,ざわぴー feat. GUMI,Original,2014-04-27T00:00:00Z,222,0,0,Finished
52843,Don't you know? 知りたいの,ベーコンP feat. GUMI,Original,2014-04-27T00:00:00Z,208,0,0,Finished
51482,stalker,じろうす feat. GUMI,Original,2014-04-27T00:00:00Z,0,0,0,Draft
51483,Insulation,"yaka feat. 鏡音リン, 破壊音マイコ",Original,2014-04-27T00:00:00Z,135,4,14,Finished
51484,DisposableEncounters,"くろいはるき feat. 鏡音リン, 兎眠りおん",Original,2014-04-27T00:00:00Z,222,1,5,Finished
51487,Life of morons,くろいはるき feat. 兎眠りおん,Original,2014-04-27T00:00:00Z,207,1,5,Finished
472983,はじまりの終わり,あきんど feat. さとうささら,Original,2014-04-27T00:00:00Z,131,0,0,Finished
462703,えりこの晩飯,ebi feat. 蒼姫ラピス,Original,2014-04-27T00:00:00Z,328,0,0,Finished
431076,おかあさん,てんき feat. 鏡音リン,Original,2014-04-27T00:00:00Z,225,0,0,Finished
418712,Sweet Harmony,"ふじたつP feat. 初音ミク, 巡音ルカ",Original,2014-04-27T00:00:00Z,356,0,0,Finished
377349,花と音楽とnaturalWORLD,"ヨマ, 木下めろん feat. 結月ゆかり",Original,2014-04-27T00:00:00Z,207,0,0,Finished
372390,サクラサワイダ,綴。 feat. さとうささら,Original,2014-04-27T00:00:00Z,209,0,0,Finished
358754,ロールパンダンス,とっぽP feat. 鏡音レン,Original,2014-04-27T00:00:00Z,0,0,0,Finished
358753,捏象／現象,とっぽP feat. 鏡音レン,Original,2014-04-27T00:00:00Z,0,0,0,Finished
358752,ラワライカン,とっぽP feat. 鏡音レン,Original,2014-04-27T00:00:00Z,0,0,0,Finished
358751,シークレット黒子ダイル,とっぽP feat. 鏡音レン,Original,2014-04-27T00:00:00Z,0,0,0,Finished
78501,Mine,PuFFcorn feat. 洛天依,Original,2014-12-25T00:00:00Z,238,1,5,Finished
76853,ＲＰＧクリスマス,とある中間管理職 feat. 初音ミク,Original,2014-12-25T00:00:00Z,83,0,2,Finished
76768,良い子のための爆発しないX'mas,no_my feat. 初音ミク,Original,2014-12-25T00:00:00Z,295,0,4,Finished
76767,Love You More (Than Words Can Say),Alice In Black feat. AVANNA,Original,2014-12-25T00:00:00Z,163,1,3,Finished
76725,ネガティブキャンペーン,残響P feat. 鏡音リン,Original,2014-12-25T00:00:00Z,197,2,12,Finished
76700,Enseñanza De Amor [Especial Original De Navidad],AJ/Music feat. various,Original,2014-12-25T00:00:00Z,276,0,0,Finished
76699,Pr☆messe,"SHINDEHAI, Phundrak feat. ALYS",Original,2014-12-25T00:00:00Z,296,2,14,Finished
76661,LANIAKEA,coralmines feat. 初音ミク V3 (English),Original,2014-12-25T00:00:00Z,428,3,21,Finished
931413,月蝕コンクリフト,零時十分 feat. 初音ミク,Original,2014-12-24T00:00:00Z,251,0,0,Finished
926974,目に見える世界,台所 feat. 初音ミク,Original,2014-12-24T00:00:00Z,221,0,0,Finished
907087,Eternal Red,"九条 わた feat. IA, GUMI",Original,2014-04-20T00:00:00Z,211,0,0,Finished
897322,真夜中に,tern feat. 初音ミク V3 (Unknown),Original,2014-04-20T00:00:00Z,82,0,0,Finished
833617,ミザリィ,グンマーＰ feat. 滲音かこい,Original,2014-04-20T00:00:00Z,250,0,0,Finished
810599,MINA LIAR,H.tadanozomi feat. 初音ミク,Original,2014-04-20T00:00:00Z,218,0,0,Finished
744460,ミジュク星人,hisa5 feat. Sinsy (Unknown),Original,2014-04-20T00:00:00Z,223,0,0,Finished
724711,向日葵,"かっつん♪ feat. GUMI, 結月ゆかり",Original,2014-04-20T00:00:00Z,214,0,0,Finished
711493,serial killer from hell,自由-ｐ feat. 巡音ルカ,Original,2014-04-20T00:00:00Z,166,0,0,Finished
706005,恋々歌,とB feat. 鏡音レン,Original,2014-04-20T00:00:00Z,195,0,0,Finished
704419,恋とは似て非なるもの,kozzy feat. 初音ミク Append (Dark),Original,2014-04-20T00:00:00Z,281,0,0,Finished
699363,エターナルファイト,starryfall feat. KAITO,Original,2014-04-20T00:00:00Z,181,0,0,Finished
106756,ワンダーランドと錻,クロワッサンシカゴ feat. 初音ミク,Original,2015-11-20T00:00:00Z,147,0,2,Finished
106757,海底ラボラトリ,クロワッサンシカゴ feat. 初音ミク,Original,2015-11-20T00:00:00Z,172,1,9,Finished
106758,誕生日,クロワッサンシカゴ feat. 初音ミク,Original,2015-11-20T00:00:00Z,219,1,13,Finished
106759,ソファの上で,クロワッサンシカゴ feat. 初音ミク,Original,2015-11-20T00:00:00Z,189,0,2,Finished
106760,光の海,クロワッサンシカゴ feat. 初音ミク,Original,2015-11-20T00:00:00Z,242,0,2,Finished
106747,開拓と掃除,クロワッサンシカゴ feat. 初音ミク,Original,2015-11-20T00:00:00Z,265,0,2,Finished
106748,ある鼎談,クロワッサンシカゴ feat. 初音ミク,Original,2015-11-20T00:00:00Z,205,0,2,Finished
106749,衒学,クロワッサンシカゴ feat. 初音ミク,Original,2015-11-20T00:00:00Z,268,0,2,Finished
106750,発明家A,クロワッサンシカゴ feat. 初音ミク,Original,2015-11-20T00:00:00Z,174,0,2,Finished
106751,オプアート,クロワッサンシカゴ feat. 初音ミク,Original,2015-11-20T00:00:00Z,176,0,2,Finished
91580,終わらないレインフォール,"牙音, まずらぼ feat. 狼音アロ",Original,2015-07-13T00:00:00Z,300,2,10,Finished
91575,デジタルロスト,ハノア feat. GUMI,Original,2015-07-13T00:00:00Z,247,0,2,Finished
91558,Tonight in the Rain,環ネコ feat. 巡音ルカ,Original,2015-07-13T00:00:00Z,269,4,18,Finished
90554,Horizon,Miki-P feat. 初音ミク V3 (Original),Original,2015-07-13T00:00:00Z,85,0,0,Finished
90552,Golden Sheet,Anwar Louis feat. V3 GUMI (English),Original,2015-07-13T00:00:00Z,288,1,3,Finished
90551,Glass Pyramid,Anwar Louis feat. V3 GUMI (English),Original,2015-07-13T00:00:00Z,101,0,0,Finished
937490,Re:cycle Juke Box,YamaPeee feat. 初音ミク,Original,2015-07-12T00:00:00Z,200,0,0,Finished
937489,Rain,かぢ feat. 初音ミク V3 (English),Original,2015-07-12T00:00:00Z,111,0,0,Finished
926972,ワルツのように,台所 feat. 初音ミク,Original,2015-07-12T00:00:00Z,211,0,0,Finished
917392,SWITCH-ON !!!,野村ヤスユキ feat. 初音ミク,Original,2015-07-12T00:00:00Z,34,0,0,Finished
105160,窓辺の即興曲,オワタP feat. 初音ミク,Original,2015-11-08T00:00:00Z,254,1,5,Finished
105151,残像とメモリー,如月ましろ feat. 東北ずん子,Original,2015-11-08T00:00:00Z,289,0,0,Draft
926920,今、逢いに行くから,easel feat. 初音ミク,Original,2015-11-07T00:00:00Z,341,0,0,Finished
912878,桜花,阿治志貴タカヒコネ feat. 初音ミク,Original,2015-11-07T00:00:00Z,360,0,0,Finished
912877,アンチボーイ　ミーツ　ドリーム,しょぼい井上 feat. 初音ミク,Original,2015-11-07T00:00:00Z,246,0,0,Finished
893068,Love,Syvis Entertainment feat. Ruby,Original,2015-11-07T00:00:00Z,188,0,0,Finished
646539,チンジャオロース,ポンくろ feat. GUMI,Original,2015-11-07T00:00:00Z,32,0,0,Finished
624349,ささ水,"Aポエット feat. 重音テト, 唄音ウタ",Original,2015-11-07T00:00:00Z,169,0,0,Finished
624332,紅葉,"Aポエット feat. 重音テト, 唄音ウタ",Original,2015-11-07T00:00:00Z,177,0,0,Finished
611230,キミの笑顔,"SAKUPAPA feat. GUMI, 初音ミク",Original,2015-11-07T00:00:00Z,208,0,0,Finished
108209,女々しくてっぽくて,ぱるねP feat. Rana,Original,2015-01-04T00:00:00Z,164,1,3,Finished
107149,サンプルをチョップしたらタイムスリップした,"鈴木凹 feat. 鏡音リン, GUMI",Original,2015-01-04T00:00:00Z,210,0,4,Draft
100234,last song,スパイダー feat. 初音ミク V3 (Unknown),Original,2015-01-04T00:00:00Z,231,0,0,Finished
99830,Prayer For Albion,"Lyle Music feat. MIRIAM, AVANNA",Original,2015-01-04T00:00:00Z,329,1,3,Finished
81577,サグル,ちじょう feat. 初音ミク,Original,2015-01-04T00:00:00Z,167,0,0,Finished
78379,No is music,ほしおめ feat. 初音ミク,Original,2015-01-04T00:00:00Z,291,0,4,Finished
78146,Utopipatriotis,Artvelous feat. IA,Original,2015-01-04T00:00:00Z,247,0,0,Finished
78136,彼女は何も悪くない,メンヘラひよこ feat. 初音ミク,Original,2015-01-04T00:00:00Z,191,0,0,Finished
78019,"Meditation, crimson dawn",マエストロP feat. KAITO V3 (Unknown),Original,2015-01-04T00:00:00Z,233,0,0,Finished
78016,Feather Flow,Kuroneko Lounge feat. マクネナナ (日本語),Original,2015-01-04T00:00:00Z,224,0,4,Finished
90678,我が血よ　その糧と成れ,戒斗 feat. 結月ゆかり,Original,2015-05-15T00:00:00Z,244,2,8,Finished
90160,voyage,"tekalu, 99 feat. 初音ミク",Original,2015-05-15T00:00:00Z,369,0,2,Finished
88708,風音の消失,"Merry Rabbit, 史織 feat. 初音ミク",Original,2015-05-15T00:00:00Z,246,0,0,Finished
88707,瑠璃に想いを添えて。,Elm feat. GUMI,Original,2015-05-15T00:00:00Z,286,1,3,Finished
88706,生ける世の些細な出来事,"説環, 文集P feat. V3 GUMI (Sweet)",Original,2015-05-15T00:00:00Z,247,0,0,Finished
88705,声が届かないのなら,からとP feat. 巡音ルカ,Original,2015-05-15T00:00:00Z,209,2,6,Finished
88704,トワイライト,"r0y, チョコラテP feat. 結月ゆかり",Original,2015-05-15T00:00:00Z,266,1,3,Finished
88702,missing,かぴるす feat. 初音ミク,Original,2015-05-15T00:00:00Z,248,1,5,Finished
88701,-ウルティメイト-,-K- feat. IA,Original,2015-05-15T00:00:00Z,214,1,9,Finished
88700,エゴワナビスタ,綴。 feat. GUMI,Original,2015-05-15T00:00:00Z,221,0,2,Finished
227745,ライン,mametfire feat. 初音ミク,Original,2015-04-21T00:00:00Z,305,1,3,Finished
211210,ESKARINA,Nynthixia feat. 歌幡メイジ,Original,2015-04-21T00:00:00Z,299,1,3,Finished
211208,Virtual Puppets,Nynthixia feat. 暗鳴ニュイ,Original,2015-04-21T00:00:00Z,220,2,8,Finished
211209,Sanae,Nynthixia feat. 暗鳴ニュイ,Original,2015-04-21T00:00:00Z,235,1,3,Finished
211206,Ismene,Nynthixia feat. 歌幡メイジ,Original,2015-04-21T00:00:00Z,256,1,5,Finished
211207,Anti-Sense,Nynthixia feat. 暗鳴ニュイ,Original,2015-04-21T00:00:00Z,322,1,7,Finished
211204,Cordelia,Nynthixia feat. 桃音モモ,Original,2015-04-21T00:00:00Z,272,1,3,Finished
211202,Zerlina,Nynthixia feat. 波音リツ,Original,2015-04-21T00:00:00Z,263,1,5,Finished
211203,ELYSIUM,"Nynthixia feat. 桃音モモ, 波音リツ",Original,2015-04-21T00:00:00Z,0,2,6,Finished
206782,ペルシャ猫のぺるちゃん,"anokano feat. 杏音, 鳥音",Original,2015-04-21T00:00:00Z,177,0,0,Finished
87176,夜にさよなら,ゆうたろちゃん feat. 初音ミク,Original,2015-04-28T00:00:00Z,237,0,0,Finished
87174,Resound,Esdy feat. IA,Original,2015-04-28T00:00:00Z,260,0,0,Finished
86795,手の鳴るほうへ,薄塩指数 feat. 重音テト,Original,2015-04-28T00:00:00Z,206,5,25,Finished
50961,Dyed the snow,AltoNize feat. 初音ミク Append (Dark),Original,2015-04-28T00:00:00Z,184,2,10,Finished
50960,ナミダアメ,AltoNize feat. 初音ミク Append (Sweet),Original,2015-04-28T00:00:00Z,259,1,3,Finished
50959,Blue Sign,AltoNize feat. 初音ミク Append (Dark),Original,2015-04-28T00:00:00Z,269,2,8,Finished
916204,三三七拍子,__ feat. 初音ミク,Original,2015-04-27T00:00:00Z,621,0,0,Finished
898717,〜旅猫〜,名前のない動物園 feat. 巡音ルカ,Original,2015-04-27T00:00:00Z,232,0,0,Finished
882726,クリーム,MSSサウンドシステム feat. 雪歌ユフ,Original,2015-04-27T00:00:00Z,247,2,6,Finished
699427,咲いたよリンシャン,starryfall feat. 初音ミク,Original,2015-04-27T00:00:00Z,173,0,0,Finished
204100,ふしぎがいっぱい,"Woodchuck feat. 初音ミク, 春歌ナナ",Original,2015-11-09T00:00:00Z,98,1,3,Finished
182392,コウフクナナキガラ,沁耶 feat. 初音ミク,Original,2015-11-09T00:00:00Z,206,0,0,Finished
180658,Misery's End,冬夜未戌 feat. 結月ゆかり V4 (凛),Original,2015-11-09T00:00:00Z,200,0,0,Finished
150301,週末の亡霊 [kill your weekend],cicada_sss feat. 初音ミク,Original,2015-11-09T00:00:00Z,185,0,0,Finished
130235,寂しがりやのあなたへ,星峰沙樹 feat. V3 GUMI (Whisper),Original,2015-11-09T00:00:00Z,446,0,0,Finished
124066,COLOR,オカメP feat. 初音ミク,Original,2015-11-09T00:00:00Z,226,10,70,Finished
115219,初次的旋律,"H+, 雨雪 feat. 夏語遙",Original,2015-11-09T00:00:00Z,159,1,5,Finished
105336,斜陽,ビーカーP feat. 初音ミク,Original,2015-11-09T00:00:00Z,253,0,2,Finished
105327,Looping Room,いるかアイス feat. 初音ミク,Original,2015-11-09T00:00:00Z,272,2,6,Finished
105260,アルファ・チャンネル,mayrock feat. 重音テト,Original,2015-11-09T00:00:00Z,189,2,12,Finished
108086,青春グラフィティ,"鈴掛ヨモギ feat. 初音ミク Append (Sweet), IA",Original,2015-04-23T00:00:00Z,238,0,2,Finished
98601,Aspartame,Sob Story feat. V3 GUMI (English),Original,2015-04-23T00:00:00Z,252,0,2,Finished
86719,방랑,비 고양이 feat. SeeU (Korean),Original,2015-04-23T00:00:00Z,338,0,4,Finished
86599,Why Don't You Do Your Best?,めてぃ feat. MEIKO,Original,2015-04-23T00:00:00Z,248,1,5,Finished
86598,ピープ,おさる feat. 初音ミク,Original,2015-04-23T00:00:00Z,170,1,7,Finished
86565,君のとなり,つよぽそ feat. 蒼姫ラピス,Original,2015-04-23T00:00:00Z,241,1,7,Finished
86564,ハッピーエンドを探しに,MI8k feat. GUMI,Original,2015-04-23T00:00:00Z,254,1,7,Finished
86562,春吹雪,しばいぬ feat. 巡音ルカ V4X (Unknown),Original,2015-04-23T00:00:00Z,276,0,2,Finished
86552,風姿花伝,ORYO feat. GUMI,Original,2015-04-23T00:00:00Z,286,1,9,Finished
86551,途轍もない恐怖,"ロレロ feat. 鏡音リン, 鏡音レン",Original,2015-04-23T00:00:00Z,207,1,3,Finished
625317,筋雲,"Aポエット feat. 重音テト, 唄音ウタ",Original,2015-09-15T00:00:00Z,214,0,0,Finished
387254,恋のわんだーらんど,魔法瓶 feat. 歌愛ユキ,Original,2015-09-15T00:00:00Z,222,0,0,Finished
344054,LIAR WORLD,"悠音 feat. 重音テト, 健音テイ",Original,2015-09-15T00:00:00Z,205,0,0,Finished
342223,Brilliant stars,neXus feat. kokone,Original,2015-09-15T00:00:00Z,301,1,3,Finished
322266,LAZY！,aquanu feat. 楓歌コト,Original,2015-09-15T00:00:00Z,195,0,0,Finished
290562,True Delight,Asarima feat. 重音テト,Original,2015-09-15T00:00:00Z,334,2,6,Finished
211595,マジカルダイナミックパンチ,ひえ feat. IA,Original,2015-09-15T00:00:00Z,182,0,0,Finished
210663,僕と君の空模様,P-nimWorks feat. Rana,Original,2015-09-15T00:00:00Z,260,0,0,Finished
196093,Last Bus,WhamPanda feat. Daisy (Chipspeech),Original,2015-09-15T00:00:00Z,179,1,3,Finished
182750,残酷な試験,"ゆうなぎ いく feat. KAITO, 初音ミク",Original,2015-09-15T00:00:00Z,249,0,0,Finished
158475,NO ONE IS...,xxxxxxxxx feat. IA,Original,2015-08-18T00:00:00Z,175,0,2,Finished
154255,最後のVOCALOID,ANGL feat. VY1V4 (Unknown),Original,2015-08-18T00:00:00Z,289,0,0,Finished
141926,挑戦,"上級者向けP feat. VY2V3 (Unknown), KAITO V3 (Unknown)",Original,2015-08-18T00:00:00Z,249,0,0,Finished
132848,龙耀无双,"Mimi, 花儿不哭 feat. 乐正绫",Original,2015-08-18T00:00:00Z,205,1,3,Finished
121516,キミは太陽,NGC222 feat. IA,Original,2015-08-18T00:00:00Z,237,0,0,Finished
108182,オンナゴコロとミクゴコロ,けんちゃんぐP feat. 初音ミク,Original,2015-08-18T00:00:00Z,218,0,0,Finished
101297,ボクラトカ≠ボクラシカ,ある調味料 feat. 空唄カナタ,Original,2015-08-18T00:00:00Z,202,1,3,Finished
100612,Cry,Mina Moonrise feat. MIRIAM,Original,2015-08-18T00:00:00Z,272,1,3,Finished
100115,君と僕がいた夏,種田こゆき feat. 初音ミク,Original,2015-08-18T00:00:00Z,236,0,0,Finished
99977,終わりと始まりのシューゲイザー,suga feat. 初音ミク,Original,2015-08-18T00:00:00Z,305,1,3,Finished
84731,琥珀と君と。,香辛料P feat. 重音テト,Original,2015-04-01T00:00:00Z,236,1,3,Finished
84711,Night Sound Theme,緊急ゆるポート feat. 初音ミク,Original,2015-04-01T00:00:00Z,143,1,3,Finished
84708,taletuber,lightspop feat. 初音ミク,Original,2015-04-01T00:00:00Z,290,3,15,Finished
84679,だんだん高くなる,40mP feat. 初音ミク,Original,2015-04-01T00:00:00Z,145,7,59,Finished
84648,Cocoa,QUQU HACHIJU feat. 初音ミク,Original,2015-04-01T00:00:00Z,262,1,11,Finished
84638,Alvitr,Daisuke Ohnuma feat. MIRIAM,Original,2015-04-01T00:00:00Z,403,3,13,Finished
84639,Virtual Reality (DnB Mix),Mwk feat. 初音ミク,Original,2015-04-01T00:00:00Z,274,9,46,Finished
83726,フランケンの庭,Johan Plus Kei feat. 東北ずん子,Original,2015-04-01T00:00:00Z,245,1,3,Finished
78731,目に焼き付いた物語,じん,Original,2015-04-01T00:00:00Z,128,0,0,Finished
78732,無力な僕と姉ちゃんと,ANANT-GARDE EYES,Original,2015-04-01T00:00:00Z,155,0,0,Draft
146124,モノトーン,ta-ku feat. Lily,Original,2015-03-04T00:00:00Z,297,0,0,Finished
146121,道の記憶,Red Chronos feat. Lily,Original,2015-03-04T00:00:00Z,264,0,0,Finished
146118,恋愛真最中,桜田伸次 feat. Lily,Original,2015-03-04T00:00:00Z,328,0,0,Finished
146093,太陽,桜田伸次 feat. Lily,Original,2015-03-04T00:00:00Z,245,0,0,Finished
146067,叶わぬ恋,yasuo feat. Lily,Original,2015-03-04T00:00:00Z,206,0,0,Finished
146063,刹那～remember you～,ELKA feat. Lily,Original,2015-03-04T00:00:00Z,273,0,0,Finished
143715,Darkness 怖いの,豆柴侍 feat. Lily,Original,2015-03-04T00:00:00Z,228,0,0,Finished
143712,軌跡と悠久の欠片,みゅうえん feat. Lily,Original,2015-03-04T00:00:00Z,212,0,0,Finished
131404,君が受け入れた暗闇,沢木結 feat. Lily,Original,2015-03-04T00:00:00Z,276,0,0,Finished
131399,Diamond Dust -another story-,沢木結 feat. Lily,Original,2015-03-04T00:00:00Z,278,0,0,Finished
85811,理由あって未だ,ぬゆり feat. GUMI,Original,2015-04-15T00:00:00Z,192,0,2,Finished
85813,リトルランプライト,Eight feat. 初音ミク,Original,2015-04-15T00:00:00Z,264,4,42,Finished
85815,宵の星,n-buna feat. 初音ミク,Original,2015-04-15T00:00:00Z,211,3,9,Finished
85809,I still love you,おこさまP feat. GUMI,Original,2015-04-15T00:00:00Z,302,0,0,Finished
85808,なないろトレイン,Niiro feat. GUMI,Original,2015-04-15T00:00:00Z,168,0,0,Finished
85804,Killer smile,yksb feat. IA,Original,2015-04-15T00:00:00Z,211,11,49,Finished
85803,鏡うつし,久散 feat. 初音ミク,Original,2015-04-15T00:00:00Z,202,0,2,Finished
85770,華麗なダブルプレー,starryfall feat. 初音ミク,Original,2015-04-15T00:00:00Z,149,0,0,Finished
85152,群青シンドローム,0o0 feat. 初音ミク,Original,2015-04-15T00:00:00Z,265,1,3,Finished
84908,M.A.Y.U.,Ryu☆ feat. MAYU,Original,2015-04-15T00:00:00Z,207,8,45,Finished
129898,Brutus,Kanjo feat. 夜音ミミ,Original,2015-11-07T00:00:00Z,205,1,5,Finished
120480,魔女の奏でる太陽と月の歌劇,sunon feat. IA,Original,2015-11-07T00:00:00Z,293,0,10,Finished
113801,Hollow Trees,ShinyaKiAN feat. KAITO V3 (English),Original,2015-11-07T00:00:00Z,218,0,0,Finished
106793,信仰,擾鸞 feat. 初音ミク,Original,2015-11-07T00:00:00Z,290,2,8,Finished
105414,冬天的螳螂碎片,"kausz, 心 feat. 言和",Original,2015-11-07T00:00:00Z,224,1,5,Finished
105278,かてい,しろにゃん feat. 初音ミク Append (Soft),Original,2015-11-07T00:00:00Z,304,1,3,Finished
105222,Space Jungle,てんつ feat. 初音ミク,Original,2015-11-07T00:00:00Z,287,0,2,Finished
105221,Alone,momoyarou feat. 初音ミク,Original,2015-11-07T00:00:00Z,249,1,3,Finished
105150,Star,"fowl04, さまぐら feat. 初音ミク",Original,2015-11-07T00:00:00Z,253,0,0,Finished
105149,Last Wish,jiji feat. 初音ミク,Original,2015-11-07T00:00:00Z,268,0,0,Finished
85019,食べて飲んで生きて,斉藤一 feat. 初音ミク,Original,2015-03-22T00:00:00Z,216,0,0,Finished
84870,The Rhythm to Realize,TOMOKI++ feat. 巡音ルカ V4X (Unknown),Original,2015-03-22T00:00:00Z,370,0,0,Finished
84054,昼星夢見る立葵,yeahyoutoo feat. 初音ミク V3 (Unknown),Original,2015-03-22T00:00:00Z,266,0,2,Finished
84048,サテライト,MCI_Error feat. 巡音ルカ V4X (Unknown),Original,2015-03-22T00:00:00Z,256,1,7,Finished
84023,ニンゲンカンケイ,えいちき feat. 巡音ルカ V4X (Unknown),Original,2015-03-22T00:00:00Z,236,0,0,Finished
84022,despair,CROSS feat. 巡音ルカ V4X (Unknown),Original,2015-03-22T00:00:00Z,254,0,0,Finished
84019,お気に召すまま春風に,"しろねこ feat. IA, 初音ミク",Original,2015-03-22T00:00:00Z,281,0,0,Finished
83987,DISTANCE,"BIGHEAD, EmpathP feat. 初音ミク V3 (English), 巡音ルカ V4X English (Straight)",Original,2015-03-22T00:00:00Z,248,4,16,Finished
83985,colors,LMEE feat. 巡音ルカ V4X (Unknown),Original,2015-03-22T00:00:00Z,345,2,20,Finished
83984,海に生きる,"ねこむら, cat nap feat. 初音ミク",Original,2015-03-22T00:00:00Z,302,0,0,Finished
101053,High school days,Erica Vermilion feat. 結月ゆかり,Original,2015-08-24T00:00:00Z,259,0,2,Finished
99687,Memento,Solbasa feat. 巡音ルカ V4X (Unknown),Original,2015-08-24T00:00:00Z,340,1,3,Finished
99611,Scene-碧,korby feat. 初音ミク,Original,2015-08-24T00:00:00Z,281,1,9,Finished
99496,N,"regulus feat. 鏡音リン Append (Sweet), 鏡音リン Append (Power)",Original,2015-08-24T00:00:00Z,249,3,29,Finished
99493,手紙飛行機,ぴぼ feat. 滲音かこい,Original,2015-08-24T00:00:00Z,398,4,18,Finished
99491,guilty,葵木ゴウ feat. Lily,Original,2015-08-24T00:00:00Z,220,5,19,Finished
99488,セミラップ,大丈夫P feat. 初音ミク,Original,2015-08-24T00:00:00Z,78,18,80,Finished
99487,Falling,蝶々P feat. 初音ミク,Original,2015-08-24T00:00:00Z,206,2,10,Finished
916236,Overkill Frustration,きう feat. GUMI,Original,2015-08-23T00:00:00Z,187,0,0,Finished
753962,ダイテ・・・♪,"こまに, 作詞の勉強に作曲しませんか？ feat. 初音ミク V3 (Unknown)",Original,2015-08-23T00:00:00Z,48,0,0,Finished
253432,Thankyou Christmas,夢風ももか feat. KAITO V3 (Unknown),Original,2015-12-20T00:00:00Z,180,0,0,Finished
223198,未来のカノジョ,tsukikagejou feat. VY1,Original,2015-12-20T00:00:00Z,228,0,0,Finished
220582,宇宙の果てを旅してみたい,アラン feat. 初音ミク V3 (Unknown),Original,2015-12-20T00:00:00Z,313,0,0,Finished
210819,ヘドノフォビア,Mogue feat. 重音テト,Original,2015-12-20T00:00:00Z,220,2,6,Finished
189415,Strawberry lover,Minipper feat. various,Original,2015-12-20T00:00:00Z,310,4,16,Finished
188437,×××,yngw feat. 初音ミク,Original,2015-12-20T00:00:00Z,143,0,0,Finished
176970,GAME CHANGER,Joek feat. IA,Original,2015-12-20T00:00:00Z,320,1,3,Finished
172698,月讀の戦,yobi feat. 波音リツ,Original,2015-12-20T00:00:00Z,252,1,3,Finished
161112,我々に選択肢は無いようだ。,泥棒ぬこ feat. various,Original,2015-12-20T00:00:00Z,250,2,8,Finished
159709,エンドロール,mms78 feat. 結月ゆかり,Original,2015-12-20T00:00:00Z,228,0,0,Finished
114669,ハテナマークがとまらない,"ねこぜなおとこ, Maesuke feat. 初音ミク",Original,2015-05-08T00:00:00Z,190,0,0,Finished
107934,歌詞が聞き取れないなら何を言ってもいいよね!,こおりまんじゅうP feat. 初音ミク,Original,2015-05-08T00:00:00Z,90,2,10,Finished
101143,ベンハムの傘,"達磨, ペヱヤン, チーム希望的天体観測 feat. 初音ミク",Original,2015-05-08T00:00:00Z,333,0,0,Finished
101142,サテライト・リプライズ,"山崎オレオ, ペヱヤン, チーム希望的天体観測 feat. 初音ミク",Original,2015-05-08T00:00:00Z,244,0,0,Finished
101025,I'm Gonna Love You,TheMaxGrody feat. 初音ミク V3 (English),Original,2015-05-08T00:00:00Z,86,0,0,Finished
100159,Masks,Samuel Wright feat. AL!CE.16,Original,2015-05-08T00:00:00Z,250,1,5,Finished
88835,東京シメンソカ,こじろー feat. GUMI,Original,2015-05-08T00:00:00Z,222,1,5,Finished
88745,ena,OTIKA feat. 巡音ルカ V4X (Unknown),Original,2015-05-08T00:00:00Z,241,0,0,Finished
88733,ユメクイボク,ジグ feat. 初音ミク Append (Dark),Original,2015-05-08T00:00:00Z,199,1,13,Finished
88729,ジャノメエリカの鼓独,"アオトケイ feat. 初音ミク Append (Dark), MEIKO V3 (Dark)",Original,2015-05-08T00:00:00Z,343,5,21,Finished
107298,ラストライトラブソング,ジグ feat. 初音ミク,Original,2015-11-27T00:00:00Z,225,1,11,Finished
107138,Artificial,ヤジマ電機_ feat. 鏡音リン,Original,2015-11-27T00:00:00Z,262,0,2,Finished
926838,traffic,hashiy feat. 初音ミク,Original,2015-11-26T00:00:00Z,221,0,0,Finished
829262,Dance All Night,ピースケ feat. 蒼姫ラピス,Original,2015-11-26T00:00:00Z,244,0,0,Finished
750778,バリュートエディム,moment feat. 巡音ルカ,Original,2015-11-26T00:00:00Z,382,0,0,Finished
720131,11月の探し物,西秋じゅん feat. 初音ミク,Original,2015-11-26T00:00:00Z,382,0,0,Finished
625293,時川,"Aポエット feat. 重音テト, 唄音ウタ",Original,2015-11-26T00:00:00Z,135,0,0,Finished
625284,動物占い,"Aポエット feat. 重音テト, 唄音ウタ",Original,2015-11-26T00:00:00Z,131,0,0,Finished
526564,N,evivi feat. 歌幡メイジ,Original,2015-11-26T00:00:00Z,276,2,6,Finished
430045,Again,セルベックス＋α feat. 重音テト,Original,2015-11-26T00:00:00Z,288,0,0,Finished
114559,深山桜,まつき feat. 初音ミク Append (Dark),Original,2015-12-25T00:00:00Z,357,0,0,Finished
114558,コトノハ,koara feat. 初音ミク,Original,2015-12-25T00:00:00Z,291,0,0,Finished
114557,スターライト,シロ feat. 初音ミク,Original,2015-12-25T00:00:00Z,283,0,2,Finished
114555,You're not one person,Liebe Triebwerk feat. 初音ミク,Original,2015-12-25T00:00:00Z,272,0,0,Finished
113372,変死のアゴニー,Caprice feat. KAITO V3 (Unknown),Original,2015-12-25T00:00:00Z,136,0,0,Finished
112959,Memories,SS feat. GUMI,Original,2015-12-25T00:00:00Z,280,0,4,Finished
112784,freeze,whew feat. 雪歌ユフ,Original,2015-12-25T00:00:00Z,302,2,6,Finished
111968,path,fendoap feat. 唄音ウタ,Original,2015-12-25T00:00:00Z,262,1,5,Finished
111958,浮カブ舟ト流レ星,タケノコ少年 feat. IA,Original,2015-12-25T00:00:00Z,197,2,6,Finished
111732,アンチスト,makoto feat. OИE,Original,2015-12-25T00:00:00Z,228,1,3,Finished
119802,夏の一番星,小野道 feat. 初音ミク,Original,2015-08-29T00:00:00Z,211,1,7,Finished
118699,別れの雨,murakiyo54 feat. 初音ミク,Original,2015-08-29T00:00:00Z,270,2,8,Finished
117293,青春攻略本,ムラサメ feat. 鏡音レン,Original,2015-08-29T00:00:00Z,90,0,0,Finished
101396,ギャラクシーハート,"中二病日和P, 夢枕 feat. IA ROCKS",Original,2015-08-29T00:00:00Z,328,0,0,Draft
101067,海葵吐泡泡,"西凉若若, WL feat. 洛天依",Original,2015-08-29T00:00:00Z,232,1,5,Finished
100293,Sayonara Sadako,"RawBeansP feat. AVANNA, 巡音ルカ",Original,2015-08-29T00:00:00Z,267,0,0,Finished
99992,イミテーション、サマーオブラブ,カミヨラユイ feat. 初音ミク,Original,2015-08-29T00:00:00Z,232,0,6,Finished
99988,fragile,shun-zei feat. 初音ミク Append (Dark),Original,2015-08-29T00:00:00Z,209,2,8,Finished
99885,JOKER,"kent, 屍P feat. CUL",Original,2015-08-29T00:00:00Z,260,0,4,Finished
99886,ラストワード,屍P feat. 結月ゆかり,Original,2015-08-29T00:00:00Z,240,0,2,Finished
89594,アフタードリームにて。,"沢田凛, radiorist, alt.pop feat. 初音ミク",Original,2015-05-31T00:00:00Z,250,1,9,Finished
89586,so long,13 feat. 初音ミク,Original,2015-05-31T00:00:00Z,197,1,3,Finished
89585,ディスコをあげる,anomimi feat. 初音ミク,Original,2015-05-31T00:00:00Z,285,2,8,Finished
89584,BAD GIRL!!,はちみつレモンP feat. 結月ゆかり,Original,2015-05-31T00:00:00Z,234,1,5,Finished
89583,anagram 2015,AKIPONG feat. 初音ミク V3 (Dark),Original,2015-05-31T00:00:00Z,236,1,3,Finished
89578,ナイトフライト、あとカーニバル,appy feat. 初音ミク,Original,2015-05-31T00:00:00Z,213,2,8,Finished
89579,Happy Days,LAME feat. 初音ミク,Original,2015-05-31T00:00:00Z,233,0,2,Finished
89580,Love Tricks,StyleP feat. 初音ミク,Original,2015-05-31T00:00:00Z,170,2,18,Finished
89581,機械仕掛けのオレンジ,藤原ハガネ feat. GUMI,Original,2015-05-31T00:00:00Z,347,1,5,Finished
89577,浮遊感,はるふり feat. 重音テト,Original,2015-05-31T00:00:00Z,207,9,73,Finished
99744,今天的诗,ilem feat. 新葛平,Original,2015-10-03T00:00:00Z,197,1,7,Finished
99746,我的海岸线,"纯白P, 科林 feat. 鞭炮娘",Original,2015-10-03T00:00:00Z,363,2,10,Finished
99747,过敏,"BTM, 七葉 feat. 花咲ウメ",Original,2015-10-03T00:00:00Z,0,1,5,Finished
99737,结晶庭园,"H+, めーぷる feat. 勇氣, 渡音ニワ",Original,2015-10-03T00:00:00Z,248,2,8,Finished
868037,ABYSS FANTASY,muni_yoshida feat. 初音ミク,Original,2015-10-02T00:00:00Z,0,0,0,Finished
727158,Heavy Rain,Foix feat. 初音ミク,Original,2015-10-02T00:00:00Z,367,0,0,Finished
670094,秋の慰め,春風香花 feat. 巡音ルカ V4X (Soft),Original,2015-10-02T00:00:00Z,207,0,0,Finished
625305,地火,"Aポエット feat. 重音テト, 唄音ウタ",Original,2015-10-02T00:00:00Z,223,0,0,Finished
509295,デザインストーリー,灰色屋 feat. 初音ミク,Original,2015-10-02T00:00:00Z,312,0,0,Finished
396332,恋乱狂華,Agastia feat. 巡音ルカ,Original,2015-10-02T00:00:00Z,278,0,2,Finished
359419,明待ち草,ねこくま feat. V3 GUMI (Whisper),Original,2015-05-23T00:00:00Z,370,0,0,Finished
302778,限界コエル,HaL feat. 初音ミク V3 (Unknown),Original,2015-05-23T00:00:00Z,244,0,0,Finished
268063,君は...,うっc feat. 初音ミク,Original,2015-05-23T00:00:00Z,242,0,2,Finished
246397,春爛漫,eワンコ風 feat. 初音ミク,Original,2015-05-23T00:00:00Z,242,0,0,Finished
240210,STORY,masa feat. 初音ミク,Original,2015-05-23T00:00:00Z,319,0,0,Finished
224960,バーカ！,annyahoo feat. 破壊音マイコ,Original,2015-05-23T00:00:00Z,11,3,13,Finished
224959,サードアイの開眼,annyahoo feat. 破壊音マイコ,Original,2015-05-23T00:00:00Z,19,2,8,Finished
220528,雨のプリンセス,アラン feat. 初音ミク V3 (Unknown),Original,2015-05-23T00:00:00Z,237,0,0,Finished
214511,至福エレベーター千年ガール,宇宙ゾウムシ feat. 初音ミク,Original,2015-05-23T00:00:00Z,173,0,0,Finished
202651,それは僕の中に,Qui_91 feat. 初音ミク,Original,2015-05-23T00:00:00Z,340,0,0,Finished
131278,常套手段 Begin morning,絢香乍月 feat. 初音ミク,Original,2015-07-04T00:00:00Z,269,0,0,Finished
130537,忘れ去られた死について,神野仁 feat. GUMI,Original,2015-07-04T00:00:00Z,202,0,0,Finished
130201,風がよんでいる,星峰沙樹 feat. kokone,Original,2015-07-04T00:00:00Z,316,0,0,Finished
127769,so sweet,oi-kazu feat. IA,Original,2015-07-04T00:00:00Z,197,0,0,Finished
126861,Too Much Another World,Patyth feat. 初音ミク V3 (English),Original,2015-07-04T00:00:00Z,225,0,0,Finished
126860,金魚と人形の世界,砂川こうじ feat. 仄歌エリー,Original,2015-07-04T00:00:00Z,338,2,6,Finished
120849,长青赋,泠魔boy feat. 洛天依,Original,2015-07-04T00:00:00Z,225,0,0,Finished
109654,SolitudE,渡部 feat. IA,Original,2015-07-04T00:00:00Z,280,0,2,Finished
107160,Eating Carrots,"鈴木凹 feat. さとうささら, 初音ミク",Original,2015-07-04T00:00:00Z,557,2,6,Draft
107107,MATA　AITAI,"種田こゆき, チョコラテP feat. 初音ミク",Original,2015-07-04T00:00:00Z,124,0,0,Finished
242105,全力全快ハート,Loots feat. 初音ミク,Original,2015-08-08T00:00:00Z,239,0,0,Finished
232570,『蓮』,"yobi feat. 穂歌ソラ, 瑞歌ミズキ",Original,2015-08-08T00:00:00Z,271,1,5,Finished
220546,たそがれ,アラン feat. 初音ミク V3 (Unknown),Original,2015-08-08T00:00:00Z,195,0,0,Finished
194651,舞え、踊れ、狂え,Poh373 feat. IA,Original,2015-08-08T00:00:00Z,183,0,0,Finished
194650,Last Noise,Poh373,Original,2015-08-08T00:00:00Z,160,0,0,Draft
191862,紅演舞,"ALFrange feat. 鏡音リン, 鏡音レン",Original,2015-08-08T00:00:00Z,204,0,2,Finished
183315,Leave It Unknown,Grid of Water feat. Mew,Original,2015-08-08T00:00:00Z,321,0,0,Finished
182391,『脱離節』,沁耶 feat. 初音ミク,Original,2015-08-08T00:00:00Z,361,0,0,Finished
181066,Lie & Truth,"kozzy feat. 猫村いろは, 初音ミク",Original,2015-08-08T00:00:00Z,264,1,3,Finished
177302,心死にました。けど生きてます。,alaki paca feat. V3 Lily,Original,2015-08-08T00:00:00Z,263,0,0,Finished
88678,Story (Hear Me),"Dylan Hardy, Jackie feat. AVANNA, 初音ミク V3 (English)",Original,2015-05-13T00:00:00Z,203,0,2,Draft
88563,ARTIFICIAL SKIN,PSGO-Z feat. 初音ミク V3 (Unknown),Original,2015-05-13T00:00:00Z,285,13,87,Finished
88548,ガールズトーク,"TESTMAN feat. IA ROCKS, V3 GUMI (Power)",Original,2015-05-13T00:00:00Z,243,0,2,Finished
88547,Stutter,ジワタネホ feat. 初音ミク V3 (English),Original,2015-05-13T00:00:00Z,193,1,7,Finished
86040,揺籠×Infection,やいり feat. MAYU,Original,2015-05-13T00:00:00Z,243,34,174,Finished
84704,intro,ATOLS,Original,2015-05-13T00:00:00Z,51,2,8,Finished
84693,夢籠,とあ feat. IA,Original,2015-05-13T00:00:00Z,292,1,7,Finished
84694,はるさめ,たかちゅう feat. IA,Original,2015-05-13T00:00:00Z,218,1,3,Finished
84695,Please Don't Go Anywhere,23.exe feat. IA,Original,2015-05-13T00:00:00Z,288,5,31,Finished
84696,like a fine day,砂守岳央 feat. IA,Original,2015-05-13T00:00:00Z,215,1,3,Finished
81407,片翼,A Là Cr-ｱﾗｸﾛﾑ- feat. CUL,Original,2015-02-20T00:00:00Z,264,1,7,Finished
81406,侵食スパイラル,"HIRO, @ The Landmark feat. IA ROCKS",Original,2015-02-20T00:00:00Z,239,1,5,Finished
81405,Iris -青き希望の欠片-,SineP feat. 初音ミク,Original,2015-02-20T00:00:00Z,381,0,2,Finished
81404,結晶たち,MASAOMI feat. GUMI,Original,2015-02-20T00:00:00Z,270,0,0,Finished
81403,ディスコ・ディスコード,annyahoo feat. v flower,Original,2015-02-20T00:00:00Z,204,4,20,Finished
81402,輪廻の瑠璃世界,アオトケイ feat. 初音ミク,Original,2015-02-20T00:00:00Z,242,2,6,Finished
81382,初恋シンパシー,"Coro-kun feat. 鏡音リン, ゆずり",Original,2015-02-20T00:00:00Z,226,0,0,Finished
81381,RE:BORN,"r0y, チョコラテP feat. 初音ミク",Original,2015-02-20T00:00:00Z,302,0,4,Finished
81379,かごめかごめの物語,パル♪ feat. 鏡音リン Append (Warm),Original,2015-02-20T00:00:00Z,206,0,0,Finished
81377,TSUNDELADY,"korby, 畑中洋光 feat. MEIKO",Original,2015-02-20T00:00:00Z,234,3,11,Finished
84649,Happy Bloody Ending!,TSF Project feat. 蒼姫ラピス,Original,2015-04-04T00:00:00Z,372,1,9,Finished
952692,いもようかんのうた,KULTON feat. 初音ミク,Original,2015-04-03T00:00:00Z,134,0,0,Finished
914011,幾何学模型な恋事情,サブカルHamaちゃん feat. GUMI,Original,2015-04-03T00:00:00Z,244,0,0,Finished
906631,夕焼け,moaiman feat. 鏡音リン,Original,2015-04-03T00:00:00Z,112,0,0,Finished
819350,淡色,C-R feat. GUMI,Original,2015-04-03T00:00:00Z,330,0,0,Finished
730090,春に咲いた白い花,sibatthi feat. 結月ゆかり,Original,2015-04-03T00:00:00Z,275,0,0,Finished
730084,Common days,sibatthi feat. 結月ゆかり,Original,2015-04-03T00:00:00Z,266,0,0,Finished
703835,半蔵門,テクニティア feat. GUMI,Original,2015-04-03T00:00:00Z,207,0,0,Finished
656839,ヘミソフィア ／坂本真綾,ib feat. GUMI,Original,2015-04-03T00:00:00Z,250,0,0,Finished
624477,心音 2,"Aポエット feat. 重音テト, 唄音ウタ",Original,2015-04-03T00:00:00Z,167,0,0,Finished
242106,fall　in  rain,Loots feat. 初音ミク,Original,2015-06-20T00:00:00Z,306,0,0,Finished
229408,ピンセットなんて持ってない,cage feat. kokone,Original,2015-06-20T00:00:00Z,158,1,3,Finished
220532,ゴースト第２楽章,アラン feat. 初音ミク V3 (Unknown),Original,2015-06-20T00:00:00Z,228,0,0,Finished
183287,空色ペインティング,くもりら feat. IA,Original,2015-06-20T00:00:00Z,275,0,0,Finished
181229,悪い癖だね,"おゆう feat. Number Bronze, 雪歌ユフ",Original,2015-06-20T00:00:00Z,134,1,3,Finished
179922,Winter Baby,ラッキー feat. 重音テト,Original,2015-06-20T00:00:00Z,205,1,3,Finished
163664,心のたね,キコラ feat. IA,Original,2015-06-20T00:00:00Z,282,0,0,Finished
161477,君を好きになりました,RUHIA feat. GUMI,Original,2015-06-20T00:00:00Z,210,0,0,Finished
148452,ハッピー・ウィークエンド,"8wings feat. KYO, WIL, YUU",Original,2015-06-20T00:00:00Z,127,0,2,Finished
145679,sky so blue,ちゃぴ feat. 巡音ルカ,Original,2015-06-20T00:00:00Z,265,0,0,Finished
122257,ヒマワリ,カリバネム feat. 初音ミク,Original,2015-08-21T00:00:00Z,267,0,0,Finished
115157,シニタイ,ドリームロイドＰ feat. GUMI,Original,2015-08-21T00:00:00Z,175,0,0,Finished
100131,COZMIC☆HEART,嘆きのP feat. 鏡音リン,Original,2015-08-21T00:00:00Z,209,1,7,Finished
100130,True,説環 feat. 結月ゆかり,Original,2015-08-21T00:00:00Z,242,2,6,Finished
100129,どうしようもないない,サカサギツネ feat. GUMI,Original,2015-08-21T00:00:00Z,242,0,0,Finished
100128,エイプリルフール,じゅみ feat. GUMI,Original,2015-08-21T00:00:00Z,242,1,3,Finished
100125,占卜スクライング,stella feat. 初音ミク,Original,2015-08-21T00:00:00Z,270,2,8,Finished
100046,世界変化と夏時間,"leafbird feat. IA, 初音ミク",Original,2015-08-21T00:00:00Z,247,0,0,Finished
99401,My Name is Coward,24P feat. AVANNA,Original,2015-08-21T00:00:00Z,271,2,6,Finished
99329,Sunset Chaser,wintercoffee feat. 初音ミク,Original,2015-08-21T00:00:00Z,262,0,4,Finished
122742,等身大の未来,ナニカ feat. 初音ミク,Original,2016-04-24T00:00:00Z,336,4,12,Finished
122662,Bye Sirius,23.exe feat. 初音ミク,Original,2016-04-24T00:00:00Z,0,1,9,Finished
122138,Smile ;),Mwk feat. Unknown vocalist(s),Original,2016-04-24T00:00:00Z,308,0,0,Finished
122136,Damnation,Mwk feat. 初音ミク V3 (Dark),Original,2016-04-24T00:00:00Z,314,12,54,Finished
122137,Clearness,Mwk feat. 初音ミク V3 (Dark),Original,2016-04-24T00:00:00Z,325,3,17,Finished
883942,回忆幻想,匿名君 feat. 洛天依,Original,2016-04-23T00:00:00Z,245,0,0,Finished
730491,俺は行く 私は行く,きよ feat. v4 flower,Original,2016-04-23T00:00:00Z,209,0,0,Finished
670587,マリー,てぃー feat. さとうささら,Original,2016-04-23T00:00:00Z,260,0,0,Finished
662218,湖上の虹,荒木長仁 feat. Rana,Original,2016-04-23T00:00:00Z,235,0,2,Finished
625274,雲影,"Aポエット feat. 重音テト, 唄音ウタ",Original,2016-04-23T00:00:00Z,146,0,0,Finished
117284,Perverse,PLAMA feat. 結月ゆかり,Original,2016-03-04T00:00:00Z,260,2,14,Finished
1019716,アルストロメリア,ginga feat. 初音ミク,Original,2016-03-03T00:00:00Z,238,0,0,Finished
992853,笑顔を取り戻せ！,"neutrinoP feat. 初音ミク, GUMI",Original,2016-03-03T00:00:00Z,367,0,0,Finished
906418,Ungraspable Feeling,RedScorpio4 feat. YOHIOloid (English),Original,2016-03-03T00:00:00Z,306,0,0,Finished
848466,背中合わせ,野良犬P feat. 歌愛ユキ,Original,2016-03-03T00:00:00Z,0,0,0,Finished
797644,ワカリアエタラ,ハドウケン feat. 初音ミク,Original,2016-03-03T00:00:00Z,268,0,0,Finished
730014,私はサギシよーっ！,ニンジン大根 feat. 重音テト,Original,2016-03-03T00:00:00Z,95,0,0,Finished
625796,きっとこれは,"翁草 feat. タダノオンナノコ, 春名手首",Original,2016-03-03T00:00:00Z,129,0,0,Finished
624241,雪跡,"Aポエット feat. 重音テト, 唄音ウタ",Original,2016-03-03T00:00:00Z,128,0,0,Finished
609654,Try,suneclipse feat. 初音ミク,Original,2016-03-03T00:00:00Z,282,0,0,Finished
169432,Majestic Blue Hole,ぼぉの feat. IA ROCKS,Original,2016-04-15T00:00:00Z,237,0,2,Finished
153074,ユメの最果て,"collt, りこりす feat. 緋惺",Original,2016-04-15T00:00:00Z,228,2,10,Finished
138054,夢少女,タケノコ少年 feat. IA,Original,2016-04-15T00:00:00Z,261,1,5,Finished
135086,Joyful～Vocalise～,legata feat. 初音ミク,Original,2016-04-15T00:00:00Z,251,0,0,Finished
134273,nightmare,evng feat. 闇音レンリ,Original,2016-04-15T00:00:00Z,350,1,5,Finished
128503,さかな,ポンヌフ feat. 初音ミク,Original,2016-04-15T00:00:00Z,136,0,0,Finished
123975,SweetMiRAi,"CloudsP feat. 鏡音リン V4X (Power), 初音ミク V3 (Vivid)",Original,2016-04-15T00:00:00Z,168,0,0,Finished
123499,双生契,"Mzf小慕, 天钦, 纳兰寻风 feat. 洛天依, 乐正绫",Original,2016-04-15T00:00:00Z,246,1,9,Finished
123498,하이텐션 소녀,"미래P, 피오테오, 팀 시스템 feat. SeeU (Korean)",Original,2016-04-15T00:00:00Z,248,0,2,Finished
123397,EMILY,"とんかつ太郎くん, 冬ミかん feat. 初音ミク",Original,2016-04-15T00:00:00Z,176,0,0,Finished
337561,at heart,くどうくん feat. 巡音ルカ,Original,2016-08-25T00:00:00Z,201,0,0,Finished
303138,オレンジ・ラブ,Noko feat. 鏡音リン,Original,2016-08-25T00:00:00Z,232,0,0,Finished
297545,parabola,MIMI feat. 初音ミク,Original,2016-08-25T00:00:00Z,189,1,9,Finished
276513,黄銅鉱 -chalcopyrite-,P.N.朝倉 feat. Lily,Original,2016-08-25T00:00:00Z,365,0,0,Finished
206418,ひかれものの小唄,大河 feat. 初音ミク,Original,2016-08-25T00:00:00Z,287,0,0,Finished
193567,黒革威 -kurokawaodoshi-,P.N.朝倉 feat. Sachiko,Original,2016-08-25T00:00:00Z,279,0,0,Finished
168224,WORLD`S  END,放送部長 feat. GUMI,Original,2016-08-25T00:00:00Z,202,0,0,Finished
158204,忘れられた金平糖,ryo-ta feat. 初音ミク,Original,2016-08-25T00:00:00Z,242,0,0,Finished
152025,Everything I've Ever Wanted,"Steven Wagenheim feat. DEX, CYBER DIVA",Original,2016-08-25T00:00:00Z,169,1,3,Finished
149701,dive,宮比のん feat. 結月ゆかり,Original,2016-08-25T00:00:00Z,252,1,3,Finished
207585,出港,月,Original,2016-06-17T00:00:00Z,96,0,0,Finished
190417,くろねこのよる,薄塩指数 feat. 重音テト,Original,2016-06-17T00:00:00Z,236,2,10,Finished
177411,痛い青,anru feat. 初音ミク,Original,2016-06-17T00:00:00Z,187,0,0,Finished
165556,時-TOKI-,クロム feat. 結月ゆかり,Original,2016-06-17T00:00:00Z,228,0,0,Finished
156949,じめじめしてるけど今日も一日ほどよくがんばる雨歌エルのSUN,秋水さたこ feat. 雨歌エル,Original,2016-06-17T00:00:00Z,24,1,3,Draft
153932,君が家族でいてくれて,"YuKa, 廃音仄歌 feat. 初音ミク",Original,2016-06-17T00:00:00Z,328,0,0,Finished
153569,機械仕掛けの神,"書店太郎, llliiillliiilll feat. 巡音ルカ V4X (Unknown)",Original,2016-06-17T00:00:00Z,0,0,2,Finished
153570,HurtingHearts.,書店太郎 feat. 書店太郎,Original,2016-06-17T00:00:00Z,0,0,0,Finished
153568,Bluff boy,mkt. feat. 鏡音リン V4X (Unknown),Original,2016-06-17T00:00:00Z,202,0,0,Finished
128482,酸性雨,クチサキ feat. MEIKO V3 (Unknown),Original,2016-06-17T00:00:00Z,232,0,0,Finished
139611,エフェメラル・レゾルヴ,絢香乍月 feat. 初音ミク,Original,2016-11-10T00:00:00Z,236,0,0,Finished
139608,破滅の絵本,ムシぴ feat. 初音ミク,Original,2016-11-10T00:00:00Z,234,2,6,Finished
139600,喜欢你的心情,黑白P feat. 星尘,Original,2016-11-10T00:00:00Z,192,1,5,Finished
139599,山海默示录,"乌龟, 纳兰寻风 feat. 洛天依",Original,2016-11-10T00:00:00Z,221,2,8,Finished
912735,星空ナイトウォーク,たいらおさむP feat. 初音ミク,Original,2016-11-09T00:00:00Z,302,0,0,Finished
826532,また笑って話せるその時が来たら,京叶　宙千 feat. GUMI,Original,2016-11-09T00:00:00Z,238,0,0,Finished
597529,ユキのhusky-status！,YU☆KI feat. 歌愛ユキ,Original,2016-11-09T00:00:00Z,187,0,0,Finished
335168,36℃ちょっと,由利P feat. 初音ミク,Original,2016-11-09T00:00:00Z,197,1,5,Finished
322906,不完全明晰,りにゃ feat. 闇音レンリ,Original,2016-11-09T00:00:00Z,287,0,0,Finished
236774,Call me to you,ユメイ feat. 鏡音レン,Original,2016-11-09T00:00:00Z,238,2,6,Finished
115832,二月の花嫁,澤田空海理 feat. 初音ミク V3 (Dark),Original,2016-02-28T00:00:00Z,269,1,5,Finished
115831,怨憎会苦,擾鸞 feat. 初音ミク,Original,2016-02-28T00:00:00Z,215,2,12,Finished
115814,DEEP=BLUE,"TS99, GrandMasterFlames159, VOCALTUDE feat. 竜音闇",Original,2016-02-28T00:00:00Z,224,3,23,Finished
115762,Axion of Voice,ギャル子P feat. 結月ゆかり,Original,2016-02-28T00:00:00Z,0,1,3,Draft
115763,Noise,屍P feat. 結月ゆかり,Original,2016-02-28T00:00:00Z,0,1,3,Draft
115765,シベリア,みぜらＰ feat. 結月ゆかり,Original,2016-02-28T00:00:00Z,0,1,3,Draft
115766,deadline,はてぃ～ feat. 結月ゆかり,Original,2016-02-28T00:00:00Z,0,1,3,Draft
115767,君が夢見た世界へ,たぴすけ feat. 結月ゆかり,Original,2016-02-28T00:00:00Z,0,1,3,Draft
115768,ハッピーエンドな、映画みたいに。,成田じゃる feat. 結月ゆかり,Original,2016-02-28T00:00:00Z,0,1,3,Draft
115769,じぇりーふぃっしゅ,ふぁむＰ feat. 結月ゆかり,Original,2016-02-28T00:00:00Z,337,1,3,Finished
624254,宇宙教,"Aポエット feat. 重音テト, 唄音ウタ",Original,2016-02-23T00:00:00Z,123,0,0,Finished
413939,優しい悪魔と汚れた天使,KOBATANI-RYU feat. 蒼姫ラピス,Original,2016-02-23T00:00:00Z,237,1,5,Finished
411306,アルマ,"Atenaska, Belial Works Company feat. IA",Original,2016-02-23T00:00:00Z,298,0,0,Finished
373758,オワルバナシ,アプニア feat. 巡音ルカ,Original,2016-02-23T00:00:00Z,207,0,0,Finished
302932,Magic!,古墳P feat. 初音ミク,Original,2016-02-23T00:00:00Z,88,1,3,Finished
269887,クロユリ咲く舞扇,frog8bit feat. GUMI,Original,2016-02-23T00:00:00Z,214,1,5,Finished
268585,Dress Memory,アオド feat. GUMI,Original,2016-02-23T00:00:00Z,278,0,0,Finished
263684,あした,小野塚裕也 feat. 初音ミク,Original,2016-02-23T00:00:00Z,299,0,0,Finished
230174,きっともっとずっと,かじき色 feat. 初音ミク V4X (Original),Original,2016-02-23T00:00:00Z,219,1,3,Finished
219699,探しもの,おまめ feat. 初音ミク,Original,2016-02-23T00:00:00Z,288,0,0,Finished
394627,㵘剛海底,ドリームロイドＰ feat. 結月ゆかり,Original,2016-10-19T00:00:00Z,259,0,0,Finished
393389,いつかまたどこかで,もく feat. GUMI,Original,2016-10-19T00:00:00Z,246,0,0,Finished
281858,Feel the Calm,"EmmyKsama feat. CYBER DIVA, 巡音ルカ V4X English (Soft), 巡音ルカ V4X English (Straight)",Original,2016-10-19T00:00:00Z,172,0,0,Finished
246515,punizione da mostri,"のば, ひよこみくる。, 鬱感染ソング隊 feat. various",Original,2016-10-19T00:00:00Z,217,1,3,Finished
225207,明日への約束,mino feat. 鏡音リン,Original,2016-10-19T00:00:00Z,229,0,0,Finished
204079,ウナたんのテーマ,Woodchuck feat. 音街ウナ (Unknown),Original,2016-10-19T00:00:00Z,117,0,0,Finished
196399,Red is bloody color,cLazyNoise feat. 波音リツ,Original,2016-10-19T00:00:00Z,119,1,3,Finished
189205,恋の青春,ぬおP feat. 重音テト,Original,2016-10-19T00:00:00Z,200,1,3,Finished
174514,じゃずっぽいの,ﾏﾔﾆｽﾀ feat. 朱音イナリ,Original,2016-10-19T00:00:00Z,148,1,3,Finished
169555,恋愛体温,"ゆきぽよ, のもんが feat. 闇音レンリ",Original,2016-10-19T00:00:00Z,158,1,3,Finished
139795,結月ゆかり全裸吹奏楽団,SLAVE.V-V-R feat. 結月ゆかり V4 (Unknown),Original,2016-11-12T00:00:00Z,200,4,22,Finished
139781,SOMNIA,"乌龟, 纳兰寻风 feat. 洛天依",Original,2016-11-12T00:00:00Z,245,1,9,Finished
1001631,わかってるよ,羊る電脳 feat. 初音ミク,Original,2016-11-11T00:00:00Z,152,0,0,Finished
942996,ドキドキの恋序章,ちーぷ feat. 重音テト,Original,2016-11-11T00:00:00Z,127,0,0,Finished
905305,羽田ヴィッキーズ オフェンス応援かけ声,"kznr31 feat. 鏡音リン, 鏡音レン, Rana",Original,2016-11-11T00:00:00Z,28,0,0,Draft
902720,My Name Is Miku,TJ Studio feat. 初音ミク,Original,2016-11-11T00:00:00Z,0,0,0,Finished
810918,キボウノココロ,村方凍二 feat. MEIKO V3 (Unknown),Original,2016-11-11T00:00:00Z,171,0,0,Finished
744269,恋しい,hisa5 feat. RUKATA,Original,2016-11-11T00:00:00Z,110,0,0,Finished
708828,伝えてくれた君に,つっきぃ feat. 初音ミク,Original,2016-11-11T00:00:00Z,138,0,0,Finished
635882,僕と君の未来,咦喂是天方人啊 feat. VY2,Original,2016-11-11T00:00:00Z,244,0,2,Finished
634782,心臓トマラナイ,ジョニー feat. OИE,Original,2016-04-08T00:00:00Z,278,0,0,Finished
624202,都坂,"Aポエット feat. 重音テト, 唄音ウタ",Original,2016-04-08T00:00:00Z,150,0,0,Finished
476272,純白これこそ私の最高の衣装,"お母さん feat. GUMI, さとうささら",Original,2016-04-08T00:00:00Z,397,0,0,Finished
396845,エレン・ベーカー,evng feat. 重音テト,Original,2016-04-08T00:00:00Z,154,1,3,Finished
379864,KIMIGATAME,toku feat. 巡音ルカ V4X (Unknown),Original,2016-04-08T00:00:00Z,237,0,0,Finished
304277,良き休日,どきむねP feat. 初音ミク,Original,2016-04-08T00:00:00Z,117,0,0,Finished
226437,うたかた,ヒューズ feat. IA,Original,2016-04-08T00:00:00Z,270,0,0,Finished
155039,古都 - 時の小舟 -,mash01 feat. 初音ミク,Original,2016-04-08T00:00:00Z,287,0,0,Finished
145689,猫のための借りてきた歌,鈴木凹 feat. 初音ミク,Original,2016-04-08T00:00:00Z,256,0,4,Finished
137222,Destination,sienn13 feat. 巡音ルカ,Original,2016-04-08T00:00:00Z,126,0,0,Finished
161842,metamorphose,sunneright feat. 初音ミク,Original,2016-10-02T00:00:00Z,104,0,0,Finished
158502,さよなら、教祖様のテーマ,百六位 feat. 結月ゆかり,Original,2016-10-02T00:00:00Z,294,0,0,Finished
158501,ひとりのふたり（ロンサム・ガイとシャットイン・ジョージ）,"百六位 feat. 結月ゆかり, IA",Original,2016-10-02T00:00:00Z,262,0,0,Finished
158500,快速：ファンタスマゴリア,百六位 feat. 結月ゆかり,Original,2016-10-02T00:00:00Z,252,0,2,Finished
152832,真夜中のレイニー,星銀乃丈 feat. SF-A2 開発コード miki,Original,2016-10-02T00:00:00Z,87,0,0,Finished
148877,黄昏時、無人駅ホームにて,ょぅ feat. 初音ミク,Original,2016-10-02T00:00:00Z,261,0,0,Finished
147903,雨に討たれる魔法少女,Phelrot feat. 蒼姫ラピス,Original,2016-10-02T00:00:00Z,212,1,3,Finished
141174,モンスターパレード,オーエゐチP feat. 鏡音リン,Original,2016-10-02T00:00:00Z,0,0,0,Draft
141175,Monstro,cull feat. 初音ミク,Original,2016-10-02T00:00:00Z,0,0,0,Draft
141176,死に損ないゾンビ,"激情P feat. 初音ミク, 重音テト, 破壊音マイコ",Original,2016-10-02T00:00:00Z,192,4,24,Finished
364087,Love and Destiny,ハァト民 feat. 巡音ルカ,Original,2016-01-09T00:00:00Z,348,0,0,Finished
348206,white walker,亀田越後 feat. 初音ミク Append (Unknown),Original,2016-01-09T00:00:00Z,245,0,0,Finished
291268,超频幻想,AnnyJuly feat. 洛天依,Original,2016-01-09T00:00:00Z,189,1,3,Finished
270178,학생A의 유감,attwn park feat. 카일린,Original,2016-01-09T00:00:00Z,248,1,9,Finished
269112,夢と最期,はにわ feat. 初音ミク,Original,2016-01-09T00:00:00Z,208,0,0,Finished
259965,15/8,"のーむ feat. KAITO V3 (Unknown), 巡音ルカ V4X (Unknown)",Original,2016-01-09T00:00:00Z,98,0,0,Finished
242455,Nightmare of thorns,書店太郎 feat. 巡音ルカ,Original,2016-01-09T00:00:00Z,0,0,2,Finished
234592,メルリ爆誕！！！,せっきー feat. メルリ,Original,2016-01-09T00:00:00Z,339,0,0,Finished
224735,HOME,Hiroki Asano feat. GUMI,Original,2016-01-09T00:00:00Z,186,0,0,Finished
223196,ちきゅうゆうえい,tsukikagejou feat. 初音ミク,Original,2016-01-09T00:00:00Z,301,0,0,Finished
125949,R-20,トイシ feat. 結月ゆかり,Original,2016-05-31T00:00:00Z,315,1,3,Finished
125944,Punk Rock Stage,ぽこんち feat. 初音ミク,Original,2016-05-31T00:00:00Z,192,1,11,Finished
125942,愛の微笑み,オカメP feat. 初音ミク,Original,2016-05-31T00:00:00Z,240,2,22,Finished
125928,BLACK & WHITE,GHOST feat. DEX,Original,2016-05-31T00:00:00Z,250,40,203,Approved
125812,Gastronomic Love,MJQ-P feat. 初音ミク V4X (Original),Original,2016-05-31T00:00:00Z,326,0,6,Finished
125813,Allochroic Love,"MJQ-P, ShinRa feat. MEIKO V3 (English)",Original,2016-05-31T00:00:00Z,253,2,20,Finished
125612,ADD Balloon,ジュージロー feat. 初音ミク V3 (Unknown),Original,2016-05-31T00:00:00Z,302,0,2,Finished
942063,Free Somebody,"Anton Malmberg Haard Af Segerstad, Joy Neil Mitro Deb, Linnea Mary Han Deb feat. LUNA",Original,2016-05-30T00:00:00Z,200,0,0,Finished
867286,Middle Of Nowhere,"Steven Wagenheim feat. DEX, DAINA, Ruby",Original,2016-05-30T00:00:00Z,208,0,0,Finished
632220,不思議ちゃん,カリバネム feat. 初音ミク,Original,2016-05-30T00:00:00Z,208,0,0,Finished
128075,メロウマッドネス,ハヤカワP feat. 鏡音レン,Original,2016-07-10T00:00:00Z,311,0,2,Finished
127939,ユースフルビート,ハマダコウキ feat. GUMI,Original,2016-07-10T00:00:00Z,222,0,0,Draft
127940,会うは別れの始め,ハマダコウキ feat. GUMI,Original,2016-07-10T00:00:00Z,227,0,0,Draft
127943,月影テラス,ハマダコウキ feat. GUMI,Original,2016-07-10T00:00:00Z,142,1,3,Draft
127944,手の鳴る方へ,ハマダコウキ feat. GUMI,Original,2016-07-10T00:00:00Z,213,0,0,Draft
127934,Nebulas,ビーカーP feat. 初音ミク,Original,2016-07-10T00:00:00Z,227,1,15,Finished
127936,You must know about (only) yourself.,寸止め feat. 初音ミク,Original,2016-07-10T00:00:00Z,266,1,19,Finished
127938,トゥルーラ,にせもの feat. 波音リツ,Original,2016-07-10T00:00:00Z,313,2,16,Finished
127929,ストロボキャンバス,サキシ feat. 結月ゆかり,Original,2016-07-10T00:00:00Z,227,1,15,Finished
127930,MABOROSHI summer skirt,shun-zei feat. 初音ミク,Original,2016-07-10T00:00:00Z,270,3,25,Finished
632224,Ｆ,カリバネム feat. 初音ミク,Original,2016-05-12T00:00:00Z,226,0,0,Finished
624177,視界,"Aポエット feat. 重音テト, 唄音ウタ",Original,2016-05-12T00:00:00Z,165,0,0,Finished
571736,_・ω・)_,ウィザードゴースト feat. 初音ミク,Original,2016-05-12T00:00:00Z,22,0,0,Finished
400495,つぼみのうた,さんなみ feat. 初音ミク,Original,2016-05-12T00:00:00Z,69,0,0,Finished
239749,Midnight Rose,うあじゃ feat. MEIKO,Original,2016-05-12T00:00:00Z,224,0,0,Finished
194395,Crazy man,レトロ feat. 初音ミク,Original,2016-05-12T00:00:00Z,220,0,0,Finished
176648,Ｗｉｎ７のままでいて,カッチカチ feat. 初音ミク,Original,2016-05-12T00:00:00Z,115,0,0,Finished
146283,grasias,Echu G feat. MAIKA,Original,2016-05-12T00:00:00Z,135,2,6,Finished
143874,月下两处愁,"无刃妖影 feat. 言和, 洛天依",Original,2016-05-12T00:00:00Z,210,0,0,Finished
140670,Still Here,Anh Duy feat. 重音テト 英語,Original,2016-05-12T00:00:00Z,0,1,3,Finished
134266,MAGICAL TOY,nice_tack feat. 初音ミク,Original,2016-07-02T00:00:00Z,259,0,0,Finished
133109,海,amahisa feat. すずきつづみ,Original,2016-07-02T00:00:00Z,185,2,6,Finished
130638,憂、安堵、藍。,一二三 feat. 初音ミク,Original,2016-07-02T00:00:00Z,304,3,15,Finished
130554,Debug Room,ＫｏｇａＭｏａｉ feat. 重音テト,Original,2016-07-02T00:00:00Z,214,1,3,Finished
128792,ゆる時称の通う駅,"全自動ムー大陸, 緊急ゆるポート feat. 初音ミク",Original,2016-07-02T00:00:00Z,251,4,14,Finished
128793,ゆるそうで　ゆるくない　すこし　ゆるポート,"でんの子P, 緊急ゆるポート feat. 蒼姫ラピス",Original,2016-07-02T00:00:00Z,252,3,13,Finished
128794,asiantom,"ChocoLateClub, 緊急ゆるポート feat. 初音ミク Append (Soft)",Original,2016-07-02T00:00:00Z,331,1,7,Finished
128796,tori,"青屋夏生, 緊急ゆるポート feat. 初音ミク",Original,2016-07-02T00:00:00Z,266,0,6,Finished
128797,トマト、死んでも食べない,"MSSサウンドシステム, 緊急ゆるポート feat. 初音ミク",Original,2016-07-02T00:00:00Z,239,2,10,Finished
128056,drop tears,KemonoP feat. 初音ミク,Original,2016-07-02T00:00:00Z,209,0,0,Finished
342293,矛盾,mamido feat. v flower,Original,2016-01-08T00:00:00Z,281,0,0,Finished
335663,ひとつ・ひとつ,インストゥルボーヤ feat. 初音ミク,Original,2016-01-08T00:00:00Z,364,0,0,Finished
276287,停滞前線,"キーキー花子, 甲楽わん feat. 初音ミク",Original,2016-01-08T00:00:00Z,356,0,0,Finished
266222,冬椿,せだ/文官 feat. 初音ミク,Original,2016-01-08T00:00:00Z,92,0,0,Finished
259964,Domie die Alien -アリエンの人魚-,"のーむ feat. KAITO V3 (Unknown), 巡音ルカ V4X (Unknown)",Original,2016-01-08T00:00:00Z,270,0,0,Finished
239052,黒髪少女,Emi Ele feat. 初音ミク,Original,2016-01-08T00:00:00Z,235,0,0,Finished
235505,Wow！ワオキツネザル,"unui, tatmos feat. 初音ミク",Original,2016-01-08T00:00:00Z,169,0,0,Finished
226444,alone,ヒューズ feat. IA,Original,2016-01-08T00:00:00Z,247,0,0,Finished
209976,午前三時の忘却,niche slang feat. IA,Original,2016-01-08T00:00:00Z,223,0,0,Finished
209974,No Moonlight,niche slang feat. IA,Original,2016-01-08T00:00:00Z,271,0,2,Finished
143473,連想アクトレス ～狩人と獣～,Various artists,Original,2016-12-20T00:00:00Z,302,15,93,Approved
134514,Watch Me!,キセノンP feat. various,Original,2016-12-20T00:00:00Z,205,2,16,Finished
916248,LIFE,相葉まこと feat. 初音ミク,Original,2016-12-19T00:00:00Z,217,0,0,Finished
907936,Past times with You,こんどっP feat. OИE,Original,2016-12-19T00:00:00Z,270,0,0,Finished
895183,Utopía,"Oxeld feat. MAIKA, Clara",Original,2016-12-19T00:00:00Z,182,0,0,Finished
893164,I'm Okay,8Derone feat. AVANNA,Original,2016-12-19T00:00:00Z,161,0,0,Finished
629928,ささやかな光闇の光と成せ,きのまんP feat. IA,Original,2016-12-19T00:00:00Z,247,0,0,Finished
624073,化粧坂,"Aポエット feat. 重音テト, 唄音ウタ",Original,2016-12-19T00:00:00Z,105,0,0,Finished
465914,Nevergivergirl,"YushimaP feat. 巡音ルカ V4X (Unknown), 初音ミク V4X (Unknown)",Original,2016-12-19T00:00:00Z,198,0,0,Finished
406531,盂蘭盆会綺譚,KAZU feat. 初音ミク,Original,2016-12-19T00:00:00Z,232,0,0,Finished
833500,アイシャドウ,yossi67 feat. 巡音ルカ V4X (Unknown),Original,2016-01-20T00:00:00Z,323,0,0,Finished
624293,沈み川,"Aポエット feat. 重音テト, 唄音ウタ",Original,2016-01-20T00:00:00Z,156,0,0,Finished
612013,TRICK TAKING GAME,SOME蔵 feat. Chika,Original,2016-01-20T00:00:00Z,218,0,0,Finished
418703,J.A.C.K -Code.LUKA-,KERO'K feat. 巡音ルカ,Original,2016-01-20T00:00:00Z,135,0,0,Finished
405725,だって,"翁草 feat. タダノオンナノコ, 春名手首",Original,2016-01-20T00:00:00Z,98,0,0,Finished
384348,PSYZ,taka feat. 巡音ルカ V4X (Unknown),Original,2016-01-20T00:00:00Z,251,0,0,Finished
342307,オリジナル曲　ボーカロイド ZOLA PROJECT,"mamido feat. KYO, WIL, YUU",Original,2016-01-20T00:00:00Z,358,0,0,Finished
302253,今どきのお姫様,chmr feat. 初音ミク,Original,2016-01-20T00:00:00Z,153,0,0,Finished
207426,パズル,reon feat. 巡音ルカ,Original,2016-01-20T00:00:00Z,308,0,0,Finished
193017,忘れちゃいけねえ,夕立P feat. 仏,Original,2016-01-20T00:00:00Z,136,0,0,Finished
125878,モダンティーカップ,suniikar feat. 初音ミク,Original,2016-05-29T00:00:00Z,191,0,0,Finished
125877,stand alone baby,mojo23 feat. 結月ゆかり,Original,2016-05-29T00:00:00Z,234,0,0,Finished
125876,五月病応援歌,おとよいＰ feat. さとうささら,Original,2016-05-29T00:00:00Z,262,1,3,Finished
125875,蛍が飛んだ,4ma15 feat. 滲音かこい,Original,2016-05-29T00:00:00Z,233,1,19,Finished
125874,halcyon blue,ゎぃ feat. 初音ミク,Original,2016-05-29T00:00:00Z,156,1,5,Finished
125845,早期のアポロ,"H ZETT M, 谷澤ジョルジュ feat. 初音ミク",Original,2016-05-29T00:00:00Z,218,0,2,Finished
125844,スイートティーカップ,suniikar feat. 初音ミク,Original,2016-05-29T00:00:00Z,191,0,0,Finished
125843,ロードデンドロン,misa feat. v flower,Original,2016-05-29T00:00:00Z,236,1,7,Finished
125842,ザ・29秒ズ,こげチャド feat. 初音ミク,Original,2016-05-29T00:00:00Z,29,0,0,Finished
125841,ある夏のシュプレヒコール,羽生まゐご feat. 初音ミク,Original,2016-05-29T00:00:00Z,295,1,11,Finished
141060,Joropoloid,"AlexTrip Sands feat. 初音ミク, GUMI",Original,2016-11-18T00:00:00Z,239,0,2,Finished
140529,ロストソング,"CloA feat. IA, 初音ミク",Original,2016-11-18T00:00:00Z,0,0,0,Finished
140368,Hello to the world,九条アルマ feat. 初音ミク,Original,2016-11-18T00:00:00Z,256,0,4,Finished
140325,君と星、プロローグ,吉田ヨシユキ feat. VY1V4 (Unknown),Original,2016-11-18T00:00:00Z,238,0,0,Finished
140237,待っててね,"コン, CoreNote feat. 初音ミク",Original,2016-11-18T00:00:00Z,259,1,3,Finished
140236,Last Word,"NexDart feat. v flower, 鏡音リン, 鏡音レン",Original,2016-11-18T00:00:00Z,256,0,2,Finished
140235,トロイメライの時計塔,歩く人 feat. 初音ミク,Original,2016-11-18T00:00:00Z,270,1,3,Finished
140234,初恋冬花火,jiji feat. 初音ミク V4X (Unknown),Original,2016-11-18T00:00:00Z,274,0,4,Finished
140233,DJ Miku☆Fascinating Club,あえっＰ feat. 初音ミク,Original,2016-11-18T00:00:00Z,222,0,0,Finished
140231,いきるのはとてもつらい,まがお feat. GUMI,Original,2016-11-18T00:00:00Z,286,1,0,Finished
157037,Angel's Scorn,Vagenda feat. 初音ミク V3 (English),Original,2016-05-22T00:00:00Z,227,0,0,Finished
151276,元気を分けてあげられるように,"REPLY feat. 初音ミク, GUMI, 鏡音リン",Original,2016-05-22T00:00:00Z,184,0,0,Finished
149983,我不开心,LukeeeeeeeY feat. 星尘,Original,2016-05-22T00:00:00Z,231,0,0,Finished
140488,快急未来,ぶぶぶ feat. Fukase (Unknown),Original,2016-05-22T00:00:00Z,286,0,0,Finished
134766,precious smile,ugonight feat. 桃音モモ,Original,2016-05-22T00:00:00Z,309,1,3,Finished
131479,Arp,Иagi feat. 櫻花アリス,Original,2016-05-22T00:00:00Z,181,2,6,Finished
129226,Love Taste,"Moe Shop, Jamie Paige feat. V3 GUMI (English), Shiki",Original,2016-05-22T00:00:00Z,176,26,174,Finished
128894,Fake Glass Tune,Petridisch feat. 初音ミク V3 (Original),Original,2016-05-22T00:00:00Z,162,0,0,Finished
126577,嘘つきSee you again,次郎ラモス feat. 初音ミク Append (Dark),Original,2016-05-22T00:00:00Z,207,0,2,Finished
125941,Sajou No Roukaku,Various artists,Original,2016-05-22T00:00:00Z,336,2,14,Finished
133317,Uneasy,宇城和孝 feat. V3 GUMI (Whisper),Original,2016-09-02T00:00:00Z,192,0,0,Finished
133309,日々ノ調ベ,note feat. 鏡音レン,Original,2016-09-02T00:00:00Z,314,1,5,Finished
1002434,Change Your Viewpoint,Lambent Sonata feat. SONiKA,Original,2016-09-01T00:00:00Z,51,0,0,Finished
999899,センチメンタル,くさぞうし feat. Rana,Original,2016-09-01T00:00:00Z,221,0,2,Draft
909407,夏の夜は廻り僕はまた迷子になる,"Reku Mochizuki feat. GUMI, 初音ミク",Original,2016-09-01T00:00:00Z,257,0,0,Finished
730465,Dependence（ディペンデンス～依存～,きよ feat. v4 flower,Original,2016-09-01T00:00:00Z,295,0,0,Finished
647655,アネモネが咲いた,TOBEFOOPERS feat. 蛭影91,Original,2016-09-01T00:00:00Z,194,0,0,Finished
624138,猫舞,"Aポエット feat. 重音テト, 唄音ウタ",Original,2016-09-01T00:00:00Z,122,0,0,Finished
399616,graceful untidily,ColorsCollection feat. 巡音ルカ,Original,2016-09-01T00:00:00Z,196,0,0,Finished
384445,ココロハート,"チューハイP feat. 初音ミク V4X (Unknown), 鏡音リン V4X (Unknown)",Original,2016-09-01T00:00:00Z,221,0,0,Finished
917446,思いっきり飛ぼう！！,野村ヤスユキ feat. 初音ミク,Original,2016-12-18T00:00:00Z,216,0,0,Finished
809162,世俗利益加害者,"望天 feat. 言和, 乐正绫",Original,2016-12-18T00:00:00Z,258,0,0,Finished
671878,心の平和「ワクチン接種の真実」,春風香花 feat. 巡音ルカ V4X (Soft),Original,2016-12-18T00:00:00Z,374,0,0,Finished
670883,午前二時、勿忘草の咲く丘で,神楽凛 feat. 初音ミク,Original,2016-12-18T00:00:00Z,364,0,0,Finished
624077,諜報員,"Aポエット feat. 重音テト, 唄音ウタ",Original,2016-12-18T00:00:00Z,123,0,0,Finished
498216,致最后的稚念,CUBE^3 feat. 洛天依,Original,2016-12-18T00:00:00Z,274,0,0,Finished
498207,米青礻申分裂症,CUBE^3 feat. 洛天依,Original,2016-12-18T00:00:00Z,215,1,3,Finished
482070,星空に願いを込めて,Hisashi.K feat. 重音テト,Original,2016-12-18T00:00:00Z,97,0,0,Finished
438246,Beast,AudioMelt feat. 初音ミク,Original,2016-12-18T00:00:00Z,111,0,0,Finished
394730,脳内カリントウ,ドリームロイドＰ feat. OИE,Original,2016-12-18T00:00:00Z,157,0,0,Finished
127562,パンケーキとチョコレート,room feat. VY1,Original,2016-06-11T00:00:00Z,283,1,3,Finished
127563,temptation,"room feat. 初音ミク, 結月ゆかり",Original,2016-06-11T00:00:00Z,311,0,2,Finished
127564,chinese pandemic,"room feat. 初音ミク, マクネナナ (日本語)",Original,2016-06-11T00:00:00Z,201,0,0,Finished
127565,Bad end,"room feat. 雨歌エル, 重音テト, 唄音ウタ",Original,2016-06-11T00:00:00Z,343,1,3,Finished
127566,Avalon opt2,room feat. 初音ミク,Original,2016-06-11T00:00:00Z,198,0,0,Finished
127567,Avalon,room feat. 雪歌ユフ,Original,2016-06-11T00:00:00Z,375,1,3,Finished
127568,夏待ち詩,room feat. 結月ゆかり,Original,2016-06-11T00:00:00Z,246,0,0,Finished
127559,さざなみ,room feat. 雪歌ユフ,Original,2016-06-11T00:00:00Z,240,1,3,Finished
127560,さよなら,room feat. 雪歌ユフ,Original,2016-06-11T00:00:00Z,347,1,3,Finished
127561,Playing lonely,room feat. 松田っぽいよ,Original,2016-06-11T00:00:00Z,283,1,3,Finished
583123,NOMISUGI,磁気P,Original,2016-05-11T00:00:00Z,195,0,0,Draft
583122,IKIGOMI,磁気P,Original,2016-05-11T00:00:00Z,124,0,0,Draft
583121,ビ・ジ・ホ,磁気P,Original,2016-05-11T00:00:00Z,295,0,0,Draft
583120,BONBURAKOKKO,磁気P,Original,2016-05-11T00:00:00Z,110,0,0,Draft
583119,CHIMETAINE,磁気P,Original,2016-05-11T00:00:00Z,161,0,0,Draft
583118,平熱 36,磁気P,Original,2016-05-11T00:00:00Z,141,0,0,Draft
583035,Tap The Guava,磁気P,Original,2016-05-11T00:00:00Z,203,0,0,Draft
583033,Sawayaka Sun,磁気P,Original,2016-05-11T00:00:00Z,78,0,0,Draft
583030,May Nano?,磁気P,Original,2016-05-11T00:00:00Z,121,0,0,Draft
566229,恋の羽音,零次P feat. 初音ミク,Original,2016-05-11T00:00:00Z,182,0,0,Finished
122293,星雨宿り,アオトケイ feat. IA,Original,2016-08-23T00:00:00Z,237,1,5,Finished
624141,雨中,"Aポエット feat. 重音テト, 唄音ウタ",Original,2016-08-22T00:00:00Z,141,0,0,Finished
494185,瞼裏の感傷,コヽノカメイ feat. IA,Original,2016-08-22T00:00:00Z,311,0,0,Finished
416351,荒岭以南,"无刃妖影, 影随龙风 feat. 言和",Original,2016-08-22T00:00:00Z,210,0,0,Finished
399913,とどけ,えむけい feat. 初音ミク,Original,2016-08-22T00:00:00Z,231,0,0,Finished
297826,The Reality We Took For Granted,ADYXSHA feat. V3 GUMI (English),Original,2016-08-22T00:00:00Z,271,1,5,Finished
284134,Terms of Love,"ex-p, Zoë, Project Sonata feat. Sonata",Original,2016-08-22T00:00:00Z,199,1,3,Finished
223881,アップアップ,かずみっくす feat. 初音ミク,Original,2016-08-22T00:00:00Z,162,0,0,Finished
223372,囚われ少女Ａ,氷翠 feat. MEIKO V3 (Unknown),Original,2016-08-22T00:00:00Z,245,0,0,Finished
223255,Take Your Chance,宮比のん feat. 結月ゆかり,Original,2016-08-22T00:00:00Z,178,1,3,Finished
112826,Oh Party Night!,MINO-U feat. MEIKO V3 (Power),Original,2016-01-17T00:00:00Z,249,2,12,Finished
112801,When You Look At Me,BIGHEAD feat. 初音ミク,Original,2016-01-17T00:00:00Z,382,2,14,Finished
112773,パズル,whew feat. 結月ゆかり,Original,2016-01-17T00:00:00Z,203,0,2,Finished
112774,Good night my sweetheart,whew,Original,2016-01-17T00:00:00Z,231,0,0,Finished
112775,lightning hope,whew feat. 結月ゆかり,Original,2016-01-17T00:00:00Z,343,0,0,Finished
112776,Misty,whew,Original,2016-01-17T00:00:00Z,269,0,0,Finished
112768,F-Mech,shr feat. 鏡音リン,Original,2016-01-17T00:00:00Z,234,3,27,Finished
1003998,COMPLIANCE,"さまようオルガン feat. GUMI, MAYU",Original,2016-01-16T00:00:00Z,360,0,0,Finished
761740,森へ帰る鳥の眼に……,mode feat. 壁鴈太郎,Original,2016-01-16T00:00:00Z,283,0,0,Finished
720125,ヤダヤダ,西秋じゅん feat. 初音ミク,Original,2016-01-16T00:00:00Z,266,0,0,Finished
947566,入道雲に乗って,ヨスガムスビ feat. 初音ミク,Original,2016-07-10T00:00:00Z,169,0,0,Finished
906107,僕の唄が届きますように,TAGAMI feat. 鏡音リン,Original,2016-07-10T00:00:00Z,0,0,0,Finished
906106,夜空に星が描けたなら,"TAGAMI feat. IA, 結月ゆかり",Original,2016-07-10T00:00:00Z,0,0,0,Finished
906105,奇妙な御茶会,"TAGAMI feat. Lily, MEIKO, galaco",Original,2016-07-10T00:00:00Z,0,0,0,Finished
906104,閃光のブリュンヒルデ,TAGAMI feat. V3 GUMI (Power),Original,2016-07-10T00:00:00Z,0,0,0,Finished
906103,days in the past,TAGAMI feat. KAITO,Original,2016-07-10T00:00:00Z,0,0,0,Finished
903469,long goodbye,たけくも,Original,2016-07-10T00:00:00Z,342,0,2,Finished
903468,水色,たけくも feat. 雪歌ユフ,Original,2016-07-10T00:00:00Z,237,0,0,Finished
903467,染まる夕,たけくも feat. 雪歌ユフ,Original,2016-07-10T00:00:00Z,298,0,0,Finished
903465,traveling,たけくも feat. 雪歌ユフ,Original,2016-07-10T00:00:00Z,256,0,2,Finished
344413,ずるい気持ち,水橋 大海 feat. ルーク,Original,2016-12-17T00:00:00Z,601,1,3,Finished
344408,ひとりぼっち惑星,水橋 大海 feat. 天音ルナ,Original,2016-12-17T00:00:00Z,329,1,3,Finished
344407,海底より,水橋 大海 feat. 欲音ルコ♀,Original,2016-12-17T00:00:00Z,273,1,3,Finished
344406,HAPPY,水橋 大海 feat. 戴デフォ太,Original,2016-12-17T00:00:00Z,303,1,3,Finished
344403,電子の夢,水橋 大海 feat. 唄音ウタ,Original,2016-12-17T00:00:00Z,317,1,3,Finished
344402,GOODBYE,水橋 大海 feat. 轟栄一,Original,2016-12-17T00:00:00Z,222,1,3,Finished
343966,愛の不安,Mistral feat. 巡音ルカ,Original,2016-12-17T00:00:00Z,272,0,4,Finished
288630,Speed Hack,"igdrasil_Takak feat. 初音ミク V4X (Unknown), 蒼姫ラピス, 鏡音リン V4X (Unknown)",Original,2016-12-17T00:00:00Z,252,0,0,Finished
275372,ららららららららららららららららららら,実之助 feat. 鏡音リン V4X (Unknown),Original,2016-12-17T00:00:00Z,170,0,0,Finished
266433,Starry Alive,dBGadget feat. 初音ミク,Original,2016-12-17T00:00:00Z,151,0,0,Finished
134892,劣等生ヒーロー,Dリナーガ feat. 鏡音レン,Original,2016-10-02T00:00:00Z,201,0,0,Finished
134893,ナモナキツルギ,Hi-kun feat. 鏡音レン,Original,2016-10-02T00:00:00Z,241,0,0,Finished
134894,songe,"冴戒椎也, アレンジP feat. 鏡音レン",Original,2016-10-02T00:00:00Z,254,0,0,Finished
134895,五線譜に描く景色,空見P feat. 鏡音リン,Original,2016-10-02T00:00:00Z,284,0,0,Finished
134882,花のお江戸に雨が降る,なつみゆず feat. 鏡音リン,Original,2016-10-02T00:00:00Z,198,0,0,Finished
134883,Shining Universe,"奉行P feat. 鏡音リン, 鏡音レン",Original,2016-10-02T00:00:00Z,216,0,0,Finished
134885,理想論戦略,"栗原陸人 feat. 鏡音リン, 鏡音レン",Original,2016-10-02T00:00:00Z,227,0,0,Finished
134886,lingering snow,二秒 feat. 鏡音レン,Original,2016-10-02T00:00:00Z,279,0,0,Finished
134888,幻陽,極端P feat. 鏡音リン,Original,2016-10-02T00:00:00Z,262,0,0,Finished
134889,おくりび,秋戸 feat. 鏡音リン,Original,2016-10-02T00:00:00Z,272,0,0,Finished
149020,Lovin' juke,Punky Donut feat. 初音ミク,Original,2017-02-11T00:00:00Z,156,1,5,Finished
149021,003 (Stain),荷戸眠しーた feat. 巡音ルカ,Original,2017-02-11T00:00:00Z,228,1,5,Finished
149009,私はもっと崇高な何か,1NDV feat. 結月ゆかり,Original,2017-02-11T00:00:00Z,237,1,5,Finished
149010,woh_hi,緊急ゆるポート feat. 初音ミク,Original,2017-02-11T00:00:00Z,129,2,14,Finished
149011,予感,ヘントナー大佐 feat. 結月ゆかり,Original,2017-02-11T00:00:00Z,199,2,6,Finished
149012,【HBB】Chicago Spire Amen% part1,栄免建設株式会社 feat. 女声1 (AquesTalk),Original,2017-02-11T00:00:00Z,112,2,8,Finished
149013,しかし、未来は木材です。,HI-BA-RI feat. GUMI,Original,2017-02-11T00:00:00Z,132,2,8,Finished
149014,ラテラルアーク,Иagi feat. 冬音サナ,Original,2017-02-11T00:00:00Z,158,2,6,Finished
149016,そんな夜を君と歌えたなら,taron feat. 初音ミク Append (Unknown),Original,2017-02-11T00:00:00Z,185,3,11,Finished
149017,ボーカロイドは踊らない,"でんの子P feat. 蒼姫ラピス, マクネナナ (日本語), VY1",Original,2017-02-11T00:00:00Z,166,7,29,Finished
145670,まる,さばとP feat. 初音ミク,Original,2017-01-03T00:00:00Z,347,0,0,Finished
145669,Sound Of P,Patyth feat. 初音ミク V3 (English),Original,2017-01-03T00:00:00Z,229,0,2,Finished
145668,アブダクション,SLAVE.V-V-R feat. 結月ゆかり,Original,2017-01-03T00:00:00Z,249,5,27,Finished
145667,枯れたルビナスの花は,オカメP feat. GUMI,Original,2017-01-03T00:00:00Z,235,6,44,Finished
139666,散弾銃,プリュ feat. 鏡音リン,Original,2017-01-03T00:00:00Z,294,1,7,Finished
999256,リンク,つくしくんP feat. Fukase (Unknown),Original,2017-01-02T00:00:00Z,241,0,0,Finished
921102,寝落ちのうた,ものぐさ feat. 東北ずん子,Original,2017-01-02T00:00:00Z,204,0,0,Finished
843491,CrossFade,Sidd Black feat. Fukase (English),Original,2017-01-02T00:00:00Z,167,0,0,Finished
743415,starlighter,"mag41j feat. 初音ミク, 波音リツ",Original,2017-01-02T00:00:00Z,320,0,0,Finished
743414,snow star 2017,"mag41j feat. 雪歌ユフ, 初音ミク",Original,2017-01-02T00:00:00Z,376,0,0,Finished
154933,dawn,さくらもどき,Original,2017-04-30T00:00:00Z,241,0,0,Finished
154934,矛盾撞着,斬龍,Original,2017-04-30T00:00:00Z,245,0,0,Finished
154935,ヒガンバナ,"ゆかぱんP feat. 塩音ルト, MAYU",Original,2017-04-30T00:00:00Z,193,1,3,Finished
154936,!good morning!,ぱちょ feat. 初音ミク,Original,2017-04-30T00:00:00Z,281,0,0,Draft
154932,ツチクレの街,gumikunn feat. 初音ミク,Original,2017-04-30T00:00:00Z,249,0,0,Finished
154816,はじまり,ドッシー,Original,2017-04-30T00:00:00Z,0,0,0,Finished
154817,メゾン・ルミエール,ドッシー feat. 初音ミク,Original,2017-04-30T00:00:00Z,0,0,0,Finished
154818,ありがと、さよにゃら,ドッシー feat. 初音ミク,Original,2017-04-30T00:00:00Z,0,0,0,Finished
154819,ユメノアメ,"ドッシー, 端倉鑛 feat. 初音ミク",Original,2017-04-30T00:00:00Z,280,1,5,Finished
154820,おしまい,ドッシー,Original,2017-04-30T00:00:00Z,0,0,0,Finished
164929,カンタービレ×パッシオーネ,OSTER project feat. 初音ミク,Original,2017-08-11T00:00:00Z,286,11,79,Finished
164928,星ノ行方マデ,タケノコ少年 feat. 初音ミク,Original,2017-08-11T00:00:00Z,289,2,14,Finished
164908,ID,今宵茉露 feat. OИE,Original,2017-08-11T00:00:00Z,191,1,3,Approved
164906,アゲハ蝶,たくにゃ feat. 鏡音リン,Original,2017-08-11T00:00:00Z,281,1,3,Finished
164902,灰色の翼,樟氷 feat. 神威がくぽ,Original,2017-08-11T00:00:00Z,156,0,0,Finished
164892,輪廻,TakaUK feat. 初音ミク Append (Dark),Original,2017-08-11T00:00:00Z,168,0,0,Finished
164888,アルコールランプ,Nihil feat. 初音ミク,Original,2017-08-11T00:00:00Z,312,0,0,Finished
164690,ネクステ！,まさよし feat. AZUKI,Original,2017-08-11T00:00:00Z,0,0,0,Draft
164691,ドキドキ動悸が止まらない,えびあん feat. V4 GUMI (Unknown),Original,2017-08-11T00:00:00Z,0,0,0,Draft
164647,私の言葉が見えますか,appy feat. 初音ミク,Original,2017-08-11T00:00:00Z,173,1,3,Finished
245744,マスコミのうた。～人の不幸でメシがウマい～,音々P feat. 初音ミク,Original,2017-08-05T00:00:00Z,184,0,0,Finished
232712,Leiria,はてぃ～ feat. galaco,Original,2017-08-05T00:00:00Z,253,0,2,Finished
220635,ホリディ,アラン feat. 初音ミク V3 (Unknown),Original,2017-08-05T00:00:00Z,227,0,0,Finished
220386,灼天,ユウ feat. GUMI,Original,2017-08-05T00:00:00Z,291,0,0,Finished
212326,ツッコミS・O・S,"4O5人 feat. 鏡音リン, 鏡音レン",Original,2017-08-05T00:00:00Z,117,0,0,Finished
201381,セヲハヤミ,たっかんP feat. 初音ミク,Original,2017-08-05T00:00:00Z,286,1,3,Finished
200666,あるこーるあでぃくしょん！,杉野たそ feat. OИE,Original,2017-08-05T00:00:00Z,106,1,3,Finished
190871,Constellation,夜明リト feat. 初音ミク,Original,2017-08-05T00:00:00Z,264,0,0,Finished
186370,はじまりのうた,いとかむ feat. Fukase (Normal),Original,2017-08-05T00:00:00Z,211,0,0,Finished
186240,打上げ花火と影法師,なゆ feat. 初音ミク,Original,2017-08-05T00:00:00Z,361,0,0,Finished
177674,Timer,市瀬るぽ,Original,2017-12-29T00:00:00Z,261,0,0,Finished
177676,それは僕の言葉から,市瀬るぽ feat. Sawa Ichihashi,Original,2017-12-29T00:00:00Z,359,0,0,Finished
177669,REALITY,ALUVI feat. 初音ミク,Original,2017-12-29T00:00:00Z,0,0,0,Finished
177670,REPLICA,ALUVI feat. 初音ミク,Original,2017-12-29T00:00:00Z,0,0,0,Finished
177511,バーカ！,Naka-Dai feat. 鏡音リン,Original,2017-12-29T00:00:00Z,227,1,3,Finished
177512,ロードローラー・スタンピード,"アンメルツP feat. 鏡音リン, 鏡音レン",Original,2017-12-29T00:00:00Z,284,2,14,Finished
177513,スチレン,クロロン feat. 鏡音レン,Original,2017-12-29T00:00:00Z,0,1,3,Draft
177514,ヴァイオレンスゲーム,Hi-kun feat. 鏡音レン,Original,2017-12-29T00:00:00Z,0,1,3,Draft
177515,さよならを知る前に,キッドP feat. 鏡音レン,Original,2017-12-29T00:00:00Z,279,2,6,Finished
177516,magical note,"冴戒椎也, なつみゆず feat. 鏡音リン, 鏡音レン",Original,2017-12-29T00:00:00Z,0,1,3,Draft
928639,Not boundary,TAKUYA feat. 初音ミク,Original,2017-06-27T00:00:00Z,201,0,0,Finished
684172,MoonAndSun,ムーナンド feat. 初音ミク,Original,2017-06-27T00:00:00Z,234,0,0,Finished
355204,有黒天,たかひろ feat. 音憑タカ,Original,2017-06-27T00:00:00Z,177,0,0,Finished
275042,かげぼうし,"ひとでなし feat. 初音ミク, 音街ウナ (Unknown)",Original,2017-06-27T00:00:00Z,238,0,0,Finished
259887,密室の恋,涼介P feat. 初音ミク V4X (Unknown),Original,2017-06-27T00:00:00Z,275,0,0,Finished
244457,電音戦隊ボカレンジャー,斉藤一 feat. 初音ミク,Original,2017-06-27T00:00:00Z,255,0,0,Finished
236353,デカダンス,不破杞憂 feat. 巡音ルカ,Original,2017-06-27T00:00:00Z,296,0,0,Finished
227492,夏祭り、私は一人。,竜。 feat. 結月ゆかり,Original,2017-06-27T00:00:00Z,140,0,0,Finished
208178,solstice,ひろやん feat. IA,Original,2017-06-27T00:00:00Z,216,0,0,Finished
189126,幸せの奇跡,八神P feat. 鏡音リン,Original,2017-06-27T00:00:00Z,307,1,3,Finished
145777,Omnillore,Humareba feat. 初音ミク,Original,2017-01-05T00:00:00Z,326,1,5,Finished
145772,Lost,Owlscillate feat. 初音ミク V4 (English),Original,2017-01-05T00:00:00Z,226,2,12,Finished
145771,洗濯屋の犬,solidsmoke feat. 蒼姫ラピス,Original,2017-01-05T00:00:00Z,213,0,0,Finished
145770,川沿い,"アキ feat. 初音ミク, GUMI",Original,2017-01-05T00:00:00Z,200,2,8,Finished
145769,ヘイブン,nekokick feat. 初音ミク,Original,2017-01-05T00:00:00Z,271,0,0,Finished
145755,-ERROR-,8BitHero feat. 初音ミク V3 (English),Original,2017-01-05T00:00:00Z,0,0,0,Draft
145756,Catharsis,8BitHero feat. 初音ミク V3 (English),Original,2017-01-05T00:00:00Z,275,1,5,Finished
145748,おはようございます -Intro-,8BitHero,Original,2017-01-05T00:00:00Z,0,0,0,Draft
145749,Empathy,8BitHero feat. 初音ミク V3 (English),Original,2017-01-05T00:00:00Z,360,1,3,Finished
145751,Afterglow,"8BitHero feat. V3 GUMI (English), YOHIOloid (English)",Original,2017-01-05T00:00:00Z,0,1,3,Finished
361625,Next stage,moderate feat. IA,Original,2017-09-27T00:00:00Z,242,0,0,Finished
322050,Ahuva,TracyP feat. 初音ミク,Original,2017-09-27T00:00:00Z,534,2,6,Finished
233232,君には言わない,pinfupinfu feat. 初音ミク,Original,2017-09-27T00:00:00Z,240,0,0,Finished
187316,ハイビーム・ロービーム,辰美 feat. 巡音ルカ,Original,2017-09-27T00:00:00Z,180,0,0,Finished
185904,Cu-LogUe,logmug feat. OИE,Original,2017-09-27T00:00:00Z,251,1,3,Finished
184391,プラスチックな偶像,"Rain@Arile, MOE-ZOU, EX.CHMS-６ feat. various",Original,2017-09-27T00:00:00Z,267,0,0,Finished
177969,Whisper My Name,Duck With a Knife feat. MAIKA,Original,2017-09-27T00:00:00Z,264,0,2,Finished
171544,axis,Will P feat. 初音ミク,Original,2017-09-27T00:00:00Z,282,0,0,Finished
169355,π,"Janus feat. 初音ミク, 心華 V4 日本語版 (Unknown), galaco (Unknown)",Original,2017-09-27T00:00:00Z,223,3,11,Finished
168838,tooihoshini,h-fghia feat. 初音ミク,Original,2017-09-27T00:00:00Z,193,1,7,Finished
163201,灼熱サンバ,A2Z feat. 初音ミク V4X (Unknown),Original,2017-07-30T00:00:00Z,261,0,0,Finished
163176,蒼,Luriyakko feat. 巡音ルカ V4X (Unknown),Original,2017-07-30T00:00:00Z,287,0,0,Finished
163135,ファンタジア,"クネバナ feat. 音街ウナ (Talk Ex), 音街ウナ Sugar",Original,2017-07-30T00:00:00Z,182,1,3,Approved
163133,Risk Storage,夜色P feat. 音街ウナ (Unknown),Original,2017-07-30T00:00:00Z,229,1,3,Finished
163120,別れ辺の鬨,Kagishiro feat. KAITO V3 (Unknown),Original,2017-07-30T00:00:00Z,251,0,0,Finished
163119,Sweet Love Again,野々槻のの feat. 白鐘ヒスイ,Original,2017-07-30T00:00:00Z,236,1,3,Finished
163096,始まりの出会い,ねい feat. 初音ミク,Original,2017-07-30T00:00:00Z,286,0,0,Finished
163039,Get over!,"maya feat. 神威がくぽ, KAITO",Original,2017-07-30T00:00:00Z,219,2,10,Finished
162504,サマーアンセム！,くすのせ feat. various,Original,2017-07-30T00:00:00Z,290,0,0,Finished
672297,幸運な時代,春風香花 feat. 巡音ルカ V4X (Soft),Original,2017-07-29T00:00:00Z,231,0,0,Finished
442847,about time,"EHAMIC feat. 鏡音リン, 鏡音レン",Original,2017-04-28T00:00:00Z,0,0,0,Finished
442846,i will tell you all,"EHAMIC feat. 鏡音リン, 鏡音レン",Original,2017-04-28T00:00:00Z,170,0,2,Finished
402857,Make Me Feel Like,Azure feat. 巡音ルカ V4X (Unknown),Original,2017-04-28T00:00:00Z,351,0,0,Finished
366125,ー全てをー,ゲレスナ feat. 初音ミク,Original,2017-04-28T00:00:00Z,341,0,0,Finished
340324,愛してください,Ｙ＆Ｋ feat. 巡音ルカ,Original,2017-04-28T00:00:00Z,302,0,0,Finished
286590,デッドエンドの少年,"あき, ペヱヤン, チーム希望的天体観測 feat. 初音ミク",Original,2017-04-28T00:00:00Z,281,0,0,Finished
238980,ラヴコンテニュー,いわもち feat. 初音ミク,Original,2017-04-28T00:00:00Z,239,0,0,Finished
232951,ゆらゆらとさよなら,aoba feat. GUMI,Original,2017-04-28T00:00:00Z,244,0,0,Finished
229786,アップデートレイン,mania0905 feat. 初音ミク,Original,2017-04-28T00:00:00Z,270,0,0,Finished
226497,together,ヒューズ feat. IA,Original,2017-04-28T00:00:00Z,250,0,0,Finished
179985,おしまいだよ＝はじまりだよ,suppa micro pamchopp feat. 雪歌ユフ,Original,2017-09-09T00:00:00Z,137,1,3,Finished
179833,Past time,"Moo, Yutaka Kouzaki",Original,2017-09-09T00:00:00Z,0,0,0,Draft
179834,Clear:,"Moo, Yutaka Kouzaki feat. 結月ゆかり",Original,2017-09-09T00:00:00Z,0,0,0,Draft
179835,愛想スタシー,"Moo, Yutaka Kouzaki feat. IA, 結月ゆかり",Original,2017-09-09T00:00:00Z,0,0,0,Draft
179836,星降りの夜,"Moo, Yutaka Kouzaki feat. IA",Original,2017-09-09T00:00:00Z,0,0,0,Draft
179837,ファストフードに恋してる,"Moo, Yutaka Kouzaki feat. IA",Original,2017-09-09T00:00:00Z,0,1,3,Draft
179838,One more time,"Moo, Yutaka Kouzaki feat. IA",Original,2017-09-09T00:00:00Z,0,0,0,Draft
175899,たのしいおたんじょうかい,溝野あわ feat. Rana V4,Original,2017-09-09T00:00:00Z,133,3,9,Finished
174676,それぞれの「わたし」と「あなた」,TuLuL feat. Rana,Original,2017-09-09T00:00:00Z,195,0,0,Finished
174671,黄色いハンカチ,d-kami feat. Rana,Original,2017-09-09T00:00:00Z,221,0,0,Finished
177629,なんとかなる！,"ushiee feat. 音街ウナ (Unknown), 重音テト",Original,2017-12-15T00:00:00Z,144,1,7,Finished
177610,TEL,ザイオン feat. 滲音かこい,Original,2017-12-15T00:00:00Z,273,1,3,Finished
177609,リコールブルー,メイカ feat. 初音ミク,Original,2017-12-15T00:00:00Z,252,0,2,Finished
177608,トウキョウダイバアフェイクショウ,ツミキ feat. IA,Original,2017-12-15T00:00:00Z,180,15,75,Finished
177607,オーパーツ,きたろー feat. 鏡音リン,Original,2017-12-15T00:00:00Z,236,1,11,Finished
177606,空白,カネノネ+ feat. IA,Original,2017-12-15T00:00:00Z,162,4,24,Finished
177605,箱庭の蘭鋳,六弦亭またたび feat. GUMI,Original,2017-12-15T00:00:00Z,212,0,2,Finished
177604,FIGHTER-SSR,シーナ feat. さとうささら,Original,2017-12-15T00:00:00Z,208,1,3,Finished
177603,カーテンコール,Yohei Watanabe feat. 結月ゆかり,Original,2017-12-15T00:00:00Z,297,2,6,Finished
177602,ケナーブラ,真神稲荷 feat. 巡音ルカ,Original,2017-12-15T00:00:00Z,340,0,6,Finished
164265,Blue Moon,MSSサウンドシステム feat. 雪歌ユフ,Original,2017-08-06T00:00:00Z,213,2,8,Finished
164264,ココロ/サケブ,あんだぁ♪ feat. IA,Original,2017-08-06T00:00:00Z,221,0,0,Finished
164263,Sky of pain,Pencil feat. 巡音ルカ V4X (Unknown),Original,2017-08-06T00:00:00Z,276,0,0,Finished
164198,hello,ORYO feat. 初音ミク,Original,2017-08-06T00:00:00Z,307,2,8,Finished
998191,川が流れる,ハァト民 feat. 焔音レイ,Original,2017-08-05T00:00:00Z,220,0,0,Finished
792966,Gene Link,"磊撃 feat. 琴葉茜, 琴葉葵",Original,2017-08-05T00:00:00Z,300,0,0,Finished
745789,愛的召喚術,"俊二 feat. 奧斯卡, 蕎安",Original,2017-08-05T00:00:00Z,219,0,0,Finished
672299,よろこばしき世界,春風香花 feat. 巡音ルカ V4X (Soft),Original,2017-08-05T00:00:00Z,276,0,0,Finished
551800,カクシン＜B＞,ふゃた麿 feat. 緋惺,Original,2017-08-05T00:00:00Z,319,0,0,Finished
495138,殺さない,"松傘 feat. 画伯, 初音ミク",Original,2017-08-05T00:00:00Z,246,0,0,Finished
227491,Re:Sound Sing Step,竜。 feat. 結月ゆかり,Original,2017-09-25T00:00:00Z,139,0,2,Finished
211751,treasure of summer,宮野かなた feat. MATCHA,Original,2017-09-25T00:00:00Z,348,0,2,Finished
203291,Crosshair,Shrinebird feat. Fukase (English),Original,2017-09-25T00:00:00Z,350,0,0,Finished
200441,Fact Is Stranger Than Fiction,[no-hit record] feat. GUMI,Original,2017-09-25T00:00:00Z,150,0,0,Finished
194527,あんたまフォロワー1万人達成おめでとうソング,じーえふ feat. 初音ミク,Original,2017-09-25T00:00:00Z,129,0,0,Finished
192270,Remember,Red Eleven feat. 暗鳴ニュイ,Original,2017-09-25T00:00:00Z,110,1,3,Finished
189246,海の底のブルース,ジムノ feat. 重音テト,Original,2017-09-25T00:00:00Z,155,1,3,Finished
188585,-T∞E∞R∞R∞A-,UTA feat. IA,Original,2017-09-25T00:00:00Z,300,0,0,Finished
187040,独楽と風鈴,Magnetite feat. GUMI,Original,2017-09-25T00:00:00Z,348,0,0,Finished
184779,ラブミーラブミーノット,こーき feat. 初音ミク,Original,2017-09-25T00:00:00Z,260,0,0,Finished
604220,つまみ♡ねっとわーく,P.Lin* feat. 나나,Original,2017-10-23T00:00:00Z,149,1,5,Finished
495725,透明街と、なんとかぼっち。,たこやきそば feat. 初音ミク,Original,2017-10-23T00:00:00Z,241,0,0,Finished
366116,黄色いマカロン,みのろーる feat. 初音ミク Append (Sweet),Original,2017-10-23T00:00:00Z,286,1,3,Finished
363868,Hello win-win party night,片目黒P feat. IA,Original,2017-10-23T00:00:00Z,239,0,0,Finished
297055,HONNE,あいぼっと feat. 初音ミク Append (Dark),Original,2017-10-23T00:00:00Z,295,0,2,Finished
285225,ひとりぼっちかくれんぼ,おちぼし feat. 初音ミク,Original,2017-10-23T00:00:00Z,189,0,2,Finished
245463,Light Turn,ふるこんぼ,Original,2017-10-23T00:00:00Z,255,0,0,Finished
238976,君と僕とキミ,k feat. 音街ウナ (Unknown),Original,2017-10-23T00:00:00Z,233,0,0,Finished
222113,ミラクル☆ファンファーレ,W.K.2013 feat. 初音ミク,Original,2017-10-23T00:00:00Z,219,0,0,Finished
215161,TIL THE WORLD COMES FALLING DOWN,PLANET BRIAN feat. V3 GUMI (English),Original,2017-10-23T00:00:00Z,308,0,0,Finished
185697,ホッサ！,エフエムハマド！！ feat. MEIKO,Original,2017-11-25T00:00:00Z,227,0,0,Finished
185202,Birthday eve-まだ穢れの無い頃のこの星で-,Yield-S feat. 巡音ルカ,Original,2017-11-25T00:00:00Z,310,0,0,Finished
184343,九月不停雨,"乌龟, 纳兰寻风 feat. 乐正绫",Original,2017-11-25T00:00:00Z,236,2,10,Finished
184017,Anniversaryミゅーじっク♪,one1pay feat. 初音ミク,Original,2017-11-25T00:00:00Z,234,0,0,Finished
183804,月がでてるね,takubot feat. MEIKO,Original,2017-11-25T00:00:00Z,241,0,0,Finished
183054,fate of destiny,いかっぽいど feat. 巡音ルカ,Original,2017-11-25T00:00:00Z,195,0,0,Finished
177677,フリーズラブ,クロナ feat. 初音ミク,Original,2017-11-25T00:00:00Z,232,0,0,Finished
177665,七つの大彩〜鳥籠〜,Jille. feat. GUMI,Original,2017-11-25T00:00:00Z,335,0,0,Finished
177664,"Good-bye,Cage",えのやま feat. 初音ミク,Original,2017-11-25T00:00:00Z,190,0,0,Finished
177663,鳥かごの鳥たち,"ギンジ feat. 鏡音リン, 鏡音レン",Original,2017-11-25T00:00:00Z,273,1,3,Finished
146924,スケープゴート,shino feat. 初音ミク,Original,2017-01-25T00:00:00Z,197,0,0,Finished
146923,allright,haineko feat. 鏡音リン,Original,2017-01-25T00:00:00Z,187,0,2,Finished
146921,醉,"徐梦圆, 豆腐P feat. 嫣汐 (MUTA)",Original,2017-01-25T00:00:00Z,272,5,21,Finished
146920,ガーネット,ベレッタ feat. GUMI,Original,2017-01-25T00:00:00Z,247,1,5,Finished
146919,百夜,TKN feat. GUMI,Original,2017-01-25T00:00:00Z,237,4,22,Finished
146918,寻灯,"lemon夹子酱, 柯里 feat. 东方栀子, 莲华",Original,2017-01-25T00:00:00Z,0,1,3,Finished
987851,All Alone,yosshi feat. 暗鳴ニュイ,Original,2017-01-24T00:00:00Z,262,0,0,Finished
954806,ハローハローハロー,サイトウ feat. 巡音ルカ,Original,2017-01-24T00:00:00Z,216,0,0,Finished
870008,The Girl's Birthday (Nakanakanaka),Biohazardous Diva feat. various,Original,2017-01-24T00:00:00Z,0,0,0,Finished
654204,Behind The Screen,Sapphire Star feat. KAITO V3 (English),Original,2017-01-24T00:00:00Z,281,0,0,Finished
178458,夢の底にもぐって,きくお feat. 初音ミク,Original,2017-12-29T00:00:00Z,153,7,79,Finished
178459,カラカラカラのカラ,きくお feat. 初音ミク,Original,2017-12-29T00:00:00Z,482,47,251,Finished
178460,怪獣ピノ・ポラリス,きくお feat. 初音ミク,Original,2017-12-29T00:00:00Z,548,18,118,Finished
178461,交信交信交信中,きくお feat. 初音ミク,Original,2017-12-29T00:00:00Z,295,24,138,Finished
178462,おいしいたましい,きくお feat. 初音ミク V3 (Original),Original,2017-12-29T00:00:00Z,310,10,92,Finished
178465,六角六片三角孔ねじれ正多面体ですか？,きくお feat. 初音ミク,Original,2017-12-29T00:00:00Z,195,10,72,Finished
178447,Recall,Clean Tears feat. 初音ミク,Original,2017-12-29T00:00:00Z,294,4,38,Finished
178448,Rocca,Clean Tears feat. 初音ミク,Original,2017-12-29T00:00:00Z,268,8,44,Finished
178449,Banquet,Clean Tears feat. 初音ミク,Original,2017-12-29T00:00:00Z,332,4,26,Finished
178451,come to the surface,Clean Tears feat. 初音ミク,Original,2017-12-29T00:00:00Z,496,5,31,Finished
173921,過ぎて行け,マスイ feat. 初音ミク,Original,2017-11-07T00:00:00Z,205,1,9,Finished
173920,無言葉,KosK feat. 初音ミク,Original,2017-11-07T00:00:00Z,179,1,5,Finished
173919,それは流星のように,Sho-Pen feat. GUMI,Original,2017-11-07T00:00:00Z,258,0,2,Finished
173918,テディ、話を聞いて,"タカハシヨウ, 家の裏でマンボウが死んでるP feat. GUMI",Original,2017-11-07T00:00:00Z,301,0,4,Finished
173904,TIMELESS,Vocasy feat. DAINA,Original,2017-11-07T00:00:00Z,266,1,5,Finished
173859,SAYONARAlalaGOODBYE,"ごぶりん feat. 初音ミク, IA",Original,2017-11-07T00:00:00Z,338,0,0,Finished
944752,no name.mp3,z_grdm feat. Fukase (English),Original,2017-11-06T00:00:00Z,173,0,0,Finished
671907,流動食,灰色屋 feat. 歌愛ユキ,Original,2017-11-06T00:00:00Z,208,0,2,Finished
643806,test_3,ジャンクガレージ feat. 初音ミク,Original,2017-11-06T00:00:00Z,144,0,0,Finished
491417,Thin Walls,Sir Egios feat. AVANNA,Original,2017-11-06T00:00:00Z,388,0,0,Finished
178682,懂得活着,Vichede feat. 初音ミク V4 (中文版),Original,2017-12-23T00:00:00Z,211,0,6,Finished
178673,煩悩,とーず feat. IA,Original,2017-12-23T00:00:00Z,469,1,7,Finished
178660,セクション01,take4its feat. 結月ゆかり,Original,2017-12-23T00:00:00Z,261,0,2,Finished
178658,Crisis～存亡の危機～,"たかぴぃ feat. 鏡音リン, 鏡音レン",Original,2017-12-23T00:00:00Z,269,6,42,Finished
178592,ハロー,さばとP feat. 初音ミク,Original,2017-12-23T00:00:00Z,295,0,4,Finished
178119,ボカロはダサい,ピノキオピー feat. 初音ミク,Original,2017-12-23T00:00:00Z,216,43,237,Finished
998180,ラヴリィ♡スペシャル☆ゆかりんナイト,ハァト民 feat. 結月ゆかり,Original,2017-12-22T00:00:00Z,361,0,0,Finished
935939,BorderLine,kouny feat. 歌幡メイジ,Original,2017-12-22T00:00:00Z,221,0,0,Finished
926954,Morning Dew,Daifuku P feat. 巡音ルカ,Original,2017-12-22T00:00:00Z,0,0,0,Finished
902277,泣いたピアノ,Biscuits feat. LUMi,Original,2017-12-22T00:00:00Z,186,0,0,Draft
148836,長いようで、短いようで。,なすP feat. 初音ミク,Original,2017-02-07T00:00:00Z,290,0,0,Finished
148820,Installation,상록수 feat. UNI,Original,2017-02-07T00:00:00Z,247,3,23,Finished
148819,ここにいない,街子 feat. 初音ミク,Original,2017-02-07T00:00:00Z,210,1,3,Finished
148809,OXYPETALUM,"栗山夕璃, 端倉鑛 feat. 初音ミク",Original,2017-02-07T00:00:00Z,280,3,17,Finished
148799,墨染春秋,无刃妖影 feat. 乐正绫,Original,2017-02-07T00:00:00Z,236,1,3,Finished
877180,夜はこれから,羽生まゐご feat. 初音ミク,Original,2017-02-06T00:00:00Z,140,0,2,Finished
829327,Moment Day,"VISREV, zest:rave feat. GUMI",Original,2017-02-06T00:00:00Z,115,1,3,Finished
703499,終止符,Dr.RONDO feat. 巡音ルカ,Original,2017-02-06T00:00:00Z,245,0,0,Finished
565638,I Realized,Kotoba Project feat. AVANNA,Original,2017-02-06T00:00:00Z,217,0,0,Finished
378292,罪の河,のらおとあそび。 feat. WIL,Original,2017-02-06T00:00:00Z,222,0,0,Finished
377807,ちょんちょんを感じたい,sumalu feat. 初音ミク,Original,2017-04-04T00:00:00Z,149,0,0,Finished
322457,ツギハギミライ,江戸川リバ子 feat. 初音ミク,Original,2017-04-04T00:00:00Z,297,0,0,Draft
269868,しめきりにまにあわない！,プラズマ feat. 初音ミク,Original,2017-04-04T00:00:00Z,192,0,0,Finished
263595,春が来る,小野塚裕也 feat. 初音ミク,Original,2017-04-04T00:00:00Z,192,0,0,Finished
249863,April Blues,本多健吾 feat. Sachiko,Original,2017-04-04T00:00:00Z,145,1,3,Finished
233530,遥かなる空,不居見綾乃 feat. 星音ハル,Original,2017-04-04T00:00:00Z,316,1,5,Finished
220786,絶叫destruction,ハリのネズ feat. 音街ウナ (Unknown),Original,2017-04-04T00:00:00Z,247,0,2,Finished
210346,繰り返す嫉妬と愛,混沌ツクラーP feat. 巡音ルカ,Original,2017-04-04T00:00:00Z,125,0,0,Finished
206737,Madhatter,TBLM feat. 鏡音リン V4X (Unknown),Original,2017-04-04T00:00:00Z,124,0,0,Finished
193283,地球生存日记,Sheep feat. 洛天依,Original,2017-04-04T00:00:00Z,248,0,0,Finished
161351,"Hello,World.",えいじゅん feat. IA,Original,2017-06-17T00:00:00Z,205,0,4,Finished
161352,ゆきひこほし,えいじゅん feat. 初音ミク,Original,2017-06-17T00:00:00Z,0,0,0,Finished
161353,Ka-G-Ya,えいじゅん feat. 初音ミク,Original,2017-06-17T00:00:00Z,0,0,0,Finished
160302,光年·别离,"鬼面P, 不弃, 冬至无声 feat. 乐正绫",Original,2017-06-17T00:00:00Z,285,0,2,Finished
160253,知りたい知りたい,Mizuike feat. 初音ミク,Original,2017-06-17T00:00:00Z,208,0,0,Finished
159811,さみしい機械少年,五右衛門 feat. 葛駄夜音,Original,2017-06-17T00:00:00Z,188,3,13,Finished
159802,孤独すぎた怪物,nadauyu feat. 葛駄夜音,Original,2017-06-17T00:00:00Z,232,1,7,Finished
159803,レインコート,ive feat. 葛駄夜音,Original,2017-06-17T00:00:00Z,193,2,8,Finished
159804,おにあい,"mahoro feat. 葛駄夜音, 葛駄楼",Original,2017-06-17T00:00:00Z,210,2,8,Finished
159805,YOMAI,"文無 feat. 葛駄夜音, 葛駄楼",Original,2017-06-17T00:00:00Z,243,1,9,Finished
168517,Dr.Singularity,ヤマシロマシロ feat. 初音ミク,Original,2017-09-25T00:00:00Z,282,1,9,Finished
168516,秋風とコスモスのにおい,txdHIROSI feat. 初音ミク,Original,2017-09-25T00:00:00Z,255,0,2,Finished
168515,光学迷彩,cheap feat. 巡音ルカ,Original,2017-09-25T00:00:00Z,281,0,16,Finished
168500,247′,石見 feat. IA,Original,2017-09-25T00:00:00Z,329,0,4,Finished
168499,紅の万華鏡,はれ feat. 初音ミク,Original,2017-09-25T00:00:00Z,189,0,2,Finished
168498,Shells,Qbotch feat. VY1V4 (Unknown),Original,2017-09-25T00:00:00Z,223,0,0,Finished
168491,若者たち,John Doe feat. 夢眠ネム,Original,2017-09-25T00:00:00Z,272,1,3,Finished
168488,blanc,鯰畝 feat. 雪歌ユフ,Original,2017-09-25T00:00:00Z,185,2,8,Finished
168486,ゼロで割る,Misumi feat. v flower,Original,2017-09-25T00:00:00Z,223,2,24,Finished
168485,愛してるよ,ペルソナ feat. 初音ミク,Original,2017-09-25T00:00:00Z,208,0,0,Finished
156015,Seabreeze,tk feat. V3 GUMI (English),Original,2017-05-06T00:00:00Z,226,0,0,Finished
156010,ステルスグレーテル,灰色屋 feat. 初音ミク,Original,2017-05-06T00:00:00Z,210,1,3,Finished
156009,アクアにおまかせ,バーソンP feat. 初音ミク,Original,2017-05-06T00:00:00Z,248,0,0,Finished
156008,アシタのアタシ,Uzzy feat. 初音ミク,Original,2017-05-06T00:00:00Z,193,0,4,Finished
156007,TRAPPIST-1,Gen feat. 初音ミク,Original,2017-05-06T00:00:00Z,237,3,13,Finished
156006,カワレナインカウンツ,呆 feat. 初音ミク,Original,2017-05-06T00:00:00Z,274,1,5,Finished
156004,箱,Noko feat. 京町セイカ,Original,2017-05-06T00:00:00Z,188,1,7,Finished
156003,セツナ的な人生観,藍緑P feat. GUMI,Original,2017-05-06T00:00:00Z,213,0,6,Finished
156002,記憶のほし,OwMyOwl feat. 初音ミク,Original,2017-05-06T00:00:00Z,283,0,2,Finished
156001,ドリームレス・ドリームス,はるまきごはん feat. 初音ミク,Original,2017-05-06T00:00:00Z,230,48,292,Finished
153028,乌斯怀亚,"魂纸, 小荳 feat. 洛天依",Original,2017-03-25T00:00:00Z,266,0,0,Finished
152677,バカやろう！,反骨P feat. 鏡音レン V4X (Power),Original,2017-03-25T00:00:00Z,321,0,2,Finished
152640,VuuDuU,S.O.U.L. feat. CYBER DIVA,Original,2017-03-25T00:00:00Z,225,1,7,Finished
152556,Back Door Lover,Steven Wagenheim feat. DEX,Original,2017-03-25T00:00:00Z,195,1,3,Finished
152440,漸近線,なおき feat. 初音ミク V3 (Unknown),Original,2017-03-25T00:00:00Z,292,0,2,Finished
152439,彩色メモリーズ,透 feat. 初音ミク,Original,2017-03-25T00:00:00Z,232,0,0,Finished
152438,フルーツパッフェ,ryo-ta feat. 初音ミク Append (Soft),Original,2017-03-25T00:00:00Z,184,1,3,Finished
152437,冬虫夏想。,負け犬P feat. GUMI,Original,2017-03-25T00:00:00Z,313,0,0,Finished
152436,Collapse,さばとP feat. GUMI,Original,2017-03-25T00:00:00Z,276,1,3,Finished
152434,ボン・ヴォヤージュ,akatsukikyo feat. OИE,Original,2017-03-25T00:00:00Z,330,1,3,Finished
297861,deep inside,"MarvyanakaP feat. Sweet Ann, CYBER SONGMAN",Original,2017-01-21T00:00:00Z,181,0,2,Finished
246424,夜が開けたら,ばたさと feat. Fukase (Unknown),Original,2017-01-21T00:00:00Z,167,0,0,Finished
239777,ダウン・ザ・ハイウェイ,うあじゃ feat. 神威がくぽ,Original,2017-01-21T00:00:00Z,253,0,0,Finished
220611,満天の永遠の中に,アラン feat. 初音ミク V3 (Unknown),Original,2017-01-21T00:00:00Z,201,0,0,Finished
220015,ワガママ彼女,そふぁ feat. 初音ミク,Original,2017-01-21T00:00:00Z,252,0,0,Finished
214698,fredelica,野々槻のの feat. 白鐘ヒスイ,Original,2017-01-21T00:00:00Z,242,1,3,Finished
212354,スタートライン,佐衛門 feat. 初音ミク,Original,2017-01-21T00:00:00Z,111,0,0,Finished
210362,花咲,混沌ツクラーP feat. galaco,Original,2017-01-21T00:00:00Z,169,1,5,Finished
207204,Born in This Town,"Rap Inclusion feat. 初音ミク, DJ TATSUYA",Original,2017-01-21T00:00:00Z,0,0,0,Finished
207203,I wanna be Your Lover,Rap Inclusion feat. 初音ミク,Original,2017-01-21T00:00:00Z,0,0,0,Finished
260410,Scary World,Luckydog feat. V3 GUMI (English),Original,2017-08-24T00:00:00Z,169,0,0,Finished
239767,immoral mistress,うあじゃ feat. MEIKO,Original,2017-08-24T00:00:00Z,238,0,0,Finished
237918,花之诗,lizzz_w feat. 洛天依,Original,2017-08-24T00:00:00Z,262,0,0,Finished
232735,Boredom,Galvan Corroid,Original,2017-08-24T00:00:00Z,188,0,0,Finished
231404,人でなしorigin,りくりくり feat. v flower,Original,2017-08-24T00:00:00Z,135,0,0,Finished
226223,mistery,kota feat. 初音ミク,Original,2017-08-24T00:00:00Z,112,0,0,Finished
204868,ナツゾラユリシーズ,"槌井こだま feat. 滲音かこい, 雪歌ユフ",Original,2017-08-24T00:00:00Z,283,1,3,Finished
193724,シャイニングスマイル,コングリー feat. 結月ゆかり,Original,2017-08-24T00:00:00Z,276,0,0,Finished
189344,my new courage,きとり feat. 初音ミク,Original,2017-08-24T00:00:00Z,212,0,0,Finished
188036,桜吹雪,トト郎 feat. 初音ミク,Original,2017-08-24T00:00:00Z,265,0,0,Finished
166212,花火,爱尔兰河童 feat. 初音ミク,Original,2017-09-07T00:00:00Z,242,1,5,Finished
1015356,やってらんねえよ,勝也 feat. 音街ウナ (Unknown),Original,2017-09-06T00:00:00Z,103,0,0,Finished
978654,小雨と詩,usgame feat. 初音ミク,Original,2017-09-06T00:00:00Z,294,0,0,Finished
894221,Jodete,La Romi pa' tu consu feat. 兎眠りおん,Original,2017-09-06T00:00:00Z,260,0,0,Finished
894211,Perdón,La Romi pa' tu consu feat. 歌手音ピコ,Original,2017-09-06T00:00:00Z,205,0,0,Finished
750539,コンティニュー音頭,にじいるか feat. 巡音ルカ,Original,2017-09-06T00:00:00Z,82,0,0,Finished
749702,ミスアンコンプリーティング,バーネット feat. 巡音ルカ,Original,2017-09-06T00:00:00Z,237,0,0,Finished
744250,ゼロから,hisa5 feat. RUKATA,Original,2017-09-06T00:00:00Z,155,0,0,Finished
653609,ホシキラクモユラ,hayabusaP feat. 初音ミク,Original,2017-09-06T00:00:00Z,83,0,0,Finished
629913,25センチ,きのまんP feat. IA,Original,2017-09-06T00:00:00Z,187,0,0,Finished
720682,Ring of Fortune,naotyu- feat. 佐々木恵梨,Original,2017-08-23T00:00:00Z,262,0,0,Finished
696162,When I'm Gone,Phantom Sage,Original,2017-08-23T00:00:00Z,286,0,0,Finished
663543,アンドロイドに恋をしていた,ダミ feat. 重音テト,Original,2017-08-23T00:00:00Z,236,0,0,Finished
653603,Release My Heart,hayabusaP feat. 初音ミク,Original,2017-08-23T00:00:00Z,53,0,0,Finished
477582,星は歌う,Achi Hum feat. 巡音ルカ,Original,2017-08-23T00:00:00Z,63,0,0,Finished
322229,Mammon,TracyP feat. 初音ミク,Original,2017-08-23T00:00:00Z,279,1,3,Finished
299165,夢と溶けて,ido feat. 初音ミク V4X (Unknown),Original,2017-08-23T00:00:00Z,128,0,0,Finished
292258,終末の子守唄,Melnik feat. 初音ミク,Original,2017-08-23T00:00:00Z,240,0,0,Finished
269568,So sweetest Baby,SAIJI feat. Unknown vocalist(s),Original,2017-08-23T00:00:00Z,204,0,0,Finished
243949,抗え,ROBIN feat. 欲音ルコ♀,Original,2017-08-23T00:00:00Z,156,1,3,Finished
168158,そうめん茹でると増える,略してび feat. 鏡音リン,Original,2017-09-21T00:00:00Z,92,1,3,Finished
168157,Eden 最悪は君に語りかける。,ももんちゅ feat. 結月ゆかり,Original,2017-09-21T00:00:00Z,187,0,0,Finished
168143,ゼツメツ少年,呆 feat. 初音ミク,Original,2017-09-21T00:00:00Z,396,0,0,Finished
1004121,あなたを求めて,ちゃし feat. IA,Original,2017-09-20T00:00:00Z,122,0,0,Finished
1004120,ピリオド,ちゃし feat. IA,Original,2017-09-20T00:00:00Z,116,0,0,Finished
901416,the 252nd day,PULSE feat. MEIKO V3 (English),Original,2017-09-20T00:00:00Z,103,0,0,Finished
849924,Blood On The Rocks,Steven Wagenheim feat. CYBER DIVA,Original,2017-09-20T00:00:00Z,158,0,0,Finished
681918,Aria to Hades,空気雲 feat. 初音ミク,Original,2017-09-20T00:00:00Z,118,0,0,Finished
681917,Aria to Hades,初音ミク,Original,2017-09-20T00:00:00Z,118,0,0,Draft
681916,Aria to Hades,初音ミク,Original,2017-09-20T00:00:00Z,118,0,0,Draft
185830,NOSTALGIA,まふゆ feat. GUMI,Original,2018-03-03T00:00:00Z,273,1,3,Finished
185829,ネオン,Takumi F feat. 初音ミク,Original,2018-03-03T00:00:00Z,303,0,2,Finished
185825,Do it！,joozi feat. GUMI,Original,2018-03-03T00:00:00Z,202,0,2,Approved
185804,Vibration,松傘 feat. 震える舌,Original,2018-03-03T00:00:00Z,178,1,5,Finished
185803,Contact,nakano4 feat. 桃音モモ,Original,2018-03-03T00:00:00Z,147,1,11,Finished
185802,青い春,"thin car feat. 鏡音リン, 鏡音レン",Original,2018-03-03T00:00:00Z,244,2,8,Finished
185785,4分の3の鏡,みつきP feat. 巡音ルカ,Original,2018-03-03T00:00:00Z,185,0,0,Finished
185784,Nietzsche,"Uji, 童話Project feat. 結月ゆかり",Original,2018-03-03T00:00:00Z,147,0,0,Finished
185783,変わる世界,そーた feat. 音街ウナ (Unknown),Original,2018-03-03T00:00:00Z,150,0,0,Finished
185782,青い星,お茶！ feat. MEIKO,Original,2018-03-03T00:00:00Z,346,0,2,Finished
204120,True World,Arreen feat. 夜雪,Original,2018-05-29T00:00:00Z,129,0,0,Finished
203021,ライラ,ミミコp feat. 初音ミク,Original,2018-05-29T00:00:00Z,271,1,7,Finished
195500,Hoffnung,Bakeneko feat. kokone,Original,2018-05-29T00:00:00Z,279,1,3,Finished
195454,Your Prince,StarryP feat. 初音ミク V4 (English),Original,2018-05-29T00:00:00Z,256,0,0,Finished
195449,ナイトライダー,aimor feat. 初音ミク,Original,2018-05-29T00:00:00Z,217,2,10,Finished
195425,とんねる,えくしい feat. 初音ミク,Original,2018-05-29T00:00:00Z,174,0,0,Finished
195424,おねむりなさい,ワカケホンセイ feat. 巡音ルカ,Original,2018-05-29T00:00:00Z,231,0,0,Finished
195422,Welcome to the Game,"WintermintP, One Minute Winter feat. 初音ミク V4 (English)",Original,2018-05-29T00:00:00Z,352,2,8,Finished
195420,Pearl,"ぺぺるる feat. 初音ミク V4X (Original), 初音ミク V4X (Solid)",Original,2018-05-29T00:00:00Z,272,0,0,Finished
195419,S,MP feat. 巡音ルカ V4X (Unknown),Original,2018-05-29T00:00:00Z,120,0,0,Finished
189919,ミルクボーイ・キャリー・サルヴァトール,七夜さん feat. 初音ミク,Original,2018-04-11T00:00:00Z,208,2,6,Finished
910195,Your Side,Galaxii feat. 巡音ルカ V4X English (Straight),Original,2018-04-10T00:00:00Z,187,0,0,Finished
815228,Out In The Cold,Steven Wagenheim feat. Ruby,Original,2018-04-10T00:00:00Z,208,0,0,Finished
653728,大人になるということ,hayabusaP feat. 初音ミク,Original,2018-04-10T00:00:00Z,301,0,0,Finished
404577,汚れた世界,加賀美 瀧 feat. 初音ミク,Original,2018-04-10T00:00:00Z,229,0,0,Finished
329424,天啓,"rka, 水景 feat. 氷山キヨテル",Original,2018-04-10T00:00:00Z,295,1,3,Finished
329421,Brave in the void～虚空で掴む光～,"時報, 小海老悠太 feat. 氷山キヨテル",Original,2018-04-10T00:00:00Z,218,1,5,Finished
329420,邪悪成敗ヒヤマメン！,時報 feat. 氷山キヨテル V4 Rock,Original,2018-04-10T00:00:00Z,226,1,3,Finished
310248,命名賛歌,ハルノネムリ feat. various,Original,2018-04-10T00:00:00Z,224,1,3,Finished
291546,High jump！,混沌のKey feat. 鏡音リン,Original,2018-04-10T00:00:00Z,192,0,0,Finished
260521,自堕落キャンパスライフ,ぽれあ feat. 結月ゆかり,Original,2018-04-20T00:00:00Z,181,0,0,Finished
250110,PSYCHOLOGY,本多健吾 feat. KYO,Original,2018-04-20T00:00:00Z,151,1,3,Finished
249225,レヴリミット,"つかだこうき, いつみ feat. 留音ロッカ",Original,2018-04-20T00:00:00Z,240,1,3,Finished
240181,Pause,"Joshua Lie feat. DEX, DAINA",Original,2018-04-20T00:00:00Z,199,1,5,Finished
232487,深海の少女(マーメイド),CØRY/J PANDA feat. 鏡音リン,Original,2018-04-20T00:00:00Z,203,0,0,Finished
218863,ストロべリィ マインド,mOni feat. 結月ゆかり,Original,2018-04-20T00:00:00Z,211,0,0,Finished
211876,ダメなやつだ,noface feat. 初音ミク,Original,2018-04-20T00:00:00Z,216,0,0,Finished
211644,駅のホームに君はいた,レイガード feat. 重音テト,Original,2018-04-20T00:00:00Z,217,1,3,Finished
205410,揺動する吊革,サンペイタツロウ feat. 初音ミク,Original,2018-04-20T00:00:00Z,205,0,0,Finished
204934,虚無,Yumuta feat. 初音ミク,Original,2018-04-20T00:00:00Z,248,0,0,Finished
262512,Zenith,サンペイタツロウ feat. 初音ミク,Original,2018-01-06T00:00:00Z,318,0,4,Finished
250076,蝙蝠,本多健吾 feat. アルスロイド,Original,2018-01-06T00:00:00Z,123,0,0,Finished
245748,桜、舞い散る,"名々群　夢, 音々P feat. 初音ミク",Original,2018-01-06T00:00:00Z,308,1,3,Finished
217636,言ノ葉,Lin feat. various,Original,2018-01-06T00:00:00Z,270,1,5,Finished
200780,月宴,Kijibato feat. 初音ミク,Original,2018-01-06T00:00:00Z,228,0,0,Finished
188998,内気で臆病な僕の日記,高尾 feat. 初音ミク,Original,2018-01-06T00:00:00Z,261,0,0,Finished
187326,零点満点,辰美 feat. 巡音ルカ,Original,2018-01-06T00:00:00Z,209,0,0,Finished
185523,Seeds of misery,Oxeld feat. 巡音ルカ V4X English (Straight),Original,2018-01-06T00:00:00Z,268,0,0,Finished
185332,あの時の私,ドリームロイドＰ feat. various,Original,2018-01-06T00:00:00Z,351,0,0,Draft
185209,Fly de lux,"multi1100 feat. 鏡音リン V4X (Unknown), 鏡音レン V4X (Unknown)",Original,2018-01-06T00:00:00Z,326,0,0,Finished
848115,Dance The Night Away,Various artists,Original,2018-07-09T00:00:00Z,181,0,0,Finished
712834,空想い,Cowboy feat. GUMI,Original,2018-07-09T00:00:00Z,198,1,3,Finished
653771,おもちゃ箱に詰めたもの,hayabusaP feat. 初音ミク,Original,2018-07-09T00:00:00Z,231,0,0,Finished
612628,見たくないもの,もちこ feat. SF-A2 開発コード miki,Original,2018-07-09T00:00:00Z,153,0,0,Finished
554400,ring,暁-Aki- feat. GUMI,Original,2018-07-09T00:00:00Z,345,0,0,Finished
458384,Q.T.,xerinth feat. 初音ミク V3 (Unknown),Original,2018-07-09T00:00:00Z,190,0,2,Finished
458382,way right,xerinth feat. 初音ミク V3 (Unknown),Original,2018-07-09T00:00:00Z,165,0,0,Finished
436868,Forever,제시 feat. 카일린,Original,2018-07-09T00:00:00Z,219,0,0,Finished
358829,星に祈りを(2018七夕),nasubi10 feat. 巡音ルカ,Original,2018-07-09T00:00:00Z,167,0,0,Finished
307859,Into the Stars,LuvP feat. CYBER DIVA,Original,2018-07-09T00:00:00Z,206,0,0,Finished
220041,「Ｒ」,じゃんぼ feat. 鏡音リン,Original,2018-12-27T00:00:00Z,281,0,2,Finished
220040,二人の意味を紡ぐ,"玖珂埜ガク, Favori feat. 鏡音レン, 鏡音リン",Original,2018-12-27T00:00:00Z,338,4,16,Finished
220039,The secret moon,"K.H feat. 鏡音リン V4X (Unknown), 鏡音レン V4X (Unknown)",Original,2018-12-27T00:00:00Z,207,0,0,Finished
220038,ひとりでいるよりも君といるよ,"k feat. 鏡音リン, 鏡音レン",Original,2018-12-27T00:00:00Z,237,1,3,Finished
220037,未来地図,"かずP feat. 鏡音リン, 鏡音レン",Original,2018-12-27T00:00:00Z,278,0,2,Finished
220036,みにくいアヒルの育てかた ～The Ugly Foie Gras,Kamiyanagi feat. 鏡音レン,Original,2018-12-27T00:00:00Z,256,0,2,Finished
220035,No.1にさせて,Various artists,Original,2018-12-27T00:00:00Z,250,7,35,Finished
220034,君の「終わり」が咲いた時僕はきっと...,"天川秋 feat. 鏡音レン, 鏡音リン",Original,2018-12-27T00:00:00Z,264,0,2,Finished
220033,ガラス鏡の中のきみ,"アニャ feat. 鏡音リン V4X (Unknown), 鏡音レン V4X (Unknown)",Original,2018-12-27T00:00:00Z,280,0,0,Finished
220032,ヴヱルメ,"△○□× feat. 鏡音レン V4X (Unknown), 鏡音リン V4X (Unknown)",Original,2018-12-27T00:00:00Z,139,2,16,Finished
218710,CORE AI,TKN feat. GUMI,Original,2018-12-21T00:00:00Z,213,6,36,Finished
218709,浮遊列車に乗って,C.01 feat. 初音ミク,Original,2018-12-21T00:00:00Z,230,2,8,Finished
218708,エンドロールが終わる頃に。,フミヅカイ feat. v flower,Original,2018-12-21T00:00:00Z,195,0,0,Finished
218707,ジュピター,イカ feat. v flower,Original,2018-12-21T00:00:00Z,226,0,2,Finished
218706,観劇,由末イリ feat. v flower,Original,2018-12-21T00:00:00Z,184,0,0,Finished
218705,ERROR,TKN feat. GUMI,Original,2018-12-21T00:00:00Z,199,3,23,Finished
218704,こたつ,しろにゃん feat. 初音ミク,Original,2018-12-21T00:00:00Z,212,2,12,Finished
218701,さよならにダンスを,しだしだ feat. 音街ウナ Spicy,Original,2018-12-21T00:00:00Z,266,0,0,Finished
218700,C2C,快晴P feat. 初音ミク V4X (Unknown),Original,2018-12-21T00:00:00Z,190,0,6,Finished
218699,シーイズリリー,犀は火曜日、山羊は海 feat. 初音ミク,Original,2018-12-21T00:00:00Z,180,2,8,Finished
192545,flashback,hieroglyph feat. 初音ミク,Original,2018-05-02T00:00:00Z,239,0,0,Finished
192544,ザクロ,dubpocket feat. 初音ミク,Original,2018-05-02T00:00:00Z,288,1,7,Finished
192543,造花,みそ feat. 重音テト,Original,2018-05-02T00:00:00Z,286,1,5,Finished
192507,-ize,r-906 feat. 初音ミク V4X (Original),Original,2018-05-02T00:00:00Z,194,4,24,Finished
192506,日暮らし,キツヅエ feat. 初音ミク,Original,2018-05-02T00:00:00Z,247,0,2,Finished
192481,花吹雪舞う道を,"チャム, frenchbread feat. 東北ずん子",Original,2018-05-02T00:00:00Z,273,0,0,Finished
192480,追憶の旅人,がさえる feat. 唄音ウタ,Original,2018-05-02T00:00:00Z,134,1,3,Finished
192479,ひとりがち,ろくろ feat. IA,Original,2018-05-02T00:00:00Z,299,8,46,Finished
192473,わたがし信仰,森羅 feat. 初音ミク,Original,2018-05-02T00:00:00Z,358,0,0,Finished
192468,潮騒のメロディ,じゆんＰ feat. 初音ミク,Original,2018-05-02T00:00:00Z,208,0,0,Finished
185983,ホワイトフロート,mt feat. 初音ミク,Original,2018-01-20T00:00:00Z,474,0,0,Finished
185982,スターライト・ドリーマー,かーく feat. 春歌ナナ,Original,2018-01-20T00:00:00Z,206,1,3,Finished
185981,ヒジョウシキ,"うろーく, めかおん feat. 虎音ココ",Original,2018-01-20T00:00:00Z,319,1,3,Finished
185980,背伸びでいつか,aS feat. 初音ミク,Original,2018-01-20T00:00:00Z,198,0,0,Finished
185979,"everlasting steps,",かむ feat. 櫻花アリス,Original,2018-01-20T00:00:00Z,343,1,3,Finished
185978,ちいさなはな,五十嵐悠紀 feat. 久度ヤフカ,Original,2018-01-20T00:00:00Z,250,1,3,Finished
185977,Sunday Morning Magic,ビーカーP feat. 初音ミク,Original,2018-01-20T00:00:00Z,181,0,0,Finished
185871,空想シンドローム,ひんみ feat. 鏡音リン,Original,2018-01-20T00:00:00Z,254,0,0,Finished
185609,酢を飲めよ,らすてぃー feat. 初音ミク,Original,2018-01-20T00:00:00Z,243,0,0,Finished
185608,ハートフル大工,らすてぃー feat. 初音ミク,Original,2018-01-20T00:00:00Z,152,0,0,Finished
201570,Brioche,Fuzzy feat. VY1,Original,2018-08-25T00:00:00Z,274,0,0,Finished
201565,チョコチップメロンパン,はるりん feat. IA,Original,2018-08-25T00:00:00Z,100,0,0,Finished
201564,BU=R=N THE NIGHT,えいじゅん feat. IA,Original,2018-08-25T00:00:00Z,136,0,2,Finished
201563,ちくわパンの歌,"氷翠 feat. GUMI, 初音ミク",Original,2018-08-25T00:00:00Z,102,0,0,Finished
201562,コル★ネパン,"ゲパメニョール feat. GUMI, OИE",Original,2018-08-25T00:00:00Z,111,1,3,Finished
201561,チョココロネ,ebi feat. 重音テト,Original,2018-08-25T00:00:00Z,74,1,3,Finished
201557,Panettone,"Fuzzy feat. Lily, VY1",Original,2018-08-25T00:00:00Z,244,0,0,Finished
201268,PLEASANT DAYS,栗山夕璃 feat. 初音ミク,Original,2018-08-25T00:00:00Z,212,4,16,Finished
201267,SCOUT,"BIGHEAD, はるまきごはん feat. 初音ミク",Original,2018-08-25T00:00:00Z,201,1,7,Finished
201265,NEW PARK,BIGHEAD feat. 初音ミク,Original,2018-08-25T00:00:00Z,178,1,3,Finished
221341,水中都市,"サマリ feat. 初音ミク, v flower",Original,2018-09-22T00:00:00Z,201,0,0,Finished
220216,カミサマ　カミクズ,SSS feat. 初音ミク,Original,2018-09-22T00:00:00Z,159,0,0,Finished
219151,未来,じじいパンダ feat. 初音ミク,Original,2018-09-22T00:00:00Z,249,0,0,Finished
217879,一番星に願うこと,しろえり feat. 初音ミク,Original,2018-09-22T00:00:00Z,274,0,0,Finished
215114,地獄,地獄07兄 feat. VY1V4 (Unknown),Original,2018-09-22T00:00:00Z,278,0,0,Finished
213136,アイビー,ラル feat. 音街ウナ Spicy,Original,2018-09-22T00:00:00Z,225,1,7,Finished
212283,Rift,chiyo feat. 巡音ルカ V4X English (Straight),Original,2018-09-22T00:00:00Z,260,1,3,Finished
211150,kokage,X1gl feat. 初音ミク,Original,2018-09-22T00:00:00Z,150,0,0,Finished
210183,９月の恋,ましゅふぁー feat. 初音ミク,Original,2018-09-22T00:00:00Z,206,0,0,Finished
209303,二人の夏,いちごのせP feat. GUMI,Original,2018-09-22T00:00:00Z,142,0,0,Finished
212247,遊びに行こうか,Nastur feat. 滲音かこい,Original,2018-11-03T00:00:00Z,254,1,3,Finished
212246,unstable,ねこかみ feat. 結月ゆかり,Original,2018-11-03T00:00:00Z,302,0,2,Finished
212245,Season,Nanasi feat. 初音ミク,Original,2018-11-03T00:00:00Z,236,0,0,Finished
212244,おやすみEpilogue,Macia feat. 初音ミク,Original,2018-11-03T00:00:00Z,229,0,0,Finished
212170,starry melody,Last Order feat. 初音ミク,Original,2018-11-03T00:00:00Z,258,0,0,Finished
212166,哀愛情,"ナツノルノ feat. IA, 初音ミク",Original,2018-11-03T00:00:00Z,231,1,5,Finished
212057,Dreamer's lie,ワジョウ　フタシカ feat. 初音ミク,Original,2018-11-03T00:00:00Z,201,0,2,Finished
212056,ミライのカガミ,初心P feat. 鏡音レン,Original,2018-11-03T00:00:00Z,246,0,0,Finished
212044,碧霄の星…,Lelevase feat. GUMI,Original,2018-11-03T00:00:00Z,233,0,0,Finished
212029,帰り道、茜色,"織春コン feat. 初音ミク, 重音テト",Original,2018-11-03T00:00:00Z,295,1,3,Finished
201634,ブランコの少女,Naru feat. 巡音ルカ V4X (Unknown),Original,2018-08-26T00:00:00Z,357,0,2,Finished
201633,モズライトストーリ,colonel feat. GUMI,Original,2018-08-26T00:00:00Z,217,0,2,Finished
201632,僕らの,Nora feat. Lily,Original,2018-08-26T00:00:00Z,228,1,3,Finished
201617,お茶のSIKUMI,蒸留ノボレ feat. 桜乃そら (Unknown),Original,2018-08-26T00:00:00Z,136,1,3,Finished
833820,（日本のこころ）JK（ババア絶叫編）,You-Z feat. GUMI,Original,2018-08-25T00:00:00Z,201,0,0,Finished
713662,Seed,maxz feat. 結月ゆかり,Original,2018-08-25T00:00:00Z,210,0,0,Finished
653787,独り占めした後はんぶんこ,hayabusaP feat. 初音ミク,Original,2018-08-25T00:00:00Z,206,0,0,Finished
623778,ne猫車ko,"Aポエット feat. 重音テト, 唄音ウタ",Original,2018-08-25T00:00:00Z,258,0,0,Finished
565477,落幕之城，于片雨的街道上,缀酱 feat. 心華,Original,2018-08-25T00:00:00Z,148,0,0,Finished
502530,パン屋行くならベーコンエピを,つゆうしずく feat. 初音ミク,Original,2018-08-25T00:00:00Z,65,0,0,Finished
218931,結月ゆかりはなんと伝えたい,"ASUKA-FLAT feat. 結月ゆかり, 弦巻マキ",Original,2018-12-22T00:00:00Z,313,1,3,Finished
218930,White Atmosphere,"夜色P feat. 紲星あかり, CUL, 結月ゆかり",Original,2018-12-22T00:00:00Z,250,1,3,Finished
218929,夏のぬけがら,小林三角 feat. v flower,Original,2018-12-22T00:00:00Z,260,0,0,Finished
218928,君と繋ぐ未来のメロディー,LEI feat. 結月ゆかり,Original,2018-12-22T00:00:00Z,186,0,0,Finished
218927,Over Crying In Me,"Yokomin feat. 結月ゆかり, 紲星あかり",Original,2018-12-22T00:00:00Z,284,3,13,Finished
218925,見上げた空に、ぬけがらの君,七椅 feat. 結月ゆかり,Original,2018-12-22T00:00:00Z,217,0,0,Finished
218924,クリスマスのお届けもの,BumblebeeQueen feat. さとうささら,Original,2018-12-22T00:00:00Z,419,1,3,Finished
218923,ミゾレユキ,Baku feat. 結月ゆかり,Original,2018-12-22T00:00:00Z,319,0,0,Finished
218914,キラキラの魔法,"えび feat. GUMI, 初音ミク",Original,2018-12-22T00:00:00Z,289,0,0,Finished
218906,キミノソラ,はちはち feat. 初音ミク,Original,2018-12-22T00:00:00Z,293,0,0,Finished
209301,お陽さまに願いを,いちごのせP feat. GUMI,Original,2018-10-22T00:00:00Z,222,0,0,Finished
209298,ソシテヒトリニ,manika feat. 初音ミク,Original,2018-10-22T00:00:00Z,137,0,0,Finished
209284,アキカゼ＊スコープ,ckwa feat. 初音ミク,Original,2018-10-22T00:00:00Z,272,3,13,Finished
208958,クリアピース,"Chiaki, SHOZI feat. 結月ゆかり",Original,2018-10-22T00:00:00Z,238,0,0,Finished
198696,星,"KeitA, TKT feat. 初音ミク",Original,2018-10-22T00:00:00Z,257,1,5,Finished
904024,Perfect Gloom,暘 弥涼 feat. VY1V4 (Unknown),Original,2018-10-21T00:00:00Z,226,0,0,Finished
876203,Heartland,The Springfield feat. Fukase (Unknown),Original,2018-10-21T00:00:00Z,423,0,0,Finished
851410,にばんぼし,つっくん feat. Fukase (Unknown),Original,2018-10-21T00:00:00Z,245,0,0,Finished
650391,Psysinner,MASEraaaN,Original,2018-10-21T00:00:00Z,150,0,0,Finished
623742,de美nn,"Aポエット feat. 重音テト, 唄音ウタ",Original,2018-10-21T00:00:00Z,128,0,0,Finished
214782,Million Stars,"LayetriP, teamLayetri feat. 心華 V4 日本語版 (Power)",Original,2018-12-16T00:00:00Z,227,0,2,Finished
214783,Tiding of the Wind,"LayetriP, teamLayetri feat. 初音ミク",Original,2018-12-16T00:00:00Z,286,1,3,Finished
214784,伝えたい,"LayetriP, teamLayetri feat. 鏡音リン, 鏡音レン",Original,2018-12-16T00:00:00Z,204,0,0,Finished
214780,Lone Wolf,"LayetriP, teamLayetri feat. 心華 V4 日本語版 (Power)",Original,2018-12-16T00:00:00Z,161,0,0,Finished
214781,Warm my Heart,"LayetriP, teamLayetri feat. SF-A2 開発コード miki V4, 初音ミク",Original,2018-12-16T00:00:00Z,216,0,0,Finished
214779,Alone,"LayetriP, teamLayetri feat. 初音ミク",Original,2018-12-16T00:00:00Z,294,0,0,Finished
1009853,Restaurant Floor (Lounge Edit),なかいあんこう,Original,2018-12-15T00:00:00Z,228,0,0,Finished
1009851,Take Me the Highest,なかいあんこう,Original,2018-12-15T00:00:00Z,254,0,0,Finished
1009850,Emulator (Original mix),なかいあんこう,Original,2018-12-15T00:00:00Z,215,0,0,Finished
1009849,Snowscape,なかいあんこう,Original,2018-12-15T00:00:00Z,291,0,0,Finished
232753,Broken Magnet,"Galvan Corroid, Ricky Croci feat. Oliver, 初音ミク V4 (English)",Original,2018-06-28T00:00:00Z,233,1,3,Finished
231823,さよなら,あだちかすか feat. 重音テト,Original,2018-06-28T00:00:00Z,234,2,14,Finished
219179,おやすみダーリン,BREAK feat. GUMI,Original,2018-06-28T00:00:00Z,215,0,0,Finished
207517,This Road,DefiantKitsune feat. 巡音ルカ V4X English (Straight),Original,2018-06-28T00:00:00Z,167,0,0,Finished
205630,[03],HIROSHI feat. 巡音ルカ,Original,2018-06-28T00:00:00Z,236,0,2,Finished
203839,Wish,カエルカー feat. 初音ミク,Original,2018-06-28T00:00:00Z,294,0,0,Finished
203838,Smile,カエルカー feat. 初音ミク,Original,2018-06-28T00:00:00Z,441,0,0,Finished
199556,毕业歌,天啦噜我的串串儿  feat. 莲华 (DeepVocal),Original,2018-06-28T00:00:00Z,157,1,5,Draft
197049,KUSEMONO DANCE (Short Ver.),なすP feat. 初音ミク,Original,2018-06-28T00:00:00Z,99,0,0,Finished
197047,torn,"jurrivh, 混乱P feat. MEIKO V3 (English), V3 GUMI (English)",Original,2018-06-28T00:00:00Z,203,5,31,Finished
182445,愛濾す,におP feat. 鏡音リン,Original,2018-01-26T00:00:00Z,317,1,9,Finished
985368,好きな子の瞬きの数を数える仕事がしたい,alaki paca feat. Lily,Original,2018-01-25T00:00:00Z,281,0,0,Finished
944070,사랑을 했다,"B.I, MILLENNIUM, 승 feat. iKON",Original,2018-01-25T00:00:00Z,210,0,0,Finished
876321,Dioptrics,PhantomSubbing feat. Fukase (English),Original,2018-01-25T00:00:00Z,255,0,0,Finished
787295,開花宣言,ダイ☆キチ feat. GUMI,Original,2018-01-25T00:00:00Z,218,0,0,Finished
731037,大人が嫌い,灰色屋 feat. 歌愛ユキ,Original,2018-01-25T00:00:00Z,200,1,3,Finished
623891,巣口,"Aポエット feat. 重音テト, 唄音ウタ",Original,2018-01-25T00:00:00Z,111,0,0,Finished
504671,おやすみのひ,鍵人 feat. 初音ミク,Original,2018-01-25T00:00:00Z,225,0,0,Finished
419219,Storm Away,KEESHA feat. Fukase (English),Original,2018-01-25T00:00:00Z,219,1,3,Finished
411204,銅牆鉄壁の決意,光施 feat. GUMI,Original,2018-01-25T00:00:00Z,292,0,0,Finished
214291,夕凪,ょぅ feat. 初音ミク,Original,2018-11-17T00:00:00Z,243,0,0,Finished
214287,ゴーストクラブ,アオ feat. 初音ミク,Original,2018-11-17T00:00:00Z,325,1,3,Finished
214285,幻声パラノイア,綴。 feat. 初音ミク,Original,2018-11-17T00:00:00Z,194,0,0,Finished
214271,ツイッターアカウント乗っ取られました,卓球少年 feat. GUMI,Original,2018-11-17T00:00:00Z,40,0,2,Finished
214270,繭,v+j feat. IA,Original,2018-11-17T00:00:00Z,266,0,0,Finished
214269,メンデーナ,"しじま feat. 初音ミク, v flower",Original,2018-11-17T00:00:00Z,190,3,13,Finished
214252,I.D.K,wata feat. 初音ミク,Original,2018-11-17T00:00:00Z,201,0,0,Finished
214223,Silent Christmas,のもんが feat. 闇音レンリ,Original,2018-11-17T00:00:00Z,210,1,3,Finished
214217,Gray wind blows under the blue sky,じゆんＰ feat. Fukase (English),Original,2018-11-17T00:00:00Z,209,1,5,Finished
214212,AUTUMN WALTZ,IZ feat. OИE,Original,2018-11-17T00:00:00Z,230,1,3,Finished
238369,Birth of the Future,キュウ feat. 初音ミク,Original,2018-03-14T00:00:00Z,182,0,0,Finished
232026,Hospital Monster,Caranella feat. カゼヒキ,Original,2018-03-14T00:00:00Z,204,1,3,Finished
211648,ストロベリーに、さようなら,レイガード feat. 重音テト,Original,2018-03-14T00:00:00Z,215,1,3,Finished
211295,みにくいアヒルのこと,うさみな気がする feat. 初音ミク,Original,2018-03-14T00:00:00Z,261,0,0,Finished
208826,ケムリ,たけぽん feat. 初音ミク,Original,2018-03-14T00:00:00Z,102,0,0,Finished
204379,Night;MARE,"LunaTriste, Nynthixia feat. IA ROCKS",Original,2018-03-14T00:00:00Z,312,2,12,Finished
197708,江东燎原火,米里 feat. 洛天依,Original,2018-03-14T00:00:00Z,0,0,0,Finished
197246,春のまにまに,とるて feat. 重音テト,Original,2018-03-14T00:00:00Z,354,1,3,Finished
193588,キミトミライヘ,Capchii feat. 初音ミク,Original,2018-03-14T00:00:00Z,268,1,7,Finished
191866,Naturally,forute,Original,2018-03-14T00:00:00Z,250,0,2,Finished
220233,LED,"Cosmos and Chaos feat. VY2V3 (Standard), VY2V3 (Falsetto)",Original,2018-12-28T00:00:00Z,153,1,3,Finished
220232,アサガオ,シシド feat. v flower,Original,2018-12-28T00:00:00Z,274,0,2,Finished
220231,昏迷アンビバレンツ,"中沢 なか, クオリア feat. 初音ミク",Original,2018-12-28T00:00:00Z,202,0,0,Finished
220225,まじないべエス,カラスヤサボウ feat. 初音ミク,Original,2018-12-28T00:00:00Z,211,5,25,Finished
220224,僕は王様だった,薄塩指数 feat. 重音テト,Original,2018-12-28T00:00:00Z,233,2,18,Finished
220223,無限にホメてくれる桜乃そら先生,"GYARI feat. 桜乃そら ナチュラル, 弦巻マキ, 桜乃そら",Original,2018-12-28T00:00:00Z,301,21,133,Finished
220222,梦族,"CUBE^3, 北云 feat. 星尘",Original,2018-12-28T00:00:00Z,180,1,3,Finished
220205,ボクのボクによるキミのためのラブソング,SSS feat. 初音ミク,Original,2018-12-28T00:00:00Z,167,0,0,Finished
220180,師走,見切り発車P feat. 猫村いろは,Original,2018-12-28T00:00:00Z,169,0,0,Finished
220179,平成バイバイ,____natural feat. 重音テト,Original,2018-12-28T00:00:00Z,271,6,30,Finished
219771,Override,"市瀬るぽ feat. 鏡音リン, 鏡音レン",Original,2018-12-19T00:00:00Z,204,6,44,Finished
218575,踊り子,kojika feat. 初音ミク,Original,2018-12-19T00:00:00Z,273,0,0,Finished
218574,アップルパイ,アニャ feat. 鏡音リン V4X (Sweet),Original,2018-12-19T00:00:00Z,72,0,0,Finished
218573,SHADOW,Hidama feat. IA,Original,2018-12-19T00:00:00Z,328,0,0,Finished
218572,虹の降る街で,Karuu feat. GUMI,Original,2018-12-19T00:00:00Z,256,0,0,Finished
218571,Skyscraper,かわち feat. 鏡音リン,Original,2018-12-19T00:00:00Z,190,0,0,Finished
218569,栓,nidop feat. 初音ミク,Original,2018-12-19T00:00:00Z,140,0,0,Finished
218567,Ready Go To Be Free,Chihi feat. 初音ミク,Original,2018-12-19T00:00:00Z,248,0,0,Finished
218566,カミツレノイズ,朽 feat. 初音ミク,Original,2018-12-19T00:00:00Z,237,0,0,Finished
218563,往ってさようなら来てこんにちは,NuLL feat. 初音ミク,Original,2018-12-19T00:00:00Z,202,0,0,Finished
195781,밤에 피는 봄,"차가운도시인, Team PCP feat. UNI",Original,2018-05-18T00:00:00Z,145,0,0,Finished
195445,アイム・イン・ラブ,HM feat. 初音ミク,Original,2018-05-18T00:00:00Z,260,2,8,Finished
195443,夜光列車,赤乃わい feat. 初音ミク,Original,2018-05-18T00:00:00Z,236,0,2,Finished
195320,The Game (The End),Haa-Kun feat. 巡音ルカ,Original,2018-05-18T00:00:00Z,219,0,0,Finished
195137,东风第一枝,"-潇梦临-, 復一 feat. 洛天依",Original,2018-05-18T00:00:00Z,225,0,2,Finished
195098,プラッチックソウル 〜 l'âme en plat-tique,シャル坊 feat. 初音ミク V4X (Solid),Original,2018-05-18T00:00:00Z,256,0,0,Finished
194747,SAVEPOINT.,そうまとうＰ feat. 初音ミク,Original,2018-05-18T00:00:00Z,158,0,0,Finished
194743,アトリエの憂鬱,東京サリーちゃん feat. 初音ミク,Original,2018-05-18T00:00:00Z,280,0,2,Finished
194732,Ever Sounds!!,黒柳徹雄 feat. GUMI,Original,2018-05-18T00:00:00Z,270,0,0,Finished
194723,音,酒呑ひらく feat. 初音ミク,Original,2018-05-18T00:00:00Z,320,0,0,Finished
199803,フリップフロップ回路,SSS feat. 初音ミク,Original,2018-04-25T00:00:00Z,174,0,0,Finished
197073,어느 오후의 강남역 스카이 다이버,한여름 feat. UNI,Original,2018-04-25T00:00:00Z,255,0,0,Finished
191594,で,ulldull feat. 初音ミク,Original,2018-04-25T00:00:00Z,240,1,17,Finished
191558,Satsuki,____natural feat. 重音テト,Original,2018-04-25T00:00:00Z,267,6,40,Finished
191390,you and me,"ruby-p feat. 鏡音リン V4 (English), 鏡音レン V4 (English)",Original,2018-04-25T00:00:00Z,141,1,3,Finished
191375,Moonlight Equilibrium,toki feat. 初音ミク,Original,2018-04-25T00:00:00Z,92,0,0,Finished
191374,原風景,Fuzzy feat. VY1,Original,2018-04-25T00:00:00Z,240,0,0,Finished
191373,私は女王よ聖母よ,Love Crevolution feat. 初音ミク,Original,2018-04-25T00:00:00Z,112,0,0,Finished
191372,夢遊,ＭＫＹ feat. 初音ミク,Original,2018-04-25T00:00:00Z,180,1,5,Finished
191371,夕暮れの valkyrie,壊音 feat. 猫村いろは,Original,2018-04-25T00:00:00Z,218,0,0,Finished
246200,プリズム,"マグネタイト, raptan feat. 氷山キヨテル",Original,2018-02-10T00:00:00Z,212,0,0,Finished
238409,ソラ,easel feat. IA,Original,2018-02-10T00:00:00Z,355,0,0,Finished
228892,untitled,かずP feat. 闇音レンリ,Original,2018-02-10T00:00:00Z,232,1,3,Finished
220648,ストロベリー・タグ,"アラン feat. 初音ミク V3 (Unknown), V3 神威がくぽ (Unknown)",Original,2018-02-10T00:00:00Z,246,0,0,Finished
197237,はるかぜとともに,とるて feat. 重音テト,Original,2018-02-10T00:00:00Z,195,1,3,Finished
194188,奇迹Miracle,"Wind Melody, J.H.指挥官 feat. 心華",Original,2018-02-10T00:00:00Z,280,1,3,Finished
192820,今日も夜が明けて,よし feat. 唄音ウタ,Original,2018-02-10T00:00:00Z,300,1,3,Finished
186355,スパイラルエコー,bal feat. 初音ミク,Original,2018-02-10T00:00:00Z,262,0,0,Finished
185238,1st Day,橘 雪耶 feat. 闇音レンリ,Original,2018-02-10T00:00:00Z,233,1,5,Finished
184493,プレニチュード,空見P feat. 朱音イナリ,Original,2018-02-10T00:00:00Z,229,1,3,Finished
450204,Quiet Seafloor,Kok0ne feat. 初音ミク,Original,2018-12-25T00:00:00Z,325,0,0,Finished
444772,The Graverobber,Enoch XYZ feat. YOHIOloid (English),Original,2018-12-25T00:00:00Z,281,0,2,Finished
405807,ものくろ,キツヅエ feat. 初音ミク,Original,2018-12-25T00:00:00Z,166,1,13,Finished
392606,I Will Not Run,"Rjac25, Subject Illuminant feat. Eleanor Forte",Original,2018-12-25T00:00:00Z,197,0,0,Finished
383515,ハンバーグ,キーダP feat. 巡音ルカ,Original,2018-12-25T00:00:00Z,211,0,0,Finished
358824,Snow Memorial,みつきP feat. 初音ミク,Original,2018-12-25T00:00:00Z,308,0,0,Finished
334520,Phoenix,梁井柊汰 feat. 初音ミク Append (Dark),Original,2018-12-25T00:00:00Z,175,0,0,Finished
332041,レッテル,海遊魚 feat. 巡音ルカ,Original,2018-12-25T00:00:00Z,180,0,0,Finished
311840,Night cape,korby feat. VY1V4 (Unknown),Original,2018-12-25T00:00:00Z,278,1,3,Finished
291003,Denúl nupos ṫarara,"ウルヰ feat. Eleanor Forte, ゲンブ",Original,2018-12-25T00:00:00Z,56,1,3,Finished
203941,レクイエム,takaQ feat. 初音ミク,Original,2018-09-08T00:00:00Z,112,0,0,Finished
203386,星のカンテラ,つうく=焼酎P feat. 猫村いろは V4 (Natural),Original,2018-09-08T00:00:00Z,243,0,0,Finished
203185,グロリオサ,こいし feat. 初音ミク,Original,2018-09-08T00:00:00Z,272,0,0,Finished
203086,恒星の一生、光の在り方,ナナツナツ feat. 紲星あかり,Original,2018-09-08T00:00:00Z,255,1,3,Finished
203058,I hate it!,Ferry feat. v4 flower,Original,2018-09-08T00:00:00Z,153,8,52,Finished
203040,青い花,"Party-P, uncreepy feat. Ken, Kaori",Original,2018-09-08T00:00:00Z,187,0,2,Finished
203020,白い部屋,Tokaya feat. 初音ミク,Original,2018-09-08T00:00:00Z,215,0,0,Finished
203019,"""R""agic",Bau feat. Rana,Original,2018-09-08T00:00:00Z,227,1,3,Finished
203018,はじまりおわり,カネノネ+ feat. IA,Original,2018-09-08T00:00:00Z,182,0,0,Finished
203017,そっか,クオリア feat. 初音ミク,Original,2018-09-08T00:00:00Z,239,0,0,Finished
198821,夢に落ちる,荷戸眠しーた feat. 滲音かこい,Original,2018-07-28T00:00:00Z,266,4,26,Finished
198820,I Know,Hokuro Japan feat. 初音ミク,Original,2018-07-28T00:00:00Z,171,1,15,Finished
198819,青の部屋から,TELL feat. 初音ミク,Original,2018-07-28T00:00:00Z,279,0,0,Finished
198817,Difference,今宵茉露 feat. OИE,Original,2018-07-28T00:00:00Z,276,1,5,Finished
198816,ありのままでいさせてくれ,ゆたそ feat. 鏡音レン,Original,2018-07-28T00:00:00Z,263,0,2,Finished
198814,シネマチック・フィクション,快晴P feat. 初音ミク,Original,2018-07-28T00:00:00Z,236,2,8,Finished
198813,undead undead undead,shima feat. VY1,Original,2018-07-28T00:00:00Z,210,1,7,Finished
198812,忘れ華と陽炎,たた feat. 初音ミク,Original,2018-07-28T00:00:00Z,198,0,0,Finished
198811,beautiful disaster,nokken feat. 初音ミク,Original,2018-07-28T00:00:00Z,261,1,7,Finished
198810,処女作以下,"否め feat. 蒼姫ラピス, Rana",Original,2018-07-28T00:00:00Z,237,1,7,Finished
565322,楽園の扉,ロゼン feat. 結月ゆかり,Original,2018-01-20T00:00:00Z,177,0,0,Finished
461767,FAKE,mieux feat. 巡音ルカ,Original,2018-01-20T00:00:00Z,258,0,2,Finished
446636,Over the beat,BALAN feat. 巡音ルカ,Original,2018-01-20T00:00:00Z,181,0,2,Finished
437702,袋小路は工事中,猫山田プロジェクト feat. 初音ミク,Original,2018-01-20T00:00:00Z,181,0,0,Finished
394749,大好きな大切な,LOVEちゃん feat. ユウカ・レイグロ,Original,2018-01-20T00:00:00Z,168,0,0,Finished
375183,レプリカント,tgs1999 feat. 初音ミク,Original,2018-01-20T00:00:00Z,214,0,0,Finished
344158,かにみそ,Minipper feat. 星見アズ,Original,2018-01-20T00:00:00Z,346,1,3,Finished
310299,moon,"ヒズミ feat. 巡音ルカ V4X (Unknown), MEIKO V3 (Unknown)",Original,2018-01-20T00:00:00Z,335,0,0,Finished
297712,Dance With Us,khanadee feat. 巡音ルカ,Original,2018-01-20T00:00:00Z,213,1,3,Finished
291898,1/20/18,khanadee feat. DAINA,Original,2018-01-20T00:00:00Z,81,0,0,Finished
230070,円カナル月ヒトツ,白いハエ feat. 重音テト,Original,2018-04-10T00:00:00Z,240,1,3,Finished
186411,Alone In The Light,はた feat. 初音ミク,Original,2018-02-16T00:00:00Z,220,0,0,Finished
185485,Alcohol Anomaly,蟹P feat. IA,Original,2018-02-16T00:00:00Z,240,0,0,Finished
185456,茉莉花の愛の形,蒼野澄人 feat. 巡音ルカ,Original,2018-02-16T00:00:00Z,234,0,0,Finished
185414,匿名少女Aの怠惰な近況報告,猫原アリス feat. 初音ミク,Original,2018-02-16T00:00:00Z,217,0,0,Finished
184782,ハリボテとネガ,こーき feat. 初音ミク,Original,2018-02-16T00:00:00Z,184,1,3,Finished
184482,引航人,花之祭P feat. Prima,Original,2018-02-16T00:00:00Z,151,2,8,Finished
184480,Champion Music,Tokyo Elvis feat. 初音ミク V3 (English),Original,2018-02-16T00:00:00Z,233,0,0,Finished
184390,甘い誘惑,"月草 淡, MOE-ZOU, ナナコラボMacne7Collaboration feat. V4 マクネナナ ナチュラル",Original,2018-02-16T00:00:00Z,135,2,8,Finished
184363,ck,ティーティー feat. 初音ミク,Original,2018-02-16T00:00:00Z,358,0,2,Finished
184361,透過する純情,roca feat. 初音ミク,Original,2018-02-16T00:00:00Z,245,0,0,Finished
481638,Stop Step Skip,zukkoke05 feat. KAITO,Original,2019-03-06T00:00:00Z,93,0,0,Finished
416288,灰色の部屋で,ズンドコ feat. 初音ミク,Original,2019-03-06T00:00:00Z,199,0,0,Finished
390816,NO-EYED MONSTER,Takoyaki Donuts feat. GUMI,Original,2019-03-06T00:00:00Z,241,0,0,Finished
364439,変わらぬ想い,fire and snow feat. Kaori,Original,2019-03-06T00:00:00Z,90,0,0,Finished
315911,Mundo lá Fora,"CatMoun-P, Single-P feat. Akio Nekoyama",Original,2019-03-06T00:00:00Z,197,0,0,Finished
273804,砂遊少女,あきばれ feat. 初音ミク,Original,2019-03-06T00:00:00Z,241,0,0,Finished
273407,FLORESCER,"Im G Felipe, Rodrigo Beatriz feat. 初音ミク",Original,2019-03-06T00:00:00Z,247,0,0,Finished
256678,BLUE LINE,"えるぅ feat. SOHO, 波音リツ, Marie Ork",Original,2019-03-06T00:00:00Z,131,1,3,Finished
256488,"Black eyes,Blue tears",たちょ feat. 初音ミク,Original,2019-03-06T00:00:00Z,236,0,0,Finished
252950,ボクロイド,蛍原ゆうき feat. 初音ミク,Original,2019-03-06T00:00:00Z,237,0,0,Finished
229499,始まりはカン違い,アシタチ feat. 初音ミク,Original,2019-03-15T00:00:00Z,257,0,0,Finished
229498,Dreamers Voice,Gobuzo feat. 初音ミク,Original,2019-03-15T00:00:00Z,222,0,0,Finished
229496,今夜星が輝いているうちに,"まどもあぜる☆まりぃ feat. 鏡音リン V4X (Power), 鏡音リン V4 (English)",Original,2019-03-15T00:00:00Z,269,0,0,Finished
229495,NEXT STAGE,CielP feat. 初音ミク,Original,2019-03-15T00:00:00Z,270,1,3,Finished
229494,on the EARTH,ぼーかりおどP feat. 初音ミク,Original,2019-03-15T00:00:00Z,244,1,7,Finished
229493,Region Connector,d-kami feat. 初音ミク,Original,2019-03-15T00:00:00Z,279,0,0,Finished
229492,未来クリエイション,かずP feat. 初音ミク,Original,2019-03-15T00:00:00Z,270,1,3,Finished
229491,SHINGLIGHT,雛瀬 feat. 鏡音レン,Original,2019-03-15T00:00:00Z,268,1,3,Finished
229490,あなたの夢の中,ImaginaryDance feat. 初音ミク,Original,2019-03-15T00:00:00Z,262,3,19,Finished
229489,虹色パワーポップ,くるみショコラ feat. 鏡音リン,Original,2019-03-15T00:00:00Z,156,0,0,Finished
473568,未途,"是工不是口, 灼灼如花 feat. 莲华 (DeepVocal)",Original,2019-01-07T00:00:00Z,162,1,3,Finished
410044,Empty Room,ICHIKI feat. 巡音ルカ,Original,2019-01-07T00:00:00Z,141,0,0,Finished
407193,タイムリーパー,tatata feat. 初音ミク,Original,2019-01-07T00:00:00Z,337,0,2,Finished
407192,ウィークエンドに口づけを,tatata feat. 初音ミク,Original,2019-01-07T00:00:00Z,299,0,2,Finished
395091,旅人のアリア,Hukutarô feat. 心華,Original,2019-01-07T00:00:00Z,297,0,0,Finished
376417,⠀,怨々念音 feat. 初音ミク,Original,2019-01-07T00:00:00Z,74,0,0,Finished
358100,お水の子,kou feat. 巡音ルカ,Original,2019-01-07T00:00:00Z,254,0,0,Finished
322005,雨幕里的凤凰花,"SinghP, 猫铃Nekoring feat. 莲华",Original,2019-01-07T00:00:00Z,242,1,3,Finished
249086,ディケイド・ディケイズ,Langley feat. 初音ミク,Original,2019-01-07T00:00:00Z,248,0,0,Finished
246367,RAIN,すみてつ feat. 重音テト,Original,2019-01-07T00:00:00Z,201,1,3,Finished
256051,ロゼレム,芥アル feat. 初音ミク,Original,2019-10-05T00:00:00Z,240,0,0,Finished
256050,それでもおにぎり作ったよ,あわのあゆむ feat. 初音ミク,Original,2019-10-05T00:00:00Z,288,1,5,Finished
256049,204,haineko feat. MAYU,Original,2019-10-05T00:00:00Z,184,1,5,Finished
256047,フェリシア,紫合ユウ feat. 初音ミク,Original,2019-10-05T00:00:00Z,244,1,9,Finished
256046,wherever,シュカ feat. 初音ミク Append (Dark),Original,2019-10-05T00:00:00Z,263,1,3,Finished
256045,剥離性アンダーシャドウ,ミナ feat. v flower,Original,2019-10-05T00:00:00Z,220,1,7,Finished
256044,暁,easel feat. 紲星あかり,Original,2019-10-05T00:00:00Z,358,0,2,Finished
256043,拝啓、何者にもなれなかった僕へ。,PolyphonicBranch feat. 初音ミク,Original,2019-10-05T00:00:00Z,242,11,65,Finished
256042,アンクローズ・ヒューマン,"カジャ, ねじ式, cillia feat. 初音ミク V4X (Solid)",Original,2019-10-05T00:00:00Z,288,75,383,Finished
256041,始発電車,シシド feat. v flower,Original,2019-10-05T00:00:00Z,181,0,4,Finished
264050,DTMかつどう,かいる feat. 初音ミク,Original,2019-12-11T00:00:00Z,90,0,0,Finished
264049,ディストピア,B3AT3TO feat. 重音テト,Original,2019-12-11T00:00:00Z,251,1,3,Finished
264048,雨哀歌,自動販売機 feat. VY1,Original,2019-12-11T00:00:00Z,210,0,0,Finished
264047,ストーリー,くんかず feat. 初音ミク,Original,2019-12-11T00:00:00Z,254,0,0,Finished
264046,雪駄,夏終了介 feat. 結月ゆかり,Original,2019-12-11T00:00:00Z,222,0,0,Finished
264045,Aria,Spaghetti code feat. IA,Original,2019-12-11T00:00:00Z,203,1,3,Finished
264042,大きな帽子を被ったジャンヌ・エビュテルヌ,gumo feat. 初音ミク,Original,2019-12-11T00:00:00Z,231,0,0,Finished
264041,こともなし,とるて feat. 重音テト,Original,2019-12-11T00:00:00Z,259,1,3,Finished
264040,みかん高気圧,"みずぽよ feat. 鏡音リン, 鏡音レン",Original,2019-12-11T00:00:00Z,244,0,0,Approved
264039,proxy war,アキノトウフ feat. 結月ゆかり,Original,2019-12-11T00:00:00Z,320,0,0,Finished
389790,毒,コンプレックス feat. IA,Original,2019-09-18T00:00:00Z,334,0,0,Finished
338221,Don't Look Back,ゾンビ腐り猫 feat. 巡音ルカ V4X (Unknown),Original,2019-09-18T00:00:00Z,236,0,2,Finished
338081,街を出るまであと五分,TBLM feat. 巡音ルカ,Original,2019-09-18T00:00:00Z,91,0,0,Finished
337947,ぼくの、わたしの,"てんけん feat. 初音ミク, KAITO",Original,2019-09-18T00:00:00Z,415,0,0,Finished
334831,Lucent,梁井柊汰 feat. MATCHA,Original,2019-09-18T00:00:00Z,119,0,0,Finished
322692,アイ色の感情,ANNO feat. 神威がくぽ,Original,2019-09-18T00:00:00Z,272,0,0,Finished
285821,Feeding My 3D GF Ramen Noodles In The Shower,Asurity feat. Eleanor Forte,Original,2019-09-18T00:00:00Z,228,1,3,Finished
273810,ヴァーニアスラスタガール,あきばれ feat. 初音ミク,Original,2019-09-18T00:00:00Z,191,0,0,Finished
271555,酸化街,ミヲ feat. 初音ミク,Original,2019-09-18T00:00:00Z,166,0,0,Finished
269133,ハイド,冬雪由乃 feat. 初音ミク,Original,2019-09-18T00:00:00Z,221,0,0,Finished
229488,シルバーコード,ユキノシタ feat. 初音ミク,Original,2019-03-15T00:00:00Z,251,0,2,Finished
229483,イツカノセカイ,Muzickムジック feat. 初音ミク,Original,2019-03-15T00:00:00Z,210,0,0,Finished
229482,ブレーキかけて,chrysanthemum feat. 初音ミク,Original,2019-03-15T00:00:00Z,215,0,0,Finished
229481,own color,cisum emag feat. 初音ミク,Original,2019-03-15T00:00:00Z,260,0,0,Finished
229480,ボクとミライのオト,しーけー feat. 初音ミク,Original,2019-03-15T00:00:00Z,211,0,0,Finished
229470,ミクミクビート,ハッピーデーモン feat. 初音ミク,Original,2019-03-15T00:00:00Z,237,0,0,Finished
229466,未来の地図,なな氏 feat. 初音ミク,Original,2019-03-15T00:00:00Z,263,0,0,Finished
379517,Somos Los Tres,Aku P feat. MIKE,Original,2019-12-15T00:00:00Z,217,2,8,Finished
323483,White Sunrise,九段時雨 feat. 戯白メリー,Original,2019-12-15T00:00:00Z,294,1,3,Finished
304967,オーバードーズ声明,みなてふ feat. MATCHA,Original,2019-12-15T00:00:00Z,123,1,3,Finished
280410,どっちつかず動悸,NMKK feat. various,Original,2019-12-15T00:00:00Z,208,1,5,Finished
278228,Nothing,ULTIMA feat. Chris,Original,2019-12-15T00:00:00Z,212,0,0,Finished
273448,トラッシュ,NafedeltP feat. 初音ミク,Original,2019-12-15T00:00:00Z,219,1,3,Finished
270662,Bully,oisheena feat. 初音ミク,Original,2019-12-15T00:00:00Z,204,0,2,Finished
268519,ごきげんはいかが,Big Void feat. 神威がくぽ,Original,2019-12-15T00:00:00Z,220,0,0,Finished
268518,さくら祭り,Big Void feat. 神威がくぽ,Original,2019-12-15T00:00:00Z,217,0,0,Finished
268517,うそじゃろ,Big Void feat. 神威がくぽ,Original,2019-12-15T00:00:00Z,181,0,0,Finished
253325,ヒカルモノ,よのん/YoNoN feat. 初音ミク V4X (Unknown),Original,2019-09-13T00:00:00Z,179,0,0,Finished
253323,今日だって、まだ息をしてるの、誰も褒めてはくれないけれど,keito feat. 初音ミク,Original,2019-09-13T00:00:00Z,225,0,0,Finished
253322,lp:,Drury feat. 初音ミク,Original,2019-09-13T00:00:00Z,206,0,0,Finished
253321,ホロン,wotaku feat. 初音ミク,Original,2019-09-13T00:00:00Z,241,9,67,Finished
253320,ルーマー,ポリスピカデリー feat. V3 GUMI (English),Original,2019-09-13T00:00:00Z,179,49,293,Finished
253319,分解する思考,大塩杭夢 feat. 初音ミク,Original,2019-09-13T00:00:00Z,281,2,8,Finished
253310,夜を抜けて,Naoya feat. 初音ミク,Original,2019-09-13T00:00:00Z,244,0,0,Finished
253308,純情ささやき星,ナナシP feat. 初音ミク,Original,2019-09-13T00:00:00Z,266,0,0,Finished
253300,０Signal,みすたぁ feat. 初音ミク,Original,2019-09-13T00:00:00Z,100,0,0,Finished
253259,束の間のストーリー,"舞姫立夏 feat. GUMI, 桃音モモ",Original,2019-09-13T00:00:00Z,235,0,0,Finished
259324,입몽,Maro Note feat. UNI,Original,2019-01-25T00:00:00Z,299,1,3,Finished
252607,時のカケラ,"アルマジロP feat. 初音ミク, IA",Original,2019-01-25T00:00:00Z,329,0,0,Finished
250240,鬼STRONG,"本多健吾 feat. 結月ゆかり V4 (凛), CYBER SONGMAN",Original,2019-01-25T00:00:00Z,108,0,0,Finished
246947,一度だけのマイ・ウェイ(仮),ジョニー feat. OИE,Original,2019-01-25T00:00:00Z,284,1,3,Finished
246457,DOKIDOKI♡VALENTINE,ひとりP feat. 初音ミク,Original,2019-01-25T00:00:00Z,30,0,0,Finished
245266,シナジー,kataie feat. 初音ミク,Original,2019-01-25T00:00:00Z,225,0,0,Finished
240699,アメノアトニハ,ぱえりあP feat. GUMI,Original,2019-01-25T00:00:00Z,251,0,0,Finished
239899,「　」,天川秋 feat. 鏡音リン,Original,2019-01-25T00:00:00Z,253,0,0,Finished
238463,高手过招,Genda Decay feat. 南宫明子,Original,2019-01-25T00:00:00Z,213,3,13,Finished
238178,Prosperity,Ronar_N feat. 初音ミク,Original,2019-01-25T00:00:00Z,210,0,0,Finished
268469,Let Me Live,legata feat. 初音ミク,Original,2019-01-04T00:00:00Z,252,0,0,Finished
249210,The Midnight's Bloom,ZeldaP feat. Oliver,Original,2019-01-04T00:00:00Z,101,0,0,Finished
233056,報詩,ゆたそ feat. 鏡音レン,Original,2019-01-04T00:00:00Z,219,1,5,Finished
232017,空っぽだ,Delta feat. v flower,Original,2019-01-04T00:00:00Z,225,2,6,Finished
226271,ノー・アカウント,田杭類 feat. カゼヒキ,Original,2019-01-04T00:00:00Z,90,1,3,Finished
226161,pain,darken drive feat. 初音ミク,Original,2019-01-04T00:00:00Z,218,0,0,Finished
225147,눈사람가족,"DQ, 冬月氷花 feat. UNI",Original,2019-01-04T00:00:00Z,126,1,3,Finished
223495,Wind Just Blows,りょうま feat. 初音ミク,Original,2019-01-04T00:00:00Z,135,0,0,Finished
223494,いるべき場所,りょうま feat. 初音ミク,Original,2019-01-04T00:00:00Z,162,0,0,Finished
223412,Snow White,ゾーイ・シー feat. 巡音ルカ,Original,2019-01-04T00:00:00Z,290,0,2,Finished
261300,夢に恋して,こるん feat. 逆音セシル,Original,2019-11-17T00:00:00Z,254,1,5,Finished
261281,月の静寂,"群咲 拓海 feat. IA, 初音ミク V3 (Solid), 結月ゆかり V4 (凛)",Original,2019-11-17T00:00:00Z,224,0,0,Finished
261279,未来へ,群咲 拓海 feat. 初音ミク V3 (Solid),Original,2019-11-17T00:00:00Z,257,0,0,Finished
261278,夢色パレット,群咲 拓海 feat. 初音ミク V3 (Solid),Original,2019-11-17T00:00:00Z,211,0,0,Finished
261277,Bright Light,群咲 拓海 feat. 初音ミク V3 (Solid),Original,2019-11-17T00:00:00Z,225,0,0,Finished
261269,サイマティック・ボイス,hisako feat. IA,Original,2019-11-17T00:00:00Z,0,0,0,Finished
261267,Move On,AQUA feat. IA,Original,2019-11-17T00:00:00Z,0,0,2,Finished
261266,Time Traveler,AQUA,Original,2019-11-17T00:00:00Z,198,0,0,Finished
261255,他人の不幸を笑い隊,フコワラ feat. 欲音ルコ♂,Original,2019-11-17T00:00:00Z,187,0,0,Finished
261254,泥酔ラブポーション,TrES-2b feat. 初音ミク,Original,2019-11-17T00:00:00Z,247,0,0,Finished
224356,Invitation to THEN,IRUMiO,Original,2019-02-16T00:00:00Z,26,0,0,Finished
942856,needy,Tommy Brown feat. Ariana Grande,Original,2019-02-15T00:00:00Z,173,1,3,Finished
895182,Virginia,Oxeld feat. Clara,Original,2019-02-15T00:00:00Z,343,0,0,Finished
887614,papa my jerky man,zukkoke05 feat. 初音ミク,Original,2019-02-15T00:00:00Z,67,0,0,Finished
815441,海平面,"AfterLight余晖, 十宫米泽尔 feat. 洛天依",Original,2019-02-15T00:00:00Z,256,0,0,Finished
808189,曼珠沙華,"まふまふ, 佐々木裕",Original,2019-02-15T00:00:00Z,253,0,0,Finished
783893,moon  light,フニャンタ feat. IA,Original,2019-02-15T00:00:00Z,156,0,0,Finished
751897,Phantom Summer,TBLM feat. 初音ミク,Original,2019-02-15T00:00:00Z,133,0,0,Finished
645793,メイデー、メイビーネイビー,sasakure.UK feat. そらこ,Original,2019-02-15T00:00:00Z,224,1,9,Finished
634495,Solist,KAOR feat. OИE,Original,2019-02-15T00:00:00Z,288,0,0,Finished
253426,トレニアノハコ,むらぽんんんんんんん。 feat. GUMI,Original,2019-09-14T00:00:00Z,198,0,2,Finished
253425,通り雨,サンペイタツロウ feat. 初音ミク,Original,2019-09-14T00:00:00Z,230,0,6,Finished
253424,絶対不能域,烏賊村 feat. IA,Original,2019-09-14T00:00:00Z,245,0,0,Finished
991965,Unreachable Sunlight,RNGSilvercraft feat. GUMI,Original,2019-09-13T00:00:00Z,245,0,0,Finished
889499,FAR,Otoya Sakuma feat. Tracy,Original,2019-09-13T00:00:00Z,285,0,2,Finished
775163,Mary On A Cross,Ghost,Original,2019-09-13T00:00:00Z,245,0,0,Finished
744956,明月入胸壑,"a4, 哈士奇, 桂月锁心 feat. 洛天依",Original,2019-09-13T00:00:00Z,279,0,0,Finished
623599,mi転tu,"Aポエット feat. 重音テト, 唄音ウタ",Original,2019-09-13T00:00:00Z,80,0,0,Finished
544504,夜の声,DN.FACTORY feat. GUMI,Original,2019-09-13T00:00:00Z,224,0,0,Finished
412952,DDRRDRRR,SandeSXK feat. 箱入音,Original,2019-09-13T00:00:00Z,188,2,8,Finished
258555,リビングデッドの憂鬱,qwert1374 feat. 雪歌ユフ,Original,2019-10-25T00:00:00Z,223,0,0,Finished
258511,お菓子パラダイス,alt-H feat. 鏡音リン,Original,2019-10-25T00:00:00Z,184,0,4,Finished
258510,不可抗力,草苅葵 feat. 初音ミク,Original,2019-10-25T00:00:00Z,248,0,0,Finished
258509,ケムシ,"あきら, あー, suntea feat. 鏡音レン",Original,2019-10-25T00:00:00Z,246,1,3,Finished
258508,雨男,usgame feat. 初音ミク,Original,2019-10-25T00:00:00Z,271,0,0,Finished
258507,焼心オムニバス,こえだ、 feat. 鏡音リン,Original,2019-10-25T00:00:00Z,243,1,3,Finished
258506,7th Ocean,ごんざれす蜆 feat. 初音ミク,Original,2019-10-25T00:00:00Z,314,0,0,Finished
258505,終末、僕は星になる,ぱら feat. 初音ミク,Original,2019-10-25T00:00:00Z,237,0,0,Finished
258504,Isolation,サンペイタツロウ feat. 初音ミク,Original,2019-10-25T00:00:00Z,242,0,2,Finished
258503,ウナバラ日記,草苅葵 feat. 初音ミク,Original,2019-10-25T00:00:00Z,220,0,0,Finished
267185,夢千夜,見切り発車P feat. 猫村いろは,Original,2019-10-21T00:00:00Z,179,0,0,Finished
265144,僕の全て,mochiusagi feat. 初音ミク,Original,2019-10-21T00:00:00Z,96,0,0,Finished
264276,御魂,ひじり feat. GUMI,Original,2019-10-21T00:00:00Z,215,0,0,Finished
263699,1人きりのクリスマスイブ,ゴツモリP feat. 初音ミク Append (Dark),Original,2019-10-21T00:00:00Z,285,0,0,Finished
261162,Akane,ATUYA feat. 初音ミク,Original,2019-10-21T00:00:00Z,139,1,3,Finished
260101,逃げぬは負けだしバカをみる,"161P feat. 初音ミク, 音街ウナ (Unknown)",Original,2019-10-21T00:00:00Z,258,0,0,Finished
259840,Cherished Tone,♪葉♪ feat. 初音ミク,Original,2019-10-21T00:00:00Z,243,0,0,Finished
258977,Miku Dance,AsukaKyu feat. 初音ミク,Original,2019-10-21T00:00:00Z,190,0,0,Finished
258938,Rock Paper Scissors,Turbo feat. 初音ミク,Original,2019-10-21T00:00:00Z,206,1,9,Finished
258933,Talk to me,Not341 feat. 初音ミク,Original,2019-10-21T00:00:00Z,219,1,3,Finished
268430,天使の風に乗って,みずぽよ feat. 鏡音リン,Original,2019-11-02T00:00:00Z,232,0,0,Approved
267773,偽りの水平線,このぎconogi feat. 初音ミク,Original,2019-11-02T00:00:00Z,212,0,0,Finished
266579,Pointless,あら☆じる feat. 初音ミク,Original,2019-11-02T00:00:00Z,222,0,0,Finished
264373,MILK CLOWN,Sketch feat. 初音ミク,Original,2019-11-02T00:00:00Z,232,0,0,Finished
264191,A̷͎̥͋̚P̷̛̗̋R̵̦̣͐Ǐ̵͉̘͐L̸͎̄̑ ̶̓͜,Cherri-P feat. V3 GUMI (English),Original,2019-11-02T00:00:00Z,313,1,3,Finished
264166,六花,Small Spring feat. 鏡音リン,Original,2019-11-02T00:00:00Z,266,0,0,Finished
262693,がらんどう,ならかえで feat. 初音ミク,Original,2019-11-02T00:00:00Z,225,0,0,Finished
262683,モーメント,みつばちぼっち feat. 初音ミク,Original,2019-11-02T00:00:00Z,212,0,0,Finished
261440,slowly coaster,すふさう feat. 初音ミク,Original,2019-11-02T00:00:00Z,189,0,0,Finished
260818,‌-----,x0o0x_ feat. 唄音ウタ,Original,2019-11-02T00:00:00Z,234,41,199,Finished
250583,キリトリシネマ,綴。 feat. 初音ミク,Original,2019-08-19T00:00:00Z,241,0,0,Finished
250581,夏暁,マリー feat. 初音ミク,Original,2019-08-19T00:00:00Z,259,0,0,Finished
250562,この雨が止んだら,メグカップP feat. V3 GUMI (Native),Original,2019-08-19T00:00:00Z,87,0,0,Finished
250561,ソラノオト,ぷっぷ feat. 鏡音レン,Original,2019-08-19T00:00:00Z,210,0,0,Finished
250559,何もかも僕が駄目だった,クマっぴぃ feat. 初音ミク,Original,2019-08-19T00:00:00Z,268,0,0,Finished
250558,スカイウォーカー,"cisco, Asteroid, アルミーダ feat. 初音ミク",Original,2019-08-19T00:00:00Z,222,1,3,Finished
250557,青春がなんだ,カンパニュラ feat. 初音ミク,Original,2019-08-19T00:00:00Z,214,0,0,Finished
250554,青空高く,タアタ feat. 初音ミク,Original,2019-08-19T00:00:00Z,225,0,2,Finished
250553,SUMMER DIVER,影法詞 feat. IA,Original,2019-08-19T00:00:00Z,207,1,3,Finished
250552,Grotesque,Yamaji feat. 鏡音レン,Original,2019-08-19T00:00:00Z,212,3,27,Finished
804753,Chilly spring weather,梁井柊汰 feat. 初音ミク Append (Dark),Original,2019-03-15T00:00:00Z,209,0,0,Finished
680511,かみのけ座の昇るころ,つくしんぼ feat. 初音ミク,Original,2019-03-15T00:00:00Z,197,0,0,Finished
654160,淅瀝たる世界で見る光,足利彰啓 feat. KAITO,Original,2019-03-15T00:00:00Z,367,0,0,Finished
449826,君の笑顔のために,hironao feat. 初音ミク,Original,2019-03-15T00:00:00Z,309,0,0,Finished
421098,さなぎ（Death Metal Backing Ver.）,hato feat. 巡音ルカ,Original,2019-03-15T00:00:00Z,266,1,9,Finished
387616,夢まぼろしと言わないで,Mizuike feat. 初音ミク,Original,2019-03-15T00:00:00Z,216,0,0,Finished
338633,死神の恋,"laSK, Daiwa feat. 巡音ルカ",Original,2019-03-15T00:00:00Z,256,0,2,Finished
329488,Moonlight,"HOFFMAN, 豊田リョウジ feat. 夢眠ネム",Original,2019-03-15T00:00:00Z,277,0,2,Finished
323236,Simplicity,Enoch XYZ feat. V3 GUMI (English),Original,2019-03-15T00:00:00Z,188,1,3,Finished
314366,フェリエラー,でぃー feat. v flower,Original,2019-03-15T00:00:00Z,224,0,0,Finished
493112,漆黒,akari-A feat. A00#color,Original,2019-12-31T00:00:00Z,180,0,0,Finished
492914,望​ま​な​い​エ​レ​ジ​ー,亜店 feat. 初音ミク,Original,2019-12-31T00:00:00Z,236,0,0,Finished
492911,Unknown Faces,亜店 feat. 初音ミク,Original,2019-12-31T00:00:00Z,331,0,0,Finished
492901,sus4,亜店 feat. 結月ゆかり,Original,2019-12-31T00:00:00Z,207,1,3,Finished
492884,Image,亜店 feat. 杏音,Original,2019-12-31T00:00:00Z,570,1,5,Finished
492882,Sentimental Ideation,亜店,Original,2019-12-31T00:00:00Z,117,0,0,Finished
491522,夜明けの歌,ponpoko feat. KAITO V3 (Unknown),Original,2019-12-31T00:00:00Z,243,0,0,Finished
462661,ライフリミット,ゼグァール feat. 初音ミク,Original,2019-12-31T00:00:00Z,189,0,0,Finished
462048,1 2 hop & step!,Spaghetti code feat. 初音ミク,Original,2019-12-31T00:00:00Z,208,0,0,Finished
459953,タツナミソウ,"罘月  feat. 唄音ウタ, 闇音レンリ",Original,2019-12-31T00:00:00Z,164,2,8,Finished
246005,ニアミントのこれから,yeahyoutoo feat. 猫村いろは,Original,2019-07-19T00:00:00Z,234,0,2,Finished
246004,ぼくはゼリー,ひとり feat. 巡音ルカ,Original,2019-07-19T00:00:00Z,257,0,2,Finished
246003,羊と夢の子守唄,志村アト feat. 巡音ルカ,Original,2019-07-19T00:00:00Z,301,0,0,Finished
246001,Lily,はると feat. 逆音セシル,Original,2019-07-19T00:00:00Z,168,1,5,Finished
245991,Make My Clock Tick Again,"WintermintP, ZAR-PARTY, One Minute Winter feat. 初音ミク V4 (English)",Original,2019-07-19T00:00:00Z,205,1,3,Finished
245989,デイドリームじゃない？サマー！,県工情報処理部 feat. GUMI,Original,2019-07-19T00:00:00Z,330,0,0,Finished
245988,夜にまた,"higma feat. v flower, VY1",Original,2019-07-19T00:00:00Z,292,5,23,Finished
245987,さめざめと泣く,パラソルの下 feat. 初音ミク,Original,2019-07-19T00:00:00Z,180,1,7,Finished
245986,Fallen Angel,カネノネ+ feat. IA,Original,2019-07-19T00:00:00Z,258,1,3,Finished
245985,お前の才能が欲しい,赤乃わい feat. 鏡音リン,Original,2019-07-19T00:00:00Z,196,6,46,Finished
265019,遺書とカーテンコール,"マッハ人生, ぶ。 feat. 朱音イナリ",Original,2019-12-20T00:00:00Z,201,1,5,Finished
265018,ネガティブ進化論,"DECO*27, Rockwell, OTOIRO feat. 初音ミク",Original,2019-12-20T00:00:00Z,192,54,284,Finished
966020,ロックな君とはお別れだ,ぷす feat. 礼衣,Original,2019-12-19T00:00:00Z,209,0,2,Finished
916268,厭世,きう feat. GUMI,Original,2019-12-19T00:00:00Z,202,0,0,Finished
898969,转念,"苏打是药 feat. 诗岸, 赤羽",Original,2019-12-19T00:00:00Z,267,0,0,Finished
583277,きえてしまいたいの,Tsubasa feat. 初音ミク,Original,2019-12-19T00:00:00Z,175,0,0,Finished
497172,ミクロスコープ,吹歌かか feat. 初音ミク,Original,2019-12-19T00:00:00Z,26,0,0,Finished
480321,アニソンっぽい曲,Green Box Labo feat. 重音テト,Original,2019-12-19T00:00:00Z,282,0,0,Finished
422201,jumper,Cafero feat. 初音ミク,Original,2019-12-19T00:00:00Z,235,0,0,Finished
396273,SHOOT THE MOON,Mogue feat. 初音ミク,Original,2019-12-19T00:00:00Z,199,0,0,Finished
257597,ロストブルー,ichica feat. GUMI,Original,2019-10-19T00:00:00Z,225,1,3,Finished
257580,フセイカイの歌,Jumlody feat. GUMI,Original,2019-10-19T00:00:00Z,174,0,2,Finished
257577,夕陽が傾く,masumasa feat. 初音ミク,Original,2019-10-19T00:00:00Z,155,0,0,Finished
257568,笑える日がくるのなら。,TOMO feat. v flower,Original,2019-10-19T00:00:00Z,248,0,0,Finished
257550,共鳴の血,ノレイ feat. 初音ミク,Original,2019-10-19T00:00:00Z,265,0,0,Finished
257518,花咲く海の底,なつめ千秋 feat. 初音ミク,Original,2019-10-19T00:00:00Z,225,2,6,Finished
257477,クラゲ,"ねつかやくどさいだー feat. 初音ミク, 鏡音リン",Original,2019-10-19T00:00:00Z,166,1,3,Finished
256968,優しい世界と魔法陣,"黒瓜丿美 feat. IA, kokone",Original,2019-10-19T00:00:00Z,294,0,0,Finished
256965,檻姫──、そして夢の中で生まれた少女の夜明けと共に訪れる崩壊,"黒瓜丿美 feat. IA, kokone",Original,2019-10-19T00:00:00Z,233,0,0,Finished
802109,悬溺,葛东琪,Original,2019-10-18T00:00:00Z,198,0,0,Finished
228958,星詠ドールズ,"もっちもち王国 feat. 音街ウナ (Unknown), Rana",Original,2019-03-10T00:00:00Z,173,1,9,Finished
228956,stars fell on Tokyo,タクミ feat. 初音ミク,Original,2019-03-10T00:00:00Z,140,0,0,Finished
228955,BALLADE of BREEZE,JUICE feat. 闇音レンリ,Original,2019-03-10T00:00:00Z,255,1,3,Finished
228946,わたしの弱さ,Yuukun.L.S feat. 初音ミク,Original,2019-03-10T00:00:00Z,212,0,0,Finished
228916,希望のとびら,色鳥っち feat. 初音ミク,Original,2019-03-10T00:00:00Z,241,0,0,Finished
228915,オシハイ,カオスP feat. 初音ミク,Original,2019-03-10T00:00:00Z,235,0,2,Finished
228910,イタイ,哀☆ぺっこり～な feat. 初音ミク V4X (Unknown),Original,2019-03-10T00:00:00Z,317,0,0,Finished
228909,Dance! Sing! Smile!,hizuki feat. 巡音ルカ V4X (Unknown),Original,2019-03-10T00:00:00Z,185,1,3,Finished
228908,桜色シンパシー,darken drive feat. 結月ゆかり,Original,2019-03-10T00:00:00Z,170,0,0,Finished
228905,さよならと言いながら,"山元なすび, Muzick feat. 初音ミク",Original,2019-03-10T00:00:00Z,251,0,0,Finished
198473,ぼくがしんでも泣かないで,"ばぶちゃん feat. 初音ミク, ゲボ吐き糞野郎",Original,2019-05-25T00:00:00Z,284,4,28,Finished
805127,My Destiny (Full.),梁井柊汰 feat. 初音ミク,Original,2019-05-24T00:00:00Z,173,0,0,Finished
706373,延命治療,ゆりを feat. 初音ミク,Original,2019-05-24T00:00:00Z,323,0,0,Finished
654158,思考の迷宮,足利彰啓 feat. KAITO,Original,2019-05-24T00:00:00Z,273,0,0,Finished
566820,奇跡はそばに,COM1 feat. 初音ミク,Original,2019-05-24T00:00:00Z,200,0,0,Finished
565776,カスミユク、、、。,"Suzume Hashiya feat. 音街ウナ (Unknown), 歌愛ユキ",Original,2019-05-24T00:00:00Z,198,5,25,Finished
412901,人間以前,葉上計劃 feat. VY1V4 (Unknown),Original,2019-05-24T00:00:00Z,181,0,0,Finished
409168,アーサー・ピューティーは夜の魔女,Unknown producer(s) feat. GUMI,Original,2019-05-24T00:00:00Z,186,0,0,Draft
404483,チョコレート渡せない！,"加賀美 瀧 feat. 音街ウナ (Unknown), IA, 初音ミク",Original,2019-05-24T00:00:00Z,356,0,0,Finished
390837,I tried making a song with only samples and Miku,Takoyaki Donuts feat. 初音ミク,Original,2019-05-24T00:00:00Z,261,0,0,Finished
259106,Messenger,ex-p feat. 初音ミク V4 (English),Original,2019-10-30T00:00:00Z,225,0,0,Finished
259104,无聊,西瓜JUN feat. 洛天依,Original,2019-10-30T00:00:00Z,191,0,0,Finished
259103,From the Future,透明人間 feat. 初音ミク V4 (English),Original,2019-10-30T00:00:00Z,216,1,3,Finished
259102,ハロウィン,txdHIROSI feat. 初音ミク,Original,2019-10-30T00:00:00Z,167,0,0,Finished
259100,夢色の魔法使い,Relu feat. IA,Original,2019-10-30T00:00:00Z,277,1,3,Finished
251475,暗殺プリンセス,Mitchie M feat. 初音ミク,Original,2019-10-30T00:00:00Z,204,54,352,Finished
706369,ブレーメン,ゆりを feat. 初音ミク,Original,2019-10-29T00:00:00Z,247,0,0,Finished
677024,学舎_191028,くらげUFO feat. 初音ミク,Original,2019-10-29T00:00:00Z,118,0,0,Finished
676305,Hardship enriches life,"春風香花 feat. 巡音ルカ V4X English (Straight), 巡音ルカ V4X English (Soft)",Original,2019-10-29T00:00:00Z,337,0,0,Finished
567169,聞こえる,"こんちゃん feat. 音街ウナ Spicy, GUMI, Rana",Original,2019-10-29T00:00:00Z,271,0,0,Finished
265137,群青の下、それは未証明,Syuu feat. 音街ウナ (Unknown),Original,2019-12-17T00:00:00Z,217,0,0,Finished
264941,I,きんぎょ feat. 浮遊レイ,Original,2019-12-17T00:00:00Z,273,0,0,Finished
264920,メリーゴーランド,故やす子 feat. 歌愛ユキ,Original,2019-12-17T00:00:00Z,94,0,0,Finished
264906,モノローグ,thom feat. 初音ミク,Original,2019-12-17T00:00:00Z,153,0,0,Finished
264904,アルティメットドリーム,瀬梁ゆう feat. 初音ミク,Original,2019-12-17T00:00:00Z,60,0,0,Finished
264902,初雪と私のドライブ,txdHIROSI feat. 初音ミク,Original,2019-12-17T00:00:00Z,273,0,0,Finished
264899,或ル境界線,ユラメ feat. GUMI,Original,2019-12-17T00:00:00Z,202,0,0,Finished
264897,スクランブルトリップ,チェリー feat. 初音ミク,Original,2019-12-17T00:00:00Z,235,1,3,Finished
264896,明日を叫べ,RUHIA feat. 初音ミク,Original,2019-12-17T00:00:00Z,177,1,3,Finished
264895,思春期×エレキギター,BOY feat. v flower,Original,2019-12-17T00:00:00Z,194,0,4,Finished
350165,Where Are You Now?,Sir Vocalord feat. 鏡音レン V4 (English),Original,2019-08-05T00:00:00Z,285,0,0,Finished
350164,Candy Wonderland,Sir Vocalord feat. 鏡音リン V4 (English),Original,2019-08-05T00:00:00Z,228,0,0,Finished
339589,ボトルのラブレター,どるくしゅ feat. galaco,Original,2019-08-05T00:00:00Z,351,0,0,Finished
329480,夜明けの街ver.A,"Unionゴロゴロ, りょう, エメ feat. various",Original,2019-08-05T00:00:00Z,265,0,0,Finished
314610,Autumn,はてぃ～ feat. galaco,Original,2019-08-05T00:00:00Z,224,0,0,Finished
289117,SURVIVE!,dearL feat. 初音ミク,Original,2019-08-05T00:00:00Z,263,0,0,Finished
282894,Raison D'etre-666-,"ゆうげん feat. 初音ミク, Voices Of Rage",Original,2019-08-05T00:00:00Z,256,1,5,Finished
279435,キズナフィールド,あるせれ feat. 鏡音リン,Original,2019-08-05T00:00:00Z,254,0,0,Finished
272587,キミ色のステージで,タカダシ feat. 初音ミク,Original,2019-08-05T00:00:00Z,257,0,0,Finished
269162,Step By Step,Riz feat. 初音ミク,Original,2019-08-05T00:00:00Z,323,0,0,Finished
240109,星よ,霧森 feat. 初音ミク,Original,2019-05-29T00:00:00Z,289,1,3,Finished
240073,夜明けのチケット,ヒューズ feat. IA,Original,2019-05-29T00:00:00Z,248,1,3,Finished
240072,Lxxx,Shikibe Tsuko feat. IA,Original,2019-05-29T00:00:00Z,241,0,0,Finished
239362,クレソン,ミミコp feat. 初音ミク,Original,2019-05-29T00:00:00Z,325,2,8,Finished
239361,明日になる。,"Haniwa feat. 結月ゆかり, 紲星あかり",Original,2019-05-29T00:00:00Z,107,1,5,Finished
239360,Agitado,"DystoP, Fractured Planes feat. SONiKA",Original,2019-05-29T00:00:00Z,230,1,15,Finished
239359,マナ,ナナツナツ feat. 鏡音リン,Original,2019-05-29T00:00:00Z,248,0,0,Finished
239357,さよなら海底,なるみや feat. 東北ずん子,Original,2019-05-29T00:00:00Z,212,0,2,Finished
239356,KIGURUMI,ALUVI feat. 初音ミク,Original,2019-05-29T00:00:00Z,185,3,15,Finished
239355,Ghost,wara feat. 初音ミク,Original,2019-05-29T00:00:00Z,244,0,0,Finished
230840,ひとりごと,"yama。, market. feat. 初音ミク",Original,2019-03-25T00:00:00Z,226,1,5,Finished
230839,ヒトリノリズム,アトリ feat. 初音ミク,Original,2019-03-25T00:00:00Z,170,0,0,Finished
230838,CHOCOLATE HOLIC,めろ太 feat. 狼音アロ,Original,2019-03-25T00:00:00Z,205,1,3,Finished
230837,ユニオン♡ユニゾン,Ku-Ma feat. 初音ミク,Original,2019-03-25T00:00:00Z,98,0,0,Finished
230836,闇夜の誓い・改,ビッスケル feat. 初音ミク,Original,2019-03-25T00:00:00Z,136,0,0,Finished
230835,平成→ぽんぽこ１年目,おとねこの魚市場 feat. 初音ミク,Original,2019-03-25T00:00:00Z,223,0,0,Finished
230834,栞,ふぇりす feat. 初音ミク,Original,2019-03-25T00:00:00Z,139,0,0,Finished
230833,夜遊び猫,ククラス feat. GUMI,Original,2019-03-25T00:00:00Z,273,0,2,Finished
230830,幸せの形,hayabusaP feat. 初音ミク,Original,2019-03-25T00:00:00Z,219,0,0,Finished
230819,欲望パラダイス,やかとら feat. 鏡音リン V4X (Power),Original,2019-03-25T00:00:00Z,234,0,2,Finished
276494,餞の黄水晶,P.N.朝倉＠トーン feat. Lily,Original,2019-10-31T00:00:00Z,286,0,0,Finished
275713,Anti Reality,TSUBAKI_P feat. IA,Original,2019-10-31T00:00:00Z,289,0,0,Finished
274608,ローラ,西島尊大 feat. 初音ミク,Original,2019-10-31T00:00:00Z,225,5,23,Finished
274607,Sunday Highway Night,西島尊大 feat. 初音ミク,Original,2019-10-31T00:00:00Z,213,3,17,Finished
273495,Chimera,"noaon feat. GUMI, IA",Original,2019-10-31T00:00:00Z,293,1,3,Finished
270866,The Wishful Witch Hunter,Colony feat. V3 GUMI (English),Original,2019-10-31T00:00:00Z,241,1,3,Finished
270855,-15-,Fuse feat. 初音ミク V4 (English),Original,2019-10-31T00:00:00Z,214,0,0,Finished
269933,夢の森,ねまぎしぃ feat. 初音ミク,Original,2019-10-31T00:00:00Z,244,0,0,Finished
264026,Digital Devil,ReneSkunk777MC feat. Ruby,Original,2019-10-31T00:00:00Z,218,0,0,Finished
263903,MAD DEMON,雨は隘路に feat. v flower,Original,2019-10-31T00:00:00Z,160,0,0,Finished
325368,いつの間にか大人になって,落合樹生 feat. 歌愛ユキ,Original,2019-12-20T00:00:00Z,559,0,0,Finished
325359,I LOVE YOU,落合樹生 feat. 歌愛ユキ,Original,2019-12-20T00:00:00Z,155,0,0,Finished
297907,I am…,メリッサ feat. GUMI,Original,2019-12-20T00:00:00Z,314,0,0,Finished
284744,素晴らしき世界,Ariosto feat. various,Original,2019-12-20T00:00:00Z,145,0,0,Finished
278250,遠い夜明けを待つこの地で,"夜色P feat. 洛天依 V4 日本語 (Sweet), 洛天依 V4 日本語 (Normal)",Original,2019-12-20T00:00:00Z,371,0,0,Finished
275365,ルパ,"キコリノ feat. 型破ルト, ムーラ",Original,2019-12-20T00:00:00Z,243,1,3,Finished
271754,All or Nothing,Skirmish feat. V3 GUMI (English),Original,2019-12-20T00:00:00Z,214,1,5,Finished
271345,言葉の彩,唯人 feat. 初音ミク,Original,2019-12-20T00:00:00Z,236,0,0,Finished
269486,約束,CT feat. 初音ミク,Original,2019-12-20T00:00:00Z,214,0,0,Finished
269293,井戸の中,澤山晋太郎 feat. 初音ミク,Original,2019-12-20T00:00:00Z,228,0,0,Finished
794196,再会,"Ayase, THE FIRST TAKE feat. LiSA, Uru",Original,2020-11-06T00:00:00Z,297,0,0,Finished
776519,勝者の喝采,ヒューズ feat. IA,Original,2020-11-06T00:00:00Z,217,0,2,Finished
764604,虐殺のゆめ,"禄田さつ feat. 鏡音リン, 鏡音レン",Original,2020-11-06T00:00:00Z,105,0,0,Finished
572013,箒星,カモガワデルタ feat. 初音ミク,Original,2020-11-06T00:00:00Z,293,0,0,Finished
549645,だから僕は君の名前を呼ぶ,宝木望 feat. 鏡音レン,Original,2020-11-06T00:00:00Z,182,0,0,Finished
549644,Keep The Heat,宝木望 feat. 鏡音リン,Original,2020-11-06T00:00:00Z,191,0,0,Finished
549643,未来鉄道,"宝木望 feat. 鏡音リン, 初音ミク",Original,2020-11-06T00:00:00Z,193,0,0,Finished
549642,DIAMOND HEART,宝木望 feat. 初音ミク,Original,2020-11-06T00:00:00Z,220,0,0,Finished
536664,( Object 2 )Miku,valyri feat. 初音ミク,Original,2020-11-06T00:00:00Z,372,0,0,Finished
536663,( Object 1 )Job,valyri,Original,2020-11-06T00:00:00Z,410,0,0,Finished
298354,青い渦,"夜永, ANGL, nilbanana feat. 初音ミク",Original,2020-10-14T00:00:00Z,126,3,13,Finished
298353,Decision,moguwanP feat. 音街ウナ (Unknown),Original,2020-10-14T00:00:00Z,255,0,0,Finished
298351,OK boomer,濡羽色 feat. 初音ミク,Original,2020-10-14T00:00:00Z,146,1,3,Finished
298350,イフェイオン,one1pay feat. 初音ミク,Original,2020-10-14T00:00:00Z,231,0,2,Finished
298348,花は咲く,moguwanP feat. 音街ウナ (Unknown),Original,2020-10-14T00:00:00Z,212,0,0,Finished
298347,Suiren,adomiori feat. 音街ウナ (Unknown),Original,2020-10-14T00:00:00Z,162,0,2,Finished
298325,何とかのチャンス,東京サリーちゃん feat. 初音ミク,Original,2020-10-14T00:00:00Z,180,0,0,Finished
298322,BR法,LIQ feat. 初音ミク V4X (Solid),Original,2020-10-14T00:00:00Z,283,5,43,Finished
298321,シンデレラ,潮 feat. 雨歌エル,Original,2020-10-14T00:00:00Z,240,1,13,Finished
298320,独で...恋,txdHIROSI feat. 初音ミク,Original,2020-10-14T00:00:00Z,212,0,0,Finished
281394,いつだってドリーマー!!,夜崎ゆい feat. 初音ミク,Original,2020-05-09T00:00:00Z,243,0,0,Finished
281392,霞,"SUMi feat. 鏡音リン, 鏡音レン",Original,2020-05-09T00:00:00Z,120,0,2,Finished
281391,五月雨と春陽炎,透。 feat. 初音ミク Append (Dark),Original,2020-05-09T00:00:00Z,227,0,0,Finished
281390,echo,ザフトのあか feat. 初音ミク,Original,2020-05-09T00:00:00Z,112,0,0,Finished
281389,アニムス,"サマリ feat. 初音ミク, v flower",Original,2020-05-09T00:00:00Z,152,1,5,Finished
281387,セルフカット,藍津モモ feat. 初音ミク,Original,2020-05-09T00:00:00Z,204,0,0,Finished
281385,君アンチ,すみてつ feat. 重音テト,Original,2020-05-09T00:00:00Z,188,1,3,Finished
281384,not bloom flower,Rozmi feat. 初音ミク,Original,2020-05-09T00:00:00Z,215,0,0,Finished
281383,float,タケノコ少年 feat. 初音ミク,Original,2020-05-09T00:00:00Z,211,1,5,Finished
281382,フラスコ,____natural feat. 重音テト,Original,2020-05-09T00:00:00Z,220,3,21,Finished
308127,DIVINE,Dasu,Original,2020-02-24T00:00:00Z,184,1,11,Finished
304351,でもね、それが、Twitter。,Yuki Phonic feat. 初音ミク,Original,2020-02-24T00:00:00Z,16,0,0,Finished
298686,あなたが恋しい,Exzu Paramount feat. 初音ミク V4X (Unknown),Original,2020-02-24T00:00:00Z,273,0,0,Finished
298685,音楽が好き,Exzu Paramount feat. IA,Original,2020-02-24T00:00:00Z,185,0,0,Finished
278947,Take The Chance!,Devsies feat. Oliver,Original,2020-02-24T00:00:00Z,325,0,4,Finished
278501,escape,frais feat. 初音ミク,Original,2020-02-24T00:00:00Z,274,0,0,Finished
278368,きりたんぽを喰え,Alice. feat. 東北きりたん,Original,2020-02-24T00:00:00Z,118,3,9,Finished
275320,未来線,Magnetite feat. 東北きりたん,Original,2020-02-24T00:00:00Z,215,0,0,Finished
275251,あかりんごのイメージソングを作ってみた,わんさかP feat. 東北きりたん,Original,2020-02-24T00:00:00Z,233,1,3,Finished
275007,秋風,masacel feat. 初音ミク,Original,2020-02-24T00:00:00Z,290,1,3,Finished
270189,モーニングコール,とるて feat. 重音テト,Original,2020-01-23T00:00:00Z,93,1,3,Finished
270188,バイタル・サイン,のなめ feat. 巡音ルカ,Original,2020-01-23T00:00:00Z,219,0,4,Finished
270187,夏の友人,夏終了介 feat. 結月ゆかり,Original,2020-01-23T00:00:00Z,190,0,0,Finished
270186,ブラストノイズ,大友青 feat. 闇音レンリ,Original,2020-01-23T00:00:00Z,161,0,0,Finished
270185,STAY FOREVER,ただいまP feat. 鏡音リン,Original,2020-01-23T00:00:00Z,276,0,0,Finished
270184,夢のつづき,No_oZ feat. 初音ミク,Original,2020-01-23T00:00:00Z,222,0,0,Finished
270182,哀哭スピーカー,Wad feat. カゼヒキ,Original,2020-01-23T00:00:00Z,217,1,5,Finished
270181,川沿いを歩く,"シャル坊 feat. 初音ミク V4X (Original), V4 GUMI (NaturalSweet)",Original,2020-01-23T00:00:00Z,206,0,0,Finished
270180,空が灰色だから,ナルミヘルベチカ feat. カゼヒキ,Original,2020-01-23T00:00:00Z,140,1,7,Finished
270179,アイオライト,Nox feat. v flower,Original,2020-01-23T00:00:00Z,191,2,12,Finished
922910,Falle,香茘 feat. 初音ミク,Original,2020-03-26T00:00:00Z,132,0,0,Finished
900309,渐渐长大,Rockflos123 feat. 初音ミク,Original,2020-03-26T00:00:00Z,126,0,0,Finished
900305,漆黑的房间,Rockflos123 feat. 心華,Original,2020-03-26T00:00:00Z,111,0,0,Finished
900296,growing,"Rockflos123 feat. 心華, GUMI",Original,2020-03-26T00:00:00Z,128,0,0,Finished
827909,Harmonics,Liberty Creations feat. Eleanor Forte,Original,2020-03-26T00:00:00Z,289,0,0,Finished
713683,オープニングDAYS,YOTY feat. GUMI,Original,2020-03-26T00:00:00Z,195,0,0,Finished
554321,フェイク・ウェザーニュース,ruten feat. 初音ミク,Original,2020-03-26T00:00:00Z,297,0,2,Finished
550559,Satiate Me,Aaube feat. Eleanor Forte,Original,2020-03-26T00:00:00Z,135,0,0,Finished
550266,Fly (Back to You),Aaube feat. Eleanor Forte,Original,2020-03-26T00:00:00Z,233,0,0,Finished
550264,Stuck in Delusion,Aaube feat. Eleanor Forte,Original,2020-03-26T00:00:00Z,145,0,0,Finished
329683,氷の上のペンギン,"月 涼夜 feat. VY1, VY2",Original,2020-07-22T00:00:00Z,193,0,0,Finished
328308,モノ,KuraKura feat. 初音ミク,Original,2020-07-22T00:00:00Z,287,0,0,Finished
320736,鳥かごの僕,喂鳴雷狐 feat. 紺ネクト,Original,2020-07-22T00:00:00Z,138,0,0,Finished
305480,夜恒星,陽だまりな、ような。 feat. v flower,Original,2020-07-22T00:00:00Z,278,0,0,Finished
303896,劣等星ミッドサマー,移動する点P feat. 初音ミク,Original,2020-07-22T00:00:00Z,196,0,0,Finished
302148,goodbye street,TONE feat. V3 GUMI (English),Original,2020-07-22T00:00:00Z,214,1,3,Finished
302106,自由の哲学,キムラレス feat. LUMi,Original,2020-07-22T00:00:00Z,223,0,0,Finished
299848,ひとりごと,Roji feat. 初音ミク,Original,2020-07-22T00:00:00Z,267,0,0,Finished
298248,From New World,"DOS, 163P feat. 初音ミク V4 (中文版)",Original,2020-07-22T00:00:00Z,210,0,0,Finished
297608,22.07,AURELIO feat. 巡音ルカ,Original,2020-07-22T00:00:00Z,262,1,3,Finished
915512,VILLAIN,"K/DA feat. Madison Beer, Kim Petras",Original,2020-11-13T00:00:00Z,214,0,0,Finished
895410,みんなきらい,きゃらめるこ feat. 初音ミク,Original,2020-11-13T00:00:00Z,254,0,0,Finished
857369,ピエロ,"みろろ, え な feat. Fukase (Normal)",Original,2020-11-13T00:00:00Z,230,0,2,Finished
770578,よろこびのうた,SHARIKI feat. 初音ミク,Original,2020-11-13T00:00:00Z,218,0,0,Finished
744580,空波,hisa5 feat. 東北イタコ,Original,2020-11-13T00:00:00Z,120,0,0,Finished
701120,今日,朽葉 てる feat. 初音ミク,Original,2020-11-13T00:00:00Z,68,0,0,Finished
658017,期待,张卫 feat. 起复 (DeepVocal),Original,2020-11-13T00:00:00Z,206,0,2,Finished
654143,Requiem,足利彰啓 feat. KAITO,Original,2020-11-13T00:00:00Z,385,0,0,Finished
567932,小さな僕らは儚い,GoDa feat. 初音ミク,Original,2020-11-13T00:00:00Z,228,0,0,Finished
549637,エンジェルン,宝木望 feat. 初音ミク,Original,2020-11-13T00:00:00Z,174,0,0,Finished
283376,다락방 고양이들의 천체냥만론,Compass Cat feat. UNI,Original,2020-05-30T00:00:00Z,248,1,7,Finished
283371,メイレイン,emon(Tes.) feat. v flower,Original,2020-05-30T00:00:00Z,203,5,31,Finished
283370,リラ,knao feat. 初音ミク,Original,2020-05-30T00:00:00Z,312,0,0,Finished
283369,君に会いたいんだ,七曲マル feat. 初音ミク,Original,2020-05-30T00:00:00Z,185,1,3,Finished
283368,Rezar,Serino feat. 初音ミク,Original,2020-05-30T00:00:00Z,185,0,0,Finished
283367,星影セレネイド,イントロP feat. KAITO V3 (Unknown),Original,2020-05-30T00:00:00Z,324,3,13,Finished
283366,Hang in there!!,真夢 feat. 初音ミク,Original,2020-05-30T00:00:00Z,210,0,0,Finished
283365,夢想家たち,ichica feat. 初音ミク,Original,2020-05-30T00:00:00Z,276,0,2,Finished
283364,5/29.5,shima feat. 初音ミク,Original,2020-05-30T00:00:00Z,292,0,0,Finished
283363,KAWAII summer days,yasu feat. 初音ミク,Original,2020-05-30T00:00:00Z,193,0,0,Finished
307703,ブルー,ぴうい feat. 初音ミク,Original,2020-12-19T00:00:00Z,177,0,0,Finished
307702,Kanaguri,mochy feat. 初音ミク,Original,2020-12-19T00:00:00Z,250,0,0,Finished
307701,白夜,T123 feat. 初音ミク,Original,2020-12-19T00:00:00Z,216,0,0,Finished
307700,エンファサイズ,椎柊ネユメ feat. IA ROCKS,Original,2020-12-19T00:00:00Z,250,0,0,Finished
307669,風と炎の鳥,ΔЯ∀И feat. 東北きりたん,Original,2020-12-19T00:00:00Z,244,0,0,Finished
307666,だいじょぶだぁ,Big Void feat. 初音ミク,Original,2020-12-19T00:00:00Z,153,1,3,Finished
307658,ニジイロストーリーズ,OSTER project feat. various,Original,2020-12-19T00:00:00Z,240,20,142,Finished
307640,MIKAN,evaP feat. 重音テト,Original,2020-12-19T00:00:00Z,301,1,3,Finished
307639,めりぃめりぃクリスマス,"toyotaku3 feat. KAITO, 初音ミク",Original,2020-12-19T00:00:00Z,230,0,0,Finished
307638,オリオン,ヤマダテクノ feat. 初音ミク NT (Original＋),Original,2020-12-19T00:00:00Z,294,1,3,Finished
271373,ドリーム・ディクショナリー,テラ feat. 初音ミク,Original,2020-01-31T00:00:00Z,269,0,2,Finished
271372,尊敬される大人達へ,kumakichi07 feat. 初音ミク,Original,2020-01-31T00:00:00Z,232,0,0,Finished
271371,EYES,サブレ feat. 初音ミク,Original,2020-01-31T00:00:00Z,228,0,0,Finished
271369,R.I.P.,kumakichi07 feat. 初音ミク,Original,2020-01-31T00:00:00Z,206,0,0,Finished
271368,スタートダッシュ,fuzzimari feat. 初音ミク,Original,2020-01-31T00:00:00Z,225,0,0,Finished
271367,Natural Magical,上村香月 feat. 初音ミク,Original,2020-01-31T00:00:00Z,203,0,0,Finished
271366,Sparkling Voice,PP feat. 初音ミク,Original,2020-01-31T00:00:00Z,265,0,0,Finished
271365,柔らかい手,kumakichi07 feat. 初音ミク,Original,2020-01-31T00:00:00Z,268,0,0,Finished
271364,SINGER,上村香月 feat. 初音ミク,Original,2020-01-31T00:00:00Z,264,0,2,Finished
271363,ドラマチックスター,如月つな feat. 初音ミク,Original,2020-01-31T00:00:00Z,264,0,0,Finished
306287,1000年生きてる,いよわ feat. 初音ミク,Original,2020-12-11T00:00:00Z,194,105,549,Approved
306286,僕は夢を持ったままの子どもでいるだけ,傘村トータ feat. 初音ミク V4X (Original),Original,2020-12-11T00:00:00Z,246,3,29,Finished
306284,ensemble,lazuli. feat. 初音ミク,Original,2020-12-11T00:00:00Z,290,0,6,Finished
306283,触れるままにジェラシー,Re:nG feat. KAITO V3 (Straight),Original,2020-12-11T00:00:00Z,265,4,24,Finished
306281,フェイキング・オブ・コメディ,jon-YAKITORY feat. v4 flower,Original,2020-12-11T00:00:00Z,192,2,20,Finished
306278,ラクリマ,MUE feat. v flower,Original,2020-12-11T00:00:00Z,251,0,0,Finished
306276,野良猫シンドローム,シシド feat. 初音ミク,Original,2020-12-11T00:00:00Z,171,1,5,Finished
306274,アリスちゃんとテレスくん,HaTa feat. 初音ミク,Original,2020-12-11T00:00:00Z,264,1,3,Finished
306272,LIMITED QUEEN,"きさら feat. 鳴花ミコト, 鳴花ヒメ",Original,2020-12-11T00:00:00Z,155,24,132,Finished
306270,vivid,"ゆよゆっぺ, 鬱P feat. 初音ミク V4X (Dark), 巡音ルカ V4X (Soft)",Original,2020-12-11T00:00:00Z,213,67,363,Finished
279160,You are my *****,ななせ feat. 闇音レンリ,Original,2020-04-14T00:00:00Z,137,0,0,Finished
279158,Liqueur Night,Merushii feat. 初音ミク,Original,2020-04-14T00:00:00Z,190,0,0,Finished
279157,さよなら,とおくできこえるデンシオン feat. 鏡音レン,Original,2020-04-14T00:00:00Z,299,1,7,Finished
279026,trial and error.,TONE feat. V3 GUMI (English),Original,2020-04-14T00:00:00Z,141,1,5,Finished
278766,ワンニャイトカーニバル,ふぃーね feat. 初音ミク,Original,2020-04-14T00:00:00Z,235,0,0,Finished
278759,たゆたう夢で,melon mIx feat. 初音ミク,Original,2020-04-14T00:00:00Z,125,0,0,Finished
278758,Swaying Night,melon mIx feat. 初音ミク,Original,2020-04-14T00:00:00Z,125,0,0,Finished
278633,infezione,"現世否定P feat. 重音テト, Marie Ork",Original,2020-04-14T00:00:00Z,233,1,3,Finished
278632,Chu Chu Train,NexusZyna feat. 初音ミク V4 (English),Original,2020-04-14T00:00:00Z,218,1,3,Finished
278586,過剰摂取,みにくいうさぎの子 feat. 彩音ゆめ,Original,2020-04-14T00:00:00Z,193,2,6,Finished
284476,おかえり わたしの はんぶん,mash01 feat. 初音ミク,Original,2020-06-06T00:00:00Z,280,0,0,Finished
284475,アサツユ,現八 feat. 初音ミク,Original,2020-06-06T00:00:00Z,227,0,2,Finished
284474,bluing burial,"鯰畝 feat. カゼヒキ, 雨歌エル",Original,2020-06-06T00:00:00Z,142,1,3,Finished
284473,I,hito feat. 初音ミク,Original,2020-06-06T00:00:00Z,152,1,9,Finished
284470,Ram Coke!,misoji feat. 初音ミク,Original,2020-06-06T00:00:00Z,208,0,4,Finished
284469,ミーティア,そらおP feat. IA,Original,2020-06-06T00:00:00Z,281,0,0,Finished
284468,雨ズラし,空木ケイ feat. 初音ミク,Original,2020-06-06T00:00:00Z,185,1,5,Finished
284467,猫の歌,matsu4 feat. 重音テト,Original,2020-06-06T00:00:00Z,246,1,3,Finished
284466,肉体観覧車ジゲン,夏終了介 feat. 結月ゆかり,Original,2020-06-06T00:00:00Z,202,0,0,Finished
284465,ダッフォディル,湊みなみ feat. 闇音レンリ,Original,2020-06-06T00:00:00Z,172,0,4,Finished
296682,Waltz Stay Home,"赤組 feat. 初音ミク, 重音テト",Original,2020-06-12T00:00:00Z,142,1,3,Finished
296124,カラフルコネクタ,daniwell feat. 初音ミク,Original,2020-06-12T00:00:00Z,257,5,29,Finished
295763,饗宴歌,しんきゅー feat. 結月ゆかり,Original,2020-06-12T00:00:00Z,197,0,0,Finished
294745,マスター,カリボク feat. GUMI,Original,2020-06-12T00:00:00Z,205,0,0,Finished
293215,白華-efflorescence-,マラカス＠宮城 feat. 初音ミク NT プロトタイプ版,Original,2020-06-12T00:00:00Z,180,1,3,Finished
290398,I miss U,Raz feat. 初音ミク,Original,2020-06-12T00:00:00Z,154,1,3,Finished
288278,OnlyOneLove,Ein Schritt feat. 初音ミク V4X (Unknown),Original,2020-06-12T00:00:00Z,259,0,2,Finished
288106,stardust,Turner feat. 初音ミク,Original,2020-06-12T00:00:00Z,230,0,2,Finished
287956,とーほくの恋心,erif feat. 東北きりたん,Original,2020-06-12T00:00:00Z,230,0,0,Finished
285301,Necromancer,Nagix Seuhiris feat. 松田っぽいよ,Original,2020-06-12T00:00:00Z,254,1,3,Finished
270362,ユビオリ,だよねP feat. IA,Original,2020-01-25T00:00:00Z,223,0,2,Finished
270341,ブラッドオレンジ,リオネ feat. 鏡音リン,Original,2020-01-25T00:00:00Z,252,0,0,Finished
270340,hard mode,髭チワワ feat. 鏡音レン,Original,2020-01-25T00:00:00Z,262,1,3,Finished
270339,期待してね！,猫山田プロジェクト feat. 巡音ルカ,Original,2020-01-25T00:00:00Z,255,0,2,Finished
879049,『lost』,Metall Waves feat. Fukase (Unknown),Original,2020-01-24T00:00:00Z,0,0,0,Finished
828327,沙文复兴,"田蒲子, 豆子Air feat. 赤羽",Original,2020-01-24T00:00:00Z,183,0,0,Finished
726112,ﾏｼﾞﾃﾞﾔﾊﾞｲ五秒前,しゅくP feat. V4 神威がくぽ (Unknown),Original,2020-01-24T00:00:00Z,237,0,0,Finished
506822,蜉蝣曲,Janus feat. various,Original,2020-01-24T00:00:00Z,135,0,2,Finished
470489,曾构成星屑与银河  ——献给过去与未来,"星凛_Allein, 影空Shadow feat. 星尘",Original,2020-01-24T00:00:00Z,381,0,0,Finished
468059,雨后,"青天, ZUKI, 小乙 feat. 东方栀子",Original,2020-01-24T00:00:00Z,161,0,0,Finished
299259,カイソウルイ少年,ケンダ feat. 音街ウナ (Unknown),Original,2020-10-21T00:00:00Z,249,0,0,Finished
299254,きしめん,"かてきん feat. 結月ゆかり, LUMi, 紲星あかり",Original,2020-10-21T00:00:00Z,24,0,0,Finished
299253,unpardonable,ei feat. 重音テト,Original,2020-10-21T00:00:00Z,223,1,5,Finished
299246,Blooming Heart,癒月 feat. 音街ウナ (Unknown),Original,2020-10-21T00:00:00Z,278,0,0,Finished
299245,エンタテイナ,しゃいと feat. 音街ウナ Spicy,Original,2020-10-21T00:00:00Z,215,1,7,Finished
299244,オトチマタレツ,あすらて feat. 音街ウナ (Unknown),Original,2020-10-21T00:00:00Z,338,0,0,Finished
299243,mochi-mochi.cat,あらたまいこ feat. 音街ウナ Sugar,Original,2020-10-21T00:00:00Z,245,2,10,Finished
297748,オンリーWonder!,タケノコ少年 feat. 音街ウナ Spicy,Original,2020-10-21T00:00:00Z,133,0,4,Finished
937134,伽藍堂,N64 feat. ゲキヤク-頓服-,Original,2020-10-20T00:00:00Z,218,0,0,Finished
894182,Cheesegasm,Academia-P feat. ガチャッポイド,Original,2020-10-20T00:00:00Z,0,0,0,Finished
295623,メタファー塗れで戯れたまま,N1N63N feat. 鏡音リン,Original,2020-09-19T00:00:00Z,188,1,5,Finished
295621,アオノホノオ,A:me feat. 初音ミク V3 (Unknown),Original,2020-09-19T00:00:00Z,198,1,3,Finished
295620,浮世絵の街,ロヒ feat. 初音ミク,Original,2020-09-19T00:00:00Z,196,0,0,Finished
295619,モノリス,みそ feat. 重音テト,Original,2020-09-19T00:00:00Z,178,1,3,Finished
295618,それでも夜が来て朝が来る,Tezu feat. OИE,Original,2020-09-19T00:00:00Z,183,1,7,Finished
295617,ライフコンプレックス,ナミダメ feat. 初音ミク,Original,2020-09-19T00:00:00Z,235,0,0,Finished
295616,portrait,YmK feat. 初音ミク,Original,2020-09-19T00:00:00Z,180,0,0,Finished
295615,アンノウン・ファクター,Amallya feat. 音街ウナ (Unknown),Original,2020-09-19T00:00:00Z,249,0,0,Finished
295614,豪華絢爛 花魁無惨,猫山田プロジェクト feat. 猫村いろは,Original,2020-09-19T00:00:00Z,243,0,0,Finished
295613,I sing for you,babab feat. 東北きりたん,Original,2020-09-19T00:00:00Z,244,1,3,Finished
283023,百物語,みそ feat. 重音テト,Original,2020-05-26T00:00:00Z,117,1,3,Finished
283002,あんぱん,"あお, かぁくん feat. 初音ミク",Original,2020-05-26T00:00:00Z,231,2,6,Finished
282998,拝啓、未来の僕へ,SajEst feat. 初音ミク,Original,2020-05-26T00:00:00Z,253,0,0,Finished
282997,クジラの街と飛行少年,松浦眞那 feat. 初音ミク,Original,2020-05-26T00:00:00Z,261,0,0,Finished
282996,あの人もきっと 誰かの何か,"ぢぇにふぁー, リザード  feat. 初音ミク",Original,2020-05-26T00:00:00Z,197,0,0,Finished
282992,漂う白,芳並京 feat. v flower,Original,2020-05-26T00:00:00Z,226,1,5,Finished
282991,インドア少女は世界を救う,Mame Fox feat. 初音ミク,Original,2020-05-26T00:00:00Z,238,3,13,Finished
282979,Allineamento,"ЯIAIR, 伊藤志陽 feat. 小春音アミ",Original,2020-05-26T00:00:00Z,217,1,5,Finished
282977,她追逐着月光的尽头,"46_P, JuiceP feat. 诗岸",Original,2020-05-26T00:00:00Z,223,0,4,Finished
898863,BUDDY,エート ≪A.T.E≫ feat. IA,Original,2020-05-25T00:00:00Z,230,0,0,Finished
287531,深蓝雨,COP feat. 洛天依 V4 (凝),Original,2020-07-12T00:00:00Z,199,2,10,Finished
287532,香草茶与黑咖啡,"苏逸_Suyi, 动点P feat. 洛天依, 洛天依 V4 日本語 (Sweet)",Original,2020-07-12T00:00:00Z,202,1,7,Finished
287533,专有秘密,"纯白P, 无形歌无形 feat. 洛天依",Original,2020-07-12T00:00:00Z,261,1,3,Finished
287530,万分之一的光,"ChiliChill, 动点P, 胡静成 feat. 洛天依",Original,2020-07-12T00:00:00Z,252,8,44,Finished
932255,薔薇散々(ばらばらばら),Shinkata feat. 初音ミク,Original,2020-07-11T00:00:00Z,173,0,0,Finished
904971,Scatter,MADAKURO feat. ONE AI,Original,2020-07-11T00:00:00Z,232,0,0,Finished
887632,永恒,"槃清, Sumi  feat. various",Original,2020-07-11T00:00:00Z,0,0,0,Finished
887626,最果ての夕暮れ,アルテマ鳥っP feat. 初音ミク,Original,2020-07-11T00:00:00Z,274,0,0,Finished
885628,Descent Into Wonderland,Mytholin  feat. 苍穹,Original,2020-07-11T00:00:00Z,248,0,0,Finished
861253,实在填不出词Disco,"KioooS, 陌生来访 feat. 言和",Original,2020-07-11T00:00:00Z,241,0,0,Finished
274908,赤色の熱い魔法,是 feat. 闇音レンリ,Original,2020-03-13T00:00:00Z,288,1,3,Finished
274907,イマジンエラー,hakaru feat. 鏡音レン V4X (Unknown),Original,2020-03-13T00:00:00Z,224,1,5,Finished
274898,心変わり,Fexxxn feat. 初音ミク,Original,2020-03-13T00:00:00Z,77,0,0,Finished
274897,春が嫌いなままで,ノーリュ feat. 初音ミク,Original,2020-03-13T00:00:00Z,263,0,0,Finished
274895,８月６日、晴れ,"ピスケスＰ, ドリームロイドＰ feat. LUMi",Original,2020-03-13T00:00:00Z,205,1,3,Finished
274894,ユアーライクに称賛を,雪ん子マーシャ feat. MAYU,Original,2020-03-13T00:00:00Z,144,0,0,Finished
274893,涙,Shiropon feat. 初音ミク,Original,2020-03-13T00:00:00Z,245,0,0,Finished
274892,アイサエ,夜to臥 feat. 初音ミク,Original,2020-03-13T00:00:00Z,229,0,0,Finished
274891,間違いのカケラ,優水Ｐ feat. 初音ミク Append (Soft),Original,2020-03-13T00:00:00Z,250,0,2,Finished
274890,バーチャルリアリティ,Fra-Fra feat. 初音ミク,Original,2020-03-13T00:00:00Z,220,1,3,Finished
300424,廻る空で花束を,本匠まこと feat. 初音ミク,Original,2020-08-07T00:00:00Z,108,0,0,Finished
299232,あいすくりん落っことしちゃった,"堀圭祐 feat. 鏡音リン, 初音ミク, 鏡音レン",Original,2020-08-07T00:00:00Z,177,0,0,Finished
298962,valor,fuzz feat. 初音ミク,Original,2020-08-07T00:00:00Z,102,0,0,Finished
298961,sterben,fuzz feat. 初音ミク,Original,2020-08-07T00:00:00Z,159,0,0,Finished
298960,VIRTUAL BRIDE,fuzz feat. 初音ミク,Original,2020-08-07T00:00:00Z,204,0,0,Finished
298504,無表情ドジっ子真由美さん,富華 feat. KAITO V3 (Unknown),Original,2020-08-07T00:00:00Z,217,0,0,Finished
295032,繰り返される朝,まるろん feat. 重音テト,Original,2020-08-07T00:00:00Z,160,2,3,Finished
294697,√b,ファミファロ feat. 唄音ウタ,Original,2020-08-07T00:00:00Z,251,2,6,Finished
293916,ゆもふたい,"Fドア feat. マクネナナ (日本語), 東北きりたん",Original,2020-08-07T00:00:00Z,259,0,0,Finished
292613,星がきれいだから,MAMIZU feat. 東北きりたん,Original,2020-08-07T00:00:00Z,203,0,0,Finished
271723,メリーバッドエンド,灰色屋 feat. 鳴花ヒメ,Original,2020-02-04T00:00:00Z,109,1,3,Finished
271722,想い馳せる,真白 feat. 初音ミク,Original,2020-02-04T00:00:00Z,162,0,0,Finished
271721,ビタースイート・リグレット,SEN feat. 初音ミク,Original,2020-02-04T00:00:00Z,195,0,0,Finished
271720,未完の生者,"七ツ八, うぃんたーP feat. 初音ミク",Original,2020-02-04T00:00:00Z,299,0,0,Finished
271719,Over time,アキノトウフ feat. 初音ミク,Original,2020-02-04T00:00:00Z,284,0,0,Finished
271718,アイコンタクト,『「天堂」』 feat. 初音ミク,Original,2020-02-04T00:00:00Z,151,1,9,Finished
271717,BOUQUET,猫十 feat. 初音ミク,Original,2020-02-04T00:00:00Z,368,4,18,Finished
271716,"Sing, and the world sings with you",suntea feat. 鏡音リン,Original,2020-02-04T00:00:00Z,248,1,5,Finished
271714,Adjacent Speaker,BIGHEAD feat. 鏡音レン V4X (Unknown),Original,2020-02-04T00:00:00Z,189,3,27,Finished
271711,A spoon of charm magic,korby feat. MEIKO V3 (Unknown),Original,2020-02-04T00:00:00Z,259,3,13,Finished
271773,マスカレード,COBA x5884x feat. 初音ミク,Original,2020-02-05T00:00:00Z,243,0,0,Finished
271771,Wander,もょもと feat. 初音ミク,Original,2020-02-05T00:00:00Z,265,0,0,Finished
271770,ないな、否、いないな,TeeN feat. 初音ミク,Original,2020-02-05T00:00:00Z,253,2,12,Finished
271769,クリーム入り今川焼き,マグロジュース feat. 虎音ココ,Original,2020-02-05T00:00:00Z,194,1,13,Finished
271767,アンレプリカ,さまぐら feat. 初音ミク,Original,2020-02-05T00:00:00Z,227,2,6,Finished
271758,汉江恋,"纯白P, 无形歌无形 feat. 洛天依, 乐正绫",Original,2020-02-05T00:00:00Z,262,0,6,Finished
271742,Glare,なるみや feat. 東北ずん子,Original,2020-02-05T00:00:00Z,176,1,7,Finished
974905,スノーホルンコンチェルト,しゅいそ feat. 初音ミク,Original,2020-02-04T00:00:00Z,185,0,0,Finished
961747,傷だらけの天使,Kira feat. GUMI,Original,2020-02-04T00:00:00Z,360,0,0,Finished
927028,They will never know,Kkiquu feat. GUMI,Original,2020-02-04T00:00:00Z,293,0,0,Finished
277731,他愛性的ヒューマノイド,"なかむらクン, RD shin feat. 初音ミク",Original,2020-04-09T00:00:00Z,216,0,0,Finished
277730,＋Meism.,"タアタ feat. 鏡音リン, 鏡音レン, 神威がくぽ",Original,2020-04-09T00:00:00Z,204,0,0,Finished
277729,Melty Fairy Party,"タアタ feat. 鏡音リン, 鏡音レン",Original,2020-04-09T00:00:00Z,163,0,0,Finished
277728,春の休日,y.suzuki feat. 初音ミク V4X (Soft),Original,2020-04-09T00:00:00Z,195,0,0,Finished
277727,ランドリー,からつゆ feat. 心華 V4 日本語版 (Unknown),Original,2020-04-09T00:00:00Z,252,0,2,Finished
277726,全然本気じゃない,ノアス feat. v flower,Original,2020-04-09T00:00:00Z,60,0,0,Finished
277721,Gardenia,"Eunyek feat. Eleanor Forte, 初音ミク V3 (English)",Original,2020-04-09T00:00:00Z,233,2,8,Finished
909580,どれみ・すきゃっと,Wryota feat. 初音ミク,Original,2020-04-08T00:00:00Z,340,0,0,Finished
909579,ハイエナ,Wryota feat. 初音ミク,Original,2020-04-08T00:00:00Z,133,0,0,Finished
903686,4月のカレンダー,Taro Kiguchi feat. 東北きりたん,Original,2020-04-08T00:00:00Z,306,0,0,Finished
306929,独唱,BOSS寅P feat. 初音ミク,Original,2020-12-11T00:00:00Z,215,0,0,Finished
306927,カワヅラ,ぺさめ feat. 重音テト,Original,2020-12-11T00:00:00Z,73,1,3,Finished
306797,海爽電車,GoDa feat. 初音ミク,Original,2020-12-11T00:00:00Z,222,0,0,Finished
306760,サギヲカラス,"からうるり feat. 初音ミク, IA",Original,2020-12-11T00:00:00Z,322,0,0,Finished
306759,オニビトオドレ,幽 feat. 初音ミク,Original,2020-12-11T00:00:00Z,294,1,5,Finished
306757,Shooting Star,m0t0m1 feat. 初音ミク,Original,2020-12-11T00:00:00Z,250,0,0,Finished
306756,終焉と創世のプレリュード,じゃぱん feat. 初音ミク,Original,2020-12-11T00:00:00Z,200,0,0,Finished
306755,invite,"うぃんたーP feat. 初音ミク, GUMI",Original,2020-12-11T00:00:00Z,214,0,0,Finished
306753,SIGNS,林檎☂あめ feat. 初音ミク,Original,2020-12-11T00:00:00Z,32,0,0,Finished
306751,クレイジーラブ,涙舞 feat. 初音ミク,Original,2020-12-11T00:00:00Z,161,0,0,Finished
285254,誕生,はるまきごはん feat. 初音ミク,Original,2020-08-26T00:00:00Z,232,9,51,Finished
285252,リリ,はるまきごはん feat. 初音ミク,Original,2020-08-26T00:00:00Z,190,12,48,Finished
893100,Dark Places,LittleMusic Boy feat. 鏡音リン,Original,2020-08-25T00:00:00Z,0,0,0,Finished
879544,What Do You Dream Of,Russian-Abomination feat. various,Original,2020-08-25T00:00:00Z,278,0,0,Finished
879542,Ooh Ooh Ooh,Russian-Abomination feat. various,Original,2020-08-25T00:00:00Z,335,0,0,Finished
875044,七夕の願い,茉崎 feat. IA,Original,2020-08-25T00:00:00Z,223,0,0,Finished
842149,Blues,Core feat. Fukase (English),Original,2020-08-25T00:00:00Z,157,0,0,Finished
742882,黄色の希望,"Ao Tora, P.N.朝倉 feat. Lily",Original,2020-08-25T00:00:00Z,282,0,0,Draft
740382,冬不寒,"樱花咸鱼, 音核, 比企谷惠子 feat. 言和",Original,2020-08-25T00:00:00Z,230,0,0,Finished
732438,有情,Various artists,Original,2020-08-25T00:00:00Z,217,0,0,Finished
322675,Genger,"阿澄沿線 feat. 安樂狂時, 看届×××",Original,2020-01-10T00:00:00Z,116,1,3,Finished
312313,それでも、ただ…,COBA x5884x feat. 初音ミク,Original,2020-01-10T00:00:00Z,354,0,0,Finished
279344,Little Stranger,ショーカ feat. 初音ミク,Original,2020-01-10T00:00:00Z,91,0,0,Finished
270001,BRAND NEW NIGHT,タミ feat. 初音ミク,Original,2020-01-10T00:00:00Z,168,0,0,Finished
269333,ミルキー☆ダンス,マイケー feat. 初音ミク,Original,2020-01-10T00:00:00Z,191,0,0,Finished
269312,123456789,A-UI feat. 巡音ルカ,Original,2020-01-10T00:00:00Z,187,0,6,Finished
269306,DOKIDOKIしてる！,show888 feat. 初音ミク,Original,2020-01-10T00:00:00Z,144,0,0,Finished
269222,icicles,"磨瀬, 解体新居 feat. 初音ミク",Original,2020-01-10T00:00:00Z,270,4,16,Finished
269181,確率論,あわのあゆむ feat. 初音ミク,Original,2020-01-10T00:00:00Z,241,0,0,Finished
268811,未来ブーケ,名誉会長P feat. 鏡音レン,Original,2020-01-10T00:00:00Z,262,0,0,Finished
278039,オーバータイム,UnlucKy_Schreie feat. 鏡音リン,Original,2020-04-10T00:00:00Z,184,0,0,Finished
278038,テラの弁明,夜to臥 feat. 初音ミク,Original,2020-04-10T00:00:00Z,242,1,3,Finished
278037,夜の子供,夜野 灯 feat. IA,Original,2020-04-10T00:00:00Z,270,2,6,Finished
278036,Loneliness,みつばちぼっち feat. 初音ミク,Original,2020-04-10T00:00:00Z,258,0,0,Finished
278035,THE LIFE,ワイクン feat. 巡音ルカ,Original,2020-04-10T00:00:00Z,307,1,9,Finished
278031,恋のために,"失いP feat. 結月ゆかり, 結月ゆかり (VOICEROID2)",Original,2020-04-10T00:00:00Z,151,2,8,Finished
278022,車椅子の少女,とあん feat. 初音ミク,Original,2020-04-10T00:00:00Z,229,0,0,Finished
278021,雪後雨,CORN feat. GUMI,Original,2020-04-10T00:00:00Z,178,0,0,Finished
278020,イロ,Ackey++ feat. 初音ミク,Original,2020-04-10T00:00:00Z,247,0,0,Finished
278019,斜めの傘,しゃけぽむ feat. 初音ミク,Original,2020-04-10T00:00:00Z,254,0,0,Finished
375657,君のひとみ 〜 I want to know your heart 〜,hugetu feat. 初音ミク,Original,2020-09-30T00:00:00Z,277,0,0,Finished
372762,ハイカカオ,D.T.F.S.S.C. feat. 初音ミク,Original,2020-09-30T00:00:00Z,190,0,0,Finished
369334,ガラス越しの雨,SiiKa feat. 初音ミク,Original,2020-09-30T00:00:00Z,268,0,0,Finished
356973,アンデッドダンサー,ふにどどん feat. IA,Original,2020-09-30T00:00:00Z,157,0,0,Finished
352425,アイロンハート,こどめろ feat. 三音,Original,2020-09-30T00:00:00Z,203,1,3,Finished
348484,星のこども,エフエムハマド！！ feat. 留音ロッカ,Original,2020-09-30T00:00:00Z,209,0,0,Finished
340866,すいはんきのぽるか,"東条惇 feat. 鏡音リン, 鏡音レン",Original,2020-09-30T00:00:00Z,167,0,0,Finished
337505,誰よりもいつまでも,くどうくん feat. 巡音ルカ,Original,2020-09-30T00:00:00Z,339,0,0,Finished
329302,潮風と青空に,柿虎P feat. 重音テト,Original,2020-09-30T00:00:00Z,147,1,3,Finished
326824,梟家,沁途いずか feat. 結月ゆかり,Original,2020-09-30T00:00:00Z,197,0,0,Finished
282389,我が花の為に,"蒼葉旬, Toma feat. 初音ミク",Original,2020-05-18T00:00:00Z,203,0,0,Finished
282388,ストロベリーケーキ,花園イク子 feat. 楷書音しよ,Original,2020-05-18T00:00:00Z,92,0,0,Finished
282387,新夜徘徊,Torque feat. IA,Original,2020-05-18T00:00:00Z,108,0,0,Finished
282320,PALE ALE SYNDROME,いっぺー feat. 琵音マイタ,Original,2020-05-18T00:00:00Z,221,1,3,Finished
282235,終末的スクランブル,かんがえBOY feat. v flower,Original,2020-05-18T00:00:00Z,181,1,7,Finished
282219,consurge,lazuli. feat. GUMI,Original,2020-05-18T00:00:00Z,253,1,7,Finished
282218,命だって,まめぼとる feat. 鏡音リン,Original,2020-05-18T00:00:00Z,263,0,4,Finished
282217,Melon Ball,Rulmry. feat. 初音ミク,Original,2020-05-18T00:00:00Z,194,2,8,Finished
282155,シングル・エリミネーション,ぐるぐるぺんぎん feat. 鏡音リン,Original,2020-05-18T00:00:00Z,199,0,0,Finished
282154,トウメイプラトニックラブ,RUBY-CATMAN feat. 初音ミク,Original,2020-05-18T00:00:00Z,273,4,20,Finished
295612,愉快犯,ミヲ feat. 初音ミク,Original,2020-09-19T00:00:00Z,215,1,3,Finished
295611,数学とリンゴ,あわのあゆむ feat. 初音ミク,Original,2020-09-19T00:00:00Z,258,1,3,Finished
295610,虚構とラムダ,芳並京 feat. 歌愛ユキ,Original,2020-09-19T00:00:00Z,232,0,0,Finished
295565,far away,みにくいうさぎの子 feat. 雨月,Original,2020-09-19T00:00:00Z,205,0,2,Finished
356468,君に会いたいと呟く夜,"@waca feat. 紲星あかり, 結月ゆかり",Original,2021-09-22T00:00:00Z,230,0,0,Finished
356467,沈みゆく空,メロリカ feat. 初音ミク,Original,2021-09-22T00:00:00Z,120,0,0,Finished
356466,Mama,"御座候 feat. 鏡音レン, 初音ミク",Original,2021-09-22T00:00:00Z,196,0,0,Finished
356462,困惑の日々に,omi feat. 重音テト,Original,2021-09-22T00:00:00Z,184,0,0,Finished
355696,Oil and Water,ティヨ feat. CYBER DIVA,Original,2021-09-22T00:00:00Z,204,0,0,Finished
355621,私は平凡な会社員,Bigいぬねこ feat. V4 GUMI (Unknown),Original,2021-09-22T00:00:00Z,312,0,0,Finished
355544,カナタ,春来 feat. 初音ミク,Original,2021-09-22T00:00:00Z,189,1,3,Finished
355510,WISH I was YOU,"Zoofles feat. V3 GUMI (English), 初音ミク V3 (English)",Original,2021-09-22T00:00:00Z,200,1,3,Finished
355498,Malachite Memories,Pumpkin Head feat. AVANNA,Original,2021-09-22T00:00:00Z,265,0,2,Finished
355445,The Other Side,lost&found feat. AVANNA,Original,2021-09-22T00:00:00Z,260,1,7,Finished
322165,タイニークライ,ツキマサカナ feat. 初音ミク,Original,2021-03-13T00:00:00Z,204,0,0,Finished
322164,あなただけ　この心まで震わすの,あれっくちゅ feat. めろう,Original,2021-03-13T00:00:00Z,258,1,3,Finished
322163,祈り,YMMT feat. 初音ミク,Original,2021-03-13T00:00:00Z,218,0,0,Finished
322162,藍色シンク,daraku feat. 初音ミク,Original,2021-03-13T00:00:00Z,222,2,8,Finished
322161,アレロパシー,テャマーレ feat. 重音テト,Original,2021-03-13T00:00:00Z,193,1,3,Finished
322160,花の命は短くない！,猫山田プロジェクト feat. 巡音ルカ,Original,2021-03-13T00:00:00Z,245,0,2,Finished
322159,ウソツキドロップ,"kiki feat. v flower, 初音ミク",Original,2021-03-13T00:00:00Z,185,0,2,Finished
322158,青すぎた春,Boniki feat. 初音ミク,Original,2021-03-13T00:00:00Z,266,0,0,Finished
322157,骨の髄まで,猫一 feat. 初音ミク,Original,2021-03-13T00:00:00Z,152,0,0,Finished
322155,チルナイトリキュール,Melt feat. 初音ミク,Original,2021-03-13T00:00:00Z,215,0,2,Finished
347052,夏かし,himiko feat. 音街ウナ (Unknown),Original,2021-08-13T00:00:00Z,227,0,2,Finished
347051,夏だけどさ、青春！,"しもひけ feat. 初音ミク, v flower",Original,2021-08-13T00:00:00Z,136,0,0,Finished
347050,僕のドリーマー,"yuk, えぬぃ feat. 重音テト",Original,2021-08-13T00:00:00Z,284,1,3,Finished
347049,夏時計,リト feat. 初音ミク,Original,2021-08-13T00:00:00Z,291,1,3,Finished
347048,憶と晴雲,hasumi feat. IA,Original,2021-08-13T00:00:00Z,243,0,0,Finished
347047,未だ苦味を伴って。,ハルカゼコトハ feat. 初音ミク,Original,2021-08-13T00:00:00Z,176,0,0,Finished
347046,インビジブルガール,ふろんと feat. 初音ミク,Original,2021-08-13T00:00:00Z,179,0,0,Finished
347045,Soine,バイカＰ feat. 初音ミク Append (Sweet),Original,2021-08-13T00:00:00Z,348,3,9,Finished
347043,らすと・りんごあめ,ナツノユウ feat. 初音ミク NT (Unknown),Original,2021-08-13T00:00:00Z,279,0,0,Finished
347042,INVERTED,though feat. 初音ミク,Original,2021-08-13T00:00:00Z,198,1,7,Finished
352582,斜陽,うたさか feat. 唄音ウタ,Original,2021-09-10T00:00:00Z,28,3,9,Finished
352581,Sand Rider,Jordan Forester feat. YOHIOloid (English),Original,2021-09-10T00:00:00Z,212,1,5,Finished
352569,ラララ,のいど feat. 初音ミク,Original,2021-09-10T00:00:00Z,112,0,2,Finished
352565,甘党少女はゆめのなか,ニーバンバル feat. 鏡音リン,Original,2021-09-10T00:00:00Z,252,1,3,Finished
352562,アーミー,師子 feat. v flower,Original,2021-09-10T00:00:00Z,176,1,5,Finished
352560,おとしもの,志野穂積 feat. MATCHA,Original,2021-09-10T00:00:00Z,346,1,3,Finished
352538,ヴィンドニールの雪葬,豆屋 feat. 初音ミク,Original,2021-09-10T00:00:00Z,222,0,0,Finished
352534,Lights,pepensow feat. 初音ミク,Original,2021-09-10T00:00:00Z,183,0,2,Finished
352531,Ambivalence,DOLCENOTE feat. 東北きりたん,Original,2021-09-10T00:00:00Z,231,1,9,Finished
352510,西行,"陈亦洺, 瑞安, 李大白k feat. 赤羽",Original,2021-09-10T00:00:00Z,213,0,6,Finished
346322,キメラ,ぢぇにふぁー feat. 初音ミク,Original,2021-08-02T00:00:00Z,172,0,2,Finished
346321,メルヘン,みにくいうさぎの子 feat. IA,Original,2021-08-02T00:00:00Z,216,0,0,Finished
346320,夏の追懐,音継かなで feat. v flower,Original,2021-08-02T00:00:00Z,175,4,16,Finished
346319,monochrome,ＡＺＵハル玄米茶 feat. 初音ミク,Original,2021-08-02T00:00:00Z,435,0,0,Finished
346318,ジャック・ジャック・ジャック,ククラス feat. GUMI,Original,2021-08-02T00:00:00Z,222,0,0,Finished
346317,ふしぎなまち,ツンベルク管 feat. 初音ミク,Original,2021-08-02T00:00:00Z,191,0,0,Finished
346316,最終列車,u/Miyu feat. 雪歌ユフ,Original,2021-08-02T00:00:00Z,138,0,0,Finished
346315,さがしもの,"千-sen- feat. 鏡音レン, 鏡音リン",Original,2021-08-02T00:00:00Z,170,0,4,Finished
346314,四番線片道切符,オズマン三世 feat. 初音ミク,Original,2021-08-02T00:00:00Z,284,1,3,Finished
346248,この世界は甘いだけだ,C feat. 初音ミク,Original,2021-08-02T00:00:00Z,195,1,5,Finished
365792,Spirit Ward,Needed Knots feat. Ruby,Original,2021-11-12T00:00:00Z,120,1,3,Finished
365791,Gameboy,Needed Knots feat. Ruby,Original,2021-11-12T00:00:00Z,130,1,3,Finished
365776,嘘はつけない,ビスカ feat. IA (CeVIO AI),Original,2021-11-12T00:00:00Z,282,1,5,Finished
365774,妄想心中,わさびんちゃく feat. 初音ミク,Original,2021-11-12T00:00:00Z,245,0,0,Finished
365773,Our legend！,"まさねこ feat. 東北きりたん, めろう",Original,2021-11-12T00:00:00Z,223,0,0,Finished
365770,流星1101,deddola feat. 初音ミク,Original,2021-11-12T00:00:00Z,191,0,0,Finished
365679,alook.,"しおた., Hazakura* feat. 初音ミク",Original,2021-11-12T00:00:00Z,289,0,0,Finished
365616,ハイウェイ,由良 feat. 初音ミク,Original,2021-11-12T00:00:00Z,288,0,2,Finished
365612,そうだ！プチ旅行に行こう！,Bigいぬねこ feat. V4 GUMI (Unknown),Original,2021-11-12T00:00:00Z,189,0,0,Finished
365611,孤高の軌跡,からふと☆シシャモ feat. 巡音ルカ,Original,2021-11-12T00:00:00Z,217,0,0,Finished
316638,金太郎を捌いて刺身にする歌,タカハシヨウ feat. 初音ミク,Original,2021-02-20T00:00:00Z,17,0,2,Finished
316637,ガチャまわせ,おにゅうP feat. 初音ミク,Original,2021-02-20T00:00:00Z,227,0,2,Finished
316636,ニコニコ動画が大好き,Reta feat. 重音テト,Original,2021-02-20T00:00:00Z,92,1,3,Finished
316630,メタボリズムエキサイター,"赤兎かい feat. 音街ウナ (Unknown), 鳴花ヒメ, 鳴花ミコト",Original,2021-02-20T00:00:00Z,81,0,0,Finished
316627,I'll Stand,Bit-Start feat. Fukase (English),Original,2021-02-20T00:00:00Z,270,0,2,Finished
316510,新しい日,Huro Nomoe feat. 巡音ルカ,Original,2021-02-20T00:00:00Z,173,0,4,Finished
316505,still love,shiNOder feat. Mew,Original,2021-02-20T00:00:00Z,256,2,14,Finished
316494,愚,"みこは, HOME大臣, タケノコ少年 feat. 初音ミク",Original,2021-02-20T00:00:00Z,218,2,12,Finished
316474,うんこしたい,bibuko feat. 初音ミク,Original,2021-02-20T00:00:00Z,89,1,3,Finished
316434,ボイジャー,"大井フトウ feat. 音街ウナ (Unknown), 空花ルア",Original,2021-02-20T00:00:00Z,190,0,2,Finished
317624,しずく,Sorecausaqich feat. 初音ミク,Original,2021-03-01T00:00:00Z,218,0,0,Finished
317623,フォーギブミー,Sorecausaqich feat. 初音ミク,Original,2021-03-01T00:00:00Z,198,0,0,Finished
317622,MURDER DANCE,Sorecausaqich feat. 初音ミク,Original,2021-03-01T00:00:00Z,206,0,2,Finished
317621,Shooting Star*,Sorecausaqich feat. 初音ミク,Original,2021-03-01T00:00:00Z,205,0,0,Finished
317616,春に遣る瀬,物憂しの。 feat. 初音ミク,Original,2021-03-01T00:00:00Z,265,0,0,Finished
317615,オドラデク,磁気P feat. 初音ミク,Original,2021-03-01T00:00:00Z,240,0,4,Finished
317613,レイジネスマン,"れるりり feat. 初音ミク, 鏡音レン V4X (Power)",Original,2021-03-01T00:00:00Z,193,4,38,Finished
317596,焼肉代が医療費控除にならないのはおかしい,木村わいP feat. 初音ミク,Original,2021-03-01T00:00:00Z,68,0,0,Finished
317595,陶酔,なおぷき feat. 初音ミク NT (Original＋),Original,2021-03-01T00:00:00Z,166,1,5,Finished
317593,遅延行為,雨木青 feat. 音街ウナ (Unknown),Original,2021-03-01T00:00:00Z,152,1,5,Finished
352883,そういえばね。,A4。 feat. 可不,Original,2021-09-11T00:00:00Z,135,2,8,Finished
352851,IN THE DAWNING,URAMAAT feat. 初音ミク,Original,2021-09-11T00:00:00Z,195,0,0,Finished
352843,脳色無機,クラムサウンド feat. GUMI,Original,2021-09-11T00:00:00Z,194,0,2,Finished
352821,ホワイトスピーカー,ヌメメ feat. 初音ミク,Original,2021-09-11T00:00:00Z,179,0,0,Finished
352820,サイレンス,ヌメメ feat. 初音ミク,Original,2021-09-11T00:00:00Z,79,0,0,Finished
352818,狐の子,Leu feat. 初音ミク,Original,2021-09-11T00:00:00Z,271,0,0,Finished
352817,想い出の中の君はとても綺麗でした,Leu feat. 初音ミク,Original,2021-09-11T00:00:00Z,138,0,0,Finished
352762,心配,Hisaki feat. 初音ミク,Original,2021-09-11T00:00:00Z,164,0,0,Finished
352759,続・無限回廊夏,夏終了介 feat. 結月ゆかり,Original,2021-09-11T00:00:00Z,141,1,3,Finished
352752,続・異夏の手帳,夏終了介 feat. 結月ゆかり,Original,2021-09-11T00:00:00Z,206,2,10,Finished
341337,だから、何。,きっとずっとぼっち。 feat. 闇音レンリ,Original,2021-06-29T00:00:00Z,130,1,3,Finished
341335,駄作,有袋るゐ feat. 初音ミク,Original,2021-06-29T00:00:00Z,189,0,0,Finished
341326,お薬を頂戴,匿名ゲルマ feat. 初音ミク,Original,2021-06-29T00:00:00Z,189,1,3,Finished
341323,あれは雨の日の…,Ra-La feat. 初音ミク,Original,2021-06-29T00:00:00Z,225,0,0,Finished
341322,アザービーツ,うつ伏せ feat. 初音ミク,Original,2021-06-29T00:00:00Z,132,0,0,Finished
341319,Bye-bye - Live finale.,"@waca feat. 初音ミク, 結月ゆかり",Original,2021-06-29T00:00:00Z,305,0,0,Finished
341310,drop,87 feat. GUMI,Original,2021-06-29T00:00:00Z,240,2,6,Finished
341294,枸櫞,mskun feat. 巡音ルカ,Original,2021-06-29T00:00:00Z,318,0,2,Finished
949658,夏暮,雨のち、星。 feat. 東北きりたん,Original,2021-06-28T00:00:00Z,272,0,0,Finished
943943,センチ,乃月 feat. v flower,Original,2021-06-28T00:00:00Z,191,0,0,Finished
592287,コミュ力欠如した,mayopuro@月イチ新曲投稿 feat. 水音ラル,Original,2021-06-16T00:00:00Z,175,0,0,Finished
501656,月と探査機,Raymei feat. IA,Original,2021-06-16T00:00:00Z,286,0,0,Finished
451835,私、アイドル、46,ナスカズアキ feat. 東北イタコ,Original,2021-06-16T00:00:00Z,251,0,0,Finished
441015,死神,"ハチ, Yuta Bandoh",Original,2021-06-16T00:00:00Z,181,5,21,Finished
417845,Crookedness Scheme,MitziMargarita333 feat. AVANNA,Original,2021-06-16T00:00:00Z,152,0,0,Finished
404147,KILL!,Kanase feat. GUMI,Original,2021-06-16T00:00:00Z,113,0,2,Finished
400541,人の為になること,パセねこ feat. 初音ミク,Original,2021-06-16T00:00:00Z,205,0,0,Finished
396472,衝動と、海風,アトロピン feat. 東北きりたん,Original,2021-06-16T00:00:00Z,202,0,0,Finished
396002,折合,巫女風味 feat. 唄音ウタ,Original,2021-06-16T00:00:00Z,253,0,0,Finished
390348,Ⓜ,精子置き場 feat. 唄音ウタ,Original,2021-06-16T00:00:00Z,91,1,3,Finished
341663,Embers,"びぃ, CiiMs, AireA feat. 初音ミク",Original,2021-05-28T00:00:00Z,202,0,0,Finished
341240,今日も、いつでも。,ais:re feat. 初音ミク,Original,2021-05-28T00:00:00Z,215,0,0,Finished
340146,言わない,淳平 feat. Ken,Original,2021-05-28T00:00:00Z,190,0,0,Finished
338972,The right hand of God.,FLOAT feat. Oliver,Original,2021-05-28T00:00:00Z,183,2,12,Finished
338185,ようせいのうた,thus feat. 初音ミク,Original,2021-05-28T00:00:00Z,313,0,0,Finished
337581,火花を散らして,Enbi feat. 初音ミク,Original,2021-05-28T00:00:00Z,200,0,0,Finished
337472,脱藩ランドリー,みにとま feat. IA,Original,2021-05-28T00:00:00Z,168,1,5,Finished
337411,空壳CITY,Undecided feat. 言和,Original,2021-05-28T00:00:00Z,176,0,0,Finished
337302,Two Hearts as One,mako feat. 初音ミク V4 (English),Original,2021-05-28T00:00:00Z,237,1,3,Finished
337241,うき☆DOKI Sweet Wonderland!!,咲かない季節の木の上さん feat. 初音ミク,Original,2021-05-28T00:00:00Z,110,0,0,Finished
374394,おばけ,オヨイダキビス feat. 鏡音レン,Original,2021-12-26T00:00:00Z,231,0,2,Finished
374393,深々（しんしん）,やや海豚 feat. 初音ミク,Original,2021-12-26T00:00:00Z,430,0,0,Finished
374392,ミルクココアに恋をする,ミニマムカーター feat. 初音ミク,Original,2021-12-26T00:00:00Z,169,0,0,Finished
374391,セイレイトシ,はるな。 feat. 初音ミク,Original,2021-12-26T00:00:00Z,239,0,0,Finished
374390,アシンメトリー,淋翁 feat. 来果,Original,2021-12-26T00:00:00Z,80,0,0,Finished
374389,根雪張る朝に,Mishi feat. 初音ミク,Original,2021-12-26T00:00:00Z,214,0,0,Finished
374388,気化熱,白波海音 feat. 紲星あかり,Original,2021-12-26T00:00:00Z,153,0,0,Finished
374386,いつか春が死んだなら,宮坂明 feat. 可不,Original,2021-12-26T00:00:00Z,210,0,2,Finished
374385,ふたり,そーた feat. 音街ウナ (Unknown),Original,2021-12-26T00:00:00Z,95,0,0,Finished
374384,霞,3104 feat. GUMI,Original,2021-12-26T00:00:00Z,249,0,0,Finished
349404,Magical Words,Yo-SK feat. 初音ミク,Original,2021-08-26T00:00:00Z,271,1,3,Finished
349403,エーゲ海で会いましょう,ヲタ乙 feat. 結月ゆかり,Original,2021-08-26T00:00:00Z,294,0,0,Finished
349402,箱庭,金銅銀 feat. 重音テト,Original,2021-08-26T00:00:00Z,168,1,3,Finished
349401,心世界,楓 feat. 初音ミク,Original,2021-08-26T00:00:00Z,187,0,0,Finished
349399,ラムネ,ヱ学ブ feat. IA,Original,2021-08-26T00:00:00Z,164,0,0,Finished
349398,ポンコツターニング,ノーツ feat. 初音ミク,Original,2021-08-26T00:00:00Z,186,0,0,Finished
349397,ambivalent,セウマン feat. 雪歌ユフ,Original,2021-08-26T00:00:00Z,320,0,8,Finished
349349,namima,やや海豚 feat. 初音ミク,Original,2021-08-26T00:00:00Z,316,0,2,Finished
349290,早朝森林浴,Bigいぬねこ feat. V4 GUMI (Unknown),Original,2021-08-26T00:00:00Z,265,0,0,Finished
349264,Greed Heart,Ena-s feat. 初音ミク,Original,2021-08-26T00:00:00Z,186,0,2,Finished
330695,インディビジュアリティー,fuzz feat. 初音ミク,Original,2021-04-27T00:00:00Z,104,0,0,Finished
330670,僕たちの愛なんだ,ミト feat. 小春六花 (Unknown),Original,2021-04-27T00:00:00Z,277,0,0,Finished
330669,手にした未来へ,"みやらぷん, Lyo feat. IA",Original,2021-04-27T00:00:00Z,239,0,0,Finished
330486,四月の夕暮れだけが,"鈴木凹 feat. 小春六花 AI, ORIGAMI-I",Original,2021-04-27T00:00:00Z,377,2,12,Finished
330475,Terlebih Dulu,AURELIO feat. 初音ミク,Original,2021-04-27T00:00:00Z,208,1,3,Finished
330453,丸栄百貨店生きてるか？,灰色屋 feat. MAYU,Original,2021-04-27T00:00:00Z,127,1,5,Finished
330452,洛叉,紙飛行機P feat. 初音ミク,Original,2021-04-27T00:00:00Z,74,0,0,Finished
330451,アナタヘ,モクスケ feat. 小春六花 AI,Original,2021-04-27T00:00:00Z,234,1,3,Finished
330415,Pain,PLAMA feat. 初音ミク V4 (English),Original,2021-04-27T00:00:00Z,227,0,4,Finished
330414,N.B,txdHIROSI feat. 巡音ルカ V4X (Unknown),Original,2021-04-27T00:00:00Z,181,0,8,Finished
325813,お布団に入りたい,NY feat. 東北きりたん,Original,2021-04-05T00:00:00Z,83,0,0,Finished
325804,約束,Yosukenchos feat. 結月ゆかり 麗,Original,2021-04-05T00:00:00Z,313,0,10,Finished
325803,凩が嘘を消した,"BetaBoy feat. 闇音レンリ, 緋惺",Original,2021-04-05T00:00:00Z,229,2,10,Finished
325737,ザ・ソルト,Kuroneko Lounge feat. 琴葉茜・葵,Original,2021-04-05T00:00:00Z,127,2,8,Finished
986967,狐の歌,別の猫 feat. 初音ミク,Original,2021-04-04T00:00:00Z,180,0,0,Finished
932293,しょうがないよね しかたないよね,Shinkata feat. 初音ミク,Original,2021-04-04T00:00:00Z,182,0,0,Finished
909820,Tsuqudany Pop Dance,Wryota feat. 初音ミク,Original,2021-04-04T00:00:00Z,291,0,0,Finished
859600,やる気はどこから出てくるの？,ひまめ feat. Fukase (Unknown),Original,2021-04-04T00:00:00Z,101,0,0,Finished
827575,Dimensional Colors,HeavyDevy-C feat. 初音ミク,Original,2021-04-04T00:00:00Z,310,0,2,Finished
804749,Breathe,梁井柊汰 feat. 初音ミク Append (Dark),Original,2021-04-04T00:00:00Z,128,0,0,Finished
472026,地獄の底で愛を歌う,火男丸 feat. 初音ミク,Original,2021-11-09T00:00:00Z,239,0,0,Finished
463072,This New World,Sylrica feat. Eleanor Forte,Original,2021-11-09T00:00:00Z,207,1,7,Finished
460988,无线电,尼斯湖水怪P feat. 小夜,Original,2021-11-09T00:00:00Z,135,0,0,Finished
459583,春を待つ,TN Eevee feat. 初音ミク,Original,2021-11-09T00:00:00Z,299,0,0,Finished
457367,ロンゴミニアド,ガジットガッキュ feat. 波音リツ,Original,2021-11-09T00:00:00Z,96,0,0,Finished
447685,A New Day,neutrinoP feat. Eleanor Forte AI,Original,2021-11-09T00:00:00Z,249,1,5,Finished
445534,風速２M,"よみかき算数、ぼくは空想 feat. 結月ゆかり, さとうささら (CeVIO AI)",Original,2021-11-09T00:00:00Z,230,0,0,Finished
440751,全都是时间的所作所为。。,磷合磷 feat. 言和,Original,2021-11-09T00:00:00Z,119,0,0,Finished
413108,efr,菓子獣 feat. 初音ミク,Original,2021-11-09T00:00:00Z,142,0,0,Finished
407785,雨ぽろぽろ,yamato feat. 初音ミク V4X (Unknown),Original,2021-11-09T00:00:00Z,255,0,0,Finished
342694,はじめまして、ボカロPです。,たくごろう feat. 初音ミク,Original,2021-05-08T00:00:00Z,88,0,0,Finished
341878,ワクワクDays♪,ジャスミン feat. 初音ミク,Original,2021-05-08T00:00:00Z,225,0,0,Finished
341877,でいどりぃむしんどろぉむ,アシタチ feat. 初音ミク,Original,2021-05-08T00:00:00Z,226,0,0,Finished
339910,フラッドシティ,フィン feat. 鏡音レン,Original,2021-05-08T00:00:00Z,156,0,0,Finished
338755,Pride,Tomisobu feat. ナクモ,Original,2021-05-08T00:00:00Z,260,1,3,Finished
337215,泥,"Masanori Takumi, ぺいおん！ feat. GUMI",Original,2021-05-08T00:00:00Z,227,1,3,Finished
336372,昔の日々,澤山晋太郎 feat. 音街ウナ Spicy,Original,2021-05-08T00:00:00Z,228,0,0,Finished
336293,Love&Pop,satico feat. 初音ミク,Original,2021-05-08T00:00:00Z,311,0,2,Finished
336108,OSARABA,トリスタン feat. 初音ミク,Original,2021-05-08T00:00:00Z,180,0,0,Finished
335678,三つの道,"まっしろ feat. KYO, WIL, YUU",Original,2021-05-08T00:00:00Z,278,0,4,Finished
497523,義体移植,Siren feat. 初音ミク,Original,2021-12-11T00:00:00Z,177,0,0,Finished
497522,Intro,Siren,Original,2021-12-11T00:00:00Z,70,0,0,Finished
460863,怪耶,"言下之意, 天天凉凉豆 feat. 洛天依",Original,2021-12-11T00:00:00Z,103,0,0,Finished
459790,모기,6세이용가 feat. SeeU (Korean),Original,2021-12-11T00:00:00Z,177,0,0,Finished
452059,電気羊とアコースティック,baku feat. 初音ミク,Original,2021-12-11T00:00:00Z,202,0,0,Finished
438802,コスモ☆スケッチ,"aura feat. 鏡音リン, 鏡音レン",Original,2021-12-11T00:00:00Z,204,0,2,Finished
431863,Crush,Sweatjobs feat. ANRI,Original,2021-12-11T00:00:00Z,72,1,3,Finished
417798,冬に降る星,ちゃんけーP feat. 神威がくぽ,Original,2021-12-11T00:00:00Z,283,1,3,Finished
416178,HEAL,omi feat. UTAU (Unknown),Original,2021-12-11T00:00:00Z,208,0,0,Draft
416177,desire,omi feat. UTAU (Unknown),Original,2021-12-11T00:00:00Z,212,0,0,Draft
360667,バクロム,柊キライ feat. v4 flower,Original,2021-10-16T00:00:00Z,205,11,79,Finished
360653,Blue town,宝木望 feat. 巡音ルカ,Original,2021-10-16T00:00:00Z,299,0,0,Finished
360652,うぉーたぁーきゅーぶ,でっぷ feat. 巡音ルカ,Original,2021-10-16T00:00:00Z,302,0,0,Finished
360651,タイムラインが追えない,ざき feat. 巡音ルカ V4X (Unknown),Original,2021-10-16T00:00:00Z,173,0,0,Finished
360650,夕暮れ彼女の影,天城 feat. 巡音ルカ,Original,2021-10-16T00:00:00Z,165,0,0,Finished
360649,Compass.,shiki.zawa feat. 巡音ルカ,Original,2021-10-16T00:00:00Z,250,0,2,Finished
360616,マイナートランキライザー,せんごく feat. 可不,Original,2021-10-16T00:00:00Z,238,0,0,Finished
360614,八月の終わりに君を添えて。,星宮 奏 feat. 可不,Original,2021-10-16T00:00:00Z,186,0,0,Finished
360596,てかるのうた,ckwa feat. 初音ミク,Original,2021-10-16T00:00:00Z,91,2,12,Finished
360555,最低のロマンス,きゅおんママ feat. v flower,Original,2021-10-16T00:00:00Z,310,0,0,Finished
359373,Now is never (again) !!,Capchii feat. 鏡音リン,Original,2021-10-23T00:00:00Z,244,3,25,Finished
359372,Sky Traveler,"いるかアイス, 市瀬るぽ feat. 鏡音リン",Original,2021-10-23T00:00:00Z,240,2,24,Finished
359306,これからのおはなし,甘水ルリ,Original,2021-10-23T00:00:00Z,0,1,3,Draft
359305,しぇあわーるど！,"甘水ルリ feat. 浜音ポニー, ネギっ娘",Original,2021-10-23T00:00:00Z,227,2,8,Finished
359303,つよがり,"甘水ルリ feat. 浜音ポニー, ネギっ娘",Original,2021-10-23T00:00:00Z,0,1,3,Finished
359300,これまでのおはなし,甘水ルリ,Original,2021-10-23T00:00:00Z,0,1,3,Draft
359250,れっつとらい・あいどる！,甘水ルリ feat. ネギっ娘,Original,2021-10-23T00:00:00Z,0,1,3,Finished
359248,ヽ(๑＞ω╹๑)ノCheer up!!,"浜音ユリ, 甘水ルリ feat. ネギっ娘",Original,2021-10-23T00:00:00Z,0,1,3,Finished
359244,鸚鵡返し,錦 feat. v flower,Original,2021-10-23T00:00:00Z,174,1,3,Finished
359243,アントラクト,錦 feat. 初音ミク,Original,2021-10-23T00:00:00Z,233,0,0,Finished
339095,Midnight Showers,ULTIMA feat. KAITO V3 (English),Original,2021-06-08T00:00:00Z,228,0,0,Finished
338543,なまはげ先輩斬り裁く,"薨chan feat. 猫村いろは, 音街ウナ (Unknown), SF-A2 開発コード miki",Original,2021-06-08T00:00:00Z,256,0,0,Finished
338535,セカイのトゲ,見切り発車P feat. 猫村いろは,Original,2021-06-08T00:00:00Z,200,0,0,Finished
338533,ひとり,darken drive feat. 結月ゆかり,Original,2021-06-08T00:00:00Z,195,0,0,Finished
338529,Fear,Ragingkrane feat. Eleanor Forte,Original,2021-06-08T00:00:00Z,138,1,3,Finished
338528,指折り奏デテ,雫　伊那 feat. 初音ミク,Original,2021-06-08T00:00:00Z,224,0,2,Finished
338527,肯定論,Mukei feat. 初音ミク,Original,2021-06-08T00:00:00Z,181,0,0,Finished
338526,キミノセイ,Chapter feat. 初音ミク,Original,2021-06-08T00:00:00Z,154,0,0,Finished
338525,ん？,タケノコ少年 feat. 初音ミク,Original,2021-06-08T00:00:00Z,183,3,25,Finished
338523,きらきらあつめ,わびいぬ feat. 音街ウナ (Unknown),Original,2021-06-08T00:00:00Z,152,0,0,Finished
412372,春望ム,トリトン feat. 初音ミク,Original,2021-04-25T00:00:00Z,205,0,0,Finished
412368,鳥獣ギャラクシーエクスプレス,プラチナ16連射 feat. 初音ミク,Original,2021-04-25T00:00:00Z,247,0,0,Finished
412365,Bye For Now,片布 feat. 初音ミク,Original,2021-04-25T00:00:00Z,301,0,0,Finished
412345,超飽和ハートビート,skyrocket feat. 初音ミク,Original,2021-04-25T00:00:00Z,338,0,0,Finished
412252,景色,春乃星 feat. 初音ミク,Original,2021-04-25T00:00:00Z,230,0,0,Finished
412251,木魚を売りました,まきゅりんぬP feat. Sachiko,Original,2021-04-25T00:00:00Z,247,1,5,Finished
412249,涙雨,"Resona feat. v flower, 初音ミク",Original,2021-04-25T00:00:00Z,285,0,0,Finished
412245,SUMMER MADNESS,良識 feat. 初音ミク,Original,2021-04-25T00:00:00Z,181,0,0,Finished
412238,アカルイネクライネナハトムジーク,Lio feat. 初音ミク,Original,2021-04-25T00:00:00Z,308,0,0,Finished
412237,僕は初音ミクを捨てた,羽撃く檸檬 feat. VY1,Original,2021-04-25T00:00:00Z,262,0,0,Finished
805610,These Days,"VS-P feat. GUMI, 結月ゆかり",Original,2021-09-09T00:00:00Z,164,0,0,Finished
632898,未来のオルゴール,hingashi feat. IA,Original,2021-09-09T00:00:00Z,102,0,0,Finished
625222,別れの空,"Aポエット feat. 重音テト, 唄音ウタ",Original,2021-09-09T00:00:00Z,517,0,0,Finished
623495,bo白ne,"Aポエット feat. 重音テト, 唄音ウタ",Original,2021-09-09T00:00:00Z,111,0,0,Finished
513057,A G D,果都,Original,2021-09-09T00:00:00Z,48,1,3,Draft
501137,Meet Lime Cookie!,Tsundere Twintails feat. 初音ミク V4X (Soft),Original,2021-09-09T00:00:00Z,116,8,36,Finished
488233,回転体,Hisagi feat. 初音ミク,Original,2021-09-09T00:00:00Z,236,0,0,Finished
450500,blue 重音テト,をーさん feat. 重音テト,Original,2021-09-09T00:00:00Z,81,0,0,Finished
433948,機械仕掛けの魔法,みもざP. feat. 可不,Original,2021-09-09T00:00:00Z,203,0,0,Finished
429505,Asterism,リルケ feat. 可不,Original,2021-09-09T00:00:00Z,124,1,3,Finished
374044,森に白、雪に青,メキメキ地蔵 feat. 鏡音リン,Original,2021-12-26T00:00:00Z,152,0,0,Finished
374043,レンアイCompiling,"Rico* feat. 鏡音リン, 鏡音レン",Original,2021-12-26T00:00:00Z,238,0,0,Finished
374025,ブレス,シカクドット feat. 小春六花 AI,Original,2021-12-26T00:00:00Z,214,0,0,Finished
374016,ロストエデンに生きている,"キッドP, おればななP, クリスタルP feat. 鏡音レン",Original,2021-12-26T00:00:00Z,198,3,23,Finished
374013,ガランドウ,-4℃ feat. 可不,Original,2021-12-26T00:00:00Z,206,1,3,Finished
374011,和風慶雲,めっすぃんぐ feat. 巡音ルカ,Original,2021-12-26T00:00:00Z,204,0,2,Finished
374010,透,"透。 feat. 初音ミク, IA",Original,2021-12-26T00:00:00Z,209,0,2,Finished
374009,緋色の怪,"雨魚ヨリ feat. 鏡音レン, 初音ミク",Original,2021-12-26T00:00:00Z,98,0,2,Finished
374008,雪解とフロート,のーねーむ feat. 可不,Original,2021-12-26T00:00:00Z,208,1,3,Finished
374007,この少女,空き缶 feat. 初音ミク,Original,2021-12-26T00:00:00Z,191,0,0,Finished
356835,情景,AK37 feat. 鏡音レン,Original,2021-09-28T00:00:00Z,187,1,3,Finished
356834,Disco Magic,アメジ feat. 初音ミク,Original,2021-09-28T00:00:00Z,269,0,0,Finished
356813,これが愛なのか,キムラレス feat. KAITO V3 (Unknown),Original,2021-09-28T00:00:00Z,210,0,0,Finished
356810,色々,naki. feat. 初音ミク,Original,2021-09-28T00:00:00Z,151,0,0,Finished
356809,永久平和のために,赤髪ではない。 feat. 可不,Original,2021-09-28T00:00:00Z,72,0,2,Finished
356802,ALgorhythm Drops,aruku feat. 初音ミク,Original,2021-09-28T00:00:00Z,207,0,2,Finished
356800,リリースカット・エチュード,なたねあぶら feat. 初音ミク,Original,2021-09-28T00:00:00Z,188,0,0,Finished
356799,涼しげな生命線,みつきうさ feat. 初音ミク,Original,2021-09-28T00:00:00Z,170,0,0,Finished
356798,ローリエ,あいまい天気予報 feat. 初音ミク,Original,2021-09-28T00:00:00Z,172,0,0,Finished
356793,しょぼん(´・ω・`),SHIRO feat. 鏡音レン,Original,2021-09-28T00:00:00Z,194,0,0,Finished
321856,上手くいく人生なんてない,ホシミヤ feat. LUMi,Original,2021-03-11T00:00:00Z,166,0,0,Finished
321855,赤月の夜に会いましょう,あわあわP feat. 東北ずん子,Original,2021-03-11T00:00:00Z,168,0,0,Finished
321854,場所,マェロP feat. 巡音ルカ,Original,2021-03-11T00:00:00Z,210,0,0,Finished
321853,INORI,Jille. feat. GUMI,Original,2021-03-11T00:00:00Z,164,0,0,Finished
321852,ゆめいろペイント,うずめ feat. various,Original,2021-03-11T00:00:00Z,291,0,0,Finished
321851,ダメですNo.39！,ushiee feat. 初音ミク,Original,2021-03-11T00:00:00Z,219,1,3,Finished
321850,鏡の前の少女,Glaset feat. 闇音レンリ,Original,2021-03-11T00:00:00Z,168,0,4,Finished
321849,ハローハロー四畳半,1LDK feat. 初音ミク,Original,2021-03-11T00:00:00Z,169,1,3,Finished
321847,Wish You Happiness,evaP feat. 重音テト,Original,2021-03-11T00:00:00Z,223,1,3,Finished
321846,夜に追懐,"無n0 feat. 初音ミク, Mele",Original,2021-03-11T00:00:00Z,233,0,0,Finished
348004,シスター,"モノ feat. 初音ミク, GUMI",Original,2021-08-18T00:00:00Z,182,1,5,Finished
348002,箱庭の中の時計台,シアン・キノ feat. 初音ミク,Original,2021-08-18T00:00:00Z,263,1,3,Finished
347991,Shibuya Sky,Luna Paseri feat. 鳴花ヒメ,Original,2021-08-18T00:00:00Z,131,0,0,Finished
347990,エリカとピエロ,存人P feat. 初音ミク,Original,2021-08-18T00:00:00Z,147,0,0,Finished
347987,空と色と街,ペルソナ feat. 初音ミク,Original,2021-08-18T00:00:00Z,141,0,2,Finished
347986,Winner,今宵茉露 feat. IA,Original,2021-08-18T00:00:00Z,210,0,0,Finished
347971,LIMINAL,kian feat. 可不,Original,2021-08-18T00:00:00Z,269,11,59,Finished
347959,未来Lieガール,真羽 feat. 可不,Original,2021-08-18T00:00:00Z,71,0,4,Finished
347887,モノクロ,syatiku224 feat. 重音テト,Original,2021-08-18T00:00:00Z,315,0,2,Finished
347886,Dance in the Sleepless Night,RED feat. 初音ミク,Original,2021-08-18T00:00:00Z,191,1,5,Finished
354868,真夜中のホーム,夜明リト feat. 鏡音レン,Original,2021-09-15T00:00:00Z,192,1,5,Finished
354865,トラブループ,よそら feat. 鏡音レン,Original,2021-09-15T00:00:00Z,243,1,3,Finished
354846,あたしの代わりなんていない！,-4℃ feat. 可不,Original,2021-09-15T00:00:00Z,115,0,0,Finished
354845,Atlantis,"灯花 feat. 可不, 初音ミク",Original,2021-09-15T00:00:00Z,337,0,0,Finished
354820,AUTOnomy,AmeKinoko feat. Big AL,Original,2021-09-15T00:00:00Z,290,2,6,Finished
354805,今すぐやろうとしてたのに！,ぱーむ feat. 音街ウナ (Unknown),Original,2021-09-15T00:00:00Z,79,0,0,Finished
354513,Fall Apart,"Brandon Chun, Rishie-P feat. V3 GUMI (English)",Original,2021-09-15T00:00:00Z,223,1,5,Finished
354509,Fun Night With the Girls,"Fusoloid feat. AVANNA, Ruby, 初音ミク V4 (English)",Original,2021-09-15T00:00:00Z,191,0,0,Finished
354460,ア・ラブ・ソング,ｶﾆｋａｎｉくん feat. 鏡音レン,Original,2021-09-15T00:00:00Z,206,0,0,Finished
354432,夏の離日、君と…,きゅおんママ feat. 東北きりたん,Original,2021-09-15T00:00:00Z,297,0,0,Finished
317816,Labyrinth,Jiro Matatabi feat. 巡音ルカ,Original,2021-03-02T00:00:00Z,408,0,0,Finished
317786,動画用の素材として作ったんだけど結構かっこよくね.mp4,雪乃トケル feat. 唄音ウタ,Original,2021-03-02T00:00:00Z,9,0,0,Finished
317742,こわれゆく,蛸背あかり feat. 音街ウナ Spicy,Original,2021-03-02T00:00:00Z,190,1,7,Finished
317740,Don't Wanna Drown,"regulus feat. IA English C (Unknown), 初音ミク V4X (Dark)",Original,2021-03-02T00:00:00Z,243,3,31,Finished
317735,yowalk,AIR田 feat. 初音ミク Append (Dark),Original,2021-03-02T00:00:00Z,170,3,17,Finished
317703,冬、三つの灰はもう消えた。,"iroRi, 32缶 feat. 初音ミク",Original,2021-03-02T00:00:00Z,253,0,0,Finished
317702,ファンシーキラー,歌川シキ feat. MAYU,Original,2021-03-02T00:00:00Z,127,0,4,Finished
1008151,とっておきコーデ！,なつかな feat. 春歌ナナ,Original,2021-03-01T00:00:00Z,76,0,2,Finished
909714,拝啓、いじめっ子へ,聖夜 feat. 初音ミク,Original,2021-03-01T00:00:00Z,137,0,0,Finished
909649,憑代,しあえが feat. 重音テト,Original,2021-03-01T00:00:00Z,186,0,0,Finished
329998,空を泳ぐくじら,akari-A feat. 茅歌コナギ,Original,2021-04-24T00:00:00Z,169,1,3,Finished
329997,日常キャンバス,ズキポ feat. 初音ミク,Original,2021-04-24T00:00:00Z,162,0,0,Finished
329996,マリンレーヴ,鈴菜スズ feat. 初音ミク,Original,2021-04-24T00:00:00Z,143,0,0,Finished
329995,遠まわリブート,藍津モモ feat. 音街ウナ (Unknown),Original,2021-04-24T00:00:00Z,183,0,0,Finished
329994,HYPE!,けるぷ feat. 鏡音レン,Original,2021-04-24T00:00:00Z,171,0,2,Finished
329993,Dried Flower,海霧 feat. 鏡音レン,Original,2021-04-24T00:00:00Z,340,0,0,Finished
329992,JURIN,kojika feat. 初音ミク,Original,2021-04-24T00:00:00Z,204,0,4,Finished
329991,愛想笑い,ガルフィ feat. 初音ミク,Original,2021-04-24T00:00:00Z,209,0,0,Finished
329990,ジオラマ,春雨P feat. 初音ミク,Original,2021-04-24T00:00:00Z,219,0,0,Finished
329988,青空シューティングスター,"てとてと, 猫又れまの feat. 初音ミク",Original,2021-04-24T00:00:00Z,198,1,3,Finished
372636,さかしまロマネスク,いとよ feat. 可不,Original,2021-12-17T00:00:00Z,159,0,0,Finished
372635,蓼食う虫にも嫌われて,とある思想家の詭弁P feat. 初音ミク,Original,2021-12-17T00:00:00Z,211,0,0,Finished
372634,いつか幸せだったと言って,荒木若干 feat. 初音ミク NT (Unknown),Original,2021-12-17T00:00:00Z,219,0,0,Finished
372632,ユウリ,ichica feat. 可不,Original,2021-12-17T00:00:00Z,138,0,0,Finished
372631,Silent Snow,COBA x5884x feat. 初音ミク,Original,2021-12-17T00:00:00Z,279,0,0,Finished
372630,絶蕩者,混乱ねむり feat. 可不,Original,2021-12-17T00:00:00Z,200,1,3,Finished
372629,暗順応,RIKO feat. GUMI,Original,2021-12-17T00:00:00Z,192,0,0,Finished
372628,アカイイト,ローカスト feat. GUMI,Original,2021-12-17T00:00:00Z,182,0,0,Finished
372627,ドールメイク,nomzombie feat. 初音ミク,Original,2021-12-17T00:00:00Z,182,0,0,Finished
372626,多岐亡羊,涼-Latte- feat. 初音ミク,Original,2021-12-17T00:00:00Z,221,0,0,Finished
844867,Silent Killer,藤倉ほたる,Original,2022-10-01T00:00:00Z,269,0,0,Finished
844866,生命力,藤倉ほたる,Original,2022-10-01T00:00:00Z,282,0,0,Finished
844865,零れない涙,藤倉ほたる,Original,2022-10-01T00:00:00Z,284,0,0,Finished
844864,Coolish Walk,藤倉ほたる,Original,2022-10-01T00:00:00Z,196,0,0,Finished
844863,K2,藤倉ほたる,Original,2022-10-01T00:00:00Z,192,0,0,Finished
844862,The Refrain,藤倉ほたる,Original,2022-10-01T00:00:00Z,283,0,0,Finished
844861,Break Down,藤倉ほたる,Original,2022-10-01T00:00:00Z,169,0,0,Finished
844860,はり裂けそうな衝動,藤倉ほたる,Original,2022-10-01T00:00:00Z,230,0,0,Finished
840912,ACCEL,"ROSACE feat. DEX, Fukase (Normal), Fukase (English)",Original,2022-10-01T00:00:00Z,312,0,0,Finished
794118,ざわめく手拍子,collage-コラージュ- feat. Saki AI,Original,2022-10-01T00:00:00Z,208,0,0,Finished
478171,旧旧トンネル,東京恋慕,Original,2022-12-09T00:00:00Z,1276,0,0,Finished
476937,With my Blood,DragonHound feat. 初音ミク,Original,2022-12-09T00:00:00Z,196,0,2,Finished
476068,LOVERY,しゃんぐろ feat. V3 GUMI (English),Original,2022-12-09T00:00:00Z,114,0,0,Finished
474040,ネガイオチ,0o feat. v flower,Original,2022-12-09T00:00:00Z,245,0,0,Finished
473220,ノーモアルールノーモアダンス,まぬゆ feat. 鏡音リン,Original,2022-12-09T00:00:00Z,208,0,0,Finished
471172,アモネス,take4its feat. 結月ゆかり,Original,2022-12-09T00:00:00Z,225,0,2,Finished
470100,逆さまの未来,かぎしっぽ feat. 初音ミク,Original,2022-12-09T00:00:00Z,227,0,0,Finished
470042,ラストシーン,ヘイマ feat. Fukase (Unknown),Original,2022-12-09T00:00:00Z,278,0,0,Finished
467254,心ノ鐘,riku feat. IA,Original,2022-12-09T00:00:00Z,198,0,0,Finished
466034,Ever After Dreams,Tokyo Elvis feat. SOLARIA,Original,2022-12-09T00:00:00Z,173,0,0,Finished
380493,大寒波,H-Yexpromax feat. 初音ミク,Original,2022-01-14T00:00:00Z,127,0,0,Finished
380040,(=^・^=),肴人 feat. v flower,Original,2022-01-14T00:00:00Z,198,0,0,Finished
379307,飛んだ残響,空蝉アトム feat. 唄音ウタ,Original,2022-01-14T00:00:00Z,91,0,0,Finished
379302,かたはずれ,とつれんず feat. various,Original,2022-01-14T00:00:00Z,276,0,0,Finished
379288,アnチてーｪぜ,Esp feЯ feat. 音街ウナ (Unknown),Original,2022-01-14T00:00:00Z,207,0,0,Finished
379201,はらぺこのうた,ゆずぼ feat. 紲星あかり (蕾),Original,2022-01-14T00:00:00Z,34,0,0,Finished
379093,KANE-KURE-YA,けちゃP feat. 初音ミク,Original,2022-01-14T00:00:00Z,160,0,0,Finished
379051,Ice Cream Shop,"Jason Russia feat. Big AL, MAIKA, KAITO V3 (English)",Original,2022-01-14T00:00:00Z,208,0,0,Finished
378970,昼間眠いの歌,"とびくらげ feat. 唄音ウタ, 雨歌エル",Original,2022-01-14T00:00:00Z,29,3,11,Finished
378945,レミニセント・メモリー,Σ feat. 初音ミク,Original,2022-01-14T00:00:00Z,295,0,0,Finished
902466,从容,Various artists,Original,2022-12-31T00:00:00Z,245,0,0,Finished
898944,大家一起入土吧,有见有鱼没有喻 feat. 洛天依,Original,2022-12-31T00:00:00Z,83,0,0,Finished
898538,Pretty Boy As In,"Bapho-P feat. Arachne, Fuusetsu Mato",Original,2022-12-31T00:00:00Z,158,0,0,Finished
879133,フォーレン,夕立P feat. 花隈千冬,Original,2022-12-31T00:00:00Z,256,0,0,Finished
876243,SHELLY,FukanegiP feat. Fukase (Unknown),Original,2022-12-31T00:00:00Z,118,0,0,Finished
860714,Hold My Hand,Arms Of Justice feat. CYBER DIVA II,Original,2022-12-31T00:00:00Z,269,0,0,Finished
853555,エブリデイあけおめ,Entac feat. various,Original,2022-12-31T00:00:00Z,45,0,2,Finished
838957,The Devil And I,"Luckydog feat. Fukase (English), V3 GUMI (English)",Original,2022-12-31T00:00:00Z,230,0,0,Finished
805392,フレネミー,旅人 feat. 初音ミク,Original,2022-12-31T00:00:00Z,287,0,0,Finished
798281,KAWAISOUNI KAWAISOUNI,Hareiki feat. IA,Original,2022-12-31T00:00:00Z,157,0,0,Finished
725584,迷帆,"TeddyAster, 世羽纤莫 feat. 狐狸座Vul",Original,2022-08-10T00:00:00Z,252,0,2,Finished
719291,寂しんぼ,どらっこ feat. 初音ミク,Original,2022-08-10T00:00:00Z,115,0,0,Finished
702765,音楽を辞めようとしている君へ,ピキ feat. 初音ミク,Original,2022-08-10T00:00:00Z,135,0,0,Finished
702763,crusher,ピキ feat. 初音ミク,Original,2022-08-10T00:00:00Z,112,0,0,Finished
679914,これが僕のくだらない話(わ),【JP】佐藤Sato feat. VY1,Original,2022-08-10T00:00:00Z,127,0,0,Finished
678992,バイバイ、デイドリーマーズ。,ネムノ椿 feat. IA,Original,2022-08-10T00:00:00Z,157,0,0,Finished
628542,すすむよ！ずんだもん,みっちゃんP feat. ずんだもん,Original,2022-08-10T00:00:00Z,199,0,0,Finished
587777,When Androids dream of electric sheep,vero feat. SOLARIA,Original,2022-08-10T00:00:00Z,289,0,0,Finished
542617,still love...,"Heart minor add9 feat. AZUKI, MATCHA",Original,2022-08-10T00:00:00Z,235,0,2,Finished
530161,七月七日夜,"梦幻冰兰, 谢成豪 , 鬼面P feat. 洛天依AI",Original,2022-08-10T00:00:00Z,258,0,0,Finished
402893,にャんでるぴぇ,"ちょこって, 猫田ネコ, るりを feat. 初音ミク",Original,2022-04-22T00:00:00Z,158,1,3,Finished
402891,Evolution,並龍5度 feat. 鏡音レン,Original,2022-04-22T00:00:00Z,211,0,0,Finished
402890,いつかはどこかへ,otohto feat. 鳴花ヒメ,Original,2022-04-22T00:00:00Z,187,0,0,Finished
402888,セントチャイルドプレア,ふわほろ。 feat. 初音ミク,Original,2022-04-22T00:00:00Z,409,1,7,Finished
402885,de f,雫　伊那 feat. 初音ミク,Original,2022-04-22T00:00:00Z,209,0,0,Finished
402850,あーあ。,Mealerrand feat. 鳴花ヒメ,Original,2022-04-22T00:00:00Z,180,1,5,Finished
402848,就活東京,"世界電力 feat. ナクモ, めろう",Original,2022-04-22T00:00:00Z,212,0,0,Finished
402841,カーラネイト・オーソロジー,ヨツバ feat. v flower,Original,2022-04-22T00:00:00Z,238,1,3,Finished
402819,花束に幽霊,ユレリル feat. 初音ミク,Original,2022-04-22T00:00:00Z,290,1,3,Finished
402783,いさな,霄 feat. 水音ラル,Original,2022-04-22T00:00:00Z,332,12,46,Finished
414757,あるべきすがた,ツユリアオカ feat. 初音ミク,Original,2022-06-12T00:00:00Z,313,0,0,Finished
414756,最愛,ナキ / ネイロ feat. 初音ミク,Original,2022-06-12T00:00:00Z,270,0,0,Finished
414750,紙片の星雲,Nasareba. feat. 初音ミク,Original,2022-06-12T00:00:00Z,185,0,2,Finished
414749,謝罪,亜門 feat. 初音ミク,Original,2022-06-12T00:00:00Z,180,0,0,Finished
414748,デインジャー,EYE ROSE feat. v flower,Original,2022-06-12T00:00:00Z,108,0,2,Finished
414747,DEATH MARCH,ビビリ凡太郎 feat. 初音ミク,Original,2022-06-12T00:00:00Z,202,0,0,Finished
414745,帰れる場所はある,ひびきP feat. 初音ミク,Original,2022-06-12T00:00:00Z,265,0,0,Finished
414744,妄言tear up,"ヤレギノ feat. 紲星あかり, 初音ミク",Original,2022-06-12T00:00:00Z,162,0,0,Finished
414743,遡行性螺旋都市,砂乃未時 feat. ゲキヤク,Original,2022-06-12T00:00:00Z,160,1,3,Finished
414742,Re:RAiN,FILTER SYSTEM feat. GUMI,Original,2022-06-12T00:00:00Z,223,0,2,Finished
426421,バブルサイダー,あじさい feat. ゆっくり,Original,2022-07-28T00:00:00Z,212,1,3,Finished
426420,シロナガスシルエット,明唯きつ feat. 歌愛ユキ,Original,2022-07-28T00:00:00Z,155,0,0,Finished
426419,うんこ,"カルラピス feat. 鏡音レン, 鏡音リン",Original,2022-07-28T00:00:00Z,65,0,0,Finished
426418,夏の底,ポロ山 feat. IA,Original,2022-07-28T00:00:00Z,202,1,3,Finished
426416,Diamond,音栖P feat. IA (CeVIO AI),Original,2022-07-28T00:00:00Z,172,0,0,Finished
426415,B.P.M,マイケストラ feat. 初音ミク,Original,2022-07-28T00:00:00Z,210,0,0,Finished
426413,可不ちゃんが英語曲に挑戦するようです,"ピロッシー feat. 可不, SOLARIA",Original,2022-07-28T00:00:00Z,154,0,0,Finished
426411,見上げ花火,リコルド・ペルーシュ feat. 初音ミク,Original,2022-07-28T00:00:00Z,197,0,0,Finished
426410,私は誰でしょう,Unknown producer(s) feat. 知声,Original,2022-07-28T00:00:00Z,182,0,0,Finished
426409,擬態,SAKURAmoti feat. 初音ミク,Original,2022-07-28T00:00:00Z,123,0,0,Finished
451749,ナガレボシ,闇音レンリ,Original,2022-06-25T00:00:00Z,232,0,0,Finished
449251,ミクと不思議なホシ,メガネのひろぴぃ feat. 初音ミク,Original,2022-06-25T00:00:00Z,159,0,2,Finished
442052,Remember Summer,海野淘汰 feat. IA,Original,2022-06-25T00:00:00Z,221,0,0,Finished
436611,Blend,FloP feat. VY1,Original,2022-06-25T00:00:00Z,305,0,0,Finished
435976,The Day That You Smiled At Me.,Magical Maybe feat. 岸晓,Original,2022-06-25T00:00:00Z,174,1,7,Finished
429465,Prismatic ICE,W.A feat. さとうささら,Original,2022-06-25T00:00:00Z,289,0,0,Finished
428969,When the Seagulls Cry,ᴀᴠᴀʟᴏɴ-ᴘ feat. SOLARIA,Original,2022-06-25T00:00:00Z,420,0,0,Draft
428812,春告げ龍,さくらイレブン feat. めろう,Original,2022-06-25T00:00:00Z,99,0,0,Finished
424230,ローズイーター,みずかじゅ feat. 初音ミク,Original,2022-06-25T00:00:00Z,180,0,0,Finished
422672,浴室,418 P feat. WIL,Original,2022-06-25T00:00:00Z,129,0,0,Finished
576936,悲哀者,龜水影光 feat. VY1,Original,2022-05-06T00:00:00Z,55,0,0,Finished
574450,Thoughts on the stars,koukoukou feat. 結月ゆかり,Original,2022-05-06T00:00:00Z,114,0,0,Finished
550623,MΔZE,Compass Cat feat. SeeU (Korean),Original,2022-05-06T00:00:00Z,182,1,3,Finished
540480,息継ぎの途中,Recarna tocco feat. 初音ミク,Original,2022-05-06T00:00:00Z,265,0,0,Finished
511647,黄色い光,MaikeruX feat. 初音ミク,Original,2022-05-06T00:00:00Z,200,0,0,Finished
502343,Little Star,Viopolitan feat. 弦巻マキ AI (English),Original,2022-05-06T00:00:00Z,218,1,3,Finished
497134,Starlit voyage,Sharkirby feat. 星尘Infinity,Original,2022-05-06T00:00:00Z,215,0,0,Finished
494251,Grand Finale,BOYS AGE feat. Synthesizer V (Unknown),Original,2022-05-06T00:00:00Z,159,0,0,Draft
494250,Magic Time,BOYS AGE feat. Synthesizer V (Unknown),Original,2022-05-06T00:00:00Z,234,0,0,Draft
494249,The Bell Tolls For You,BOYS AGE feat. Synthesizer V (Unknown),Original,2022-05-06T00:00:00Z,130,0,0,Draft
443738,回転花火,Hiro氏 feat. 巡音ルカ,Original,2022-10-07T00:00:00Z,146,0,0,Finished
443737,小悪魔ハニー,騒音人 feat. 巡音ルカ,Original,2022-10-07T00:00:00Z,178,0,0,Finished
443736,晩夏の余罪,あげてん feat. 初音ミク,Original,2022-10-07T00:00:00Z,216,0,0,Finished
443735,混沌マスカレイド dedicated to evil flowers,icuteachersband feat. 巡音ルカ,Original,2022-10-07T00:00:00Z,228,0,2,Finished
443734,po2-14,瀬離霊之弐怪 feat. 巡音ルカ V4X (Unknown),Original,2022-10-07T00:00:00Z,116,0,0,Finished
443733,明と暗,セロリ feat. 巡音ルカ,Original,2022-10-07T00:00:00Z,298,0,0,Finished
443732,Make Believe,さとち feat. 巡音ルカ,Original,2022-10-07T00:00:00Z,210,0,2,Finished
443731,カゼサヤカ,幽霊屋敷 feat. 巡音ルカ,Original,2022-10-07T00:00:00Z,314,1,5,Finished
443730,インクベリー,ルシノ feat. 初音ミク,Original,2022-10-07T00:00:00Z,167,3,17,Finished
443729,最後の恋,no-nos feat. 初音ミク,Original,2022-10-07T00:00:00Z,156,0,0,Finished
399990,プライド税,akatsukikyo feat. 可不,Original,2022-04-23T00:00:00Z,221,0,0,Finished
399924,Fractal,DoubleLift feat. 初音ミク,Original,2022-04-23T00:00:00Z,242,0,4,Finished
399923,Heikousen,picco feat. 初音ミク,Original,2022-04-23T00:00:00Z,184,2,16,Finished
399922,Stargazer of Canopy,joinT feat. 初音ミク,Original,2022-04-23T00:00:00Z,252,0,4,Finished
399921,Your Gravity,Reno feat. 初音ミク,Original,2022-04-23T00:00:00Z,176,4,26,Finished
399920,Evergreen,adomiori feat. 初音ミク V4X (Sweet),Original,2022-04-23T00:00:00Z,301,3,21,Finished
399919,Don’t Tell Me A Lie,Osanzi feat. 初音ミク,Original,2022-04-23T00:00:00Z,174,1,9,Finished
399918,Reason,Twinfield feat. 初音ミク,Original,2022-04-23T00:00:00Z,201,6,42,Finished
399917,Windy Day,picco feat. 初音ミク,Original,2022-04-23T00:00:00Z,214,2,16,Finished
399916,Clear Bright,オゾン feat. 初音ミク,Original,2022-04-23T00:00:00Z,179,2,20,Finished
418096,I ma,缘梦心音p feat. 初音ミク,Original,2022-06-27T00:00:00Z,114,0,0,Finished
418094,葉桜,KANAZU feat. 知声,Original,2022-06-27T00:00:00Z,290,1,3,Finished
418090,心悲しも独りし思へば,道端の石 feat. 星界,Original,2022-06-27T00:00:00Z,161,1,3,Finished
418089,邪道,Pablo feat. 可不,Original,2022-06-27T00:00:00Z,231,0,0,Finished
418088,フォーリンフォーリン,PaleRoid feat. 初音ミク,Original,2022-06-27T00:00:00Z,209,0,0,Finished
418087,箱,oniB feat. 弦巻マキ (Unknown),Original,2022-06-27T00:00:00Z,238,0,0,Finished
418086,雨止みを待つ,"Jɨй, Aiorite feat. VOICEPEAK (Unknown)",Original,2022-06-27T00:00:00Z,44,1,3,Finished
418085,紫陽花,Mayoimichi feat. 可不,Original,2022-06-27T00:00:00Z,236,0,0,Finished
417724,Time note,Tarua feat. 初音ミク,Original,2022-06-27T00:00:00Z,81,0,0,Finished
417671,夕立、静寂を聴く,RUHIA feat. 弦巻マキ (Unknown),Original,2022-06-27T00:00:00Z,213,0,0,Finished
394189,カラシニコフ,のるさーP feat. VY1,Original,2022-01-18T00:00:00Z,190,0,0,Finished
392477,讃歌,Nee* feat. 初音ミク,Original,2022-01-18T00:00:00Z,72,0,0,Finished
389100,旅路,琉球海賊団 feat. 初音ミク,Original,2022-01-18T00:00:00Z,247,0,0,Finished
386787,アカリノアリカ,グッキーズ feat. 初音ミク,Original,2022-01-18T00:00:00Z,285,0,0,Finished
382212,ベタな曲,すばたね feat. 初音ミク,Original,2022-01-18T00:00:00Z,61,0,2,Finished
381809,夢幻恒星,"んぞみ feat. 琴葉茜・葵, 鏡音リン",Original,2022-01-18T00:00:00Z,199,0,0,Finished
381805,空とぶ舟,"1968P, 裏白P feat. 初音ミク NT (Unknown)",Original,2022-01-18T00:00:00Z,175,0,0,Finished
381798,レムナント,彼方 遊 feat. さとうささら (CeVIO AI),Original,2022-01-18T00:00:00Z,217,0,0,Finished
381794,マバタキカメラ,みるくここあ feat. さとうささら (CeVIO AI),Original,2022-01-18T00:00:00Z,258,0,0,Finished
381792,そちら側に,ボレン feat. 初音ミク,Original,2022-01-18T00:00:00Z,83,0,0,Finished
583444,Ghost photography,蟲の知らせ feat. 初音ミク,Original,2022-11-20T00:00:00Z,82,0,0,Finished
578078,ﾀﾋんちょく,根ゴ feat. 足立レイ,Original,2022-11-20T00:00:00Z,6,0,2,Finished
571718,夜明けへの祈り,nk feat. 結月ゆかり,Original,2022-11-20T00:00:00Z,346,0,0,Finished
569913,背信のBlade,Motsu feat. 初音ミク,Original,2022-11-20T00:00:00Z,350,0,0,Finished
568642,静寂と心拍,山本いろは feat. 初音ミク,Original,2022-11-20T00:00:00Z,190,0,0,Finished
563886,waruiko,赤狐P feat. 天泣ツネキ,Original,2022-11-20T00:00:00Z,165,2,6,Finished
551639,アルメリア,arcane. feat. No.7,Original,2022-11-20T00:00:00Z,205,0,0,Finished
548696,花のように走る,おさむう feat. 初音ミク,Original,2022-11-20T00:00:00Z,195,0,0,Finished
540093,歯車の夢,つばきちゃ feat. 初音ミク,Original,2022-11-20T00:00:00Z,186,0,0,Finished
535016,11月の雪女,まっこい feat. 可不,Original,2022-11-20T00:00:00Z,126,0,0,Finished
392639,ワーテルトルフズパッション,ChikaTone feat. 初音ミク,Original,2022-03-16T00:00:00Z,259,0,0,Finished
392614,オモイブロック××,遠野 七々 feat. 初音ミク,Original,2022-03-16T00:00:00Z,150,0,0,Finished
392613,メイドのワルツ,オレンジベリークラクション feat. IA (CeVIO AI),Original,2022-03-16T00:00:00Z,110,0,0,Finished
392612,透過,井ナカノセ feat. 知声,Original,2022-03-16T00:00:00Z,176,0,0,Finished
392602,夜の付箋,ムラタシユウ feat. 初音ミク,Original,2022-03-16T00:00:00Z,240,2,6,Finished
391843,コトモーグ,Kuroneko Lounge feat. 琴葉茜・葵,Original,2022-03-16T00:00:00Z,191,1,5,Finished
927222,Mistress of Night,Rukoilijasirkka feat. Eleanor Forte,Original,2022-03-15T00:00:00Z,195,0,0,Finished
754295,ららら2022,こまに feat. 初音ミク V4X (Unknown),Original,2022-03-15T00:00:00Z,94,0,0,Finished
587335,猫！少年剣士,二三 feat. 櫻歌ミコ,Original,2022-03-15T00:00:00Z,113,0,0,Finished
584262,明日へ,ポンコツ星 feat. VY1,Original,2022-03-15T00:00:00Z,388,0,0,Finished
582719,Night Walk,ひゆう feat. IA,Original,2022-03-13T00:00:00Z,302,0,0,Finished
553181,SHIZUME,KNG feat. 鏡音リン,Original,2022-03-13T00:00:00Z,234,0,0,Finished
520331,あはれ、宮中の乱,ルルフィ feat. IA,Original,2022-03-13T00:00:00Z,62,0,0,Finished
481732,マリア,KANヤナ feat. 初音ミク,Original,2022-03-13T00:00:00Z,180,0,0,Finished
481427,川草花,"茜色, CoizuKa feat. 小莫",Original,2022-03-13T00:00:00Z,278,1,3,Finished
476032,ふたひと花,ホトトギス feat. 初音ミク,Original,2022-03-13T00:00:00Z,269,0,0,Finished
475889,はるむかえ,quilt heron feat. めろう,Original,2022-03-13T00:00:00Z,275,0,0,Finished
458438,親愛なる人よ、永遠に,akinori music feat. 東北きりたん,Original,2022-03-13T00:00:00Z,257,0,0,Finished
455833,もごもご,佐々木まさる feat. 初音ミク,Original,2022-03-13T00:00:00Z,25,0,0,Finished
455758,本当の仕事,プラスラピス feat. 蒼姫ラピス,Original,2022-03-13T00:00:00Z,352,0,0,Finished
583232,告不告白,"TK, 哈士奇 feat. 乐正绫",Original,2022-05-14T00:00:00Z,456,0,0,Finished
581224,High Touch,natowaMH feat. 初音ミク,Original,2022-05-14T00:00:00Z,198,0,0,Finished
554965,YUMEKUI,Crepuscolo feat. 初音ミク,Original,2022-05-14T00:00:00Z,166,0,0,Finished
538340,Ocean Sign Language,Pomegranola feat. 初音ミク V4 (English),Original,2022-05-14T00:00:00Z,147,0,0,Finished
533490,後天性ロジック,まどろ feat. 初音ミク,Original,2022-05-14T00:00:00Z,142,0,0,Finished
504218,心羽ばたく,さんしろ feat. 初音ミク,Original,2022-05-14T00:00:00Z,175,0,0,Finished
489393,雨宿,河和孝幸 feat. 初音ミク,Original,2022-05-14T00:00:00Z,65,0,0,Finished
488118,世界的假象,DeRos刘师宇 feat. 洛天依,Original,2022-05-14T00:00:00Z,180,0,0,Finished
486476,彼方,JIN_fans feat. 青溯,Original,2022-05-14T00:00:00Z,254,0,0,Finished
476808,陽炎華　Short Ver.,MAGI feat. 巡音ルカ,Original,2022-05-14T00:00:00Z,71,0,0,Finished
438715,ネバーランド,イバラナ feat. 初音ミク,Original,2022-09-16T00:00:00Z,186,1,3,Finished
438714,マジックアワー,"宮之悟, TNJZP, セブヶ崎詠人 feat. 音街ウナ Spicy",Original,2022-09-16T00:00:00Z,262,1,9,Finished
438711,スーパーノヴァ,r-906 feat. 音街ウナ Spicy,Original,2022-09-16T00:00:00Z,200,34,216,Finished
438710,Ethane,"Mettbowle, 全て時間の所為です。 feat. 三色れいかPalette",Original,2022-09-16T00:00:00Z,290,2,8,Finished
438709,Roy Mitchell Wheat,TracyP feat. KAITO,Original,2022-09-16T00:00:00Z,115,1,3,Finished
438703,えとせとら,花笠てと feat. 巡音ルカ,Original,2022-09-16T00:00:00Z,167,0,2,Finished
438685,Save Me,Headphone Junkie feat. 巡音ルカ V4X (Unknown),Original,2022-09-16T00:00:00Z,192,0,2,Finished
438624,The Rise and Fall of Alina Gray,LambdaP feat. 鏡音リン,Original,2022-09-16T00:00:00Z,103,1,3,Finished
1006115,Out of compatibility,うし feat. 弦巻マキ (Unknown),Original,2022-09-15T00:00:00Z,212,0,0,Finished
967873,i never decided on a title for this song,"GHOST feat. 星尘, Kevin",Original,2022-09-15T00:00:00Z,266,1,5,Finished
1014143,風前の言葉,すす feat. 可不,Original,2022-08-27T00:00:00Z,256,0,0,Finished
1000768,ヒロインは平均以下。,HoneyWorks feat. 湊あくあ,Original,2022-08-27T00:00:00Z,228,0,0,Draft
994827,god’s mistake,StardustLegend feat. Eleanor Forte,Original,2022-08-27T00:00:00Z,5,0,0,Draft
925536,片思いサマーエンド,とまどいココア feat. 可不,Original,2022-08-27T00:00:00Z,283,0,0,Draft
874792,pure,さも feat. 重音テト,Original,2022-08-27T00:00:00Z,290,0,0,Finished
862444,flight,がまくん feat. Fukase (Unknown),Original,2022-08-27T00:00:00Z,122,0,0,Finished
832454,falselove,vai5000 feat. VOCALOID (Unknown),Original,2022-08-27T00:00:00Z,148,0,0,Draft
803365,灼熔鐵路シャヨウ,空き缶 feat. 初音ミク,Original,2022-08-27T00:00:00Z,226,0,0,Finished
803364,八月病,空き缶 feat. 初音ミク,Original,2022-08-27T00:00:00Z,156,0,0,Finished
763064,メカニカルこづち,やすを feat. 知声,Original,2022-08-27T00:00:00Z,154,0,0,Finished
448527,Glide,Qeiru feat. IA,Original,2022-10-15T00:00:00Z,258,2,6,Finished
448307,ぼくら幸福の奴隷になって,探査P feat. 可不,Original,2022-10-15T00:00:00Z,59,0,0,Finished
447797,ハイッ！チーズ,dot_yol feat. 初音ミク,Original,2022-10-15T00:00:00Z,58,0,0,Finished
447463,Anniv-2nd,稲月みかげ feat. 初音ミク,Original,2022-10-15T00:00:00Z,381,0,0,Finished
447271,guilty dogs,Cora feat. 神威がくぽ,Original,2022-10-15T00:00:00Z,286,1,5,Finished
446850,生まれる時代を間違えた,ぜんたろ feat. IA,Original,2022-10-15T00:00:00Z,146,0,0,Finished
446811,感電少女,オトユリ feat. 初音ミク,Original,2022-10-15T00:00:00Z,189,0,2,Finished
446646,君が教えてくれたこと,BALAN feat. 巡音ルカ,Original,2022-10-15T00:00:00Z,221,0,2,Finished
446643,マリオネット,BALAN feat. 巡音ルカ,Original,2022-10-15T00:00:00Z,248,0,2,Finished
446324,pained.,水面湊人 feat. カゼヒキ,Original,2022-10-15T00:00:00Z,118,0,0,Finished
482038,生存競争,Showy feat. 初音ミク,Original,2022-04-23T00:00:00Z,155,0,0,Finished
482024,Uncruelty,RYFND feat. 知声,Original,2022-04-23T00:00:00Z,219,0,0,Finished
482022,Killer,ひろ吉 feat. 初音ミク,Original,2022-04-23T00:00:00Z,160,1,3,Finished
481982,DARADARA HERO‼︎,ISSEi feat. 初音ミク,Original,2022-04-23T00:00:00Z,195,0,0,Finished
481978,青の彩度,しゅんしゅんP feat. 初音ミク,Original,2022-04-23T00:00:00Z,162,0,0,Finished
481973,さよならは四月の蜜柑から香る,明唯きつ feat. 歌愛ユキ,Original,2022-04-23T00:00:00Z,293,0,0,Finished
481972,花曇り,クロベリー feat. 東北きりたん,Original,2022-04-23T00:00:00Z,202,0,0,Finished
481966,100万光年の旅,有栖川楓 feat. 初音ミク,Original,2022-04-23T00:00:00Z,305,0,0,Finished
481957,Liebe love,Geniius feat. 初音ミク,Original,2022-04-23T00:00:00Z,167,0,0,Finished
481951,道,ジューシーたろう feat. GUMI,Original,2022-04-23T00:00:00Z,257,0,0,Finished
661983,目指シタ場所ヘ,なないろ feat. 初音ミク,Original,2022-11-14T00:00:00Z,126,0,0,Finished
659260,Lycoris,七篠 feat. 結月ゆかり,Original,2022-11-14T00:00:00Z,151,0,0,Finished
655638,CRYSTAL SHORES,STOOPIDHED feat. Mai,Original,2022-11-14T00:00:00Z,258,0,0,Draft
613598,ナンセンス･コモンセンス,叶芽 feat. 鏡音リン,Original,2022-11-14T00:00:00Z,228,0,0,Finished
612320,A Better Tomorrow-友からの手紙-,仁乃るちお feat. Saki,Original,2022-11-14T00:00:00Z,104,0,0,Finished
548993,Hell-Bent,OSIKA MUSIC feat. Kevin,Original,2022-11-14T00:00:00Z,205,0,0,Finished
528569,SummFlower,稲月みかげ feat. 初音ミク,Original,2022-11-14T00:00:00Z,131,0,0,Finished
526452,C U Later,"nitze, Sharkirby feat. 洛天依AI",Original,2022-11-14T00:00:00Z,256,0,0,Finished
509334,僕と蜃気楼,遊撃丸＋ feat. 知声,Original,2022-11-14T00:00:00Z,213,1,3,Finished
508382,おっさんのボカロPへの道,へんたいおっさんP feat. 初音ミク,Original,2022-11-14T00:00:00Z,199,0,0,Finished
456119,晩夏、駄声を嗄らす,lonely feat. 初音ミク,Original,2022-11-04T00:00:00Z,223,0,0,Finished
455913,午前０時の憂鬱,"maino feat. 歌愛ユキ, v flower",Original,2022-11-04T00:00:00Z,185,1,7,Finished
455759,コンドル,プラスラピス feat. 蒼姫ラピス,Original,2022-11-04T00:00:00Z,360,0,0,Finished
455757,噓つきの一生,プラスラピス feat. 蒼姫ラピス,Original,2022-11-04T00:00:00Z,216,0,0,Finished
455756,仲根クニシナコ,プラスラピス feat. 蒼姫ラピス,Original,2022-11-04T00:00:00Z,301,0,0,Finished
455342,Down the Road,"舞姫立夏 feat. GUMI, 結月ゆかり",Original,2022-11-04T00:00:00Z,199,0,0,Finished
454567,幻想樹林,poporun feat. 初音ミク,Original,2022-11-04T00:00:00Z,153,0,0,Finished
454371,LET iT BE,オダ feat. 初音ミク,Original,2022-11-04T00:00:00Z,232,0,0,Finished
453947,퇴비쌓기올리기,근주노 feat. UNI,Original,2022-11-04T00:00:00Z,167,0,0,Finished
453938,未来が大変,キムラレス feat. Ken,Original,2022-11-04T00:00:00Z,185,0,0,Finished
433268,Pray,"鴻山静霞 feat. 結月ゆかり, 東北ずん子, 歌愛ユキ",Original,2022-04-09T00:00:00Z,308,0,0,Finished
433250,フィンレス・フィッシュ,平均以下。 feat. 可不,Original,2022-04-09T00:00:00Z,168,0,0,Finished
429660,Shinda,Zetsubou P feat. 初音ミク,Original,2022-04-09T00:00:00Z,190,4,26,Finished
419280,ほっといて,中野ゆの feat. 初音ミク,Original,2022-04-09T00:00:00Z,108,0,0,Finished
418531,ある夏の終わりの朝に,セロリ feat. 初音ミク,Original,2022-04-09T00:00:00Z,221,0,0,Finished
412036,窓の外、薄明り,ともみら feat. 初音ミク,Original,2022-04-09T00:00:00Z,275,0,0,Finished
409257,昼想夜夢,Rubbish feat. 初音ミク,Original,2022-04-09T00:00:00Z,261,0,0,Finished
405546,Marysha,Miroslav Hašlerka feat. ANRI,Original,2022-04-09T00:00:00Z,118,1,5,Finished
405212,仇,花神 零夜 feat. 初音ミク,Original,2022-04-09T00:00:00Z,240,0,0,Finished
403940,ヤバいお薬,びゅるる feat. 初音ミク,Original,2022-04-09T00:00:00Z,181,6,44,Finished
448520,黄金の鳥,藤崎わと feat. 鏡音レン,Original,2022-10-30T00:00:00Z,169,0,0,Finished
448521,Ossidiana－業ノ輝石－,"ウタP feat. 鏡音リン, 鏡音レン",Original,2022-10-30T00:00:00Z,296,1,3,Finished
448519,かげろふの,夜野すてら feat. 鏡音レン,Original,2022-10-30T00:00:00Z,264,1,3,Finished
448518,Mariposa,クロロン feat. 鏡音リン,Original,2022-10-30T00:00:00Z,248,0,0,Finished
448517,Walpurgisnacht,クロロン feat. 鏡音リン,Original,2022-10-30T00:00:00Z,165,0,0,Finished
448516,SALE EL SOL,"きゅおんママ feat. 鏡音リン, 鏡音レン",Original,2022-10-30T00:00:00Z,282,0,0,Finished
448466,room,OTIKA feat. 初音ミク,Original,2022-10-30T00:00:00Z,145,1,5,Finished
448465,ネクロフォリア,OTIKA feat. 初音ミク,Original,2022-10-30T00:00:00Z,217,1,11,Finished
448464,LILIES,OTIKA feat. 初音ミク,Original,2022-10-30T00:00:00Z,182,2,12,Finished
448463,アルカロイド,OTIKA feat. 初音ミク,Original,2022-10-30T00:00:00Z,175,1,5,Finished
399991,LOCK ON!,akatsukikyo feat. IA English (CeVIO AI),Original,2022-02-25T00:00:00Z,174,0,0,Finished
397861,終末世界と永遠のアンドロイド,匣P feat. 初音ミク,Original,2022-02-25T00:00:00Z,151,0,0,Finished
396197,One,雨野ユウ feat. 初音ミク,Original,2022-02-25T00:00:00Z,188,0,0,Finished
395118,Monster Factory,Desuka-P feat. 星尘Infinity,Original,2022-02-25T00:00:00Z,320,2,6,Finished
395110,End of an Era,Desuka-P feat. SOLARIA,Original,2022-02-25T00:00:00Z,225,1,3,Finished
395089,マリオネットガール,エニーベアライト feat. 初音ミク,Original,2022-02-25T00:00:00Z,217,0,0,Finished
391988,ライアーシェイプ,やかとら feat. 鳴花ミコト,Original,2022-02-25T00:00:00Z,219,1,3,Finished
391048,Blue rainy blues,korby feat. MEIKO,Original,2022-02-25T00:00:00Z,199,0,2,Finished
390311,哀、結わく,COBA x5884x feat. 初音ミク,Original,2022-02-25T00:00:00Z,232,0,0,Finished
390243,404 虚 腦 погрешность.,Esp feЯ feat. 音街ウナ (Unknown),Original,2022-02-25T00:00:00Z,251,0,0,Finished
472743,Precious Melody!,StManta feat. V3 GUMI (English),Original,2022-01-22T00:00:00Z,192,0,0,Finished
470186,なしのつぶて,神戸遊人 feat. VY1V4 (Unknown),Original,2022-01-22T00:00:00Z,265,0,0,Finished
468190,ダダダダンスナイト！,"Ryu, Satsuki, 等価交換 feat. 初音ミク",Original,2022-01-22T00:00:00Z,134,0,0,Finished
463080,Medicine,Sylrica feat. Eleanor Forte,Original,2022-01-22T00:00:00Z,213,2,8,Finished
437871,ZERO,maSSam feat. 初音ミク,Original,2022-01-22T00:00:00Z,264,0,0,Finished
429503,真昼の花火,リルケ feat. 可不,Original,2022-01-22T00:00:00Z,185,1,3,Finished
414181,ショーシンビーカー,hayate2 feat. 歌愛ユキ,Original,2022-01-22T00:00:00Z,203,0,0,Finished
413545,愛好家愛好家愛好家愛好家愛好家愛好家,不定積分 ∫dx feat. 愛好家,Original,2022-01-22T00:00:00Z,47,0,0,Finished
410984,円環,鳥鳥山脈 feat. 初音ミク,Original,2022-01-22T00:00:00Z,163,0,0,Finished
404101,バイバイクラガリシンドローム,もぎもぎ feat. v flower,Original,2022-01-22T00:00:00Z,257,0,0,Finished
399534,瓦解,Chqloいも＠ feat. 初音ミク,Original,2022-04-08T00:00:00Z,216,0,0,Finished
399486,KAIKA,創作屋 SOSAKUYA feat. 初音ミク,Original,2022-04-08T00:00:00Z,196,0,0,Finished
399485,夢と君と夕暮れと空と風と未来と翼と,BOSS寅P feat. 初音ミク,Original,2022-04-08T00:00:00Z,208,1,3,Finished
399476,少し、こわれてる,御花屋 feat. 初音ミク,Original,2022-04-08T00:00:00Z,129,1,9,Finished
399221,才能ラビリンス,水月やまと feat. 可不,Original,2022-04-08T00:00:00Z,144,0,0,Finished
399215,Inside the winter,耳川 feat. 可不,Original,2022-04-08T00:00:00Z,253,0,0,Finished
399162,CHANGE,COBA x5884x feat. 初音ミク,Original,2022-04-08T00:00:00Z,185,0,0,Finished
399161,春霞,有馬廻 feat. 鏡音リン V4X (Unknown),Original,2022-04-08T00:00:00Z,212,2,6,Finished
399160,ジグザグフォトフレーム,Mizian feat. 初音ミク,Original,2022-04-08T00:00:00Z,274,0,4,Finished
399148,無物ND,れいらむる feat. 初音ミク,Original,2022-04-08T00:00:00Z,197,1,3,Finished
402410,人類はヒッポリトです。,J・ミラ feat. 初音ミク,Original,2022-04-23T00:00:00Z,144,2,8,Finished
402407,処刑,神狩神楽 feat. 結月ゆかり,Original,2022-04-23T00:00:00Z,213,0,0,Finished
402404,ラブソングでおやすみ,荒木若干 feat. 初音ミク NT (Unknown),Original,2022-04-23T00:00:00Z,192,0,2,Finished
402349,パレとラべ,古明地ジオ feat. 可不,Original,2022-04-23T00:00:00Z,173,0,0,Finished
402347,ラヴァーズエンド,夜夜中 feat. 可不,Original,2022-04-23T00:00:00Z,213,0,2,Finished
402346,センチメンタルだね,ハマダコウキ feat. 可不,Original,2022-04-23T00:00:00Z,243,1,5,Finished
402345,ゲキカラドリンク～お酒は20歳になってから～,"魚井カズキ feat. 音街ウナ (Unknown), 可不",Original,2022-04-23T00:00:00Z,187,0,2,Finished
402316,朝起きなきゃいけないのはなんで？,もろこし feat. 可不,Original,2022-04-23T00:00:00Z,20,0,0,Finished
402315,ハジマリノオト,さタク feat. 可不,Original,2022-04-23T00:00:00Z,187,0,0,Finished
402314,Activate,Tsurenau feat. 可不,Original,2022-04-23T00:00:00Z,247,1,3,Finished
930675,８月のロックンロール,myu feat. 初音ミク,Original,2022-09-03T00:00:00Z,212,0,0,Finished
911768,メイデイ,Ra M feat. 初音ミク,Original,2022-09-03T00:00:00Z,251,0,0,Draft
907848,友達ロンド,美咲柑 feat. 绮萱,Original,2022-09-03T00:00:00Z,251,0,0,Finished
906587,尘生酩酊引,"SuMi_LaVie, Hacker233 feat. 乐正绫",Original,2022-09-03T00:00:00Z,210,0,0,Finished
855773,Infinite_starscape,TqxicFqcility feat. 東北ずん子,Original,2022-09-03T00:00:00Z,156,0,0,Finished
845042,わたしは落ち続ける運命,H-Yexpromax feat. 初音ミク,Original,2022-09-03T00:00:00Z,247,0,0,Finished
837258,The World,Mai M feat. 初音ミク V4 (English),Original,2022-09-03T00:00:00Z,158,0,0,Finished
759417,廃夢,マロンくん feat. 知声,Original,2022-09-03T00:00:00Z,198,0,0,Finished
742862,モノクロ：緑,P.N.朝倉 feat. GUMI,Original,2022-09-03T00:00:00Z,262,0,0,Draft
681812,Beginning,珠木だるま feat. 初音ミク,Original,2022-09-03T00:00:00Z,251,0,0,Finished
785432,Alone,Kasumi P feat. 初音ミク,Original,2022-10-12T00:00:00Z,242,0,0,Finished
764506,shadow ghost,"ive, リュウシ, senri feat. 句六, 初音ミク",Original,2022-10-12T00:00:00Z,166,1,9,Finished
740340,だいたい箱,blanche feat. 初音ミク,Original,2022-10-12T00:00:00Z,204,0,0,Finished
718746,ハロウィーンズ ・ハイ,どらっこ feat. 初音ミク,Original,2022-10-12T00:00:00Z,156,0,0,Finished
638871,モテソン,HOPES NOT FOUND feat. 初音ミク,Original,2022-10-12T00:00:00Z,124,0,0,Finished
638377,ドドド,garuken0011 feat. 可不,Original,2022-10-12T00:00:00Z,180,0,2,Finished
561112,イントロバート,ホシノビタ feat. 初音ミク,Original,2022-10-12T00:00:00Z,164,0,0,Finished
554288,始祖鳥の亡骸,カミネジマP feat. IA,Original,2022-10-12T00:00:00Z,164,0,0,Finished
553599,こころ触れて,IKD-works feat. 初音ミク,Original,2022-10-12T00:00:00Z,208,0,0,Finished
535758,地底湖一人,アザラシ肩甲骨 feat. 初音ミク,Original,2022-10-12T00:00:00Z,123,0,0,Finished
527175,Deep affection,いーすと feat. 初音ミク,Original,2023-08-09T00:00:00Z,183,0,0,Finished
523826,Show TIME!!!,ナメクジ feat. 星界,Original,2023-08-09T00:00:00Z,215,0,0,Finished
523799,アイスたべちゃった、ごめんね。,ヨガマット feat. 初音ミク,Original,2023-08-09T00:00:00Z,280,0,0,Finished
523639,うなぎが食べたくなりました,syunT feat. 唄音ウタ,Original,2023-08-09T00:00:00Z,52,0,0,Finished
523354,無責任信者,ひめまげどーん feat. 重音テト,Original,2023-08-09T00:00:00Z,81,2,6,Finished
522735,關と●針,はるる feat. 唄音ウタ,Original,2023-08-09T00:00:00Z,129,0,0,Finished
522734,U²,はるる feat. 唄音ウタ,Original,2023-08-09T00:00:00Z,114,0,0,Finished
522730,メロンソーダ,莢目 feat. 初音ミク,Original,2023-08-09T00:00:00Z,224,0,0,Finished
522562,約束,Aoba feat. 可不,Original,2023-08-09T00:00:00Z,258,0,0,Finished
522302,Song of Summer,SiMo feat. 初音ミク,Original,2023-08-09T00:00:00Z,132,0,2,Finished
507587,希望の花,"kagiey feat. 東北きりたん, 東北ずん子",Original,2023-03-18T00:00:00Z,277,0,0,Finished
507586,風の中,kagiey feat. 東北きりたん,Original,2023-03-18T00:00:00Z,375,0,0,Finished
507585,Awakening,kagiey feat. 東北きりたん,Original,2023-03-18T00:00:00Z,299,0,0,Finished
507580,シアワセ自動販売機,十六夜 feat. 初音ミク,Original,2023-03-18T00:00:00Z,232,0,0,Finished
507577,淡々と漠,頸椎 feat. 知声,Original,2023-03-18T00:00:00Z,250,1,3,Finished
507567,幾千、風ヲ斬レドモ,killosky feat. 初音ミク,Original,2023-03-18T00:00:00Z,152,0,0,Finished
507552,どうも、夜行性人間です。,堂夏P feat. 初音ミク,Original,2023-03-18T00:00:00Z,76,0,2,Finished
507528,ロマンチック提案,Fugisako feat. 初音ミク,Original,2023-03-18T00:00:00Z,221,0,0,Finished
507518,戦,夢時 feat. AI Megpoid,Original,2023-03-18T00:00:00Z,202,0,0,Finished
507451,青春の恋、泣けるよ、泣いたよ,闇鍋レイラ feat. 東北ずん子,Original,2023-03-18T00:00:00Z,146,0,0,Finished
672158,ダーティーダーティー,てぇれ feat. 裏命,Original,2023-12-15T00:00:00Z,160,0,0,Finished
670107,レベルアップ,らど feat. 初音ミク,Original,2023-12-15T00:00:00Z,176,0,0,Finished
660654,冷たい嘘,"みえなしぎ feat. 小春六花 (Unknown), Mai",Original,2023-12-15T00:00:00Z,229,0,0,Finished
657226,Anthology,"阿亀屋 feat. 初音ミク, v flower",Original,2023-12-15T00:00:00Z,236,0,0,Finished
652814,Hate Me,Novva Skylar feat. 初音ミク V4 (English),Original,2023-12-15T00:00:00Z,166,0,0,Finished
650326,泡色アクアリウム,ピーとな♪ feat. こちぇ,Original,2023-12-15T00:00:00Z,204,0,0,Finished
645816,夏の終わりに,12P feat. 初音ミク,Original,2023-12-15T00:00:00Z,279,0,0,Finished
645535,旅は終わらない！,なもす feat. 夏色花梨,Original,2023-12-15T00:00:00Z,158,0,0,Finished
627501,パラノイア・キャット・アクター,哀の機能 feat. 初音ミク,Original,2023-12-15T00:00:00Z,165,0,0,Finished
625625,Ai,"日下あるか feat. 心華, 松田っぽいよ",Original,2023-12-15T00:00:00Z,235,0,0,Finished
477447,そしたら,じしゃく feat. 暗鳴ニュイ,Original,2023-02-23T00:00:00Z,92,0,0,Finished
477358,奇怪ぽっくりさん,梨本うい feat. 初音ミク,Original,2023-02-23T00:00:00Z,148,8,54,Finished
1003303,明けの滴,猿楽雅 feat. 旭音エマ,Original,2023-02-22T00:00:00Z,275,0,0,Finished
999347,花を向ける,片隅 feat. Mai,Original,2023-02-22T00:00:00Z,240,0,0,Finished
986612,Inconspicuous ordinary × ~ 目立たない普通,アザラシ肩甲骨 feat. 初音ミク,Original,2023-02-22T00:00:00Z,254,0,0,Finished
981498,トラフィックライト,ん feat. 初音ミク,Original,2023-02-22T00:00:00Z,160,0,0,Finished
958737,反芻,御子柴弥凛 feat. 星界,Original,2023-02-22T00:00:00Z,152,0,0,Finished
907212,40,勘田メ feat. Unknown vocal synth(s),Original,2023-02-22T00:00:00Z,141,0,0,Finished
724516,蹌踉めく飛行機,Dr.マカロニ feat. v flower,Original,2023-02-22T00:00:00Z,199,0,0,Finished
707500,てるてる少女のてる子さん（Short ver.）,nowism feat. 初音ミク,Original,2023-02-22T00:00:00Z,104,0,0,Finished
494817,ショコラ,Mass feat. 琴葉茜,Original,2023-04-25T00:00:00Z,168,0,4,Finished
494801,Mother,堕堕異灰児 feat. 白鐘ヒヨリ,Original,2023-04-25T00:00:00Z,255,3,11,Finished
494788,ダメージファッション,ぼーろ feat. 狐子,Original,2023-04-25T00:00:00Z,161,1,5,Finished
494787,√ ユーフォビア,"pizuya, Pizuya's Cell feat. 初音ミク",Original,2023-04-25T00:00:00Z,181,1,3,Finished
494786,まけおしみ体操第一,馬車馬カエデ feat. 琴葉茜・葵,Original,2023-04-25T00:00:00Z,223,5,21,Finished
494764,通り雨,のーふ feat. 巡音ルカ,Original,2023-04-25T00:00:00Z,335,0,0,Finished
494743,Douglas Thomas Jacobson,TracyP feat. KAITO,Original,2023-04-25T00:00:00Z,116,1,3,Finished
494734,穹,Cielo feat. 初音ミク,Original,2023-04-25T00:00:00Z,174,1,5,Finished
494733,鯨彗星,ふゆP feat. 巡音ルカ,Original,2023-04-25T00:00:00Z,159,3,19,Finished
494732,狂愛,kmrno feat. 巡音ルカ,Original,2023-04-25T00:00:00Z,175,0,0,Finished
472871,Daytale,"Santa OJ feat. Saki AI, 花隈千冬",Original,2023-01-22T00:00:00Z,88,0,0,Finished
472499,生きてる,ひらぎ feat. 裏命,Original,2023-01-22T00:00:00Z,248,0,0,Finished
472498,三角先生に会ってきた,"故やす子, Elitetao feat. 結月ゆかり",Original,2023-01-22T00:00:00Z,241,0,0,Finished
472484,同じ空の下で,まつからん feat. 花隈千冬,Original,2023-01-22T00:00:00Z,179,0,0,Finished
472371,ただいま,フルナギネヲ feat. 初音ミク,Original,2023-01-22T00:00:00Z,74,0,0,Finished
472132,Monochrome Burning,ven_ feat. AI Megpoid,Original,2023-01-22T00:00:00Z,173,0,0,Finished
472129,短夜を数え眠る,楠根中央飯店 feat. AI Megpoid,Original,2023-01-22T00:00:00Z,234,0,0,Finished
472089,Full of Fantasy,森 鉄九 feat. AI Megpoid,Original,2023-01-22T00:00:00Z,212,0,2,Finished
472042,異世界転生がしたい,ジャージ佐藤 feat. AI Megpoid,Original,2023-01-22T00:00:00Z,300,0,0,Finished
471939,さあ行こう,Soruto feat. 鏡音レン,Original,2023-01-22T00:00:00Z,186,3,11,Finished
557440,I See It Rising,Ano-P feat. ASTERIAN,Original,2023-11-03T00:00:00Z,209,0,0,Finished
557209,生きてほしいんだ,ぐーすかぽー feat. 初音ミク,Original,2023-11-03T00:00:00Z,234,0,0,Finished
555744,無我夢中ビーフシチュー,二月くるま feat. 重音テト,Original,2023-11-03T00:00:00Z,76,0,0,Finished
554008,幽霊列車,"大槻メトロ, 7toKi feat. 飴唄ニレチ, 飴唄にぽ",Original,2023-11-03T00:00:00Z,204,0,0,Finished
553693,Both in the same world.,からふと☆シシャモ feat. 初音ミク,Original,2023-11-03T00:00:00Z,166,0,0,Finished
553690,星天の霹靂,"Banmeshi feat. 初音ミク, IA",Original,2023-11-03T00:00:00Z,272,0,0,Finished
552118,獣,hitsugi feat. 初音ミク,Original,2023-11-03T00:00:00Z,221,0,0,Finished
551442,It always comes back,Cabro Artico feat. 初音ミク,Original,2023-11-03T00:00:00Z,232,0,2,Finished
550977,Mi Prisión,Mifiro Music feat. ASTERIAN,Original,2023-11-03T00:00:00Z,327,0,2,Finished
549959,エーエスピー,PEEETH feat. 初音ミク,Original,2023-11-03T00:00:00Z,44,0,0,Finished
526130,夢と隣,Colorful Stories feat. 初音ミク,Original,2023-08-31T00:00:00Z,183,0,0,Finished
526129,ちょこっと,ねむり feat. 初音ミク,Original,2023-08-31T00:00:00Z,243,0,0,Finished
526128,ブルーアパタイト,Shuwa4U0 feat. 初音ミク,Original,2023-08-31T00:00:00Z,218,0,0,Finished
526127,未来へ,"Aa, 89MO feat. 初音ミク",Original,2023-08-31T00:00:00Z,164,0,0,Finished
526126,グランドリープ,wiLu feat. 初音ミク,Original,2023-08-31T00:00:00Z,201,0,0,Finished
526125,誰も知らなかった私,あいすばー feat. 初音ミク,Original,2023-08-31T00:00:00Z,227,0,0,Finished
526123,花咲く夜,riga feat. 初音ミク,Original,2023-08-31T00:00:00Z,242,0,0,Finished
526122,39 for 39,MA-Yoi feat. 初音ミク,Original,2023-08-31T00:00:00Z,235,1,5,Finished
526120,マジカル・プロローグ,くるみつは feat. 初音ミク,Original,2023-08-31T00:00:00Z,237,0,0,Finished
526119,いんとろ,ぴい feat. 初音ミク,Original,2023-08-31T00:00:00Z,47,0,0,Finished
502225,わたしはガラクタ,riku feat. IA,Original,2023-05-19T00:00:00Z,194,0,0,Finished
501990,彷徨人魚,Moa feat. IA,Original,2023-05-19T00:00:00Z,265,0,0,Finished
501903,ねこぽにー,Nogica feat. 初音ミク,Original,2023-05-19T00:00:00Z,172,0,0,Finished
501854,イライザの絶望,如月ましろ feat. 裏命,Original,2023-05-19T00:00:00Z,162,0,0,Finished
501848,星,"也寸志, 風吹けば日曜日 feat. ついなちゃん (Unknown)",Original,2023-05-19T00:00:00Z,279,0,0,Finished
501836,クリーミーナアイスヲヒトツ,hamburger808 feat. 初音ミク,Original,2023-05-19T00:00:00Z,212,0,0,Finished
501702,with a wish,TREGLASS feat. IA (CeVIO AI),Original,2023-05-19T00:00:00Z,205,0,0,Finished
501676,ding-dong!,"宮守文学, MIDInco feat. various",Original,2023-05-19T00:00:00Z,155,0,2,Finished
501622,ミラーレイン,siruba feat. 初音ミク,Original,2023-05-19T00:00:00Z,177,0,0,Finished
501451,颱,シルレニカ feat. 可不,Original,2023-05-19T00:00:00Z,193,0,2,Finished
541497,えらいこっちゃや,スドーゴージ feat. 重音テトSV,Original,2023-10-15T00:00:00Z,68,0,0,Finished
541442,催花雨,セキナ feat. 初音ミク,Original,2023-10-15T00:00:00Z,201,0,0,Finished
540513,海に降る雪,マラカス＠宮城 feat. WhiteCUL,Original,2023-10-15T00:00:00Z,96,0,0,Finished
540374,えにぐまちゃん,こみってる。 feat. 初音ミク,Original,2023-10-15T00:00:00Z,154,0,0,Finished
539211,ロンリープリンセス,ヒルネ feat. 初音ミク,Original,2023-10-15T00:00:00Z,124,0,0,Finished
538575,かもね。,そなれ。 feat. 音街ウナ (Unknown),Original,2023-10-15T00:00:00Z,171,0,0,Finished
538178,コーネイオン,ものくろ feat. 初音ミク,Original,2023-10-15T00:00:00Z,208,0,4,Finished
538075,IS LOVE OVER?,水無月6号 feat. 初音ミク,Original,2023-10-15T00:00:00Z,136,0,2,Finished
537913,クレイモア,"但馬國守, kankan, Neutaker feat. 初音ミク",Original,2023-10-15T00:00:00Z,203,0,0,Finished
537732,ガチ陰キャw,桶屋 feat. 初音ミク,Original,2023-10-15T00:00:00Z,115,0,0,Finished
570830,花売りの少女,田淵フミ feat. OИE,Original,2023-12-23T00:00:00Z,200,0,2,Finished
570829,ゲンチアナ,LonePi feat. 花隈千冬,Original,2023-12-23T00:00:00Z,269,50,264,Approved
570827,月兎の涙に溺れて,いちごのせP feat. 心華 V4 日本語版 (Unknown),Original,2023-12-23T00:00:00Z,281,0,2,Finished
570826,シンデレラストーリー（仮）,月 feat. 重音テト,Original,2023-12-23T00:00:00Z,214,0,4,Finished
570681,前世の話,Kosho feat. 初音ミク,Original,2023-12-23T00:00:00Z,165,0,0,Finished
570644,Shall We Cream？,PoppinNight feat. Ci flower,Original,2023-12-23T00:00:00Z,215,0,0,Finished
570637,クリスマスデイ,ゆきだるま feat. 花隈千冬,Original,2023-12-23T00:00:00Z,326,0,0,Finished
570481,トレジャー！,"パトリチェフ, レキ feat. 鏡音リン, 鏡音レン",Original,2023-12-23T00:00:00Z,114,0,2,Finished
570361,Dream,moment feat. 結月ゆかり,Original,2023-12-23T00:00:00Z,344,0,2,Finished
570354,52hz,夜さりにささめく feat. 初音ミク,Original,2023-12-23T00:00:00Z,163,0,0,Finished
474722,too much information,ナノチャート feat. 蒼姫ラピス,Original,2023-01-02T00:00:00Z,179,0,0,Finished
474721,月長石,ナノチャート feat. 蒼姫ラピス,Original,2023-01-02T00:00:00Z,223,0,0,Finished
472563,DIMENSION3,する feat. 初音ミク,Original,2023-01-02T00:00:00Z,212,0,0,Finished
472388,小さな水たまり,フルナギネヲ feat. 初音ミク,Original,2023-01-02T00:00:00Z,84,0,0,Finished
471962,Nerine,Escha. feat. 初音ミク,Original,2023-01-02T00:00:00Z,146,2,6,Finished
471216,梅切り,tmym feat. MEIKO,Original,2023-01-02T00:00:00Z,188,0,0,Finished
470876,メルトダウン,クニシゲカナト feat. 初音ミク,Original,2023-01-02T00:00:00Z,31,0,0,Finished
470628,シーネ,黒川詞楽 feat. 初音ミク,Original,2023-01-02T00:00:00Z,120,0,0,Finished
469440,teiru,アカヨウチュウ feat. 弦巻マキ (Unknown),Original,2023-01-02T00:00:00Z,252,0,0,Finished
467528,Apocalypse,P0P feat. 初音ミク,Original,2023-01-02T00:00:00Z,225,1,3,Finished
539439,(SOS),渋井ライム feat. Mai,Original,2023-10-21T00:00:00Z,188,0,0,Finished
539438,秋の風の中で,"たけのこ, KentaLoid feat. VY1",Original,2023-10-21T00:00:00Z,197,0,0,Finished
539437,ミサンガ,kazutoto feat. 小春六花 (Unknown),Original,2023-10-21T00:00:00Z,118,0,0,Finished
539426,Exoplanetus,"dama feat. めろう, 重音テトSV",Original,2023-10-21T00:00:00Z,182,0,0,Finished
539425,17のフォトグラフ,きたゆうれい feat. 初音ミク,Original,2023-10-21T00:00:00Z,168,1,5,Finished
539423,つよいひと,あざらて feat. 可不,Original,2023-10-21T00:00:00Z,146,0,0,Finished
539422,ナハリヒト,ホッケの干物 feat. 花隈千冬,Original,2023-10-21T00:00:00Z,187,0,0,Finished
539421,ミジンコとアポロン,collee milk feat. 重音テトSV,Original,2023-10-21T00:00:00Z,119,0,0,Finished
539420,Seeker,しらす feat. 夏色花梨,Original,2023-10-21T00:00:00Z,233,0,0,Finished
539419,New World,oneway feat. 初音ミク,Original,2023-10-21T00:00:00Z,233,0,0,Finished
619480,待望少女,ミズガメ feat. 初音ミク,Original,2023-07-01T00:00:00Z,215,0,0,Finished
612624,秘密を抱えて,もちこ feat. SF-A2 開発コード miki,Original,2023-07-01T00:00:00Z,222,0,0,Finished
611719,ハエタタキケイザイスイイキ,hayate2 feat. VY1,Original,2023-07-01T00:00:00Z,92,0,0,Finished
607978,ゴースト,ダンベルカーニョ feat. 初音ミク,Original,2023-07-01T00:00:00Z,81,0,0,Finished
607723,パラレルワールド世界大戦,ロビン・ヘモグロ feat. メルリ,Original,2023-07-01T00:00:00Z,252,0,0,Finished
604849,エビが消えた,キール feat. 重音テトSV,Original,2023-07-01T00:00:00Z,204,0,0,Finished
599635,月亮的价格是九镑十五便士,飞不快的灰鸟 feat. 洛天依AI,Original,2023-07-01T00:00:00Z,292,0,0,Finished
585954,情景フラッシュバック,yamato feat. Mai,Original,2023-07-01T00:00:00Z,244,0,0,Finished
582385,懐かしいJ-POPのように,poporun feat. 初音ミク,Original,2023-07-01T00:00:00Z,173,0,0,Finished
567475,虚栄_躯_後悔,全てこれらの所為です。 feat. 唄音ウタ,Original,2023-07-01T00:00:00Z,340,0,0,Finished
512029,夢の欠片,おぱみな feat. 星界,Original,2023-07-07T00:00:00Z,202,0,0,Finished
512022,milky way,"懐猫 feat. 初音ミク, VY1",Original,2023-07-07T00:00:00Z,375,0,0,Finished
511986,就活体験記,NIMONO feat. 歌愛ユキ,Original,2023-07-07T00:00:00Z,206,0,0,Finished
511939,Chapter I,せ。 feat. 猫村いろは V4 (Unknown),Original,2023-07-07T00:00:00Z,152,0,4,Finished
511938,青天を穿つ,白河くま feat. Mai,Original,2023-07-07T00:00:00Z,215,0,0,Finished
511937,もーにんぐこーる,"shiel, ちょむ feat. 夏色花梨, 花隈千冬",Original,2023-07-07T00:00:00Z,238,0,0,Finished
511936,ぴぽっと★ゆにばーす,ねぇねぇぼうや feat. #kzn,Original,2023-07-07T00:00:00Z,161,0,0,Finished
511935,フェクター,"mairu feat. 初音ミク, v flower",Original,2023-07-07T00:00:00Z,192,0,0,Finished
511934,泣いていいんだよ,tsumugi feat. 初音ミク,Original,2023-07-07T00:00:00Z,86,0,0,Finished
511933,パレード,toluc feat. 重音テトSV,Original,2023-07-07T00:00:00Z,162,0,0,Finished
505235,星彩スターライト,ひよくり〜む feat. 音街ウナ (Unknown),Original,2023-06-09T00:00:00Z,217,0,0,Finished
505234,2択しかないの！,フレブラー feat. 音街ウナ (Unknown),Original,2023-06-09T00:00:00Z,200,0,0,Finished
505225,つづく,ニシメ feat. 可不,Original,2023-06-09T00:00:00Z,144,0,0,Finished
505223,トリプルボギー,soromon advance feat. 初音ミク,Original,2023-06-09T00:00:00Z,255,0,2,Finished
505217,ネオン・ライト・ダンス,＊-Teris. feat. #kzn,Original,2023-06-09T00:00:00Z,253,0,4,Finished
505214,わるい狐憑きいるわ,はかめ feat. 狐子,Original,2023-06-09T00:00:00Z,60,0,0,Finished
505212,ハツコイキセキ,夜雨悠 feat. 初音ミク,Original,2023-06-09T00:00:00Z,227,0,0,Finished
505211,境界線,シロクマ消しゴム feat. 初音ミク,Original,2023-06-09T00:00:00Z,167,1,7,Finished
505210,ヘビーノイジーハート,プレコ feat. 知声,Original,2023-06-09T00:00:00Z,215,0,0,Finished
505209,STAR LIGHT,COCOLO* feat. 可不,Original,2023-06-09T00:00:00Z,219,1,3,Finished
545652,Sunday Fly,"Keriko Kick, TSoudai feat. 可不",Original,2023-11-02T00:00:00Z,224,1,3,Finished
545651,アンドロイドは夢を見ない,"すー feat. 足立レイ, 初音ミク",Original,2023-11-02T00:00:00Z,285,0,0,Finished
545650,byebye,385 feat. GUMI,Original,2023-11-02T00:00:00Z,215,0,0,Finished
545649,タイムマシンに揺られて,kijima feat. 重音テト,Original,2023-11-02T00:00:00Z,296,0,0,Finished
545648,そこに痺れる憧れる,yuha feat. 知声,Original,2023-11-02T00:00:00Z,115,0,0,Finished
545647,大湖沼の幽霊船,Unknown producer(s) feat. 鏡音リン,Original,2023-11-02T00:00:00Z,189,0,0,Finished
545646,旅の終わりは未だ来ず。,三門ミズキ feat. 初音ミク,Original,2023-11-02T00:00:00Z,185,0,0,Finished
545645,差出人不名の花束,YuMeP feat. 初音ミク,Original,2023-11-02T00:00:00Z,166,0,0,Finished
545644,ソラシドールのマフィン,伊月せと feat. 鏡音リン,Original,2023-11-02T00:00:00Z,141,0,0,Finished
545643,椋鳥の向く檻,帝政ロットマン feat. 重音テト,Original,2023-11-02T00:00:00Z,168,0,0,Finished
511427,星に願えない,音羽なずなVT feat. 初音ミク,Original,2023-07-02T00:00:00Z,155,0,0,Finished
511418,はいからさんと書生さん,七帆一 feat. 可不,Original,2023-07-02T00:00:00Z,222,0,0,Finished
511411,ただ,Homare feat. 歌愛ユキ,Original,2023-07-02T00:00:00Z,231,0,0,Finished
511410,MetaBirth,Various artists,Original,2023-07-02T00:00:00Z,249,0,0,Finished
511392,Candor,◈*ゆくえわっと feat. 健音テイ,Original,2023-07-02T00:00:00Z,172,1,7,Finished
511391,ウィンターチェリー,Sig feat. 知声,Original,2023-07-02T00:00:00Z,224,0,2,Finished
511388,サイレンナイト,"ノイ feat. 鏡音リン, 初音ミク",Original,2023-07-02T00:00:00Z,193,1,3,Finished
511383,逆位相,グラスエイト feat. GUMI,Original,2023-07-02T00:00:00Z,212,0,0,Finished
511382,赤い春,夜抒 feat. 名前シレズ,Original,2023-07-02T00:00:00Z,69,1,3,Finished
511057,Psychedelic Symphony of Absurdity,ZILTY feat. NATA (Alter/Ego),Original,2023-07-02T00:00:00Z,129,1,7,Finished
532750,カルぺディエム,Enami Jun feat. 初音ミク,Original,2023-09-29T00:00:00Z,204,0,0,Finished
532749,怪人ヒーロー,ゆんすけ feat. 初音ミク,Original,2023-09-29T00:00:00Z,157,1,3,Finished
532738,涙が教えてくれたから,だいえっとちゅうP feat. Rana,Original,2023-09-29T00:00:00Z,259,0,2,Finished
532735,NEO,"じん, 胡虎あくび feat. 初音ミク",Original,2023-09-29T00:00:00Z,182,24,164,Finished
532655,記念日は金曜日,"arctan_P feat. さとうささら (CeVIO AI), すずきつづみ (CeVIO AI)",Original,2023-09-29T00:00:00Z,213,0,0,Finished
532654,けぶるけむる,Spacelectro feat. 符色,Original,2023-09-29T00:00:00Z,234,5,37,Finished
532636,その日々は祝祭のように,m-sode feat. すずきつづみ,Original,2023-09-29T00:00:00Z,174,0,0,Finished
532618,サクラミチ,TKG feat. 初音ミク,Original,2023-09-29T00:00:00Z,190,0,0,Finished
532615,晴れ舞台,"あもま feat. さとうささら (CeVIO AI), すずきつづみ (CeVIO AI)",Original,2023-09-29T00:00:00Z,285,0,0,Finished
532614,Instinct,サンペイタツロウ feat. 初音ミク,Original,2023-09-29T00:00:00Z,255,0,2,Finished
543822,Being a Star,GLI feat. Yuma,Original,2023-11-02T00:00:00Z,141,0,2,Finished
543821,白影,ユンフェ feat. ナクモ,Original,2023-11-02T00:00:00Z,188,0,0,Finished
543820,ラグランジュ,micchi feat. 初音ミク,Original,2023-11-02T00:00:00Z,126,0,0,Finished
543819,超GRANDMA,MASSI.V.E feat. GUMI,Original,2023-11-02T00:00:00Z,228,0,0,Finished
543818,命懲DIE,ぺんたっぴー feat. 初音ミク,Original,2023-11-02T00:00:00Z,172,0,0,Finished
543817,ワールズエンド・パーティーナイト,Natus feat. 闇音レンリ (Unknown),Original,2023-11-02T00:00:00Z,137,0,0,Finished
543816,月場,ままま feat. GUMI,Original,2023-11-02T00:00:00Z,197,0,2,Finished
543815,1 3 th 神,Unknown producer(s) feat. Saki AI,Original,2023-11-02T00:00:00Z,170,0,0,Finished
543814,アイコニック,T-J feat. 初音ミク,Original,2023-11-02T00:00:00Z,135,0,0,Finished
543813,∄ Ascension ∄,"sepiarecorders, 新日本開発機構 feat. 洛天依",Original,2023-11-02T00:00:00Z,240,2,6,Finished
527807,耽溺,yumel feat. 結月ゆかり,Original,2023-09-06T00:00:00Z,146,0,4,Finished
527806,コイノウタ,やまふぁあ feat. 可不,Original,2023-09-06T00:00:00Z,106,0,0,Finished
527805,赤い電車,篠田ツキ feat. 初音ミク,Original,2023-09-06T00:00:00Z,224,0,0,Finished
527804,ターコイズサイダー,あざらて feat. 可不,Original,2023-09-06T00:00:00Z,138,0,0,Finished
527803,Pink Illness,N●ile feat. 初音ミク,Original,2023-09-06T00:00:00Z,138,0,0,Finished
527802,掌底,さもP feat. 弦巻マキ AI (Japanese),Original,2023-09-06T00:00:00Z,216,0,0,Finished
527801,ペイメント,"くらむて feat. 知声, 初音ミク",Original,2023-09-06T00:00:00Z,289,0,0,Finished
527800,Felt,suiboku product feat. 重音テト,Original,2023-09-06T00:00:00Z,351,0,0,Finished
527799,NETTAIYA,ねりあん feat. 初音ミク,Original,2023-09-06T00:00:00Z,84,0,0,Finished
527798,ミスマッチ,K.ヒスノイズ feat. 裏命,Original,2023-09-06T00:00:00Z,119,0,0,Finished
497361,黎明戦記,べふ じぇっく feat. 初音ミク,Original,2023-04-18T00:00:00Z,233,0,0,Finished
496229,エールフォア！,ままぃ feat. 初音ミク,Original,2023-04-18T00:00:00Z,61,0,0,Finished
496228,二人,めじろ feat. 初音ミク,Original,2023-04-18T00:00:00Z,180,0,0,Finished
496004,ロジハラ,いったん☆メンゴ feat. 重音テト,Original,2023-04-18T00:00:00Z,177,0,0,Finished
495889,アンサーソング,おときり feat. 初音ミク,Original,2023-04-18T00:00:00Z,219,2,6,Finished
495790,リベレェションキィホォル,mia feat. 結月ゆかり,Original,2023-04-18T00:00:00Z,306,1,3,Finished
495663,張り子,きょうか feat. 鏡音リン,Original,2023-04-18T00:00:00Z,94,0,0,Finished
495065,far away  ～切り裂いた夜～,Tatsu_P feat. 初音ミク,Original,2023-04-18T00:00:00Z,134,0,0,Finished
494140,メルカトル,kawahaze feat. 初音ミク,Original,2023-04-18T00:00:00Z,215,0,0,Finished
493588,Horizon,"YuA, Rio, Kenny Larson feat. 初音ミク",Original,2023-04-18T00:00:00Z,182,1,3,Finished
622375,su色un,"Aポエット feat. 重音テト, 唄音ウタ",Original,2023-04-21T00:00:00Z,248,0,0,Finished
621814,付諸冬雨,"Young Hu, Akina Recordings feat. 艾可",Original,2023-04-21T00:00:00Z,211,2,8,Finished
579576,抱きしめたい,にゃんでぃーぬ feat. 東北きりたん,Original,2023-04-21T00:00:00Z,259,0,0,Finished
564573,Find My Feeling,Nyacktas feat. 知声,Original,2023-04-21T00:00:00Z,179,0,2,Finished
563236,Welcome to Planet Dahlia,JiruaZ feat. 初音ミク,Original,2023-04-21T00:00:00Z,87,0,2,Finished
560225,展翅板の上で,探査P feat. 可不,Original,2023-04-21T00:00:00Z,47,0,0,Finished
558480,A Hasty Lullaby,horsedisposal feat. Microsoft Sam,Original,2023-04-21T00:00:00Z,217,5,17,Finished
554948,新生活,麦生あひる feat. 鏡音レン,Original,2023-04-21T00:00:00Z,218,0,0,Finished
554528,一夏,能無し feat. 初音ミク,Original,2023-04-21T00:00:00Z,214,0,0,Finished
554120,憂虞犯,バニラ feat. 初音ミク,Original,2023-04-21T00:00:00Z,209,0,0,Finished
496625,すれ違いスクウォーク,"ゆきまる, inori  feat. 狐子",Original,2023-05-03T00:00:00Z,159,0,0,Finished
496624,愛してLonely,アイム ユウ feat. 音街ウナ (Unknown),Original,2023-05-03T00:00:00Z,243,1,3,Finished
496622,テセウスの船,つる feat. 知声,Original,2023-05-03T00:00:00Z,126,3,9,Finished
496608,末期少女,砂音ケイ feat. 初音ミク,Original,2023-05-03T00:00:00Z,162,1,5,Finished
496604,BAD,プレコ feat. 知声,Original,2023-05-03T00:00:00Z,194,5,25,Finished
496600,とっておき,Keriko Kick feat. 可不,Original,2023-05-03T00:00:00Z,152,0,0,Finished
496594,収束,kohe feat. 初音ミク,Original,2023-05-03T00:00:00Z,186,0,0,Finished
496591,春の星,Jairo feat. Ryo,Original,2023-05-03T00:00:00Z,265,0,0,Finished
496590,偽の花は嘘で咲く,あぷLiZこっと feat. 初音ミク,Original,2023-05-03T00:00:00Z,177,2,6,Finished
496589,蛹,シオザキミナト feat. 初音ミク,Original,2023-05-03T00:00:00Z,227,1,3,Finished
769970,永白のセカイ,ななめ feat. 初音ミク,Original,2023-03-19T00:00:00Z,259,0,0,Finished
769969,絵図は汚れた,tsumugi feat. 初音ミク,Original,2023-03-19T00:00:00Z,106,0,0,Finished
769968,キャトラブ,"Rikuto feat. 初音ミク, 鏡音レン",Original,2023-03-19T00:00:00Z,183,0,0,Finished
769967,あの街,rainy feat. 初音ミク,Original,2023-03-19T00:00:00Z,215,0,0,Finished
769966,ノルデンスカム・ハーメルン,我ｲﾛ樹 feat. 初音ミク,Original,2023-03-19T00:00:00Z,107,0,0,Finished
769965,金環日食の輪の中に,アルテマ鳥っP feat. 初音ミク,Original,2023-03-19T00:00:00Z,224,0,0,Finished
769964,トライアンフ,ざきみー feat. 初音ミク,Original,2023-03-19T00:00:00Z,175,0,0,Finished
769963,うろん,汐海りん feat. 初音ミク,Original,2023-03-19T00:00:00Z,150,0,0,Finished
769962,アラクネ,帰朱 feat. 初音ミク,Original,2023-03-19T00:00:00Z,150,0,0,Finished
769958,劇場的人生世界,脳味噌くん feat. 初音ミク,Original,2023-03-19T00:00:00Z,250,0,0,Finished
525523,イワカン,こらぜ feat. 初音ミク,Original,2023-08-07T00:00:00Z,225,0,0,Finished
525297,新幹線でひたすら席蹴られるリンちゃん,ゆかてふP feat. 鏡音リン,Original,2023-08-07T00:00:00Z,124,6,46,Finished
525296,ノスタルメロディー,POPFACES feat. 知声,Original,2023-08-07T00:00:00Z,216,0,2,Finished
525291,MOGAITE,KuttaraNeru feat. 可不,Original,2023-08-07T00:00:00Z,109,0,0,Finished
524715,ボカコレという魔境,"ざれごと feat. 初音ミク, 小春六花 (VOICEPEAK)",Original,2023-08-07T00:00:00Z,87,0,0,Finished
524593,ミらi,ぶちゃぱてぃ feat. 初音ミク,Original,2023-08-07T00:00:00Z,134,0,2,Finished
524592,玉手箱,グースカP feat. 初音ミク,Original,2023-08-07T00:00:00Z,145,0,0,Finished
524590,半熟DTaMer,兄むしょく feat. 初音ミク,Original,2023-08-07T00:00:00Z,210,0,0,Finished
523805,いつから？,Lilvylory feat. 鏡音レン,Original,2023-08-07T00:00:00Z,160,0,0,Finished
523791,夢の彼方,"福市基, 水中シャンゼリゼ feat. 夏色花梨",Original,2023-08-07T00:00:00Z,180,0,0,Finished
532593,メテオ,うどんタイマーP feat. 初音ミク,Original,2023-09-29T00:00:00Z,255,1,3,Finished
532589,ミッドナイトシークレットベース,"柊弥。, 吉田ヨシユキ feat. 可不, 初音ミク",Original,2023-09-29T00:00:00Z,229,0,0,Finished
532587,油蝉が鳴いていた,たくしP feat. 重音テトSV,Original,2023-09-29T00:00:00Z,189,1,5,Finished
532586,ジル・オー・ランタン,レディーメロウ feat. v flower,Original,2023-09-29T00:00:00Z,126,2,18,Finished
532572,No Time,P0P feat. 初音ミク,Original,2023-09-29T00:00:00Z,210,0,0,Finished
532557,人生ゲームサポート課,"いときち feat. 氷山キヨテル V4 Rock, MEIKO",Original,2023-09-29T00:00:00Z,276,2,8,Finished
532532,グッバイ・ロンリー,めろくる feat. 鏡音リン V4X (Sweet),Original,2023-09-29T00:00:00Z,208,6,46,Finished
532530,シロツメクサの結い花,"あぽろ, びび, ラテルネ feat. 初音ミク",Original,2023-09-29T00:00:00Z,272,1,7,Finished
532529,夜明けのファンファーレ,市瀬るぽ feat. various,Original,2023-09-29T00:00:00Z,228,3,25,Finished
532528,ジブンEmotions,"ニワノワニ feat. 巡音ルカ V4X (Unknown), KAITO V3 (Unknown)",Original,2023-09-29T00:00:00Z,161,0,0,Finished
590611,アイソレーション,Elitetao feat. Po-uta,Original,2023-09-06T00:00:00Z,202,0,0,Finished
589670,のーねーむ,"okinai feat. Nea, Neo, Pieris",Original,2023-09-06T00:00:00Z,71,0,0,Finished
580466,うっすら,"hisa5 feat. 翡山梓, 唄音ウタ",Original,2023-09-06T00:00:00Z,136,0,0,Finished
568822,Luminaria,KumaÍka feat. 花隈千冬,Original,2023-09-06T00:00:00Z,256,0,2,Finished
559496,World’s END Dream,YuA feat. 初音ミク,Original,2023-09-06T00:00:00Z,194,0,0,Finished
558830,PEACE of DREAM,TABEAT feat. 初音ミク,Original,2023-09-06T00:00:00Z,132,0,0,Finished
556802,雨音,DTMer つみれ feat. 花隈千冬,Original,2023-09-06T00:00:00Z,230,0,0,Finished
553651,There's No Joy Like,Bapho-P feat. SOLARIA,Original,2023-09-06T00:00:00Z,172,0,0,Finished
548420,ミラクル,RAMUNE_lab feat. 鏡音リン,Original,2023-09-06T00:00:00Z,282,0,0,Finished
541112,天邪鬼,時間泥棒 feat. 花隈千冬,Original,2023-09-06T00:00:00Z,65,0,0,Finished
536776,不自由昇華,Gyaw studio feat. 歌愛ユキ,Original,2023-08-03T00:00:00Z,218,0,0,Finished
536600,雪観夏,黒ツグミ feat. 初音ミク,Original,2023-08-03T00:00:00Z,178,0,0,Finished
536367,お祭り前夜,Ⅳ△Ⅴ feat. KAITO,Original,2023-08-03T00:00:00Z,261,0,0,Finished
536247,Instant,Roca feat. 初音ミク,Original,2023-08-03T00:00:00Z,289,0,0,Finished
534963,モアメム,ゆぽり feat. 歌愛ユキ,Original,2023-08-03T00:00:00Z,222,0,0,Finished
534356,フォーレン・イン・ザ・ライ,しぐまこ feat. 初音ミク,Original,2023-08-03T00:00:00Z,230,0,0,Finished
531948,花と手紙,まつり feat. IA,Original,2023-08-03T00:00:00Z,103,0,0,Finished
531232,逸一时，误一世,菜市场霸主 feat. 洛天依AI,Original,2023-08-03T00:00:00Z,174,0,0,Finished
528233,洛尘,洛雨尘风L feat. 洛天依AI,Original,2023-08-03T00:00:00Z,215,0,2,Finished
527997,夢物語,秋山 feat. 結月ゆかり,Original,2023-08-03T00:00:00Z,257,0,0,Finished
641736,Bear Nipples,Zonnne feat. SOLARIA,Original,2023-10-15T00:00:00Z,209,0,0,Finished
640804,届かない距離,深い feat. 知声,Original,2023-10-15T00:00:00Z,232,0,0,Finished
633018,In the Mineshaft's Shade,Epic Miku feat. 重音テトSV,Original,2023-10-15T00:00:00Z,29,0,0,Finished
627163,恋する睡蓮,烏有 feat. 可不,Original,2023-10-15T00:00:00Z,281,1,3,Finished
626537,抱きしめられたら,makk feat. Mai,Original,2023-10-15T00:00:00Z,258,0,0,Finished
626528,彼女の憂鬱,makk feat. Saki,Original,2023-10-15T00:00:00Z,275,0,0,Finished
622322,m座em,"Aポエット feat. 重音テト, 唄音ウタ",Original,2023-10-15T00:00:00Z,248,0,0,Finished
622129,​,VVV feat. 初音ミク,Original,2023-10-15T00:00:00Z,121,0,0,Finished
614255,꿈_뿐인_재회_.,"zer0h feat. SeeU (Korean), UNI",Original,2023-10-15T00:00:00Z,211,0,0,Finished
607726,夜明けのうた,ロビン・ヘモグロ feat. メルリ,Original,2023-10-15T00:00:00Z,102,0,0,Finished
479169,海盐柠七,"莫皖, 地精 feat. 东方栀子Era",Original,2023-01-21T00:00:00Z,172,2,6,Finished
479022,世界の再生,Flowstreak feat. 初音ミク,Original,2023-01-21T00:00:00Z,532,0,0,Finished
478995,ハンドメイド・マカロン,miマカロン feat. various,Original,2023-01-21T00:00:00Z,226,0,0,Finished
478015,REVEL IN OBSCENITY,mechanical feat. V3 GUMI (English),Original,2023-01-21T00:00:00Z,153,1,3,Finished
476539,スケルトン,AROH feat. 初音ミク,Original,2023-01-21T00:00:00Z,149,0,0,Finished
475246,nurumayu,しとしと feat. 初音ミク,Original,2023-01-21T00:00:00Z,226,0,0,Finished
474646,新春时刻Singing！,"奶油不油腻, 糯米のミ feat. various",Original,2023-01-21T00:00:00Z,194,0,0,Finished
473671,Potassium dideuterium phosphate,"Mettbowle, 全て時間の所為です。 feat. 三色れいかPalette",Original,2023-01-21T00:00:00Z,222,1,3,Finished
472889,ヨイサガシ,"SAIJI, D_CLACX feat. さとうささら (CeVIO AI)",Original,2023-01-21T00:00:00Z,103,0,0,Finished
472888,ゆうまぐれ,Santa OJ feat. 花隈千冬,Original,2023-01-21T00:00:00Z,118,0,0,Finished
543812,拝啓、透明人間の君へ,無能うつり feat. 可不,Original,2023-11-02T00:00:00Z,151,0,0,Finished
775775,セミがベランダにやってきた,たちばな feat. 琴葉茜・葵,Original,2024-08-07T00:00:00Z,42,0,0,Finished
774993,七夕と北極星,cruM feat. 初音ミク,Original,2024-08-07T00:00:00Z,213,0,0,Finished
772361,波打ち際のキャンバス,孟夏 feat. 初音ミク,Original,2024-08-07T00:00:00Z,269,0,0,Finished
770413,紅と花,椎名残花 feat. 初音ミク,Original,2024-08-07T00:00:00Z,180,0,0,Finished
770153,エアコンの下でボカロック!!,リミトP feat. 初音ミク NT (Unknown),Original,2024-08-07T00:00:00Z,162,0,0,Draft
766535,ダラダラダラダ,はかいしんまんどらごらたろう feat. 重音テトSV,Original,2024-08-07T00:00:00Z,200,0,0,Finished
766341,アテナ,たっかんP feat. 初音ミク,Original,2024-08-07T00:00:00Z,233,0,0,Finished
763019,嘘つき,まるる feat. 重音テトSV,Original,2024-08-07T00:00:00Z,183,0,0,Finished
758342,Maze,犬走神威 feat. 可不,Original,2024-08-07T00:00:00Z,166,0,0,Finished
749846,ボンボヤージュ,いっぴきのまぐろ feat. 双葉湊音,Original,2024-08-07T00:00:00Z,227,0,0,Finished
647304,拓帕的歌,迈莱赫 feat. 诗岸,Original,2024-07-05T00:00:00Z,185,0,0,Finished
647095,蛀光,Kolaa feat. 言和,Original,2024-07-05T00:00:00Z,157,0,2,Finished
647015,daughter,TONE feat. Eleanor Forte,Original,2024-07-05T00:00:00Z,172,1,7,Finished
646884,爆発ココロ,リゼ feat. v flower,Original,2024-07-05T00:00:00Z,213,0,4,Finished
646883,アイマイルストーン,爆走ヴェネツィア feat. 音街ウナ (Unknown),Original,2024-07-05T00:00:00Z,142,0,0,Finished
646787,すーぱーちゃいながーる,なぞめいた feat. 初音ミク,Original,2024-07-05T00:00:00Z,129,0,2,Finished
646786,脳悩,アルウ feat. 初音ミク,Original,2024-07-05T00:00:00Z,192,0,0,Finished
646785,花よ舞え,たま feat. 初音ミク,Original,2024-07-05T00:00:00Z,293,0,0,Finished
646783,生きたかった,メテオ feat. 可不,Original,2024-07-05T00:00:00Z,260,0,0,Finished
646782,熱接吻症,"桶本ガク, 春海瑞希 feat. 歌愛ユキ, v flower",Original,2024-07-05T00:00:00Z,162,1,3,Finished
763896,擺盪,Taisuei feat. 青溯,Original,2024-08-24T00:00:00Z,230,0,0,Finished
759746,Noxonus,翠靑 feat. 星界,Original,2024-08-24T00:00:00Z,182,0,0,Finished
746238,終わりが来るまでは,ひかりよう feat. 初音ミク,Original,2024-08-24T00:00:00Z,200,0,0,Finished
739334,ピューバティック・ノート,LonePi feat. 重音テトSV,Original,2024-08-24T00:00:00Z,261,0,6,Finished
737760,プリペアー,KEIXENRI feat. 初音ミク,Original,2024-08-24T00:00:00Z,157,0,0,Finished
729662,遥か青に轍,すっぱいとまと feat. 初音ミク,Original,2024-08-24T00:00:00Z,226,0,0,Finished
721291,四人家族,ウォリル feat. 初音ミク,Original,2024-08-24T00:00:00Z,134,0,0,Finished
717729,合理的ブレイク,Boo feat. 花隈千冬,Original,2024-08-24T00:00:00Z,175,0,0,Finished
714926,ポジティブが誘ってくる,Agartha BGM feat. POPY,Original,2024-08-24T00:00:00Z,160,0,0,Finished
714243,ハローグッバイ,せーらん feat. 蒼姫ラピス,Original,2024-08-24T00:00:00Z,240,0,0,Finished
680960,アンプラグドシノプシス,Martha feat. 初音ミク,Original,2024-09-29T00:00:00Z,165,0,0,Finished
680954,re;tell,re;xephyrinth feat. 初音ミク,Original,2024-09-29T00:00:00Z,178,0,0,Finished
680952,私の作曲過程,Lunar_fish feat. 初音ミク,Original,2024-09-29T00:00:00Z,299,0,0,Finished
680942,溶ける,みるくてぃー feat. 鏡音レン,Original,2024-09-29T00:00:00Z,142,0,0,Finished
680936,To the clouds,Lunar_fish feat. 初音ミク,Original,2024-09-29T00:00:00Z,216,0,0,Finished
680931,とんちぼ,耀子 feat. フリモメン,Original,2024-09-29T00:00:00Z,165,0,0,Finished
680930,ウツセミ,森下うたた feat. フリモメン,Original,2024-09-29T00:00:00Z,226,0,2,Finished
680919,セイレーン,"nyanyannya feat. Ayame, Yuma",Original,2024-09-29T00:00:00Z,217,2,16,Finished
680917,"Goodbye, World",meru feat. 初音ミク,Original,2024-09-29T00:00:00Z,265,2,8,Finished
680913,No. 999,"Venethïan Music, Atelier Lïvellue feat. 鏡音リン",Original,2024-09-29T00:00:00Z,180,0,0,Finished
661142,あんころヌン活カニカレー,暘 弥涼 feat. AVANNA,Original,2024-06-20T00:00:00Z,240,0,0,Finished
661025,添乗員レンの出発挨拶,ムラサメ feat. 鏡音レン,Original,2024-06-20T00:00:00Z,89,0,0,Finished
661004,Bon Voyage！,Az feat. 初音ミク,Original,2024-06-20T00:00:00Z,37,0,0,Finished
658923,Sing Song Long Alone,黒柘榴 feat. 初音ミク,Original,2024-06-20T00:00:00Z,211,0,0,Finished
653565,思い出の渚 ONE MORE,774P feat. 初音ミク,Original,2024-06-20T00:00:00Z,90,0,0,Finished
653396,ようこそミライへ!!,Shiropon feat. 初音ミク,Original,2024-06-20T00:00:00Z,85,0,0,Finished
651741,サラウンド,Nia feat. 初音ミク,Original,2024-06-20T00:00:00Z,156,0,0,Finished
650588,人事尽くし万事休す窮鼠猫を嚙むの如し,"kazumi♂ feat. No.7, ナクモ",Original,2024-06-20T00:00:00Z,193,0,0,Finished
650572,ナイトフィリア,明雨 feat. 初音ミク,Original,2024-06-20T00:00:00Z,87,0,0,Finished
650558,成幸,awaimono feat. 初音ミク,Original,2024-06-20T00:00:00Z,252,2,6,Finished
900120,Flurries,羽世鈴 feat. 初音ミク,Original,2024-01-19T00:00:00Z,128,0,0,Finished
888633,道端のシャムロック,MiKaDo feat. 小春六花 (Unknown),Original,2024-01-19T00:00:00Z,158,0,0,Finished
884915,恰逢恋雨,王牌p feat. 诗岸,Original,2024-01-19T00:00:00Z,200,0,0,Finished
878211,イマジナリー,加賀ノ藤 feat. Ayame,Original,2024-01-19T00:00:00Z,207,0,0,Finished
876074,踊る凡人,neon feat. Fukase (Normal),Original,2024-01-19T00:00:00Z,116,0,0,Finished
875991,Makes Life a Drug,たけ feat. さとうささら,Original,2024-01-19T00:00:00Z,335,0,0,Finished
859117,机上の青色,かく feat. 鏡音リン,Original,2024-01-19T00:00:00Z,163,0,0,Finished
853571,暖冬、雪花与你的梦,"李子 feat. 诗岸, 星尘Infinity",Original,2024-01-19T00:00:00Z,126,0,0,Finished
845182,スペースコープ,TASSY feat. 初音ミク,Original,2024-01-19T00:00:00Z,154,0,0,Finished
810092,狸兔座,"MiDiCat, 秋铃Qrin, 陌生来访 feat. 诗岸",Original,2024-01-19T00:00:00Z,324,0,0,Finished
615379,滲んで、日々,イダ feat. 初音ミク,Original,2024-02-24T00:00:00Z,116,0,0,Finished
614261,あっちこっち,ザビャン feat. 重音テトSV,Original,2024-02-24T00:00:00Z,116,0,0,Finished
614258,春風,ぶかうっど feat. 初音ミク,Original,2024-02-24T00:00:00Z,184,0,0,Finished
614206,Doll,"佐野ヒカル feat. Mai, 小春六花 (Unknown)",Original,2024-02-24T00:00:00Z,189,0,0,Finished
613594,世界,"槃清, 世羽纤莫 feat. 苍穹",Original,2024-02-24T00:00:00Z,263,0,2,Finished
613131,少女必衰,Nuz feat. 初音ミク,Original,2024-02-24T00:00:00Z,230,0,2,Finished
611862,クレジット,プリュ feat. ROSE,Original,2024-02-24T00:00:00Z,168,4,14,Finished
610278,骨,庭の川 feat. 初音ミク,Original,2024-02-24T00:00:00Z,146,1,3,Finished
610250,さきのばシークエンス,黒澤まどか feat. 初音ミク,Original,2024-02-24T00:00:00Z,126,0,2,Finished
609910,鑢,外1 feat. 紅鏡緋色,Original,2024-02-24T00:00:00Z,223,0,0,Finished
578267,あの恋愛は大失敗だった,ハルキ feat. 初音ミク,Original,2024-01-13T00:00:00Z,110,0,0,Finished
577659,白雪姫は眠れない,堂夏P feat. 重音テト,Original,2024-01-13T00:00:00Z,180,0,0,Finished
577351,ホットサンド,sunaga feat. 初音ミク,Original,2024-01-13T00:00:00Z,54,0,0,Finished
577305,こころ,スラヲ feat. #kzn,Original,2024-01-13T00:00:00Z,201,0,0,Finished
577298,Enlightenment,SHU CheapForge feat. Ninezero,Original,2024-01-13T00:00:00Z,144,0,0,Finished
577295,庭師の詩,ゆきムーブ feat. 花隈千冬,Original,2024-01-13T00:00:00Z,195,0,0,Finished
577294,Redemption,shokomo feat. 初音ミク,Original,2024-01-13T00:00:00Z,211,0,0,Finished
577291,カテコールアミン,カトルっち feat. 初音ミク,Original,2024-01-13T00:00:00Z,123,0,0,Finished
577289,カトル準備体操第一,カトルっち feat. 初音ミク,Original,2024-01-13T00:00:00Z,107,0,0,Finished
577283,とある手記,"秋羽カロ feat. 結月ゆかり 麗, 結月ゆかり",Original,2024-01-13T00:00:00Z,239,0,0,Finished
597669,草なんよw,ワタナベ四段 feat. 初音ミク,Original,2024-03-06T00:00:00Z,157,0,0,Finished
597516,穏やかで居たいから,Asarima feat. A00#color,Original,2024-03-06T00:00:00Z,210,0,0,Finished
597396,TELL MYSELF,HYPNOPOSSUM feat. SAROS,Original,2024-03-06T00:00:00Z,160,2,10,Finished
597277,おほしさまがいえること,よもうわべ feat. 唄音ウタ,Original,2024-03-06T00:00:00Z,148,3,9,Finished
597274,Myself,月 feat. 唄音ウタ,Original,2024-03-06T00:00:00Z,170,0,0,Finished
597248,ミカ,ニク feat. IA,Original,2024-03-06T00:00:00Z,200,0,0,Finished
597234,ERROR,NIZ feat. 星界,Original,2024-03-06T00:00:00Z,88,0,0,Finished
597209,spiral,TONE feat. SF-A2 開発コード miki,Original,2024-03-06T00:00:00Z,119,4,18,Finished
597208,ライバル,gen feat. Synthesizer V AI Megpoid,Original,2024-03-06T00:00:00Z,206,0,0,Finished
597207,星の道しるべ,est feat. Synthesizer V AI Megpoid,Original,2024-03-06T00:00:00Z,263,1,3,Finished
668117,白銀,全て遊戯の所為です。 feat. 唄音ウタ,Original,2024-08-30T00:00:00Z,288,1,3,Finished
668116,the truth has many faces,Du Du Danyon feat. various,Original,2024-08-30T00:00:00Z,354,0,0,Finished
668113,ツインのテール,真島ゆろ feat. 初音ミク,Original,2024-08-30T00:00:00Z,219,7,29,Finished
668112,だれだからだ,zer0h feat. 可不,Original,2024-08-30T00:00:00Z,202,0,2,Finished
668111,ショック,zer0h feat. v flower,Original,2024-08-30T00:00:00Z,209,0,0,Finished
668110,주저,zer0h feat. SeeU (Korean),Original,2024-08-30T00:00:00Z,143,0,0,Finished
668109,でんしのうみ,大漠波新 feat. 初音ミク,Original,2024-08-30T00:00:00Z,219,1,19,Finished
668108,8×(3+0)=24,"EX3 feat. SeeU (Korean), UNI",Original,2024-08-30T00:00:00Z,114,0,0,Finished
668084,TECH_ME_H1GHER,Shu feat. 巡音ルカ V4X (Hard),Original,2024-08-30T00:00:00Z,163,1,9,Finished
668063,promise,おてんばゆずP feat. 巡音ルカ,Original,2024-08-30T00:00:00Z,292,0,0,Finished
799844,アペアレントリ,ゆうれい3 feat. 可不,Original,2024-11-25T00:00:00Z,68,0,0,Finished
791041,寒空,goriasu feat. 初音ミク,Original,2024-11-25T00:00:00Z,184,0,0,Finished
782187,どうでもいっか！,よしだ feat. 可不,Original,2024-11-25T00:00:00Z,167,0,0,Finished
777909,曖昧コンパス,HONOKA feat. 花隈千冬,Original,2024-11-25T00:00:00Z,141,0,0,Finished
760965,愛情過剰摂取,ゆっぴーにゅ feat. 重音テト,Original,2024-11-25T00:00:00Z,222,0,0,Finished
753739,Stelle glitter,転生しぐま445P feat. 初音ミク,Original,2024-11-25T00:00:00Z,213,0,0,Finished
740194,波風予報,HIDAKA feat. 鏡音リン,Original,2024-11-25T00:00:00Z,213,0,0,Finished
726950,勇者リン,星空ないと feat. 鏡音リン,Original,2024-11-25T00:00:00Z,134,0,0,Finished
725323,最後まで,時野 天音 feat. 闇音レンリ,Original,2024-11-25T00:00:00Z,60,0,0,Finished
724142,live my life,オリガメwithすずらん feat. Synthesizer V AI 花響琴,Original,2024-11-25T00:00:00Z,103,0,0,Finished
929768,Vanity_of_Vanities,Shun Miyazaki feat. ROSE,Original,2024-10-11T00:00:00Z,195,0,0,Finished
928279,タペータム,揺蕩 大脳子 feat. 可不,Original,2024-10-11T00:00:00Z,257,0,0,Finished
913370,どく,"Sun Fuji feat. 羽累, 可不",Original,2024-10-11T00:00:00Z,156,0,0,Finished
911475,Blue eyes,KOOTA feat. GUMI,Original,2024-10-11T00:00:00Z,71,0,0,Finished
893691,Knight's Dream,미노우 랜드 feat. UNI,Original,2024-10-11T00:00:00Z,324,0,2,Finished
892755,鬱期の歌,7toKi feat. 初音ミク,Original,2024-10-11T00:00:00Z,63,0,0,Finished
892754,寝かせてクレメンス,7toKi feat. 初音ミク,Original,2024-10-11T00:00:00Z,33,0,0,Finished
892753,我らにヤニを吸わせろ高校校歌,7toKi feat. 初音ミク,Original,2024-10-11T00:00:00Z,114,0,0,Finished
889342,Power Of Love,"legata feat. 花隈千冬, 初音ミク",Original,2024-10-11T00:00:00Z,226,0,0,Finished
874972,空掴み,"指パッチン教, エンコード失敗 feat. 重音テト",Original,2024-10-11T00:00:00Z,217,0,0,Finished
585776,a白to,"Aポエット feat. 重音テト, 唄音ウタ",Original,2024-02-11T00:00:00Z,199,0,0,Finished
585700,僕にできること,ばたふらいぴー feat. 初音ミク,Original,2024-02-11T00:00:00Z,76,0,0,Finished
585696,Minor,無垢 feat. 歌愛ユキ,Original,2024-02-11T00:00:00Z,193,0,0,Finished
585694,劣等品性,小欝U feat. 歌愛ユキ,Original,2024-02-11T00:00:00Z,216,0,0,Finished
585625,Find,agrooveP feat. 花隈千冬,Original,2024-02-11T00:00:00Z,223,0,0,Finished
585608,Danger,Kenta Johansson feat. SAROS,Original,2024-02-11T00:00:00Z,255,0,0,Finished
585556,✦✦,全て星空の所為です。 feat. 唄音ウタ,Original,2024-02-11T00:00:00Z,284,0,0,Finished
585269,音の呼吸,"Yuukun.L.S feat. 京町セイカ (Unknown), 桜乃そら",Original,2024-02-11T00:00:00Z,226,0,0,Finished
585233,Out of the blue,kota feat. 初音ミク,Original,2024-02-11T00:00:00Z,265,0,0,Finished
585232,花粉症と君,momonokuni2023 feat. 初音ミク,Original,2024-02-11T00:00:00Z,80,0,0,Finished
648430,大人になり。。。,森沢 裕次郎 feat. 初音ミク,Original,2024-05-29T00:00:00Z,120,0,0,Finished
645566,斎種[proto],全てまどろみの所為です。 feat. 唄音ウタ,Original,2024-05-29T00:00:00Z,81,0,0,Finished
644493,言葉,めりろ feat. IA,Original,2024-05-29T00:00:00Z,369,0,0,Finished
643042,Bliss,Dewdroppe feat. ROSE,Original,2024-05-29T00:00:00Z,181,0,4,Finished
643040,おつかれさまでした,7toKi feat. 初音ミク,Original,2024-05-29T00:00:00Z,189,0,0,Finished
642518,イエローモンキー,Milky Milky feat. 歌愛ユキ,Original,2024-05-29T00:00:00Z,269,0,6,Finished
640975,私あなたと友達にはなれないけど,チキンコス feat. 初音ミク,Original,2024-05-29T00:00:00Z,199,0,0,Finished
639502,ここだけの私,にーぬま feat. 重音テト,Original,2024-05-29T00:00:00Z,166,0,2,Finished
637214,レゾネイト,るきおうか feat. 初音ミク,Original,2024-05-29T00:00:00Z,220,1,3,Finished
636664,てんき予報士,"Hissenn P feat. 鏡音リン, 鏡音レン",Original,2024-05-29T00:00:00Z,193,0,2,Finished
736454,空中戦,スタンルジー feat. Ayame,Original,2024-12-31T00:00:00Z,236,1,3,Finished
736353,白昼夢,よ。 feat. 唄音ウタ,Original,2024-12-31T00:00:00Z,186,1,3,Finished
736351,もう、いっか(proto),よ。 feat. 唄音ウタ,Original,2024-12-31T00:00:00Z,55,1,3,Finished
734915,ファンアートをあなたへ,東條チカ feat. 初音ミク,Original,2024-12-31T00:00:00Z,297,0,0,Finished
734425,Roku,堀川ひとみ feat. ジャスパー,Original,2024-12-31T00:00:00Z,143,0,0,Draft
734033,常盤,ユシナ feat. 初音ミク Append (Dark),Original,2024-12-31T00:00:00Z,151,0,0,Finished
733892,Without You,ドリフターキャットP feat. 若詠喪太 (DiffSinger),Original,2024-12-31T00:00:00Z,242,0,0,Finished
733374,立冬の話,のどか feat. 初音ミク,Original,2024-12-31T00:00:00Z,144,0,0,Finished
730708,stargazing,天井 feat. 初音ミク,Original,2024-12-31T00:00:00Z,189,0,0,Finished
730701,針と宝石,ノツキ feat. 初音ミク,Original,2024-12-31T00:00:00Z,142,0,0,Finished
687326,ハロウィンの夜,いけだたかゆき feat. 初音ミク,Original,2024-10-11T00:00:00Z,249,0,0,Finished
687105,残暑感想文,はるな。 feat. 歌愛ユキ,Original,2024-10-11T00:00:00Z,148,0,2,Finished
687096,あけーでぃあ,kinun feat. 初音ミク,Original,2024-10-11T00:00:00Z,107,0,0,Finished
686598,こびこびこびと,レゴレゴレ feat. 巡音ルカ,Original,2024-10-11T00:00:00Z,60,0,0,Finished
686542,Beside the Point,雨部冷キザミ feat. 宮舞モカ,Original,2024-10-11T00:00:00Z,170,0,0,Finished
686536,堤防での釣りデートの話,T. N. feat. 宮舞モカ,Original,2024-10-11T00:00:00Z,265,0,0,Finished
686526,手錠,ろくすっぽ feat. 初音ミク,Original,2024-10-11T00:00:00Z,164,0,0,Finished
686512,反復横跳び,ふぇんるり feat. 初音ミク,Original,2024-10-11T00:00:00Z,115,0,0,Finished
686477,ライズユートルドトゥデイ,乃伊二音 feat. 重音テトSV,Original,2024-10-11T00:00:00Z,243,2,10,Finished
686468,Mt.ムリッ,三毛P feat. 初音ミク,Original,2024-10-11T00:00:00Z,120,1,3,Finished
791147,恋するメロディ,goriasu feat. 初音ミク,Original,2024-02-28T00:00:00Z,175,0,0,Finished
779120,いびる・でびるねいしょん,藤さん feat. 琴葉茜・葵,Original,2024-02-28T00:00:00Z,54,0,0,Finished
773357,歌で、わかれを告げる,みずは feat. 初音ミク,Original,2024-02-28T00:00:00Z,283,0,0,Finished
766643,うるう日 ,ふらーら feat. IA,Original,2024-02-28T00:00:00Z,112,0,0,Finished
756525,ペシミスティック・ヘルス,mikuha feat. 初音ミク,Original,2024-02-28T00:00:00Z,181,0,0,Finished
747345,乱反射,なおみし feat. 重音テトSV,Original,2024-02-28T00:00:00Z,252,0,2,Finished
724593,フランクリン遠征の悲劇,Dr.マカロニ feat. v flower,Original,2024-02-28T00:00:00Z,234,0,0,Finished
708972,Sublime,"Unknown producer(s), Emvoice feat. Thomas",Original,2024-02-28T00:00:00Z,93,0,0,Draft
686214,闇夜,U-Ray feat. GUMI,Original,2024-02-28T00:00:00Z,125,0,0,Draft
686212,灰色の國,U-Ray,Original,2024-02-28T00:00:00Z,0,0,0,Draft
822155,Dark Moon,overwelcome feat. NYL,Original,2024-10-12T00:00:00Z,224,0,0,Finished
814081,夏が散らばって,あてらざわ feat. 重音テトSV,Original,2024-10-12T00:00:00Z,157,0,0,Finished
804344,孤addiction,旅人 feat. 初音ミク,Original,2024-10-12T00:00:00Z,104,0,0,Finished
803941,learning to grow,vai5000 feat. VOCALOID (Unknown),Original,2024-10-12T00:00:00Z,235,0,0,Finished
803307,木偶奇郁记,"迁梦狸, 老碎p feat. 洛天依",Original,2024-10-12T00:00:00Z,225,0,0,Finished
803017,八月の憂心霊,ほうぼお feat. 鏡音レン,Original,2024-10-12T00:00:00Z,209,0,0,Finished
797515,「么」,乍仝盒个 feat. ゆっくり,Original,2024-10-12T00:00:00Z,124,0,0,Finished
790641,Focus,浅葱 feat. 初音ミク,Original,2024-10-12T00:00:00Z,194,0,0,Finished
782414,Carat,Rascal feat. Natalie,Original,2024-10-12T00:00:00Z,131,0,2,Finished
775445,白紙の地図,謎に嫌われた世界 feat. 鳴花ミコト,Original,2024-10-12T00:00:00Z,262,0,0,Finished
825359,少々数,とぼそ feat. 初音ミク,Original,2024-09-21T00:00:00Z,220,1,3,Finished
819715,achromatic,385 feat. MAYU,Original,2024-09-21T00:00:00Z,214,0,0,Finished
818274,消えて,no name feat. Mai,Original,2024-09-21T00:00:00Z,177,0,0,Finished
817159,アリス・イン・セメタリー,笹原 feat. VY1,Original,2024-09-21T00:00:00Z,204,0,0,Finished
812052,Nerissa's Waltz,AE Music feat. SOLARIA,Original,2024-09-21T00:00:00Z,304,0,2,Finished
805264,キンモクセイと狂おしい秋,daidarobot feat. 初音ミク,Original,2024-09-21T00:00:00Z,291,0,0,Finished
803847,就让他这样,绵绵狼 feat. 洛天依AI,Original,2024-09-21T00:00:00Z,97,0,0,Finished
792494,9月1日,rakko feat. 初音ミク,Original,2024-09-21T00:00:00Z,202,0,0,Finished
774413,傀儡売りの少年,すけありーぐりむ feat. 初音ミク,Original,2024-09-21T00:00:00Z,188,0,0,Finished
770098,すいまちゃん,黒蟻 feat. 鏡音リン,Original,2024-09-21T00:00:00Z,123,0,0,Finished
664686,壱那由多椿,ワタナベナオキ feat. IA,Original,2024-05-01T00:00:00Z,0,0,2,Draft
664685,花,たこなぐりみどり feat. 重音テトSV,Original,2024-05-01T00:00:00Z,0,0,2,Finished
664681,ベストフレンズ,トシ feat. 音街ウナ (Unknown),Original,2024-05-01T00:00:00Z,0,0,2,Finished
664679,オーバークロックライフ,大塩杭夢 feat. 重音テト,Original,2024-05-01T00:00:00Z,0,0,2,Draft
664678,たぶん気圧のせい,蟹乃わう feat. 重音テトSV,Original,2024-05-01T00:00:00Z,169,1,5,Finished
664676,春告歌,猿楽雅 feat. 来咲ライカ,Original,2024-05-01T00:00:00Z,269,0,2,Finished
664673,迷子になった夜の手をとって,お母さん feat. さとうささら,Original,2024-05-01T00:00:00Z,0,0,2,Finished
657564,逐星逆旅,朝舞清尘 feat. 松尾つばさ,Original,2024-05-01T00:00:00Z,290,0,0,Finished
656818,僕にとって始まりの場所はもうないから,かみやさん feat. 初音ミク,Original,2024-05-01T00:00:00Z,107,0,0,Finished
655641,あめのまよなか,府雛ノリカエ feat. 可不,Original,2024-05-01T00:00:00Z,227,0,4,Finished
597740,ウィークネスフォビア,阿武祖 feat. 可不,Original,2024-02-23T00:00:00Z,246,0,0,Finished
597739,走馬灯,げんぶ feat. 可不,Original,2024-02-23T00:00:00Z,271,0,0,Finished
597738,ブレイブフレア,金熊猫 feat. 可不,Original,2024-02-23T00:00:00Z,232,0,0,Finished
597737,黒春,RUHIA feat. 可不,Original,2024-02-23T00:00:00Z,190,0,0,Finished
597736,春の呪い,RUHIA feat. 可不,Original,2024-02-23T00:00:00Z,185,0,0,Finished
597735,Dream Forgotten,icuteachersband feat. 可不,Original,2024-02-23T00:00:00Z,166,0,0,Finished
597734,あなたへ,Art feat. 可不,Original,2024-02-23T00:00:00Z,180,0,0,Finished
597732,Let's Go Home,Madoka Ueno feat. 可不,Original,2024-02-23T00:00:00Z,232,1,3,Finished
597731,ゲルハルト,98 feat. 可不,Original,2024-02-23T00:00:00Z,198,0,0,Finished
597727,セイクリッドポイズン,田口十る feat. 可不,Original,2024-02-23T00:00:00Z,174,0,0,Finished
599064,札幌,geinoujin feat. 初音ミク,Original,2024-02-22T00:00:00Z,188,0,2,Finished
599063,PEEK-A-BOO,眼球たん feat. 重音テトSV,Original,2024-02-22T00:00:00Z,114,0,2,Finished
599062,風が吹いたら,迂闊聡明 feat. 初音ミク,Original,2024-02-22T00:00:00Z,269,0,0,Finished
599058,世界との別れ,"ぼいんぼいん feat. GUMI, 初音ミク",Original,2024-02-22T00:00:00Z,285,0,0,Finished
599055,リーサル兵器,だら feat. 初音ミク,Original,2024-02-22T00:00:00Z,155,0,0,Finished
599051,わたし、宙を舞う,kansuke feat. Sheena,Original,2024-02-22T00:00:00Z,218,0,0,Finished
599049,ライトブルー,kewi feat. 小春六花 (Unknown),Original,2024-02-22T00:00:00Z,162,0,0,Finished
599046,サバト,MokoP feat. 初音ミク Append (Dark),Original,2024-02-22T00:00:00Z,172,3,6,Finished
599000,Dear,B9C0F9 feat. 初音ミク,Original,2024-02-22T00:00:00Z,168,0,2,Finished
598985,By My-cide,ぶるーむ feat. 重音テトSV,Original,2024-02-22T00:00:00Z,180,0,2,Finished
604022,悪夢,影 feat. 健音テイ,Original,2024-03-17T00:00:00Z,192,0,2,Finished
603836,ニテンサンテン！,KAMURA feat. 初音ミク,Original,2024-03-17T00:00:00Z,268,0,2,Finished
603220,キセキ,"SSS feat. 初音ミク, 可不",Original,2024-03-17T00:00:00Z,180,0,0,Finished
603162,コドク,いる feat. KAITO V3 (Straight),Original,2024-03-17T00:00:00Z,227,0,0,Finished
602918,夜明け,-irid-n-perilla- feat. ミミカ,Original,2024-03-17T00:00:00Z,140,0,0,Finished
602684,a奏to,"Aポエット feat. 重音テト, 唄音ウタ",Original,2024-03-17T00:00:00Z,160,0,0,Finished
602580,Now on stage,"mitsuki, MoSaicPaleTTe feat. AiSuu",Original,2024-03-17T00:00:00Z,196,0,0,Finished
602578,Life Voyage,宙月 feat. 重音テトSV,Original,2024-03-17T00:00:00Z,250,0,0,Finished
602481,The Antithesis,Skreya_ feat. Mai,Original,2024-03-17T00:00:00Z,259,0,2,Finished
602426,望んで,Rei feat. 重音テトSV,Original,2024-03-17T00:00:00Z,212,0,0,Finished
597333,ラットラビリンス,Palon feat. 可不,Original,2024-02-25T00:00:00Z,220,0,0,Finished
596697,ひなぐ,デカい犬がくそすきP feat. 可不,Original,2024-02-25T00:00:00Z,186,0,0,Finished
596554,あたま。,Kadaver feat. 朝音ボウ (Renoid),Original,2024-02-25T00:00:00Z,78,0,0,Finished
596454,おこたぬくいであおいー,"転生こっぺP feat. 琴葉茜 (蕾), 琴葉葵 (蕾)",Original,2024-02-25T00:00:00Z,265,0,0,Finished
595381,堕天使アテンション,ozizo feat. 初音ミク,Original,2024-02-25T00:00:00Z,272,0,0,Finished
595189,No Way!,ネギの兄貴 feat. Synthesizer V AI Megpoid,Original,2024-02-25T00:00:00Z,198,0,0,Finished
595174,せせらぎのゆくえ,ぴりゃろん feat. AI Megpoid,Original,2024-02-25T00:00:00Z,99,0,0,Finished
595171,サイコーのフランスパンを食べよ！,ただのパイナップル feat. 重音テトSV,Original,2024-02-25T00:00:00Z,99,0,0,Finished
595169,さむい,なつむぎ feat. 春日部つむぎβ,Original,2024-02-25T00:00:00Z,28,0,0,Finished
595165,ペルシャの夜,Iori feat. Ciちゃんβ,Original,2024-02-25T00:00:00Z,214,0,2,Finished
589195,遠い月に,そとんそ feat. 巡音ルカ,Original,2024-02-22T00:00:00Z,163,0,2,Finished
589193,人格的愛そりゅーしょん,みこしバ! feat. 巡音ルカ,Original,2024-02-22T00:00:00Z,286,0,0,Finished
589185,幻惑のシンフォニア,エオリア feat. 巡音ルカ,Original,2024-02-22T00:00:00Z,168,0,2,Finished
589184,A≠Lice,628 feat. 巡音ルカ,Original,2024-02-22T00:00:00Z,207,0,0,Finished
589183,ME-,楽永 feat. various,Original,2024-02-22T00:00:00Z,255,0,2,Finished
589159,Octagram,しゃうろす feat. Jin,Original,2024-02-22T00:00:00Z,231,1,3,Finished
589152,アマチュア音楽やめられねぇんだわ,Ro2noki feat. 重音テト,Original,2024-02-22T00:00:00Z,223,18,86,Finished
589136,永劫、銀世界。,無意味創造委員会 feat. 重音テト,Original,2024-02-22T00:00:00Z,140,0,2,Finished
589135,Selenophobia,兎角菫 feat. 足立レイ,Original,2024-02-22T00:00:00Z,193,0,6,Finished
589132,死ぬ死ぬ詐欺,宇佐美サグ feat. 可不,Original,2024-02-22T00:00:00Z,130,0,0,Finished
712320,Oceanography,不尊·悯星谣 feat. 洛天依AI (X Studio),Original,2024-12-01T00:00:00Z,199,0,0,Finished
711315,世界終わるけど青春しないとくたばれない,超絶猫交響楽団 feat. 可不,Original,2024-12-01T00:00:00Z,134,0,0,Finished
711128,落花の綺麗事,ひかるはるさめ feat. v flower,Original,2024-12-01T00:00:00Z,254,0,0,Finished
710760,バカ,どらやき feat. 初音ミク,Original,2024-12-01T00:00:00Z,195,0,0,Finished
709613,Acute Radiation Syndrome,SAASA feat. MAIKA,Original,2024-12-01T00:00:00Z,139,1,3,Finished
709386,de舌en,"Aポエット feat. 唄音ウタ, 重音テト",Original,2024-12-01T00:00:00Z,217,0,0,Finished
709323,きみの歌,ナキ / ネイロ feat. 初音ミク,Original,2024-12-01T00:00:00Z,312,0,0,Finished
708995,"庭で見つけたのは私の瞳,,,",crxw feat. 初音ミク,Original,2024-12-01T00:00:00Z,214,1,7,Finished
708908,ふかすぎるね,7toKi feat. 初音ミク V4X (Unknown),Original,2024-12-01T00:00:00Z,294,0,0,Finished
708792,"Yokohama, Christmas Time.",CITY BIRDS feat. Synthesizer V AI Megpoid,Original,2024-12-01T00:00:00Z,263,0,0,Finished
642658,见,ミ瑞 feat. 汎用式概念χ,Original,2024-06-21T00:00:00Z,228,2,12,Finished
642657,バイタリティ,0o feat. v flower,Original,2024-06-21T00:00:00Z,254,0,0,Finished
642656,セイハロー,aliceBlue feat. 初音ミク,Original,2024-06-21T00:00:00Z,166,0,2,Finished
642643,フアンテイム,絶海 feat. 初音ミク,Original,2024-06-21T00:00:00Z,271,4,16,Finished
642641,恐怖！破綻！暴力性！,兎胎虚無子 feat. 鏡音リン,Original,2024-06-21T00:00:00Z,116,35,169,Finished
642639,マグノーリア,Mused feat. 鳴花ヒメ,Original,2024-06-21T00:00:00Z,201,0,6,Finished
642635,スカッと爽快,罪草 feat. 初音ミク,Original,2024-06-21T00:00:00Z,143,1,17,Finished
642634,曇天の蝉,Kuratu feat. 初音ミク,Original,2024-06-21T00:00:00Z,243,0,0,Finished
642624,鯨いるの,荒木若干 feat. 初音ミク NT (Unknown),Original,2024-06-21T00:00:00Z,258,0,0,Finished
642574,キュリオシティ,szri feat. 重音テトSV,Original,2024-06-21T00:00:00Z,91,1,11,Finished
588503,さよねこの曲（仮）,インゲン feat. 小夜,Original,2024-02-19T00:00:00Z,14,0,0,Finished
588100,寝不足,shihaku* feat. 初音ミク,Original,2024-02-19T00:00:00Z,126,0,0,Finished
587966,▢,ケチャップ feat. 唄音ウタ,Original,2024-02-19T00:00:00Z,234,0,0,Finished
587912,(Do You Feel) Lucky Punk?,"Spokansas feat. Natalie, SAROS, Hayden",Original,2024-02-19T00:00:00Z,139,1,3,Finished
587895,You're A Loser,Virtuous3000 feat. SOLARIA,Original,2024-02-19T00:00:00Z,179,0,0,Finished
587770,こんなに厳しいのはウチの親だけですか？,なむうさぎ feat. 重音テトSV,Original,2024-02-19T00:00:00Z,110,0,2,Finished
587744,Mr. Dinkles' Platter Party,HoodyP feat. Ninezero,Original,2024-02-19T00:00:00Z,279,1,5,Finished
587705,庭遊び,小麦じゃむ feat. ついなちゃん (Unknown),Original,2024-02-19T00:00:00Z,126,0,0,Finished
587685,雨の祇園で,ナナシP feat. 初音ミク,Original,2024-02-19T00:00:00Z,265,0,0,Finished
587683,永訣の朝(詩集「春と修羅」より),kawahaze feat. WhiteCUL,Original,2024-02-19T00:00:00Z,202,0,0,Finished
619341,すべての夜へ,可ラッカ feat. 可不,Original,2024-04-28T00:00:00Z,125,0,4,Finished
619340,GIZMO,可ラッカ feat. 可不,Original,2024-04-28T00:00:00Z,179,0,8,Finished
619339,fool love,可ラッカ feat. 可不,Original,2024-04-28T00:00:00Z,224,0,4,Finished
619338,神様の国,可ラッカ feat. 可不,Original,2024-04-28T00:00:00Z,216,1,5,Finished
619054,私たちのお呪い,"刻城遥 feat. 音街ウナ (Unknown), v flower",Original,2024-04-28T00:00:00Z,213,0,2,Finished
619052,偽善情勢主義,志乃々芽らいか feat. 初音ミク,Original,2024-04-28T00:00:00Z,228,0,2,Finished
619047,ワールドジャック,無理 feat. 初音ミク,Original,2024-04-28T00:00:00Z,118,0,2,Finished
619045,noa,柳緑 feat. 星界,Original,2024-04-28T00:00:00Z,0,0,0,Finished
619004,ユメノオト,melo'n mIx feat. 初音ミク,Original,2024-04-28T00:00:00Z,0,0,0,Finished
619003,ウォータードロップ,Fu-Rin feat. 初音ミク,Original,2024-04-28T00:00:00Z,0,0,0,Finished
640124,Jelly Attack,"INuya, イチニレイナ, StarlingEDM feat. 初音ミク",Original,2024-03-16T00:00:00Z,167,0,0,Finished
639857,二度と目覚めない子守唄,佐藤ちなみに feat. 初音ミク,Original,2024-03-16T00:00:00Z,150,0,2,Finished
638544,エンドループ,Dool feat. 初音ミク,Original,2024-03-16T00:00:00Z,89,1,3,Finished
638303,沙画,"夜屠灵, 某只澤 feat. 星尘Infinity",Original,2024-03-16T00:00:00Z,243,0,0,Finished
632966,只有春天，禁止入内,wukino feat. 星尘Infinity,Original,2024-03-16T00:00:00Z,179,0,0,Finished
630371,夜々中と彼岸花,Envy feat. 初音ミク,Original,2024-03-16T00:00:00Z,196,0,0,Finished
628223,藍色と弾み,八止 feat. 唄音ウタ,Original,2024-03-16T00:00:00Z,221,0,0,Finished
623314,袖を振る,朝凪 feat. 知声,Original,2024-03-16T00:00:00Z,209,0,0,Finished
622920,僕とアサルトライフル,じょん feat. 重音テトSV,Original,2024-03-16T00:00:00Z,254,0,0,Finished
619101,自己否定,かみやさん feat. 初音ミク,Original,2024-03-16T00:00:00Z,80,0,0,Finished
634638,十五の心,めじろ feat. v flower,Original,2024-05-29T00:00:00Z,258,0,0,Finished
634637,轟音の幽霊,"死んだ眼球, inuha feat. カゼヒキ, 蔓音ガオ",Original,2024-05-29T00:00:00Z,441,0,6,Finished
634636,살아있었어,"zer0h feat. SeeU (Korean), UNI",Original,2024-05-29T00:00:00Z,137,0,0,Finished
634592,オペラ！スペースオペラ！,ナユタン星人 feat. various,Original,2024-05-29T00:00:00Z,177,14,77,Finished
634587,天使揮発性,"Yamaji feat. 鏡音リン, 鏡音レン",Original,2024-05-29T00:00:00Z,143,3,23,Finished
634581,booty shorts,lappy feat. 弦巻マキ (Unknown),Original,2024-05-29T00:00:00Z,125,9,71,Finished
634572,み,HALKA feat. 鏡音リン,Original,2024-05-29T00:00:00Z,61,0,2,Finished
634568,fo駄o,"Aポエット feat. 唄音ウタ, 重音テト",Original,2024-05-29T00:00:00Z,217,0,0,Finished
634563,ガオウ,YASUHIRO feat. 星界,Original,2024-05-29T00:00:00Z,200,1,17,Finished
634462,カラーレンズ,NI2 feat. 巡音ルカ,Original,2024-05-29T00:00:00Z,140,0,2,Finished
669394,请听到这个未与你见面的我,千落霜子 feat. 莫落Morrow,Original,2024-09-02T00:00:00Z,307,2,8,Finished
669369,エス,内緒のピアス feat. 可不,Original,2024-09-02T00:00:00Z,241,7,57,Finished
669358,モンスター。,mii feat. 歌愛ユキ,Original,2024-09-02T00:00:00Z,200,1,3,Finished
669338,目を覚ます庭,濁茶 feat. 足立レイ,Original,2024-09-02T00:00:00Z,287,3,15,Finished
669333,marry me,zensen feat. 初音ミク,Original,2024-09-02T00:00:00Z,183,0,4,Finished
669332,メドゥサ,すこやか大聖堂 feat. KAITO SP (Original),Original,2024-09-02T00:00:00Z,206,6,32,Finished
669328,兆し,徳永 feat. 巡音ルカ,Original,2024-09-02T00:00:00Z,203,0,0,Finished
669213,8050な私,Before/after 1970 feat. 初音ミク,Original,2024-09-02T00:00:00Z,262,0,0,Finished
669212,続々・学問のすゝめ,Before/after 1970 feat. 初音ミク,Original,2024-09-02T00:00:00Z,281,0,0,Finished
669157,old machine,Kepler-P feat. Adult Male #3 (UTAU),Original,2024-09-02T00:00:00Z,58,1,3,Approved
923982,小さな出会い,Alfalca feat. 初音ミク,Original,2025-09-15T00:00:00Z,208,1,5,Finished
913484,支配者,Ryuma feat. 宮舞モカ,Original,2025-09-15T00:00:00Z,235,0,0,Finished
902975,純情モラトリアム,ほるもん feat. HALO,Original,2025-09-15T00:00:00Z,215,0,0,Finished
899607,Happy Moon,C.Heart feat. MEIKO,Original,2025-09-15T00:00:00Z,162,0,0,Finished
897720,オモヒデ話,水輪 feat. 初音ミク,Original,2025-09-15T00:00:00Z,95,0,0,Finished
893210,ヴィオラ,メンダコ=戶冊ㄒ囬虫肖 feat. 初音ミク V4X (Original),Original,2025-09-15T00:00:00Z,86,0,0,Finished
891804,artwork,"りゅい子 feat. 初音ミク, 鏡音リン",Original,2025-09-15T00:00:00Z,211,0,0,Finished
887420,救世主症候群,あまね feat. KAITO,Original,2025-09-15T00:00:00Z,175,0,0,Finished
886238,音になったら消えてしまった,meivy feat. 初音ミク V4X (Unknown),Original,2025-09-15T00:00:00Z,265,0,0,Finished
885191,ここからだして！(T_T),"noyouna feat. 猫使ビィ, 根音ネネ",Original,2025-09-15T00:00:00Z,189,0,0,Finished
935858,風船,VivY feat. 初音ミク,Original,2025-01-31T00:00:00Z,234,0,2,Finished
910403,もういいよ,ARIA feat. 初音ミク,Original,2025-01-31T00:00:00Z,232,0,0,Finished
908504,我想要牵着你的手,"昔年希葉 feat. 墨清弦, 徵羽摩柯, 乐正绫",Original,2025-01-31T00:00:00Z,262,0,0,Finished
898802,燃焼殺生,Rhino feat. 初音ミク,Original,2025-01-31T00:00:00Z,163,0,0,Finished
878217,ひさしぶり,加賀ノ藤 feat. 初音ミク NT (Ver.2) (Original++),Original,2025-01-31T00:00:00Z,85,0,0,Finished
870417,Rain,Dk Duxs feat. 重音テトSV,Original,2025-01-31T00:00:00Z,195,0,0,Finished
869442,ここでちょっと休憩,ななさき,Original,2025-01-31T00:00:00Z,168,0,0,Finished
869432,そぞろ歩き pt.2,ななさき feat. 可不,Original,2025-01-31T00:00:00Z,195,0,0,Finished
869431,寝なきゃ,ななさき,Original,2025-01-31T00:00:00Z,136,0,0,Finished
865387,お注射スナイパー,Mick feat. 重音テトSV,Original,2025-01-31T00:00:00Z,183,0,0,Finished
865916,タッチ,みしゃ feat. 足立レイ,Original,2025-11-08T00:00:00Z,174,0,0,Finished
865915,いってらっしゃい,yagokari feat. 重音テト,Original,2025-11-08T00:00:00Z,100,0,0,Finished
865912,世界はこの手の中にある,宮野なやみ feat. 足立レイ,Original,2025-11-08T00:00:00Z,169,0,0,Finished
865909,シュークリームの『シュー』の部分,makrone feat. 真歌ころん,Original,2025-11-08T00:00:00Z,125,0,0,Finished
865883,Aurora,Nemea feat. 初音ミク,Original,2025-11-08T00:00:00Z,214,0,0,Finished
865815,無色の緑の考えが猛烈に眠る,零進法 feat. ナースロボ＿タイプＴ,Original,2025-11-08T00:00:00Z,130,1,3,Finished
865656,人間として,香椎すいさい feat. v flower,Original,2025-11-08T00:00:00Z,185,0,0,Finished
865595,泡影に月,Amahibi feat. Mai,Original,2025-11-08T00:00:00Z,243,0,0,Finished
865473,Hard To Please,きてい feat. 裏命,Original,2025-11-08T00:00:00Z,125,0,0,Finished
865443,愛しのフローライト,おとぎステップ feat. 初音ミク,Original,2025-11-08T00:00:00Z,92,0,0,Finished
800476,街果アンダーカーラ,Arran feat. Synthesizer V AI Megpoid,Original,2025-01-12T00:00:00Z,0,0,0,Draft
800475,曼荼羅ガンダーラ,Arran feat. Synthesizer V AI Megpoid,Original,2025-01-12T00:00:00Z,0,0,0,Draft
797601,外に嫌われてませんか,7toKi feat. 初音ミク,Original,2025-01-12T00:00:00Z,177,0,0,Finished
793867,Spite,Calliope feat. ROSE,Original,2025-01-12T00:00:00Z,201,0,0,Finished
790494,Once Again Human,Python-P feat. SOLARIA,Original,2025-01-12T00:00:00Z,49,0,0,Finished
790237,夜は雨が降ってるから,タメナ feat. 唄音ウタ,Original,2025-01-12T00:00:00Z,117,0,0,Finished
787523,希望の虹,アイル82 feat. フリモメン,Original,2025-01-12T00:00:00Z,230,0,0,Finished
787517,ハッピーバースデーフリモメン,アイル82 feat. フリモメン,Original,2025-01-12T00:00:00Z,138,0,0,Finished
783477,Canal Transit,LLSY feat. 夏色花梨,Original,2025-01-12T00:00:00Z,191,0,0,Finished
783476,Yukigakure,LLSY feat. 夏色花梨,Original,2025-01-12T00:00:00Z,137,0,0,Finished
944162,Sweet Bite,Nachick feat. 花隈千冬,Original,2025-04-27T00:00:00Z,0,0,0,Draft
933328,きみの心はお月様,色音しおり feat. 初音ミク,Original,2025-04-27T00:00:00Z,242,0,0,Finished
930974,端っこでの出会い,"カズキ feat. 名前シレズ, 雪歌ユフ",Original,2025-04-27T00:00:00Z,290,0,0,Finished
930285,深海之歌 feat. 诗岸,雾鸣k feat. 诗岸,Original,2025-04-27T00:00:00Z,351,1,3,Finished
924248,Summer Ain't Over,gohankk feat. 弦巻マキ (Unknown),Original,2025-04-27T00:00:00Z,238,0,0,Finished
921273,a bunch of the times,paka feat. AiSuu,Original,2025-04-27T00:00:00Z,152,0,2,Finished
914378,白い夏,miyako feat. 初音ミク,Original,2025-04-27T00:00:00Z,324,0,0,Finished
905226,ニセモノ界隈,"cashimayu feat. 初音ミク, 重音テトSV",Original,2025-04-27T00:00:00Z,131,0,0,Finished
898117,サボテン,リトロク feat. 初音ミク,Original,2025-04-27T00:00:00Z,222,0,0,Finished
898011,Sight Dreaming,"Gishi, 水無国民労働党 feat. 宮舞モカ",Original,2025-04-27T00:00:00Z,270,0,0,Finished
855087,bye bye bye,paka feat. AiSuu,Original,2025-02-21T00:00:00Z,159,0,0,Finished
854418,楽園,츠키유메 feat. 初音ミク,Original,2025-02-21T00:00:00Z,180,0,0,Finished
854224,忘れ花,"あぶしん feat. Ayame, Sheena",Original,2025-02-21T00:00:00Z,306,0,0,Finished
852352,おぼえていて,にゃるくま feat. 可不,Original,2025-02-21T00:00:00Z,270,1,3,Finished
851828,未確認非情物体,"ぽりごねすく, 怪獣テトラポット feat. 知声",Original,2025-02-21T00:00:00Z,141,0,0,Finished
851175,愛サレンダー,そうすまる feat. v flower,Original,2025-02-21T00:00:00Z,236,0,0,Finished
851139,INTP.,宵兎レン feat. 可不,Original,2025-02-21T00:00:00Z,142,0,0,Finished
850738,100%ビーフ,せきうさ feat. 星界,Original,2025-02-21T00:00:00Z,203,0,0,Finished
847523,不可一世,"熊青嵐, 尊贵的阿昆达 feat. 星尘Infinity",Original,2025-02-21T00:00:00Z,207,0,0,Finished
847043,つばさ,"KNGN feat. 重音テトSV, 初音ミク",Original,2025-02-21T00:00:00Z,245,0,2,Finished
920647,サウンドホール,イシズケンロク feat. 初音ミク,Original,2025-03-09T00:00:00Z,213,0,0,Finished
907162,ミクのち晴れ,hoshino feat. 初音ミク,Original,2025-03-09T00:00:00Z,113,0,0,Finished
900463,STAR☆DUST,ツルギ feat. 初音ミク,Original,2025-03-09T00:00:00Z,160,0,0,Finished
898649,知性,六畳ノEDEN feat. 重音テトSV,Original,2025-03-09T00:00:00Z,173,0,0,Finished
888824,解き放てユアベビー,ユビキタス　マジック feat. 宮舞モカ,Original,2025-03-09T00:00:00Z,225,0,0,Finished
888679,Lost days,メトシェラ feat. 音街ウナ (Unknown),Original,2025-03-09T00:00:00Z,217,0,2,Finished
886827,ミクの日　サイコー！！！,ナッピ feat. 初音ミク,Original,2025-03-09T00:00:00Z,8,0,0,Finished
882247,ヤミドール,柚ノ輪霧 feat. 初音ミク,Original,2025-03-09T00:00:00Z,208,0,0,Finished
876296,アンドロイド・シンドローム,"城山未来, くがぱち, ナニカアカリカ feat. 初音ミク, 重音テトSV",Original,2025-03-09T00:00:00Z,234,0,0,Finished
862038,雪溶け,"ごみ捨て禁止 feat. ナースロボ＿タイプＴ, 初音ミク",Original,2025-03-09T00:00:00Z,78,0,0,Finished
841584,打撲した心、晴れる日。,プリンの畑 feat. 知声,Original,2025-09-20T00:00:00Z,194,0,0,Finished
841581,逃げ出したい,ぬおP feat. 音街ウナ (Unknown),Original,2025-09-20T00:00:00Z,154,0,0,Finished
841580,あーる・ぴー・じー？,焙じ炉 feat. VY1,Original,2025-09-20T00:00:00Z,202,0,0,Finished
841577,拾七歳,如月ましろ feat. 玉姫,Original,2025-09-20T00:00:00Z,154,0,0,Finished
841576,ジニア,ヨミノルカ feat. 初音ミク,Original,2025-09-20T00:00:00Z,148,2,12,Finished
841498,翔ける,"かぜのこ feat. IA, 初音ミク",Original,2025-09-20T00:00:00Z,156,0,0,Finished
841288,to秋ot,"Aポエット feat. 重音テト, 唄音ウタ",Original,2025-09-20T00:00:00Z,258,0,0,Finished
841241,Fly,Aa feat. 鏡音リン,Original,2025-09-20T00:00:00Z,198,0,2,Finished
841165,おしまいでよかったのにな,せーらん feat. 初音ミク,Original,2025-09-20T00:00:00Z,184,0,0,Finished
841143,ホラーステーション,ゼミー1 feat. 初音ミク,Original,2025-09-20T00:00:00Z,137,0,2,Finished
816000,Life,meru feat. 初音ミク V3 (English),Original,2025-07-23T00:00:00Z,192,1,13,Finished
815993,88mm (clockwork) GIRLS,CLP feat. 重音テトSV,Original,2025-07-23T00:00:00Z,62,0,2,Finished
815992,パラリアパラリア,趣味C feat. 初音ミク,Original,2025-07-23T00:00:00Z,145,0,0,Finished
815971,かわいい！さようなら,ノトロイド-P feat. 消臭妖精ノール,Original,2025-07-23T00:00:00Z,86,0,4,Finished
815871,Please come quickly,ヒガワリ feat. 巡音ルカ,Original,2025-07-23T00:00:00Z,148,0,0,Finished
815867,0PERAT0R,"佐藤柳 feat. 御手洗イレ, 前頭葉 トミ",Original,2025-07-23T00:00:00Z,173,1,3,Finished
815841,Творчість,Nat06-P feat. 重音テトSV,Original,2025-07-23T00:00:00Z,251,1,3,Finished
815823,白眉航,dama feat. 花隈千冬,Original,2025-07-23T00:00:00Z,293,0,0,Finished
815766,IMPULSIVITY OF A MENACE TO SOCIETY,KARSGOBOOM feat. DEX,Original,2025-07-23T00:00:00Z,155,1,3,Finished
815730,心失,浮足立 feat. Synthesizer V AI 音街ウナ,Original,2025-07-23T00:00:00Z,213,0,4,Finished
772285,Told You,richaux feat. LUCAS,Original,2025-04-03T00:00:00Z,122,0,2,Finished
772282,Out Of Time,richaux feat. MATTHEW,Original,2025-04-03T00:00:00Z,294,1,5,Finished
772281,Diamonds and Trust,"richaux feat. JESSICA, BRIAN",Original,2025-04-03T00:00:00Z,205,0,2,Finished
772280,I Thought I Could,richaux feat. TAKU,Original,2025-04-03T00:00:00Z,220,0,2,Finished
772279,Mockingdude,richaux feat. LUCAS,Original,2025-04-03T00:00:00Z,162,0,2,Finished
772274,Out Of Key,richaux feat. ALLEN,Original,2025-04-03T00:00:00Z,228,0,2,Finished
772185,SILVER COINS (EXECUTION),Goigana feat. 奕夕,Original,2025-04-03T00:00:00Z,239,2,8,Finished
772184,心が溢れそうな時は,machi feat. 重音テトSV,Original,2025-04-03T00:00:00Z,108,0,6,Finished
772173,オペレーション・ショーケース,Teruni-inamor feat. 重音テトSV,Original,2025-04-03T00:00:00Z,248,0,0,Finished
772163,レピド,カササギ feat. 初音ミク,Original,2025-04-03T00:00:00Z,220,8,48,Finished
834721,ミステリアスなこんにちは,KYの友 feat. 唄音ウタ,Original,2025-08-23T00:00:00Z,165,0,0,Finished
834719,アイのサプリメント,kmowx feat. 足立レイ,Original,2025-08-23T00:00:00Z,133,0,2,Finished
834718,ゆうえんごっこ,めらぶろ feat. 足立レイ,Original,2025-08-23T00:00:00Z,230,1,7,Finished
834675,超・関東道中記-2025春-,"Whinartense feat. v4 flower, 伊織弓鶴",Original,2025-08-23T00:00:00Z,259,0,0,Draft
834635,あの子は部室に来なくなった,万年青 feat. 鏡音レン,Original,2025-08-23T00:00:00Z,223,1,7,Finished
834589,marble .o◎,"Lil Hyvää feat. ナイボリー, 重音テトSV",Original,2025-08-23T00:00:00Z,164,0,0,Finished
834588,素敵な夏,りーれ feat. 足立レイ,Original,2025-08-23T00:00:00Z,65,0,0,Finished
834587,さばくのきおく,るりーら feat. 足立レイ,Original,2025-08-23T00:00:00Z,302,0,0,Finished
834586,オレンジ,鳥塚 feat. 足立レイ,Original,2025-08-23T00:00:00Z,279,0,0,Finished
834584,インストール,ざさまる feat. 足立レイ,Original,2025-08-23T00:00:00Z,168,0,0,Finished
852092,クルクルと回りながら落下してゐる,Heaven Eleven feat. 重音テト,Original,2025-10-11T00:00:00Z,97,1,3,Finished
852056,Charm,睦亜 feat. GUMI,Original,2025-10-11T00:00:00Z,235,0,0,Finished
852044,Logic BOMB,HiroBeatz feat. 宮舞モカ 2,Original,2025-10-11T00:00:00Z,142,0,0,Finished
852041,つないでアイネ,kondo feat. 知声,Original,2025-10-11T00:00:00Z,107,0,0,Finished
851989,evermore,Elks feat. 初音ミク,Original,2025-10-11T00:00:00Z,197,0,0,Finished
851985,翼アンノウン,ピース feat. 重音テトSV,Original,2025-10-11T00:00:00Z,207,0,0,Finished
851982,手紙,いとけん feat. 知声,Original,2025-10-11T00:00:00Z,300,0,0,Finished
851980,空想フェアンヴェール,Various artists,Original,2025-10-11T00:00:00Z,222,0,0,Finished
851976,夏の忘れ方,JUA feat. Ryo,Original,2025-10-11T00:00:00Z,177,0,0,Finished
851865,微熱,ルウィ feat. ルウル,Original,2025-10-11T00:00:00Z,162,5,19,Finished
853007,輝け!Star Sign!,sy4k3 feat. 小春六花 (Unknown),Original,2025-10-26T00:00:00Z,0,0,0,Finished
852990,HYPERNOVA,"hachiya, Nyacktas feat. 初音ミク",Original,2025-10-26T00:00:00Z,0,0,0,Finished
852988,首,OTIKA feat. 初音ミク,Original,2025-10-26T00:00:00Z,166,0,2,Finished
852987,Punishment,OTIKA feat. 初音ミク,Original,2025-10-26T00:00:00Z,194,0,6,Finished
852986,巡礼,OTIKA feat. 初音ミク,Original,2025-10-26T00:00:00Z,194,0,2,Finished
852985,Pill,OTIKA feat. 初音ミク,Original,2025-10-26T00:00:00Z,193,0,2,Finished
852981,アフタースクール・スターライン,シカクドット feat. Synthesizer V AI 音街ウナ,Original,2025-10-26T00:00:00Z,242,0,2,Finished
852530,Rooftop Night,Rabbit House,Original,2025-10-26T00:00:00Z,280,0,0,Draft
852529,Breakage Wires 100cc,つりうむ feat. 歌愛ユキ,Original,2025-10-26T00:00:00Z,157,0,0,Draft
852528,Silent Logic,yualith,Original,2025-10-26T00:00:00Z,213,0,0,Draft
770785,あなたのことが好きだった。,ヤマサキイオリ feat. 花隈千冬,Original,2025-02-02T00:00:00Z,268,0,0,Finished
765868,春と花唄,まろ feat. 初音ミク,Original,2025-02-02T00:00:00Z,194,0,0,Finished
762839,優しい人になりたい。,awaimono feat. 初音ミク,Original,2025-02-02T00:00:00Z,189,1,3,Finished
759648,さっきまで,ノリソン feat. 重音テトSV,Original,2025-02-02T00:00:00Z,229,0,0,Finished
758185,睡魔,"いっしー feat. 狐子, 初音ミク, 绮萱",Original,2025-02-02T00:00:00Z,215,0,0,Finished
756578,祝詞 norito,"kadotanimitsuru feat. AI ついなちゃん, 双葉湊音",Original,2025-02-02T00:00:00Z,112,0,0,Finished
755843,创作的意义,林语汐IceyLin feat. 洛天依AI (X Studio),Original,2025-02-02T00:00:00Z,297,0,0,Finished
753857,ウィンター メモリー,K.Penguin feat. Synthesizer V AI 花響琴,Original,2025-02-02T00:00:00Z,267,0,4,Finished
752905,道,雨の音 feat. 重音テトSV,Original,2025-02-02T00:00:00Z,229,0,0,Finished
752575,パ・パ・パ・パープル,"770端末, ザ・ヘンドリックス feat. 初音ミク",Original,2025-02-02T00:00:00Z,202,0,2,Draft
867522,Hollow Doll,布林哈特P feat. 重音テトSV,Original,2025-11-14T00:00:00Z,149,0,0,Finished
867300,REALITY,Cirty_09,Original,2025-11-14T00:00:00Z,102,0,0,Finished
867297,ESCAPISM,Cirty_09,Original,2025-11-14T00:00:00Z,78,0,2,Finished
867296,FAIRYTALE,"Cirty_09 feat. 重音テトSV, Synthesizer V AI Megpoid",Original,2025-11-14T00:00:00Z,251,0,2,Finished
867294,ON YOUR OWN,Cirty_09 feat. Natalie,Original,2025-11-14T00:00:00Z,177,1,7,Finished
867293,ECSTASY,Cirty_09 feat. Felicia,Original,2025-11-14T00:00:00Z,193,0,2,Finished
867289,SIRENA,"Cirty_09 feat. SOLARIA, JUN",Original,2025-11-14T00:00:00Z,256,0,4,Finished
867287,FLIP PHONE,"Cirty_09 feat. 重音テトSV, 初音ミク V4X (Solid)",Original,2025-11-14T00:00:00Z,220,0,2,Finished
867281,NARCISSISTIC,Cirty_09 feat. 初音ミク V4X (Solid),Original,2025-11-14T00:00:00Z,206,0,4,Finished
867134,冥冥ムーントリップ,"ユラヨル feat. 重音テトSV, 冥鳴ひまり",Original,2025-11-14T00:00:00Z,170,0,0,Finished
839434,旅立ちの歌,高音厨のキリスト feat. 重音テト,Original,2025-02-22T00:00:00Z,275,0,2,Finished
837873,食わず嫌い,めるぺい feat. 重音テト,Original,2025-02-22T00:00:00Z,192,0,0,Finished
837872,せーかい,人デ feat. 重音テト,Original,2025-02-22T00:00:00Z,156,0,0,Finished
837871,怠惰、今。,富色きどり feat. 重音テト,Original,2025-02-22T00:00:00Z,145,0,0,Finished
837851,ムカキンゼイ,haYuKi feat. 重音テト,Original,2025-02-22T00:00:00Z,144,0,0,Finished
837842,幻想花火,イフシア feat. 重音テト,Original,2025-02-22T00:00:00Z,115,0,0,Finished
837838,敗,ぬかったな feat. 重音テト,Original,2025-02-22T00:00:00Z,190,0,0,Finished
837558,Kiss By Day,のるのる feat. 杏戸ゆげβ,Original,2025-02-22T00:00:00Z,152,0,2,Finished
837234,夢幻自由を見て,にんじんぶしょう feat. 重音テト,Original,2025-02-22T00:00:00Z,248,0,0,Finished
835857,愛されているから。,バグイド feat. 鏡音リン,Original,2025-02-22T00:00:00Z,312,0,0,Finished
865548,雨恋ガール。,アクト feat. 初音ミク,Original,2025-05-23T00:00:00Z,153,0,0,Finished
861137,ステーション,あずまや feat. 初音ミク,Original,2025-05-23T00:00:00Z,221,0,0,Finished
857779,Fly[ing],MüI feat. Synthesizer V AI Megpoid,Original,2025-05-23T00:00:00Z,236,0,0,Finished
856377,乐舞我,藤原极音 feat. 洛天依AI,Original,2025-05-23T00:00:00Z,189,0,0,Finished
853526,か,黒鯖 feat. 唄音ウタ,Original,2025-05-23T00:00:00Z,125,0,2,Finished
852079,如月の天使3 (Phonk),DJ moriking feat. 鏡音リン,Original,2025-05-23T00:00:00Z,185,0,0,Finished
852076,如月の天使2 (Trap),DJ moriking feat. 宮舞モカ,Original,2025-05-23T00:00:00Z,156,0,0,Finished
851578,Serenade of Embers,"Kneurotic feat. Mai 2, HXVOC",Original,2025-05-23T00:00:00Z,150,0,0,Finished
850358,ヘフは死んだ。,"Swashi2 feat. 汎用式概念χ, 初音ミク",Original,2025-05-23T00:00:00Z,153,0,2,Finished
844441,十年,"-铃木瞳-, NEIVO, 藤原极音 feat. 洛天依AI",Original,2025-05-23T00:00:00Z,202,0,0,Finished
746807,黎明とサーフ,"カンパニュラ, シキヒ feat. 初音ミク",Original,2025-02-03T00:00:00Z,0,0,0,Draft
746806,商品にキズ・汚れなどあった場合,asanuko feat. 鏡音レン,Original,2025-02-03T00:00:00Z,0,0,2,Draft
746804,正体,花撫寺 feat. 巡音ルカ V4X (Unknown),Original,2025-02-03T00:00:00Z,214,1,5,Finished
746803,ロープウェイ,佐岡すー feat. 夏色花梨,Original,2025-02-03T00:00:00Z,255,0,0,Finished
746802,息をする,いはくし feat. 歌愛ユキ,Original,2025-02-03T00:00:00Z,0,0,0,Draft
746801,一駅歩こう,中条 タキ,Original,2025-02-03T00:00:00Z,180,0,0,Draft
746798,私生活,"カンパニュラ, 佐岡すー feat. ゲキヤク",Original,2025-02-03T00:00:00Z,0,0,0,Draft
746458,city without angels (defiled procedings),loveandnoise feat. 初音ミク,Original,2025-02-03T00:00:00Z,297,0,0,Draft
746457,a goddess,loveandnoise feat. Microsoft Sam,Original,2025-02-03T00:00:00Z,162,0,0,Draft
746456,oil slick,loveandnoise,Original,2025-02-03T00:00:00Z,251,0,0,Draft
729274,耳を澄ませば,Dissonant feat. Synthesizer V AI 花響琴,Original,2025-01-04T00:00:00Z,307,0,0,Finished
729273,innocent heart,m.Freaks feat. Synthesizer V AI 花響琴,Original,2025-01-04T00:00:00Z,222,0,0,Finished
728991,ugly,時村雪人 feat. 沨漪,Original,2025-01-04T00:00:00Z,241,0,0,Finished
728100,珠,eNQ feat. 重音テトSV,Original,2025-01-04T00:00:00Z,216,1,5,Finished
728094,イタルヒ,不破杞憂 feat. 初音ミク,Original,2025-01-04T00:00:00Z,222,0,0,Finished
727770,凡人の夢語りです,もけもけ feat. 初音ミク,Original,2025-01-04T00:00:00Z,184,0,2,Finished
727619,de鐘en,"Aポエット feat. 唄音ウタ, 重音テト",Original,2025-01-04T00:00:00Z,232,0,0,Finished
727485,一等星,Rid. feat. 初音ミク,Original,2025-01-04T00:00:00Z,180,0,0,Finished
727166,かえるの歌？かもしれない,YUkun feat. 初音ミク,Original,2025-01-04T00:00:00Z,115,0,0,Finished
727072,お気持ち大表明,佐藤バジル feat. 初音ミク,Original,2025-01-04T00:00:00Z,223,0,0,Finished
747482,Take the World Back,SafeFW feat. Eleanor Forte,Original,2025-01-27T00:00:00Z,229,0,0,Finished
747481,To Fill a Hole (Yesterday),SafeFW feat. Eleanor Forte,Original,2025-01-27T00:00:00Z,99,0,0,Finished
747480,Not a Love Story,SafeFW feat. Eleanor Forte,Original,2025-01-27T00:00:00Z,198,0,0,Finished
746025,Inner verse,Gillthim feat. Yuma,Original,2025-01-27T00:00:00Z,305,0,0,Finished
745679,被害者,kinoue64 feat. 初音ミク,Original,2025-01-27T00:00:00Z,274,5,21,Finished
744190,アリフレーション,雨良 feat. 初音ミク,Original,2025-01-27T00:00:00Z,234,2,34,Finished
742980,ああああああああ,くくP feat. 北沢唯,Original,2025-01-27T00:00:00Z,124,1,7,Finished
742524,灰被り,見切り発車P feat. KAITO,Original,2025-01-27T00:00:00Z,248,0,2,Finished
741953,星のアネモネ,あずにーる feat. 重音テトSV,Original,2025-01-27T00:00:00Z,164,0,0,Finished
741950,アストレア,カナタ feat. IA,Original,2025-01-27T00:00:00Z,237,1,3,Finished
748155,テラ百合,爆走ヴェネツィア feat. 音街ウナ (Unknown),Original,2025-02-07T00:00:00Z,151,0,0,Finished
748138,好きなんだったら好きなんだ,おんださとし feat. 初音ミク,Original,2025-02-07T00:00:00Z,202,0,0,Finished
748120,oblivion,テラ小室P feat. 小春六花 (Unknown),Original,2025-02-07T00:00:00Z,182,0,0,Finished
748062,インフィニティミラー,"ヤミカ feat. 鏡音リン, 鏡音レン",Original,2025-02-07T00:00:00Z,211,0,0,Finished
748045,ボナペティ,こるふぃん feat. 可不,Original,2025-02-07T00:00:00Z,195,0,0,Finished
748044,王様の耳はロバの耳,げんぞ69 feat. 初音ミク,Original,2025-02-07T00:00:00Z,143,0,0,Finished
748031,アナタをアタシ色に,れとろまっすぃーん feat. 小春六花 (Unknown),Original,2025-02-07T00:00:00Z,209,0,0,Finished
748029,CHICKEN!!,PEPEPE feat. 鏡音レン,Original,2025-02-07T00:00:00Z,98,0,2,Finished
748028,かもしれないBABY,"軈て feat. Yuma, ナースロボ＿タイプＴ (Unknown)",Original,2025-02-07T00:00:00Z,142,0,0,Finished
748027,恐怖！！彷徨えるデス人間,プチヒコ feat. 初音ミク,Original,2025-02-07T00:00:00Z,210,2,12,Finished
858897,来年の夏、君はいますか？,ki-ya.pの日記 feat. 初音ミク,Original,2025-09-13T00:00:00Z,218,0,0,Finished
858138,アンセム,noale feat. 初音ミク,Original,2025-09-13T00:00:00Z,277,0,0,Finished
856124,毒性电波幽灵猫,14-极夜塔楼 feat. 洛天依,Original,2025-09-13T00:00:00Z,164,0,0,Finished
856105,埋,"小川Super菜, Elys_p feat. 洛天依",Original,2025-09-13T00:00:00Z,146,0,0,Finished
853444,誰彼,越前 feat. 初音ミク,Original,2025-09-13T00:00:00Z,150,0,0,Finished
853428,BurningHeart,はなくそ feat. 宮舞モカ,Original,2025-09-13T00:00:00Z,270,0,0,Finished
853424,黒い薔薇白いドレス,猫山田プロジェクト feat. Mai,Original,2025-09-13T00:00:00Z,224,0,0,Finished
853408,▲,ゆんすけ feat. 初音ミク,Original,2025-09-13T00:00:00Z,92,0,0,Finished
852912,Paradise Lost,すごい雨 feat. MICHELLE,Original,2025-09-13T00:00:00Z,123,0,0,Finished
852847,NIGHT♥ANGEL,LOMML feat. 洛天依 V4 (萌),Original,2025-09-13T00:00:00Z,0,0,0,Finished
799678,ゴールドレディ,読谷あかね feat. ナツメイツキ,Original,2025-06-13T00:00:00Z,216,2,20,Finished
799674,Long Way,かく feat. 巡音ルカ,Original,2025-06-13T00:00:00Z,263,0,0,Finished
799670,マジカホリック,Kai feat. 初音ミク,Original,2025-06-13T00:00:00Z,120,5,29,Finished
799666,umbrella,"漣音, Hakuna feat. 初音ミク",Original,2025-06-13T00:00:00Z,168,0,0,Finished
799664,ほっぺにクリーム,"ねじ式 feat. AI 紲星あかり, AI 結月ゆかり",Original,2025-06-13T00:00:00Z,174,1,29,Finished
799663,LAPSE = RELAPSE,KARSGOBOOM feat. Yuma 2,Original,2025-06-13T00:00:00Z,68,2,8,Finished
799651,晚安斯塔里,Starly feat. 洛天依,Original,2025-06-13T00:00:00Z,194,0,2,Finished
799648,運に任せて,ペルソナ feat. 巡音ルカ,Original,2025-06-13T00:00:00Z,165,0,2,Finished
799647,dis-illusion,園山よーく feat. 双葉湊音,Original,2025-06-13T00:00:00Z,365,0,0,Finished
799604,SOCIETY SLAUGHTER,KARSGOBOOM feat. Yuma 2,Original,2025-06-13T00:00:00Z,116,2,6,Finished
739084,スターチス,きとこ feat. 星界,Original,2025-01-15T00:00:00Z,190,0,0,Finished
738808,ひとりじま,さまら feat. 足立レイ,Original,2025-01-15T00:00:00Z,252,0,0,Finished
738746,光源,文月 feat. Synthesizer V AI 花響琴,Original,2025-01-15T00:00:00Z,171,1,3,Finished
738745,バゴブシンス,"Hijili, 共犯者 feat. Synthesizer V AI 花響琴",Original,2025-01-15T00:00:00Z,191,0,0,Finished
738415,スーパー・カラフル・デリシャス・ラヴ,あんすい feat. Synthesizer V AI 花響琴,Original,2025-01-15T00:00:00Z,116,0,0,Finished
738414,Koto scratch record,DJ Awakasa feat. Synthesizer V AI 花響琴,Original,2025-01-15T00:00:00Z,54,0,0,Finished
738412,未来の芸術,DJ Awakasa feat. Synthesizer V AI 花響琴,Original,2025-01-15T00:00:00Z,74,0,0,Finished
738407,憧憬とスターライト,秋露 feat. 花響琴,Original,2025-01-15T00:00:00Z,290,0,0,Finished
738405,WinterStars,StManta feat. Synthesizer V AI 花響琴,Original,2025-01-15T00:00:00Z,171,0,0,Finished
738404,ひとりぼっちのメロディ,夜凪。 feat. 花響琴,Original,2025-01-15T00:00:00Z,198,0,0,Finished
878235,#tetotorock demo_02_seacider,2997 feat. 重音テトSV,Original,2025-11-01T00:00:00Z,46,0,0,Finished
877972,あざとざくろ,かさづみしろ feat. 初音ミク,Original,2025-11-01T00:00:00Z,186,0,0,Finished
877845,wwww in F minor,fishi feat. Fukase (Normal),Original,2025-11-01T00:00:00Z,88,0,0,Finished
877783,Die For Me,PROJECT:C0RN3A feat. ANRI Arcane,Original,2025-11-01T00:00:00Z,258,0,0,Finished
877561,とても純粋な失恋ソング,AINAGI feat. Synthesizer V AI Megpoid,Original,2025-11-01T00:00:00Z,148,0,0,Finished
875619,Not My Day,tunasandwich-p feat. Synthesizer V AI Megpoid,Original,2025-11-01T00:00:00Z,207,0,0,Finished
869040,冥河安魂曲,"北山薇, 鬼面P, 蓝欣 feat. 洛天依AI",Original,2025-11-01T00:00:00Z,192,0,0,Finished
867704,■■■■特別行政区に関する映像資料,"mizuhoharukawa feat. ナースロボ＿タイプＴ, AI ナースロボ＿タイプＴ, 宮舞モカ (VOICEPEAK)",Original,2025-11-01T00:00:00Z,160,0,0,Finished
867575,Smiley Smiley Face,"NexusZyna feat. 重音テトSV, 重音テト 英語",Original,2025-11-01T00:00:00Z,199,0,0,Finished
867415,リビングデッド,-4℃ feat. 重音テトSV,Original,2025-11-01T00:00:00Z,136,0,0,Finished
746253,长尾穿浪,"Manila, 画风人 feat. 洛天依AI",Original,2025-01-31T00:00:00Z,263,0,2,Finished
746243,アンブレス,諦メル feat. カゼヒキV,Original,2025-01-31T00:00:00Z,229,0,6,Finished
746073,この電話番号は現在使われておりません,うずら feat. 初音ミク,Original,2025-01-31T00:00:00Z,155,0,0,Finished
746062,HAIKEI,HEINE feat. 初音ミク,Original,2025-01-31T00:00:00Z,183,0,0,Finished
746054,愛広者,n.k feat. 初音ミク,Original,2025-01-31T00:00:00Z,258,1,3,Finished
746039,蒼秋,中原快詩 feat. 初音ミク,Original,2025-01-31T00:00:00Z,206,0,0,Finished
746035,イルカになった日,わかのP feat. Synthesizer V AI 音街ウナ,Original,2025-01-31T00:00:00Z,284,0,0,Finished
746002,二錠,カミナシ feat. 鏡音リン,Original,2025-01-31T00:00:00Z,180,0,0,Finished
745991,薄明,ココノカ feat. 鏡音リン,Original,2025-01-31T00:00:00Z,168,0,0,Finished
745964,白鸟,"洛雨尘风L, 洛宬P feat. 洛天依AI",Original,2025-01-31T00:00:00Z,231,0,0,Finished
867359,HOLLOWROT FEVER,KARSGOBOOM feat. Oliver,Original,2025-11-18T00:00:00Z,179,1,3,Finished
867357,I Need U But,-4℃ feat. 重音テトSV,Original,2025-11-18T00:00:00Z,190,0,0,Finished
867305,Feminine,Ayesha feat. 初音ミク,Original,2025-11-18T00:00:00Z,152,0,0,Finished
1020029,no再ot,"Aポエット feat. 重音テト, 唄音ウタ",Original,2025-11-17T00:00:00Z,157,0,0,Finished
1004188,Another I 〜もう一人の私〜,JuniaP feat. Synthesizer V 2 AI Megpoid,Original,2025-11-17T00:00:00Z,236,0,0,Draft
993216,答えは人間不信,いさ feat. 初音ミク,Original,2025-11-17T00:00:00Z,210,0,0,Finished
985118,R251117.境回２,錆人形/RE_DO feat. 戯白メリー,Original,2025-11-17T00:00:00Z,335,0,0,Finished
980028,Full Speed Into The (Real) Sun!,Kra3tor,Original,2025-11-17T00:00:00Z,234,0,0,Finished
980027, Asperitas,Kra3tor feat. 重音テトSV,Original,2025-11-17T00:00:00Z,252,0,0,Finished
980026,Speed Of Words³,"Kra3tor feat. 重音テトSV, 奕夕",Original,2025-11-17T00:00:00Z,346,0,0,Finished
871923,nothing to say,幾砂襷 feat. 名前シレズ,Original,2025-11-21T00:00:00Z,148,0,0,Finished
871922,ひとりたび,ミノベゲンキ feat. カゼヒキ,Original,2025-11-21T00:00:00Z,184,0,0,Finished
871921,旅人へ捧ぐ,"Kandie feat. 鏡音リン, 鏡音レン, v flower",Original,2025-11-21T00:00:00Z,101,0,0,Finished
871920,Function,"ツンベルク管 feat. 足立レイ (Unknown), 初音ミク",Original,2025-11-21T00:00:00Z,251,0,0,Finished
871919,ぐるてん,もつへぐ feat. つくよみちゃん (Unknown),Original,2025-11-21T00:00:00Z,147,0,0,Finished
871918,マラカス持ったら振っちゃうだろ！,ンバヂ feat. 重音テトSV,Original,2025-11-21T00:00:00Z,178,0,0,Finished
871917,Ultra Star,ハマダコウキ feat. 重音テトSV,Original,2025-11-21T00:00:00Z,225,0,0,Finished
871916,404 Blue,"衣縫燦志郎 feat. IA, 結月ゆかり (Unknown)",Original,2025-11-21T00:00:00Z,194,0,0,Finished
871915,キリフィッシュ,あんこパワー feat. v flower,Original,2025-11-21T00:00:00Z,142,0,0,Finished
871914,デッドストック・フォーエバー,マロン菩薩 feat. 重音テトSV,Original,2025-11-21T00:00:00Z,206,0,0,Finished
842524,借时光,"信弦, 焱依 feat. 言和AI",Original,2025-07-11T00:00:00Z,273,1,3,Finished
837239,ミモザ,SUZUME feat. 重音テトSV,Original,2025-07-11T00:00:00Z,222,0,0,Finished
836733,普通に生きる手立てがないよ！,kogure feat. 重音テトSV,Original,2025-07-11T00:00:00Z,136,0,2,Finished
836510,ゆびきり,玉水ルカ feat. 重音テト,Original,2025-07-11T00:00:00Z,205,0,0,Finished
835835,なんもない,チヨユウキ feat. 可不,Original,2025-07-11T00:00:00Z,191,0,0,Finished
832505,家でもパティーでも....,"困左水猫左 feat. 桃音モモ, 重音テト, 唄音ウタ",Original,2025-07-11T00:00:00Z,29,0,0,Finished
832074,致我们梦想的舞台,"WOVOP, 鬼面P, 中华青云社 feat. 洛天依AI",Original,2025-07-11T00:00:00Z,174,0,0,Finished
831189,Afterglow,てつや feat. 無來,Original,2025-07-11T00:00:00Z,292,0,0,Finished
829519,工,全て交差の所為です。 feat. Unknown vocal synth(s),Original,2025-07-11T00:00:00Z,261,0,0,Finished
827860,哭晴のイントロ,爆走ヴェネツィア feat. 音街ウナ (Unknown),Original,2025-07-11T00:00:00Z,82,0,0,Finished
755356,グルメサメ,"MendoZID feat. 重音テトSV, 足立レイ",Original,2025-02-22T00:00:00Z,166,1,7,Finished
755355,__、だから_,G-ONG | SgmzR feat. 鏡音レン,Original,2025-02-22T00:00:00Z,143,0,0,Finished
755328,ツインクルジュエル,"ふみえーる feat. 鏡音レン, Yuma",Original,2025-02-22T00:00:00Z,261,1,3,Finished
755285,人生はBody Conscious,est feat. 夏色花梨,Original,2025-02-22T00:00:00Z,186,0,0,Finished
755279,わかる,Sober Bear feat. 初音ミク,Original,2025-02-22T00:00:00Z,97,0,0,Finished
755277,スーパードゥーパールーパー,"タケノコ少年, ボカコレ feat. 初音ミク",Original,2025-02-22T00:00:00Z,136,0,4,Finished
755273,Love Overdose!,Lunabitt. feat. 初音ミク,Original,2025-02-22T00:00:00Z,165,0,2,Finished
755255,アセファルの頭部,"軈て feat. 宮舞モカ, ナースロボ＿タイプＴ (Unknown)",Original,2025-02-22T00:00:00Z,249,0,0,Finished
755251,エンデ,ナミノア屋 feat. Synthesizer V AI 音街ウナ,Original,2025-02-22T00:00:00Z,193,0,2,Finished
755234,創造マヰノリティ,Haraita. feat. 初音ミク,Original,2025-02-22T00:00:00Z,194,0,0,Finished
769694,未完成図鑑,はてね feat. 可不,Original,2025-03-23T00:00:00Z,228,0,0,Finished
768129,サヨナラの行方,西門レノン feat. 初音ミク,Original,2025-03-23T00:00:00Z,201,0,0,Finished
767961,PinkGradation,makrone feat. 飴彩ねるね,Original,2025-03-23T00:00:00Z,133,0,0,Finished
767944,경계선,커피와후추 feat. UNI Synthesizer V,Original,2025-03-23T00:00:00Z,242,2,6,Finished
767820,For you,taulin feat. 赤咲湊,Original,2025-03-23T00:00:00Z,213,0,0,Finished
767693,Songbird,"Soleil Lunatique feat. Eleanor Forte AI, ASTERIAN, 默辰",Original,2025-03-23T00:00:00Z,142,0,0,Finished
767663,LATENT,パラダイスかたおか feat. 初音ミク,Original,2025-03-23T00:00:00Z,221,0,0,Finished
767662,*FreezeData. 19,skyroad feat. 冥鳴ひまり,Original,2025-03-23T00:00:00Z,213,1,3,Finished
767371,The Memories Will Cry,"GBurnP feat. 重音テトSV, 足立レイ VCCV",Original,2025-03-23T00:00:00Z,159,0,0,Finished
767058,이해만은 하지 말아줘,래오 feat. 重音テトSV,Original,2025-03-23T00:00:00Z,153,0,0,Finished
767157,いきをしている,ALNiCo feat. カゼヒキ,Original,2025-01-26T00:00:00Z,182,0,0,Finished
767155,hane(仮),Aa feat. カゼヒキV,Original,2025-01-26T00:00:00Z,273,0,0,Finished
767154,濡れてる,有部遼 feat. カゼヒキ,Original,2025-01-26T00:00:00Z,153,0,0,Finished
767153,カゼヒキくんの喉の音ソング,https feat. カゼヒキ,Original,2025-01-26T00:00:00Z,199,0,0,Finished
767152,病気は修正されませんでした,風祭瑛紀 feat. カゼヒキ,Original,2025-01-26T00:00:00Z,155,0,0,Finished
767151,祈りが/行われる/教会で/崩れた/正しい/異形信仰の/,Gyr0 feat. カゼヒキ (CoeFont),Original,2025-01-26T00:00:00Z,211,1,5,Finished
767146,極夜,ぺてら feat. カゼヒキ,Original,2025-01-26T00:00:00Z,200,0,0,Finished
762858,With you,awaimono feat. 初音ミク,Original,2025-01-26T00:00:00Z,290,0,0,Finished
760071,GUILTY,ByeByeArwennn86 feat. GUMI,Original,2025-01-26T00:00:00Z,85,1,3,Finished
758031,咲き誇れ,acacia feat. galaco WHITE,Original,2025-01-26T00:00:00Z,249,0,0,Finished
